EnergyPlus 26.1,SetpointManager:WarmestTemperatureFlow,RoomAirSettings:UnderFloorAirDistributionExterior,Curve:QUADRATIC,ZoneHVAC:PackagedTerminalAirConditioner,IndoorLivingWall,Output:JSON,Sizing:Plant,EnvironmentalImpactFactors,WaterHeater:Stratified,ShadingProperty:Reflectance,Duct:Loss:Leakage,DistrictCooling,AirTerminal:SingleDuct:VAV:Reheat,HeatPump:WaterToWater:ParameterEstimation:Heating,DemandManager:ExteriorLights,Refrigeration:AirChiller,ScheduleTypeLimits,Curve:Functional:PressureDrop,OutputControl:Timestamp,HeatPump:WaterToWater:ParameterEstimation:Cooling,Dehumidifier:Desiccant:System,AirflowNetwork:MultiZone:Surface:EffectiveLeakageArea,GasEquipment,AirflowNetwork:Distribution:Component:LeakageRatio,AirLoopHVAC:UnitaryHeatOnly,Zone,ComplexFenestrationProperty:SolarAbsorbedLayers,SetpointManager:ReturnTemperature:HotWater,Exterior:Lights,ZoneProperty:LocalEnvironment,SetpointManager:FollowOutdoorAirTemperature,AirflowNetwork:Distribution:Component:HeatExchanger,OUtput:Meter,Pipe:Indoor,ZoneHVAC:VentilatedSlab:SlabGroup,SetpointManager:ReturnAirBypassFlow,Material:NoMass,CoolingTower:SingleSpeed,SteamEquipment,Curve:Exponent,ElectricLoadCenter:Generators,Schedule:Week:Compact,PipingSystem:Underground:PipeSegment,Refrigeration:Subcooler,Coil:Heating:DX:VariableRefrigerantFlow:FluidTemperatureControl,RunPeriod,AirTerminal:SingleDuct:ConstantVolume:FourPipeBeam,DistrictHeating:Water,ZoneContaminantSourceAndSink:Generic:DecaySource,AirLoopHVAC:UnitaryHeatPump:AirToAir:MultiSpeed,HVACTemplate:Zone:VRF,AirLoopHVAC:UnitaryHeatPump:AirToAir,HybridModel:Zone,FaultModel:TemperatureSensorOffset:OutdoorAir,Refrigeration:Condenser:WaterCooled,EnergyManagementSystem:Sensor,PythonPlugin:TrendVariable,RoomAirSettings:ThreeNodeDisplacementVentilation,Generator:MicroTurbine,AvailabilityManager:ScheduledOff,Coil:Cooling:DX:CurveFit:Performance,Branch,CoilSystem:Cooling:DX,SolarCollector:UnglazedTranspired:Multisystem,GroundHeatTransfer:Basement:Interior,Construction:CfactorUndergroundWall,ThermalStorage:ChilledWater:Mixed,FaultModel:Fouling:Chiller,Generator:FuelCell:ExhaustGasToWaterHeatExchanger,ElectricLoadCenter:Inverter:FunctionOfPower,AirflowNetwork:MultiZone:ExternalNode,AirLoopHVAC:Unitary:Furnace:HeatCool,HVACSystemRootFindingAlgorithm,FluidCooler:SingleSpeed,Coil:Cooling:WaterToAirHeatPump:VariableSpeedEquationFit,ZoneInfiltration:DesignFlowRate,Coil:Heating:Fuel,Coil:Cooling:Water,Curve:Quadratic,Coil:Heating:WaterToAirHeatPump:VariableSpeedEquationFit,Boiler:HotWater,RoomAirSettings:AirflowNetwork,SurfaceConvectionAlgorithm:Outside:AdaptiveModelSelections,CoilSystem:IntegratedHeatPump:AirSource,Timestep,UtilityCost:Charge:Simple,AirflowNetwork:Distribution:Component:TerminalUnit,EnergyManagementSystem:TrendVariable,Fan:ConstantVolume,AirLoopHVAC:OutdoorAirSystem:EquipmentList,Output:Table:Monthly,HeatExchanger:AirToAir:FlatPlate,COIL:Heating:DX:VariableRefrigerantFlow,SurfaceProperty:LocalEnvironment,GroundHeatTransfer:Slab:BoundConds,ZoneList,Refrigeration:CompressorRack,SwimmingPool:Indoor,SetpointManager:SingleZone:Heating,HVACTemplate:Plant:Tower,Coil:DX:ASHRAE205:Performance,ZoneHVAC:EquipmentList,Table:Lookup,WindowMaterial:SimpleGlazingSystem,SizingPeriod:WeatherFileDays,HVACTemplate:Zone:VAV:FanPowered,Fan:OnOff,Material:AirGap,Generator:FuelCell:PowerModule,SpaceHVAC:ZoneReturnMixer,GroundHeatTransfer:Basement:ComBldg,WindowMaterial:Glazing,HeatPump:PlantLoop:EIR:Heating,Parametric:RunControl,SetpointManager:SingleZone:Cooling,SurfaceProperty:ConvectionCoefficients,WindowThermalModel:Params,SizingPeriod:DesignDay,LifeCycleCost:RecurringCosts,DemandManagerAssignmentList,SetpointManager:Coldest,Chiller:Absorption:Indirect,MaterialProperty:HeatAndMoistureTransfer:Settings,Sizing:Parameters,PlantEquipmentOperation:ThermalEnergyStorage,Curve:ExponentialDecay,HeatExchanger:AirToAir:SensibleAndLatent,ZoneHVAC:UnitVentilator,AirflowNetwork:MultiZone:Surface:Crack,ThermalStorage:Ice:Detailed,SCHEDULE:COMPACT,Schedule:Day:List,WindowProperty:AirflowControl,Coil:Heating:Steam,Coil:Heating:DX:VariableRefrigerantFlow,Coil:Heating:WaterToAirHeatPump:ParameterEstimation,FaultModel:Fouling:AirFilter,PipingSystem:Underground:PipeCircuit,ThermostatSetpoint:SingleHeatingOrCooling,Sizing:Zone,AirflowNetwork:MultiZone:SpecifiedFlowRate,Refrigeration:WalkIn,Duct:Loss:Conduction,AirflowNetwork:Distribution:Component:OutdoorAirFlow,MaterialProperty:VariableThermalConductivity,AirLoopHVAC:ReturnPlenum,ZoneHVAC:ExhaustControl,CoilSystem:Heating:DX,WaterHeater:HeatPump:PumpedCondenser,SurfaceConvectionAlgorithm:Outside:UserCurve,FluidProperties:GlycolConcentration,Output:Meter:MeterFileOnly,ZoneThermalChimney,SolarCollector:IntegralCollectorStorage,GroundHeatTransfer:Slab:EquivalentSlab,Site:WaterMainsTemperature,ConvergenceLimits,UtilityCost:Computation,Controller:MechanicalVentilation,Chiller:Electric:ReformulatedEIR,EnergyManagementSystem:MeteredOutputVariable,FaultModel:TemperatureSensorOffset:CoilSupplyAir,Shading:Building,SurfaceProperty:Underwater,WindowMaterial:Glazing:RefractionExtinctionMethod,GroundHeatTransfer:Slab:Insulation,AirLoopHVAC:SupplyPlenum,UtilityCost:Qualify,Daylighting:DELight:ComplexFenestration,Refrigeration:SecondarySystem,AirConditioner:VariableRefrigerantFlow:FluidTemperatureControl:HR,FaultModel:Fouling:EvaporativeCooler,EvaporativeFluidCooler:TwoSpeed,PhotovoltaicPerformance:Sandia,HVACTemplate:Zone:DualDuct,ComponentCost:LineItem,FaultModel:Fouling:Coil,HeaderedPumps:VariableSpeed,WaterHeater:Mixed,SurfaceConvectionAlgorithm:Inside:AdaptiveModelSelections,FaultModel:TemperatureSensorOffset:ReturnAir,ChillerHeater:Absorption:DoubleEffect,AvailabilityManager:LowTemperatureTurnOff,PlantEquipmentOperation:OutdoorRelativeHumidity,ThermalStorage:ChilledWater:Stratified,Generator:MicroCHP,HVACTemplate:Plant:Chiller:ObjectReference,Site:Precipitation,AirTerminal:DualDuct:ConstantVolume,ZoneHVAC:Baseboard:RadiantConvective:Electric,Pipe:Adiabatic:Steam,SetpointManager:SystemNodeReset:Temperature,FluidCooler:TwoSpeed,SurfaceContaminantSourceAndSink:Generic:BoundaryLayerDiffusion,Coil:WaterHeating:AirToWaterHeatPump:VariableSpeed,FaultModel:Fouling:CoolingTower,Refrigeration:TranscriticalSystem,Window,DesignSpecification:ZoneAirDistribution,output:diagnostics,FluidProperties:Superheated,AirTerminal:DualDuct:VAV:OutdoorAir,WindowShadingControl,AirTerminal:SingleDuct:VAV:HeatAndCool:NoReheat,Chiller:Absorption,LifeCycleCost:Parameters,ElectricLoadCenter:Transformer,SolarCollector:UnglazedTranspired,WindowMaterial:GasMixture,RoomAirSettings:CrossVentilation,Output:EnergyManagementSystem,Floor:Adiabatic,ZoneHVAC:Baseboard:RadiantConvective:Steam:Design,ThermostatSetpoint:ThermalComfort:Fanger:DualSetpoint,UtilityCost:Variable,ZoneContaminantSourceAndSink:Generic:DepositionRateSink,AirLoopHVAC:OutdoorAirSystem,Meter:CustomDecrement,Coil:Cooling:DX:CurveFit:Speed,Pipe:Outdoor,Coil:UserDefined,Coil:WaterHeating:AirToWaterHeatPump:Pumped,AirflowNetwork:IntraZone:Linkage,Coil:Cooling:DX,AirTerminal:SingleDuct:Mixer,Schedule:File,Curve:ExponentialSkewNormal,Chiller:Electric:ASHRAE205,Shading:Zone:Detailed,PhotovoltaicPerformance:EquivalentOne-Diode,SolarCollectorPerformance:PhotovoltaicThermal:Simple,WindowMaterial:Blind,LifeCycleCost:UsePriceEscalation,AirflowNetwork:Distribution:Component:Fan,EvaporativeCooler:Direct:CelDekPad,HeatExchanger:Desiccant:BalancedFlow,AirTerminal:SingleDuct:VAV:NoReheat,Refrigeration:CompressorList,SurfaceProperty:HeatBalanceSourceTerm,AirLoopHVAC:ZoneSplitter,Sizing:System,Wall:Exterior,Curve:QuintLinear,EnergyManagementSystem:Actuator,Site:GroundTemperature:FCfactorMethod,HVACTemplate:Zone:BaseboardHeat,ZoneHVAC:PackagedTerminalHeatPump,HVACTemplate:Zone:IdealLoadsAirSystem,FaultModel:HumiditySensorOffset:OutdoorAir,EvaporativeCooler:Indirect:WetCoil,Shading:Fin,PlantEquipmentOperation:UserDefined,ZoneHVAC:Dehumidifier:DX,ThermostatSetpoint:SingleHeating,ThermalStorage:Sizing,Coil:Heating:Desuperheater,GroundHeatExchanger:Vertical:Properties,Exterior:WaterEquipment,SolarCollectorPerformance:PhotovoltaicThermal:BIPVT,Shading:Overhang,ZoneHVAC:OutdoorAirUnit:EquipmentList,EnergyManagementSystem:Program,InternalMass,ConstructionProperty:InternalHeatSource,PlantLoop,Output:Variable,GroundHeatExchanger:System,OutdoorAir:NodeList,AvailabilityManager:NightVentilation,Refrigeration:Case,SurfaceProperties:VaporCoefficients,ZoneControl:Thermostat:TemperatureAndHumidity,ZoneVentilation:WindandStackOpenArea,HVACTemplate:Plant:Boiler:ObjectReference,ZoneRefrigerationDoorMixing,LoadProfile:Plant,ZoneControl:Thermostat:OperativeTemperature,Output:EnvironmentalImpactFactors,WindowMaterial:Shade,MaterialProperty:HeatAndMoistureTransfer:Redistribution,FaultModel:TemperatureSensorOffset:CondenserSupplyWater,Coil:Heating:WaterToAirHeatPump:EquationFit,HVACTemplate:Zone:WaterToAirHeatPump,Refrigeration:GasCooler:AirCooled,Door,Schedule:Constant,Curve:Biquadratic,Output:Meter:Cumulative,Generator:FuelSupply,CondenserLoop,Curve:ChillerPartLoadWithLift,HeatExchanger:FluidToFluid,WaterUse:Well,AirflowNetwork:OccupantVentilationControl,MaterialProperty:PhaseChange,WindowMaterial:Glazing:EquivalentLayer,Refrigeration:Condenser:AirCooled,RoomAirSettings:OneNodeDisplacementVentilation,ThermalStorage:HotWater:Stratified,Coil:Heating:Electric:MultiStage,ThermalStorage:PCM,Site:WeatherStation,MaterialProperty:HeatAndMoistureTransfer:Diffusion,Schedule:Day:Interval,Construction,Pump:VariableSpeed:Condensate,ShadowCalculation,AirflowNetwork:IntraZone:Node,MaterialProperty:HeatAndMoistureTransfer:SorptionIsotherm,CoilSystem:Cooling:DX:HeatExchangerAssisted,Chiller:EngineDriven,ZONE,AvailabilityManager:NightCycle,HVACTemplate:System:DedicatedOutdoorAir,DaylightingDevice:Shelf,SurfaceConvectionAlgorithm:Inside,GroundHeatExchanger:ResponseFactors,AirflowNetwork:Distribution:Component:Leak,ZoneAirMassFlowConservation,RoomAir:Node:AirflowNetwork:HVACEquipment,AirLoopHVAC:UnitarySystem,CurrencyType,OutputControl:Files,Pipe:Underground,PlantEquipmentOperation:OutdoorWetBulbDifference,SpaceHVAC:ZoneEquipmentSplitter,AirflowNetwork:MultiZone:ReferenceCrackConditions,SetpointManager:SingleZone:OneStageHeating,HVACTemplate:Thermostat,DesignSpecification:AirTerminal:Sizing,PythonPlugin:Variables,AirTerminal:SingleDuct:SeriesPIU:Reheat,Schedule:Compact,MaterialProperty:MoisturePenetrationDepth:Settings,GroundHeatTransfer:Basement:BldgData,GroundHeatExchanger:Surface,AirflowNetwork:ZoneControl:PressureController,Coil:Heating:DX:VariableSpeed,AirLoopHVAC:Mixer,DesignSpecification:OutdoorAir:SpaceList,Foundation:Kiva,SetpointManager:MultiZone:Humidity:Maximum,Site:HeightVariation,Refrigeration:Condenser:EvaporativeCooled,EnergyManagementSystem:ProgramCallingManager,AirflowNetwork:Distribution:Component:ReliefAirFlow,Refrigeration:System,MaterialProperty:GlazingSpectralData,output:Sqlite,Site:GroundTemperature:Shallow,WindowMaterial:ComplexShade,Coil:Heating:Electric,Coil:Cooling:DX:TwoStageWithHumidityControlMode,Shading:Site,HVACTemplate:System:VAV,Compliance:Building,AirTerminal:SingleDuct:VAV:Reheat:VariableSpeedFan,Pipe:Adiabatic,CondenserEquipmentList,AirConditioner:VariableRefrigerantFlow,Parametric:SetValueForRun,ZoneHVAC:IdealLoadsAirSystem,ZoneHVAC:WindowAirConditioner,Site:GroundTemperature:Undisturbed:FiniteDifference,WindowGap:SupportPillar,CoolingTower:VariableSpeed:Merkel,AirflowNetwork:MultiZone:Surface,ZoneEarthtube,RoomAir:Node:AirflowNetwork:InternalGains,SpaceList,Coil:Cooling:DX:TwoSpeed,ZoneHVAC:HighTemperatureRadiant,ZoneVentilation:DesignFlowRate,GlazedDoor,Site:SpectrumData,ZoneHVAC:Baseboard:RadiantConvective:Water,Coil:Heating:DX:MultiSpeed,MaterialProperty:HeatAndMoistureTransfer:ThermalConductivity,SurfaceProperty:HeatTransferAlgorithm:Construction,Site:GroundTemperature:Undisturbed:Xing,NodeList,AvailabilityManager:HybridVentilation,Coil:Cooling:WaterToAirHeatPump:EquationFit,SetpointManager:CondenserEnteringReset:Ideal,Curve:Bicubic,SurfaceContaminantSourceAndSink:Generic:PressureDriven,ConnectorList,AirLoopHVAC:DedicatedOutdoorAirSystem,ZoneHVAC:Baseboard:Convective:Water,SetpointManager:CondenserEnteringReset,Generator:FuelCell:WaterSupply,HVACTemplate:Zone:ConstantVolume,SurfaceProperty:GroundSurfaces,FluidProperties:Concentration,FluidProperties:Temperatures,ZoneAirContaminantBalance,EnergyManagementSystem:Subroutine,Generator:InternalCombustionEngine,Output:SQlite,ZoneHVAC:TerminalUnit:VariableRefrigerantFlow,Site:SolarAndVisibleSpectrum,Refrigeration:CaseAndWalkInList,SetpointManager:Scheduled:DualSetpoint,SurfaceProperty:ConvectionCoefficients:MultipleSurface,SurfaceProperty:OtherSideConditionsModel,SetpointManager:MultiZone:Humidity:Minimum,WindowGap:DeflectionState,SizingPeriod:WeatherFileConditionType,Output:Diagnostics,Output:Table:TimeBins,AirflowNetwork:SimulationControl,FaultModel:Fouling:Boiler,HeatPump:AirToWater:FuelFired:Heating,Floor:GroundContact,LifeCycleCost:UseAdjustment,DaylightingDevice:Tubular,Wall:Underground,CURVE:BIQUADRATIC,AirLoopHVAC:ControllerList,AirflowNetwork:MultiZone:WindPressureCoefficientArray,ZoneHVAC:LowTemperatureRadiant:VariableFlow:Design,RoomAirModelType,GroundHeatTransfer:Slab:BldgProps,Daylighting:ReferencePoint,WaterUse:Storage,ZoneGroup,ElectricEquipment,HVACTemplate:Plant:MixedWaterLoop,AvailabilityManager:LowTemperatureTurnOn,FaultModel:EnthalpySensorOffset:ReturnAir,ElectricLoadCenter:Storage:LiIonNMCBattery,Output:Surfaces:Drawing,HVACTemplate:Plant:HotWaterLoop,AirflowNetwork:Distribution:Component:Coil,ZoneAirHeatBalanceAlgorithm,FaultModel:EnthalpySensorOffset:OutdoorAir,SolarCollectorPerformance:IntegralCollectorStorage,WaterHeater:HeatPump:WrappedCondenser,SetpointManager:MultiZone:MinimumHumidity:Average,ElectricLoadCenter:Inverter:PVWatts,WindowMaterial:GlazingGroup:Thermochromic,ZoneCrossMixing,MaterialProperty:PhaseChangeHysteresis,AirflowNetwork:MultiZone:Component:ZoneExhaustFan,Site:Location,Fan:VariableVolume,ElectricEquipment:ITE:AirCooled,ElectricLoadCenter:Storage:Converter,WindowMaterial:Gap,EvaporativeCooler:Direct:ResearchSpecial,ZoneMixing,GroundHeatTransfer:Slab:MatlProps,Coil:Cooling:DX:VariableRefrigerantFlow:FluidTemperatureControl,SetpointManager:SingleZone:Reheat,SetpointManager:MultiZone:MaximumHumidity:Average,CondenserEquipmentOperationSchemes,ZoneHVAC:AirDistributionUnit,Refrigeration:Condenser:Cascade,CONSTRUCTION,Curve:RectangularHyperbola1,EnergyManagementSystem:OutputVariable,Construction:FfactorGroundFloor,CoolingTower:VariableSpeed,Output:Constructions,AirTerminal:SingleDuct:ConstantVolume:NoReheat,AirflowNetwork:MultiZone:Component:SimpleOpening,ZoneHVAC:LowTemperatureRadiant:VariableFlow,Generator:FuelCell:Inverter,ZoneHVAC:RefrigerationChillerSet,Chiller:ConstantCOP,Coil:WaterHeating:AirToWaterHeatPump:Wrapped,Output:DebuggingData,PerformancePrecisionTradeoffs,WeatherProperty:SkyTemperature,AirflowNetwork:Distribution:DuctSizing,AirLoopHVAC:ZoneMixer,WaterUse:Equipment,FuelFactors,Ceiling:Adiabatic,Output:Table:ReportPeriod,Lights,SolarCollectorPerformance:FlatPlate,Coil:Heating:Gas:MultiStage,Output:Surfaces:List,Table:IndependentVariableList,Generator:Photovoltaic,Site:GroundTemperature:Undisturbed:KusudaAchenbach,Coil:Cooling:DX:SingleSpeed:ThermalStorage,Curve:Triquadratic,Curve:QuadLinear,Generator:FuelCell:AirSupply,FluidProperties:Saturated,People,GeometryTransform,GroundHeatTransfer:Basement:Insulation,Schedule:Week:Daily,Output:VariableDictionary,HeatPump:AirToWater:FuelFired:Cooling,SurfaceProperty:SurroundingSurfaces,Output:SQLite,GroundHeatTransfer:Slab:Materials,DemandManager:Ventilation,GroundHeatExchanger:Slinky,AirLoopHVAC:ReturnPath,HVACTemplate:Plant:Boiler,WindowsCalculationEngine,ZoneControl:ContaminantController,Roof,PlantEquipmentList,ZoneInfiltration:EffectiveLeakageArea,HVACTemplate:System:VRF,AirTerminal:SingleDuct:UserDefined,Floor:Interzone,SurfaceProperty:OtherSideCoefficients,Coil:Cooling:DX:MultiSpeed,DemandManager:Thermostats,ThermalStorage:Ice:Simple,ZoneHVAC:Baseboard:RadiantConvective:Water:Design,AvailabilityManager:OptimumStart,Curve:Sigmoid,SetpointManager:FollowGroundTemperature,ThermostatSetpoint:ThermalComfort:Fanger:SingleHeating,AirflowNetwork:Distribution:Component:ConstantPressureDrop,ZoneHVAC:OutdoorAirUnit,Humidifier:Steam:Electric,ElectricLoadCenter:Storage:Simple,Output:Meter:Cumulative:MeterFileOnly,GroundHeatTransfer:Basement:EquivSlab,RoomAirSettings:UnderFloorAirDistributionInterior,SimulationControl,Output:Meter,OutputControl:ReportingTolerances,Building,UtilityCost:Ratchet,HVACTemplate:Zone:VAV:HeatAndCool,AirflowNetwork:Distribution:Linkage,LifeCycleCost:NonrecurringCost,AirflowNetwork:MultiZone:Zone,ZoneInfiltration:FlowCoefficient,HeatPump:WaterToWater:EquationFit:Cooling,ThermostatSetpoint:ThermalComfort:Fanger:SingleHeatingOrCooling,AvailabilityManagerAssignmentList,AvailabilityManager:HighTemperatureTurnOff,Material:RoofVegetation,Pump:VariableSpeed,SetpointManager:OutdoorAirReset,Site:GroundDomain:Slab,Fan:SystemModel,SetpointManager:SingleZone:Humidity:Minimum,Duct,DesignSpecification:OutdoorAir,FenestrationSurface:Detailed,ZoneHVAC:LowTemperatureRadiant:Electric,Generator:FuelCell,DemandManager:Lights,AvailabilityManager:Scheduled,GroundHeatExchanger:Vertical:Single,AirTerminal:SingleDuct:ConstantVolume:Reheat,ZoneHVAC:EnergyRecoveryVentilator:Controller,HeatBalanceAlgorithm,ZoneContaminantSourceAndSink:CarbonDioxide,RoomAir:TemperaturePattern:ConstantGradient,Construction:AirBoundary,RoomAir:TemperaturePattern:SurfaceMapping,CoilSystem:Cooling:Water:HeatExchangerAssisted,RunPeriodControl:SpecialDays,SetpointManager:ReturnTemperature:ChilledWater,FaultModel:ThermostatOffset,AirTerminal:SingleDuct:ConstantVolume:CooledBeam,ComponentCost:Reference,AirflowNetwork:Distribution:Component:Duct,AvailabilityManager:HighTemperatureTurnOn,SpaceHVAC:ZoneEquipmentMixer,Generator:FuelCell:ElectricalStorage,Coil:Cooling:Water:DetailedGeometry,Zonelist,SurfaceProperty:HeatTransferAlgorithm:SurfaceList,Meter:Custom,AirLoopHVAC:ExhaustSystem,OutputControl:IlluminanceMap:Style,PlantEquipmentOperation:CoolingLoad,HVACTemplate:Zone:Unitary,Site:GroundReflectance:SnowModifier,OutdoorAir:Node,HVACTemplate:Plant:ChilledWaterLoop,WindowProperty:FrameAndDivider,HeatBalanceSettings:ConductionFiniteDifference,DistrictHeating:Steam,UtilityCost:Tariff,Dehumidifier:Desiccant:NoFans,SetpointManager:OutdoorAirPretreat,HVACTemplate:Plant:Tower:ObjectReference,Coil:Cooling:DX:VariableSpeed,Curve:DoubleExponentialDecay,Curve:RectangularHyperbola2,FaultModel:TemperatureSensorOffset:ChillerSupplyWater,EnergyManagementSystem:ConstructionIndexVariable,PlantEquipmentOperation:OutdoorDryBulbDifference,AirTerminal:SingleDuct:ConstantVolume:FourPipeInduction,CoilSystem:Cooling:Water,Controller:OutdoorAir,RoomAir:TemperaturePattern:NondimensionalHeight,ComfortViewFactorAngles,OtherEquipment,CoolingTowerPerformance:CoolTools,PythonPlugin:OutputVariable,MaterialProperty:HeatAndMoistureTransfer:Suction,CentralHeatPumpSystem,Construction:WindowDataFile,SurfaceControl:MovableInsulation,Chiller:Electric:EIR,ZoneHVAC:ForcedAir:UserDefined,AvailabilityManager:DifferentialThermostat,BranchList,OutputControl:ResilienceSummaries,WindowMaterial:Gas,HVACTemplate:System:ConstantVolume,ElectricLoadCenter:Storage:Battery,Controller:WaterCoil,ZoneControl:Thermostat:ThermalComfort,HeaderedPumps:ConstantSpeed,ComponentCost:Adjustments,Site:GroundTemperature:Deep,ZoneHVAC:HybridUnitaryHVAC,DaylightingDevice:LightWell,ZoneEarthtube:Parameters,RoomAir:TemperaturePattern:TwoGradient,Connector:Mixer,ZoneHVAC:Baseboard:RadiantConvective:Steam,TemperingValve,ThermostatSetpoint:SingleCooling,Door:Interzone,AirflowNetwork:Distribution:DuctViewFactors,GroundHeatTransfer:Control,GroundHeatTransfer:Basement:SurfaceProps,Refrigeration:TransferLoadList,OutputControl:Table:Style,HVACTemplate:System:UnitaryHeatPump:AirToAir,WindowMaterial:Screen:EquivalentLayer,AirTerminal:SingleDuct:VAV:HeatAndCool:Reheat,PlantEquipmentOperation:ChillerHeaterChangeover,Output:variable,ZoneHVAC:CoolingPanel:RadiantConvective:Water,ZoneHVAC:EvaporativeCoolerUnit,Duct:Loss:MakeupAir,HVACTemplate:System:Unitary,EnergyManagementSystem:CurveOrTableIndexVariable,EnergyManagementSystem:GlobalVariable,Generator:MicroCHP:NonNormalizedParameters,PipingSystem:Underground:Domain,Site:VariableLocation,AvailabilityManager:ScheduledOn,CoilPerformance:DX:Cooling,UnitarySystemPerformance:Multispeed,GroundHeatTransfer:Basement:MatlProps,AirflowNetwork:MultiZone:WindPressureCoefficientValues,ChillerHeaterPerformance:Electric:EIR,Construction:WindowEquivalentLayer,RoomAir:TemperaturePattern:UserDefined,BuildingSurface:Detailed,PythonPlugin:Instance,Fan:ComponentModel,AirConditioner:VariableRefrigerantFlow:FluidTemperatureControl,ChillerHeater:Absorption:DirectFired,ZoneControl:Humidistat,ZoneBaseboard:OutdoorTemperatureControlled,Output:DaylightFactors,MaterialProperty:VariableAbsorptance,OutdoorAir:Mixer,ThermostatSetpoint:ThermalComfort:Fanger:SingleCooling,Shading:Overhang:Projection,PhotovoltaicPerformance:Simple,Output:IlluminanceMap,WindowMaterial:Gap:EquivalentLayer,Coil:Heating:Water,PlantEquipmentOperation:HeatingLoad,DemandManager:ElectricEquipment,Boiler:Steam,ElectricLoadCenter:Inverter:LookUpTable,Schedule:File:Shading,SetpointManager:Scheduled:dualSetpoint,Site:GroundDomain:Basement,Window:Interzone,Fan:ZoneExhaust,EvaporativeCooler:Indirect:ResearchSpecial,Connector:Splitter,ZoneHVAC:FourPipeFanCoil,Wall:Interzone,PlantEquipmentOperation:OutdoorWetBulb,SurfaceContaminantSourceAndSink:Generic:DepositionVelocitySink,ThermostatSetpoint:DualSetpoint,SetpointManager:Warmest,HeatExchanger:Desiccant:BalancedFlow:PerformanceDataType1,WaterUse:Connections,Shading:Site:Detailed,ZoneCapacitanceMultiplier:ResearchSpecial,Generator:WindTurbine,FaultModel:HumidistatOffset,AirLoopHVAC:Splitter,ZoneTerminalUnitList,HVACTemplate:Plant:Chiller,PlantEquipmentOperation:Uncontrolled,AirLoopHVAC:UnitaryHeatCool:VAVChangeoverBypass,ZoneHVAC:EquipmentConnections,ZoneCoolTower:Shower,Curve:QuadraticLinear,AirLoopHVAC:Unitary:Furnace:HeatOnly,Schedule:Day:Hourly,Parametric:FileNameSuffix,AirflowNetwork:MultiZone:Component:HorizontalOpening,WindowMaterial:Shade:EquivalentLayer,ZoneHVAC:UnitHeater,ZoneHVAC:LowTemperatureRadiant:ConstantFlow,Coil:Heating:DX:SingleSpeed,Construction:ComplexFenestrationState,AirflowNetwork:Distribution:Node,Humidifier:Steam:Gas,GlobalGeometryRules,output:SQLite,ZoneControl:Thermostat,SetpointManager:SystemNodeReset:Humidity,SetpointManager:SingleZone:Humidity:Maximum,EnergyManagementSystem:InternalVariable,ZoneContaminantSourceAndSink:Generic:CutoffModel,SolarCollector:FlatPlate:Water,Curve:Quartic,EvaporativeCooler:Indirect:CelDekPad,HVACTemplate:Zone:PTAC,SolarCollector:FlatPlate:PhotovoltaicThermal,Daylighting:Controls,Version,Shading:Fin:Projection,UtilityCost:Charge:Block,ZoneAirBalance:OutdoorAir,Matrix:TwoDimension,PlantEquipmentOperationSchemes,SetpointManager:Scheduled,PlantComponent:TemperatureSource,HVACTemplate:Zone:VAV,Output:Schedules,Generator:CombustionTurbine,AirTerminal:SingleDuct:ParallelPIU:Reheat,ElectricLoadCenter:Inverter:Simple,WaterHeater:Sizing,ZoneHVAC:LowTemperatureRadiant:ConstantFlow:Design,GroundHeatExchanger:Vertical:Sizing:Rectangle,Coil:WaterHeating:Desuperheater,COIL:Cooling:DX:VariableRefrigerantFlow,RunPeriodControl:DaylightSavingTime,ZoneHVAC:Baseboard:Convective:Electric,Space,Exterior:FuelEquipment,RoofIrrigation,AirLoopHVAC:UnitaryHeatPump:WaterToAir,ZoneControl:Thermostat:StagedDualSetpoint,Material:InfraredTransparent,CURVE:QUADRATIC,EvaporativeFluidCooler:SingleSpeed,GroundHeatExchanger:Vertical:Array,SurfaceProperty:SolarIncidentInside,ZoneContaminantSourceAndSink:Generic:Constant,ZoneHVAC:LowTemperatureRadiant:SurfaceGroup,Output:Table:SummaryReports,Curve:Cubic,Ceiling:Interzone,ZoneHVAC:WaterToAirHeatPump,Coil:Cooling:DX:SingleSpeed,GroundHeatTransfer:Basement:SimParameters,Schedule:Year,HeatPump:WaterToWater:EquationFit:Heating,PlantEquipmentOperation:ComponentSetpoint,Generator:PVWatts,ZoneProperty:UserViewFactors:BySurfaceName,PlantComponent:UserDefined,Table:IndependentVariable,SurfaceProperty:HeatTransferAlgorithm,Foundation:Kiva:Settings,HVACTemplate:Zone:FanCoil,CoolingTowerPerformance:YorkCalc,Curve:Linear,HeatPump:AirToWater,PlantEquipmentOperation:OutdoorDryBulb,Chiller:CombustionTurbine,SurfaceConvectionAlgorithm:Outside,Material,Shading:Building:Detailed,ZoneHVAC:VentilatedSlab,SetpointManager:MixedAir,Refrigeration:Compressor,GroundHeatExchanger:Pond,Output:Table:Annual,AirflowNetwork:MultiZone:Component:DetailedOpening,GlazedDoor:Interzone,DesignSpecification:ZoneHVAC:Sizing,SurfaceProperty:ExteriorNaturalVentedCavity,HVACTemplate:System:PackagedVAV,WindowMaterial:Screen,ZoneHVAC:EnergyRecoveryVentilator,SurfaceProperty:ExposedFoundationPerimeter,SurfaceProperty:IncidentSolarMultiplier,Wall:Adiabatic,AirTerminal:DualDuct:VAV,Curve:FanPressureRise,Pump:ConstantSpeed,HeatPump:PlantLoop:EIR:Cooling,HVACTemplate:System:UnitarySystem,Coil:Cooling:DX:CurveFit:OperatingMode,SetpointManager:SingleZone:OneStageCooling,Chiller:Electric,Generator:FuelCell:AuxiliaryHeater,OutputControl:SurfaceColorScheme,WindowProperty:StormWindow,Parametric:Logic,Curve:CubicLinear,CoolingTower:TwoSpeed,RoomAir:Node,HVACTemplate:System:DualDuct,Coil:Cooling:DX:VariableRefrigerantFlow,FluidProperties:Name,SurfaceConvectionAlgorithm:Inside:UserCurve,GroundHeatExchanger:HorizontalTrench,AirLoopHVAC,ElectricLoadCenter:Distribution,RoomAir:Node:AirflowNetwork,Coil:Cooling:WaterToAirHeatPump:ParameterEstimation,RoomAir:Node:AirflowNetwork:AdjacentSurfaceList,HVACTemplate:Zone:PTHP,Site:GroundTemperature:BuildingSurface,AirLoopHVAC:UnitaryHeatCool,HotWaterEquipment,WaterUse:RainCollector,AirLoopHVAC:SupplyPath,SpaceHVAC:EquipmentConnections,GroundHeatTransfer:Basement:EquivAutoGrid,
1ZoneDataCenterCRAC_wApproachTemp.idf,,,,,,,,,,,,,,,,,2,,,,,,,,,1,,,,,,,,,,,2,,,,,,,,,2,,,,,,,,,,9,,,,,,1,1,,,,,,,,,,,,,,,,5,,,,,,1,,,,,,,,,,,,,,,,,1,2,,,,,,,,,,,,,,,2,,,,,,,,,,,,,,,,,,,,,,,,,,,,,,,,,,4,,,,,,,,,,,,,,,,,,,,,,,,,,,,,,,,,,,,,,,,,,,,,,,,,,,,,,,,,,,1,,,,,,,,,,,,,,,,,,,,,,,,,,1,,,1,,,,,,,,,,,,,,,,,,,,,,2,,,,76,,,,,,,,,,,,,,,,,,,,1,4,,,,,,,,,,,,,,,,,,3,,,,,,,,,,,1,,,,,,,,,,,,,,,,,6,,,,,,,,,,,,1,,,,,,,,,,,,,,,,,,,,,,,,,,,,,,,,,,,,,,,,,,,,,,,,,,,,,,,,,,,,,,,,,,,,,,,,,,,,,,,,,,,,,,,1,,,,,,,,,,,,,1,1,1,,,,,,,,,,1,,,,4,,,1,,,,,,,,,,,,1,,,,,,,,,2,,,,,,,,,,,,1,,,1,,,,1,,,,,,,,,,,,,,,,,,,,,,,,,,1,,,1,,,,,,,,,1,,,,,,,,,,,,,,1,,,,1,,,,,,,,,,,,,,,,,,,,,,,,,,,,,,,,,,,,,,,,,,,,,,,,,,,,,,1,,,,,,,,,,,,,,,,,,,,,,,1,,,,,,,,,,,2,,,,,,,,,,,,6,,,,,,,,,,,,,,,,,,,,,,,,,,,,,,,1,1,,,,,,,,,,,,1,,,,,,,,,,,,,,1,,1,,,,,,,,,,,1,,,,,,,,,,,,,,,,,,,1,,,,,,,,,,,,,1,,,,1,,,,,,,,4,,,,,,,,,1,1,,,1,,,,,,,,,,,,,,,,,,,,,,,,,,,,,,,,,,1,,,,,,1,,,,1,,,
1ZoneDataCenterCRAC_wApproachTemp_ClassH1.idf,,,,,,,,,,,,,,,,,2,,,,,,,,,1,,,,,,,,,,,2,,,,,,,,,2,,,,,,,,,,9,,,,,,1,1,,,,,,,,,,,,,,,,5,,,,,,1,,,,,,,,,,,,,,,,,1,2,,,,,,,,,,,,,,,2,,,,,,,,,,,,,,,,,,,,,,,,,,,,,,,,,,4,,,,,,,,,,,,,,,,,,,,,,,,,,,,,,,,,,,,,,,,,,,,,,,,,,,,,,,,,,,1,,,,,,,,,,,,,,,,,,,,,,,,,,1,,,1,,,,,,,,,,,,,,,,,,,,,,2,,,,74,,,,,,,,,,,,,,,,,,,,1,4,,,,,,,,,,,,,,,,,,3,,,,,,,,,,,1,,,,,,,,,,,,,,,,,6,,,,,,,,,,,,1,,,,,,,,,,,,,,,,,,,,,,,,,,,,,,,,,,,,,,,,,,,,,,,,,,,,,,,,,,,,,,,,,,,,,,,,,,,,,,,,,,,,,,,1,,,,,,,,,,,,,1,1,1,,,,,,,,,,1,,,,4,,,1,,,,,,,,,,,,1,,,,,,,,,2,,,,,,,,,,,,1,,,1,,,,1,,,,,,,,,,,,,,,,,,,,,,,,,,1,,,1,,,,,,,,,1,,,,,,,,,,,,,,1,,,,1,,,,,,,,,,,,,,,,,,,,,,,,,,,,,,,,,,,,,,,,,,,,,,,,,,,,,,1,,,,,,,,,,,,,,,,,,,,,,,1,,,,,,,,,,,2,,,,,,,,,,,,6,,,,,,,,,,,,,,,,,,,,,,,,,,,,,,,1,1,,,,,,,,,,,,1,,,,,,,,,,,,,,1,,1,,,,,,,,,,,1,,,,,,,,,,,,,,,,,,,1,,,,,,,,,,,,,1,,,,1,,,,,,,,4,,,,,,,,,1,1,,,1,,,,,,,,,,,,,,,,,,,,,,,,,,,,,,,,,,1,,,,,,1,,,,1,,,
1ZoneDataCenterCRAC_wPumpedDXCoolingCoil.idf,,,,,,,,,,,,,,,,,2,,,,,,,,,1,,,,,,,,,,,2,,,,,,,,,2,,,,,,,,,,9,,,,,,1,1,,,,,,,,,,,,,,,,5,,,,,,1,,,,,,,,,,,,,,,,,1,2,,,,,,,,,,,,,,,2,,,,,,,,,,,,,,,,,,,,,,,,,,,,,,,,,,4,,,,,,,,,,,,,,,,,,,,,,,,,,,,,,,,,,,,,,,,,,,,,,,,,,,,,,,,,,,1,,,,,,,,,,,,,,,,,,,,,,,,,,1,,,1,,,,,,,,,,,,,,,,,,,,,,2,,,,73,,,,,,,,,,,,,,,,,,,,1,4,,,,,,,,,,,,,,,,,,3,,,,,,,,,,,1,,,,,,,,,,,,,,,,,6,,,,,,,,,,,,1,,,,,,,,,,,,,,,,,,,,,,,,,,,,,,,,,,,,,,,,,,,,,,,,,,,,,,,,,,,,,,,,,,,,,,,,,,,,,,,,,,,,,,,1,,,,,,,,,,,,,1,1,1,,,,,,,,,,1,,,,4,,,1,,,,,,,,,,,,1,,,,,,,,,2,,,,,,,,,,,,1,,,1,,,,1,,,,,,,,,,,,,,,,,,,,,,,,,,1,,,1,,,,,,,,,1,,,,,,,,,,,,,,1,,,,1,,,,,,,,,,,,,,,,,,,,,,,,,,,,,,,,,,,,,,,,,,,,,,,,,,,,,,1,,,,,,,,,,,,,,,,,,,,,,,1,,,,,,,,,,,2,,,,,,,,,,,,6,,,,,,,,,,,,,,,,,,,,,,,,,,,,,,,1,1,,,,,,,,,,,,1,,,,,,,,,,,,,,1,,1,,,,,,,,,,,1,,,,,,,,,,,,,,,,,,,1,,,,,,,,,,,,,1,,,,1,,,,,,,,4,,,,,,,,,1,1,,,1,,,,,,,,,,,,,,,,,,,,,,,,,,,,,,,,,,1,,,,,,1,,,,1,,,
1ZoneEvapCooler.idf,,,,,,,,,,,,,,,,,2,,,,,,,,,1,,,,,,,,,,,2,,,,,,,,,1,,,,,,,,,,,,,,,,1,,,,,,,,,,,,,,1,,,,,,,,,1,,,,1,1,,,,,,,,,,,,1,,,,,,,,,,,,,,,,2,,,,,,,,,,,,,,,,,,,,,,,,,,,,,,,,,,4,,,,,,,,,,,,,,,,,,,,,,,,,,,,,,,1,,,,,,,,,,,,,,,,,,,,,,,,,,,,,,,,,,1,,,,,,,,,,,,,,,,,,1,,,,,1,,,,,,,,,,,,,,1,,,,,,,,,,,,8,,,,,,,,,,,,,,,,,,,,,,,,,,,,,,,,,,,,,,,3,,,,,,,,,,,1,,,,,,,,,,,,,,,,,4,,,,,,,,,,,,,,,,,,,,,,,,,,,,,,,,,,,,,,,,,,,,,,,,,,,,,,,,,,,,,,,,,,,,,,,,,,,,,,,,,,,,,,1,,,,,,,,,,,,,1,,,,,,,,,,,,,1,,,,,,,,,,,,1,,,,,,,1,1,,,,,,,,,,,1,,,,,,,,,,,,,,,,,,,,,1,,,,,,,1,,,,,,,,,,,,,,,,,,,,,,,,,,1,,,1,,,,,,,,,1,,,,,,,,,,,,,,,,,,1,,,,,,,,,,,,1,,,,,,,,,,,,1,,,,,,,,,,,,,,,,,1,,,,,,,,,,,,,1,,,,,,,,,,,,,,,,,,,,,,,1,,,,,,,,,,,,,,,,,,,,,,,6,,,,,,,,,1,,,,,,,,,,,,,,,,,,,,,,,,,,,,,,,,,,,1,,,,,,,,,,,,,,1,,1,,,,,,,,,,,1,,,,,,,,,,,,,,,,,,,1,,,,,,,,,,,,,1,,,,,,,,,,,,,,,,,,,,,1,1,,,,,,,,,,,,,,,,,,,,,,,,,,,,,,,,,,,,,1,,,,,,1,,,,1,,,
1ZoneEvapCooler_4Win_incidentSolarMultiplier.idf,,,,,,,,,,,,,,,,,2,,,,,,,,,1,,,,,,,,,,,2,,,,,,,,,1,,,,,,,,,,,,,,,,1,,,,,,,,,,,,,,1,,,,,,,,,1,,,,1,1,,,,,,,,,,,,1,,,,,,,,,,,,,,,,2,,,,,,,,,,,,,,,,,,,,,,,,,,,,,,,,,,,,,,,,,,,,,,,,,,,,,,,,,,,,,,,,,1,,,,,,,,,,,,,,,,,,,,,,,,,,,,,,,,,,1,,,,,,,,,,,,,,,,,,1,,,,,1,,,,,,,,,,,,,,1,,,,,,,,,,,,9,,,,,,,,,,,,,,,,,,,,1,,,,,,,,,,,,,,,,,,,3,,,,,,,,,,,1,,,,,,,,,,,,,,,,,4,,,,,,,,,,,,,,,,,,,,,,,,,,,,,,,,,,,,,,,,,,,,,,,,,,,,,,,,,,,,,,,,,,,,,,,,,,,,,,,,,,,,,,1,,,,,,,,,,,,,1,,,,,,,,,,,,,1,,,,,,,,,,,,1,,,,,,,1,1,,,,,,,,,,,1,,,,,,,,,,,,,,,,,,,,,1,,,,,,,1,,,,,,,,,,,,,,,,,,,,,,,,,,1,,,1,,,,,,,,,1,,,,,,,,,,4,,,,,,,,1,,,,,,,,,,,,1,,,,,,,,,,,,1,,,,,,,,,,,,,,,,,1,,,,,,,,1,,,,,1,,,,,,,,,,,,,,,,,,,,,,,1,,,,,,,,,,,,,,,,,,,,,,,6,,,,,,,,,1,,,,,,,,,,,,,,,,,,,,,,,,,,,,,,,,,,,1,,,,,,,,,,,,,,1,,1,,,,,,,,,,,1,,,,,,,,,,,,,,,,,,,1,,,,,,,,,,,,,1,,,,,,,,,,,,,,,,,,,,,1,1,,,,,,,,,,,,,,,4,,,,,,,,,,,,,,,,,,,,,,1,,,,,,1,,,,1,,,
1ZoneEvapCooler_ReportPeriodPowerOutage.idf,,,,,,,,,,,,,,,,,2,,,,,,,,,1,,,,,,,,,,,2,,,,,,,,,1,,,,,,,,,,,,,,,,1,,,,,,,,,,,,,,1,,,,,,,,,1,,,,1,1,,,,,,,,,,,,1,,,,,,,,,,,,,,,,2,,,,,,,,,,,,,,,,,,,,,,,,,,,,,,,,,,4,,,,,,,,,,,,,,,,,,,,,,,,,,,,,,,1,,,,,,,,,,,,,,,,,,,,,,,,,,,,,,,,,,1,,,,,,,,,,,,,,,,,,1,,,,,1,,,,,,,,,,,,,,1,,,,,,,,,,,,8,,,,,,,,,,,,,,,,,,,,,,,,,,,,,,,,,,,,,,,3,,,,,,,,,,,1,,,,,,,,,,,,,,,,,10,,,,,,,,,,,,,,,,,,,,,,,,,,,,,,,,,,,,,,,,,,,,,,,,,,,,,,,,,,,,,,,,,,,,,,,,,,,,,,,,,,,,,,1,,,,,,,,,,,,,1,,,,,,,,,,,,,1,,,,,,,,,,,,1,,,,,,,1,1,,,,,,,,,,,1,,,,1,,,,,,,,,,,,,1,,,,1,,,,,,,1,,,,,,,,,,,,,,,,,,,,,,,,,,1,,,1,,,,,,,,,1,,,,,,,,,,1,,,,1,,,,1,,,,,,,,,,,,1,,,,,,,,,,,,1,,,,,,,,,,,,,,,,,1,,,,,,,,1,,,,,1,,,,,,,,,,,,,,,,,,,,,,,1,,,,,,,,,,,,,,,,,,,,,,,6,,,,,,,,,1,,,,,,,,,,,,,,,,,,,,,,,,,,,,,,,,,,,1,,,,,,,,,,,,,,1,,1,,,,,,,,,,,1,,,,,,,,,,,,,,,,,,,1,,,,,,,,,,,,,1,,,,,,,,,,,,,,,,,,,,,1,1,,,,,,,,,,,,,,,,,,,,,,,,,,,,,,,,,,,,,1,,,,,,1,,,,1,,,
1ZoneEvapCooler_ReportPeriodPowerOutage_naturalVent.idf,,,,,,,,,,,,,,,,,2,,,,,,,,,1,,,,,,,,,,,2,,,,,,,,,1,,,,,,,,,,,,,,,,1,,,,,,,,,,,,,,1,,,,,,,,,1,,,,1,1,,,,,,,,,,,,1,,,,,,,,,,,,,,,,2,,,,,,,,,,,,,,,,,,,,,,,,,,,,,,,,,,4,,,,,,,,,,,,,,,,,,,,,,,,,,,,,,,1,,,,,,,,,,,,,,,,,,,,,,,,,,,,,,,,,,1,,,,,,,,,,,,,,,,,,1,,,,,1,,,,,,,,,,,,,,1,,,,,,,,,,,,8,,,,,,,,,,,,,,,,,,,,,,,,,,,,,,,,,,,,,,,3,,,,,,,,,,,1,,,,,,,,,,,,,,,,,12,,,,,,,,,,,,,,,,,,,,,,,,,,,,,,,,,,,,,,,,1,,,,,,,,,,,,,,,,,,,,,,,,,,,,,,,,,,,,,,,,,,,,,,1,,,,,,,,,,,,,1,,,,,,,,,,,,,1,,,,,,,,,,,,1,,,,,,,1,1,,,,,,,,,,,1,,,,1,,,,,,,,,,,,,1,,,,1,,,,,,,1,,,,,,,,,,,,,,,,,,,,,,,,,,1,,,1,,,,,,,,,1,,,,,,,,,,1,,,,1,,,,1,,,,,,,,,,,,1,,,,,,,,,,,,1,,,,,,,,,,,,,,,,,1,,,,,,,,1,,,,,1,,,,,,,,,,,,,,,,,,,,,,,1,,,,,,,,,,,,,,,,,,,,,,,6,,,,,,,,,1,,,,,,,,,,,,,,,,,,,,,,,,,,,,,,,,,,,1,,,,,,,,,,,,,,1,,1,,,,,,,,,,,1,,,,,,,,,,,,,,,,,,,1,,,,,,,,,,,,,1,,,,,,,,,,,,,,,,,,,,,1,1,,,,,,,,,,,,,,,,,,,,,,,,,,,,,,,,,,,,,1,,,,,,1,,,,1,,,
1ZoneParameterAspect.idf,,,,,,,,,,,,,,,,,2,,,,,,,,,1,,,,,,,,,,,2,,,,,,,,,1,,,,,,,,,,,,,,,,1,,,,,,,,,,,,,,1,,,,,,,,,1,,,,1,1,,,,,,,,,,,,1,,,,,,,,,,,,1,,,,2,,,,,,,,,,,,,,,,,,,,,,,,,,,,,,,,,,4,,,,,,,,,,,,,,,,,,,,,,,,,,,,,,,1,,,,,,,,,,,,,,,,,,,,,,,,,,,,,,,,,,1,,,,,,,,,,,,,,,,,,1,,,,,1,,,,,,,,,,,,,,1,,,,,,,,,,,,8,,,,,,,,,,,,,,,,,,,,,,,,,,,,,,,,,,,,,,,3,,,,,,,,,,,1,,,,,,,,,,,,,,,,,4,,,,,,,,,,,,,,,,,,,,,,,,,,,,1,,,,,,,,,,,,,,,,,,,,,,,,,,,,,,,,,,,,,,,,,,,,,,,,,,,,,,,,,,1,,,,,,,,,,,,,1,,,,,,,,,,,,,1,,,,,,,,,,,,1,,,,,,,1,1,,,,,,,,,,,1,,,,,,,,,,,,,,,,,,,,,1,,,,,,,1,,,,,,,,,,,,,,,,,,,,,,,,,,1,,,1,,,,,,,,,1,,,,,,,,,,,,,,,,,,1,,,,,,,,,,,,1,,,,,,,,,,,,1,,,,,,,,,,,,,,,,,1,,,,,,,,,,,,,1,,,,,,,,,,,,,,,,,,,,,,,1,,,,,,,,,,,,,,,,,,,,,,,6,,,,,,,,,1,,,,,,,,,,,,,,,,,,,,,,,,,,,,,,,,,,,1,,,,,,,,,,,,,,1,,1,,,,,,,,,,,1,,,,,,,,,,,,,,,,,,,1,,,,,,,,,,,,,1,,,,,,,,,,,,,,,,,,,,,1,1,,,,,,,,,,,,,,,,,,,,,,,,,,,,1,,,,,,,,,1,,,,,,1,,,,1,,,
1ZoneUncontrolled.idf,,,,,,,,,,,,,,,,,2,,,,,,,,,1,,,1,,,,,,,,2,,,,,,,,,1,,,,,,,,,,,,,,,,,,,,,,,,,,,,,,,,,,,,,,,1,,,,,,,,,,,,,,,,,,,,,,,,,,,,,,,,,2,,,,,,,,,,,,,,,,,,,,,,,,,,,,,,,,,,3,,,,,,,,,,,,,,,,,,,,,,,,,,,,,,,,,,,,,,,,,,,,,,,,,,,,,,,,,,,,,,,,,,,,,,,,,,,,,,,,,,,,,,,,,,,,,,,,,,,,,,,,,,,,,,,,,,48,,,,,,,,,,,,,,,,,,,,1,,,,,,,,,,,,,,,,,,,3,,,,,,,,,,,1,,,,,,,,,,,,,,,,,,,,,,,,,,,,,,,,,,,,,,,,,,,,,,,,,,,,,,,,,,,,,,,,,,,,,,,,,,,,,,,,,,,,,,,,,,,,,1,,,,,,,,,,,,,,,,,,,,,,,1,,,,,,,,,,,,,1,,,,,,,,,,,,,,,,,,,1,,,,,,,,,,,,,,,,,,,,,,,,,,,,,,,,,1,,,,,,,,,,,,,,,,,,,,,,,,,,,,,,,,,1,,,1,,,,,,,,,,,,,,,,,,,,,,,,,,,1,,,,,,,,,,,,,,,,,,,,,,,,,,,,,,,,,,,,,,,,,,,,2,,,,,,,,,,,,,,,,,,,,,,,,,,,,,,,,,1,,,,,,,,,,,,,,,,,,,,,,,6,,,,,,,,,,,,,,,,,,,,,,,,,,,,,,,,,,,,,,,,,,,,,,,,,,,,,,,,,,1,,,,,,,,,,,,,1,,,,,,,,,,,,,,,,,,,,,,,,,,,,,,,,1,,,,,,,,,,,,,,,,,,,,,1,1,,,,,,,,,,,,,,,,,,,,,,,,,,,,,,,,,,,,,,,,,,,,,,,,,,
1ZoneUncontrolled3SurfaceZone.idf,,,,,,,,,,,,,,,,,2,,,,,,,,,1,,,1,,,,,,,,2,,,,,,,,,1,,,,,,,,,,,,,,,,,,,,,,,,,,,,,,,,,,,,,,,1,,,,,,,,,,,,,,,,,,,,,,,,,,,,,,,,,2,,,,,,,,,,,,,,,,,,,,,,,,,,,,,,,,,,3,,,,,,,,,,,,,,,,,,,,,,,,,,,,,,,,,,,,,,,,,,,,,,,,,,,,,,,,,,,,,,,,,,,,,,,,,,,,,,,,,,,,,,,,,,,,,,,,,,,,,,,,,,,,,,,,,,14,,,,,,,,,,,,,,,,,,,,1,,,,,,,,,,,,,,,,,,,3,,,,,,,,,,,1,,,,,,,,,,,,,,,,,,,,,,,,,,,,,,,,,,,,,,,,,,,,,,,,,,,,,,,,,,,,,,,,,,,,,,,,,,,,,,,,,,,,,,,,,,,,,,,,,,,,,,,,,,,,,,,,,,,,1,,,,,,,,,,,,,1,,,,,,,,,,,,,,,,,,,1,,,,,,,,,,,,,,,,,,,,,,,,,,,,,,,,,1,,,,,,,,,,,,,,,,,,,,,,,,,,,,,,,,,1,,,1,,,,,,,,,,,,,,,,,,,,,,,,,,,1,,,,,,,,,,,,,,,,,,,,,,,,,,,,,,,,,,,,,,,,,,,,2,,,,,,,,,,,,,,,,,,,,,,,,,,,,,,,,,1,,,,,,,,,,,,,,,,,,,,,,,3,,,,,,,,,,,,,,,,,,,,,,,,,,,,,,,,,,,,,,,,,,,,,,,,,,,,,,,,,,1,,,,,,,,,,,,,1,,,,,,,,,,,,,,,,,,,,,,,,,,,,,,,,1,,,,,,,,,,,,,,,,,,,,,1,1,,,,,,,,,,,,,,,,,,,,,,,,,,,,,,,,,,,,,,,,,,,,,,,,,,
1ZoneUncontrolledAnnualOutputs.idf,,,,,,,,,,,,,,,,,2,,,,,,,,,1,,,1,,,,,,,,2,,,,,,,,,1,,,,,,,,,,,,,,,,,,,,,,,,,,,,,,,,,,,,,,,1,,,,,,,,,,,,,,,,,,,,,,,,,,,,,,,,,2,,,,,,,,,,,,,,,,,,,,,,,,,,,,,,,,,,,,,,,,,,,,,,,,,,,,,,,,,,,,,,,,,,,,,,,,,,,,,,,,,,,,,,,,,,,,,,,,,,,,,,,,,,,,,,,,,,,,,,,,,,,,,,,,,,,,,,,,,,,,,,,,,,,,3,,,,,,,,,,,,,,,,,,,,1,,,,,,,,,,,,,,,,,,,3,,,,,,,,,,,1,,,,,,,,,,,,,,,,,,,,,,,,,,,,,,,,,,,,,,,,,,,,,,,,,,,,,,,,,,,,,,,,,,,,,,,,,,,,,,,,,,,,,,,,,,,,,,,,,,,,,,,,,,,,,,,,,,,,1,,,,,,,,,,,,,1,,,,,,,,,,,,,,,,,,,,,,,,,,,,,,,,,,,,,,,,,,,,,,,,,,,,1,,,,,,,,,,,,,,,,,,,,,,,,,,,,,,,,,1,,,1,,,,,,,,,,,,,,,,,,,,,,,,,,,1,,,,,,,,,,,,,,,,,,,,,,,,,,,,,,,,,,,,,,,,,,,,2,,,,,,,,,,,,,,,,,,,,,,,,,,,,,,,,,,,,,,,,,,,,,,,,,,,,,,,,6,,,,,,,,,,,,,,,,,,,,,,,,,,,,,,,,,,,,,,,,,,,,,,,,,,,,,,,,,,1,,,,,,,,,,,,,1,,,,,,,,,,,,,,,,,,,,,,,,,,,,,,,,,,,,,,,,,,,,,,,,,,,,,1,1,,,,,,,,,,,,,,,,,,,,,,,,,,,,,,,,,,,,,,,,,,,,,,,,,,
1ZoneUncontrolledCondFDWithVariableKat24C.idf,,,,,,,,,,,,,,,,,2,,,,,,,,,1,,,1,,,,,,,,2,,,,,,,,,1,,,,,,,,,,,,,,,,,,,,,,,,,,,,,,,,,,,,,,,1,,,,,,,,,,,,,,,,,,,,,,,,,,,,,,,,,2,,,,,,,,,,,,,,,,,,,,,,,,,,,1,,,,,,,,,,,,,,,,,,,,,,,,,,,,,,,,,,,,,,,,,,,,,,,,,,,,,,,,,,,,,,,,,,,,,,,,,,,,,,,,,,,,,,,,,,,,,,,,,,,,,,,,,,,,,,,,,,,,,,,,,19,,,,,,,,,,,,,,,,,,,,,,,,,,,,,,,,,,,,,,,3,,,,,,,,,,,1,,,,,,,,,,,,,,,,,,,,,,,,,,,,,,,,,,,,,,,,,,,,,,,,,,,,,,,,,,,,,,,,,,,,,,,,,,,,,,,,,,,,,,,,,,,,,1,,,,,,,,,,,,,,,,,,,,,,,,,,,,,,,,,,,,1,,,,,,,,,,,,,,,,,,,,,,,,,,,,,,,,,,,,,,,,,,,,,,,,,,,1,1,,,,,,,,,,,,,,,,,,,,,,,,,,,,,,,,,1,,,1,,,,,,,,,,,,,,,,,,,,,,,,,,,1,,,,,,,,,,,,,,,,,,,,,,,,,,,,,,,,,,,,,,,,,,,,,,,,,,,,,,,,,,,,,,,,,,,,,,,,,,,,,1,,,,,,,,,,,,,,,,,,,,,,,6,,,,,,,,,,,,,,,,,,,,,,,,,,,,,,,,,,,,,,,,,,,,,,,,1,,,,,,,,,,1,,,,,,,,,,,,,1,,,,,,,,,,,,,,,,,,,,,,,,,,,,,,,,1,,,,,,1,,,,,,,,,,,,,,,1,2,,,,,,,,,,,,,,,,,,,,,,,,,,,,,,,,,,,,,,,,,,,1,,,,,,,
1ZoneUncontrolledFourAlgorithms.idf,,,,,,,,,,,,,,,,,2,,,,,,,,,1,,,1,,,,,,,,2,,,,,,,,,1,,,,,,,,,,,,,,,,,,,,,,,,,,,,,,1,,,,,,,,,1,,,,,,,,,,,,,,,,,,,,,,,,,,,,,,,,,2,,,,,3,,,,,,,,,,,,,,,,,,,,,,,,,,,,,3,,,,,,,,,,,,,,,,,,,,,,,,,,,,,,,,,,,,,,,,,,,,,,,,,,,,,,,,,,,,,,,,,,,,,,,,,,,,,,,,,,,,,,,,,,,,,,,,,,,,,,,,,,,,,,,,,,14,,,,,,,,,,,,,,3,,,,,,1,,,,,,,,,,,,,,,,,3,,4,,,,3,,,,,,,1,,,,,,,,,,,,,,,,,,1,,,,,,,,,,,,,,,,,,,,,,,,,,,,,,,,,,,,,,,,,,,,3,1,,,,,,,,,,,,,,,,,,,,,,,,,,,,,,,,,,,,,,,,,,,,,,,,,,,,,1,,,,,,,,,,,,,1,,,,,,,,,,,,,,,,,,,1,,,,,,,,,,,,,,,,,,,,1,,,,,,,,,,,,,1,,,,,,,,,,,,,,,,,,,,,,,,,,,,,,,,,1,,,1,,,,,,,,,,,,,,,,,,,,,,,,,,,1,,,,,,,,,,,,,,,,,1,,,,,,,,,,,,,,,,,,,,,,,,,,,2,,,3,,,,,,,,,,,,,,,,,,,,,,,,,,,,,,1,,,,,,,,,,,,,,,,,,,,,,,6,,,,,,,,,,,,,,,,,,,,,,,,,,,,,,,,,,,,,,,,,,,,,,,,,,,,,,,,,,1,,,,,,,,,,,,,1,,,,,,,,,,,,,,,,,,,,,,,,,,,,,,,,1,,,,,,,,,,,,,2,,,,,,,,1,8,,,,,,,,,,,,,,,,,,,,,,,,,,,,,,,,,,,,,,,,,,,,,,,,,,
1ZoneUncontrolledResLayers.idf,,,,,,,,,,,,,,,,,2,,,,,,,,,1,,,1,,,,,,,,1,,,,,,,,,1,,,,,,,,,,,,,,,,,,,,,,,,,,,,,,,,,,,,,,,1,,,,,,,,,,,,,,,,,,,,,,,,,,,,,,,,,2,,,,,,,,,,,,,,,,,,,,,,,,,,,,,,,,,,3,,,,,,,,,,,,,,,,,,,,,,,,,,,,,,,,,,,,,,,,,,,,,,,,,,,,,,,,,,,,,,,,,,,,,,,,,,,,,,,,,,,,,,,,,,,,,,,,,,,,,,,,,,,,,,,,,,12,,,,,,,,,,,,,,,,,,,,1,,,,,,,,,,,,,,,,,,,6,,,,,,,,,,,1,,,,,,,,,,,,,,,,,,,,,,,,,,,,,,,,,,,,,,,,,,,,,,,,,,,,,,,,,,,,,,,,,,,,,,,,,,,,,,,,,,,,,,,,,,,,,,,,,,,,,,,,,,,,,,,,,,,,1,,,,,,,,,,,,,1,,,,,,,,,,,,,,,,,,,1,,,,,,,,,,,,,,,,,,,,,,,,,,,,,,,,,1,,,,,,,,,,,,,,,,,,,,,,,,,,,,,,,,,1,,,1,,,,,,,,,,,,,,,,,,,,,,,,,,,1,,,,,,,,,,,,,,,,,,,,,,,,,,,,,,,,,,,,,,,,,,,,,,,,,,,,,,,,,,,,,,,,,,,,,,,,,,,,,1,,,,,,,,,,,,,,,,,,,,,,,6,,,,,,,,,,,,,,,,,,,,,,,,,,,,,,,,,,,,,,,,,,,,,,,,,,,,,,,,,,1,,,,,,,,,,,,,1,,,,,,,,,,,,,,,,,,,,,,,,,,,,,,,,1,,,,,,,,,,,,,,,,,,,,,1,1,,,,,,,,,,,,,,,,,,,,,,,,,,,,,,,,,,,,,,,,,,,,,,,,,,
1ZoneUncontrolledUTF8.idf,,,,,,,,,,,,,,,,,2,,,,,,,,,1,,,1,,,,,,,,2,,,,,,,,,1,,,,,,,,,,,,,,,,,,,,,,,,,,,,,,,,,,,,,,,1,,,,,,,,,,,,,,,,,,,,,,,,,,,,,,,,,2,,,,,,,,,,,,,,,,,,,,,,,,,,,,,,,,,,3,,,,,,,,,,,,,,,,,,,,,,,,,,,,,,,,,,,,,,,,,,,,,,,,,,,,,,,,,,,,,,,,,,,,,,,,,,,,,,,,,,,,,,,,,,,,,,,,,,,,,,,,,,,,,,,,,,14,,,,,,,,,,,,,,,,,,,,1,,,,,,,,,,,,,,,,,,,3,,,,,,,,,,,1,,,,,,,,,,,,,,,,,,,,,,,,,,,,,,,,,,,,,,,,,,,,,,,,,,,,,,,,,,,,,,,,,,,,,,,,,,,,,,,,,,,,,,,,,,,,,,,,,,,,,,,,,,,,,,,,,,,,1,,,,,,,,,,,,,1,,,,,,,,,,,,,,,,,,,1,,,,,,,,,,,,,,,,,,,,,,,,,,,,,,,,,1,,,1,,,,,,,,,,,,,,,,,,,,,,,,,,,,,,1,,,1,,,,,,,,,,,,,,,,,,,,,,,,,,,1,,,,,,,,,,,,,,,,,,,,,,,,,,,,,,,,,,,,,,,,,,,,2,,,,,,,,,,,,,,,,,,,,,,,,,,,,,,,,,1,,,,,,,,,,,,,,,,,,,,,,,6,,,,,,,,,,,,,,,,,,,,,,,,,,,,,,,,,,,,,,,,,,,,,,,,,,,,,,,,,,1,,,,,,,,,,,,,1,,,,,,,,,,,,,,,,,,,,,,,,,,,,,,,,1,,,,,,,,,,,,,,,,,,,,,1,1,,,,,,,,,,,,,,,,,,,,,,,,,,,,,,,,,,,,,,,,,,,,,,,,,,
1ZoneUncontrolledWithHysteresisPCM.idf,,,,,,,,,,,,,,,,,2,,,,,,,,,1,,,1,,,,,,,,2,,,,,,,,,1,,,,,,,,,,,,,,,,,,,,,,,,,,,,,,,,,,,,,,,1,,,,,,,,,,,,,,,,,,,,,,,,,,,,,,,,,2,,,,,,,,,,,,,,,,,,,,,,,,,,,,,,,,,,3,,,,,,,,,,,,,,,,,,,,,,,,,,,,,,,,,,,,,,,,,,,,,,,,,,,,,,,,,,,,,,,,,,,,,,,,,,,,,,,,,,,,,,,,,,,,,,,,,,,,,,,,,,,,,,,,,,25,,,,,,,,,,,,,,,,,,,,1,,,,,,,,,,,,,,,,,,,3,,,,,,,,,,,1,,,,,,,,,,,,,,,,,,,,,,,,,,,,,,,,,,,,,,,,,,,,,,,,,,,,,,,,,,,,,,,,,,,,,,,,,,,,,,,,,,,,,,,,,,,,,,,,,,,,,,,,,,,,,,,,,,,,1,,,,,,,,,,,1,,1,,,,,,,,,,,,,,,,,,,1,,,,,,,,,,,,,,,,,,,,,,,,,,,,,,,,,1,,,,,,,,,,,,,,,,,,,,,,,,,,,,,,,,,1,,,1,,,,,,,,,,,,,,,,,,,,,,,,,,,1,,,,,,,,,,,,,,,,,,,,,,,,,,,,,,,,,,,,,,,,,,,,2,,,,,,,,,,,,,,,,,,,,,,,,,,,,,,,,,1,,,,,,,,,,,,,,,,,,,,,,,6,,,,,,,,,,,,,,,,,,,,,,,,,,,,,,,,,,,,,,,,,,,,,,,,,,,,,,,,,,1,,,,,,,,,,,,,1,,,,,,,,,,,,,,,,,,,,,,,,,,,,,,,,1,,,,,,,,,,,,,,,,,,,,,1,1,,,,,,,,,,,,,,,,,,,,,,,,,,,,,,,,,,,,,,,,,,,,,,,,,,
1ZoneUncontrolled_DD2009.idf,,,,,,,,,,,,,,,,,3,,,,,,,,,1,,,,,,,,,,,1,,,,,,,,,1,,,,,,,,,,,,,,,,,,,,,,,,,,,,,,,,,,,,,,,1,,,,,,,,,,,,,,,,,,,,,,,,,,,,,,,,,15,,,,,,,,,,,,,,,,,,,,,,,,,,,,,,,,,,2,,,,,,,,,,,,,,,,,,,,,,,,,,,,,,,,,,,,,,,,,,,,,,,,,,,,,,,,,,,,,,,,,,,,,,,,,,,,,,,,,,,,,,,,,,,,,,,,,,,,,,,,,,,,,,,,,,15,,,,,,,,,,,,,,,,,,,,,,,,,,,,,,,,,,,,,,,2,,,,,,,,,,,1,,,,,,,,,,,,,,,,,,,,,,,,,,,,,,,,,,,,,,,,,,,,,,,,,,,,,,,,,,,,,,,,,,,,,,,,,,,,,,,,,,,,,,,,,,,,,,,,,,,,,,,,,,,,,,,,,,,,1,,,,,,,,,,,,,1,,,,,,,,,,,,,,,,,,,1,,,,,,,,,,,,,,,,,,,,,,,,,,,,,,,,,1,,,,,,,,,,,,,,,,,,,,,,,,,,,,,,,,,1,,,1,,,,,,,,,,,,,,,,,,,,,,,,,,,1,,,,,,,,,,,,,,,,,,,,,,,,,,,,,,,,,,,,,,,,,,,,,,,,,,,,,,,,,,,,,,,,,,,,,,,,,,,,,1,,,,,,,,,,,,,,,,,,,,,,,6,,,,,,,,,,,,,,,,,,,,,,,,,,,,,,,,,,,,,,,,,,,,,,,,2,,,,,,,,,,1,,,,,,,,,,,,,1,,,,,,,,,2,,,,,,,,,,,,,,,,,,,,,,,1,,,,,,,,,,,,,,,,,,,,,1,1,,,,,,,,,,,,,,,,,,,,,,,,,,,,,,,,,,,,,,,,,,,,,,,,,,
1ZoneUncontrolled_DDChanges.idf,,,,,,,,,,,,,,,,,4,,,,,,,,,1,,,,,,,,,,,1,,,,,,,,,1,,,,,,,,,,,,,,,,,,,,,,,,,,,,,,,,,,,,,,,1,,,,,,,,,,,,,,,,,,,,,,,,,,,,,,,,,12,,,,,,,,,,,,,,6,,,,,,,,,,,,,,,,,,,,2,,,,,,,,,,,,,,,,,,,,,,,,,,,,,,,,,,,,,,,,,,,,,,,,,,,,,,,,,,,,,,,,,,,,,,,,,,,,,,,,,,,,,,,,,,,,,,,,,,,,,,,,,,,,,,,,,,11,,,,,,,,,,,,,,,,,,,,1,,,,,,,,,,,,,,,,,,6,3,,,,,,,,,,,1,,,,,,,,,,,,,,,,,,,,,,,,,,,,,,,,,,,,,,,,,,,,,,,,,,,,,,,,,,,,,,,,,,,,,,,,,,,,,,,,,,,,,,,,,,,,,,,,,,,,,,,,,,,,,,,,,,,,1,,,,,,,,,,,,,1,,,,,,,,,,,,,,,,,,,1,,,,,,,,,,2,,,,,,,,,,,,,,,,,,,,,,,1,,,,,,,,,,,,,,,,,,,,,,,,,,,,,,,,,1,,,1,,,,,,,,,,,,,,,,,,,,,,,,,,,1,,,,,,,,,,,,,,,,,,,,,,,,,,,,,,,,,,,,,,,,,,,,,,,,,,,,,,,,,,,,,,,,,,,,,,,,,,,,,1,,,,,,,,,,,,,,,,,,,,,,,6,,,,,,,,,,,,,,,,,,,,,,,,,,,,,,,,,,,,,,,,,,,,,,,,4,,,,,,,,,,1,,,,,,,,,,,,,1,,,,,,,,,2,,,,,,,,,,,,,,,,,,,,,,,1,,,,,,,,,,,,,,,,,,,,,1,5,,,,,,,,,,,,,,,,,,,,,,,,,,,,,,,,,,,,,,,,,,,,,,,,,,
1ZoneUncontrolled_FCfactor_Slab_UGWall.idf,,,,,,,,,,,,,,,,,2,,,,,,,,,1,,,,,,,,,,,2,,,,,,,,,1,,,,,,,,,,,,,,,,,,,,2,,,,,,,,,,,,,,,,,,,1,,,,,,,,,,,,,,,,,,,,,,,,,,,,,,,,,2,,,,,,,,,,,,,,,,,,,,,,,,,,,,,,,,,,,,,,,,,,,,,,,,,,,,,,,,,,,,,,,,,,,,,,,,,,,,,,,,,,,,,,,,,,,,,,,,,,,,,,,,,,,,,,,,,,,,,,,,,,,,,,,1,,,,,,,,,,,,,,,,,,,,,7,,,,,,,,,,,,,,,,,,,,,,,,,,,,,,,,,,,,,,,2,,,,,,,,,,,1,,,,,,,,,,,,,,,,,,,,,,,,,,,,,,,,,,,,,,,,,,,,,,,,,,,,,,,,,,,,,,,,,,,,,,,,,,,,,,,,,,,,,,,,,,,,,,,,,,,,,,,,,,,,,,,,,,,,,,,,,,,,,,,,,1,,,,,,,,,,,,,,,,,1,,1,,,,,,,,,,,,,,,,,,,,,,,,,,,,,,,,,1,,,,,,,,,,,,,,,,,,,,,,,,,,,,,,,,,1,,,1,,,,,,,,,,,,,,,,,,,,,,,,,,,1,,,,,,,,,,,,,,,,,,,,,,,,,,,,,,,,,,,,,,,,,,,,,,,,,,,,,,,,,,,,,,,,,,,,,,,,,,,,,1,,,,,,,,,,,,,,,,,,,,,,,6,,,,,,,,,,,,,,,,,,,,,,,,,,,,,,,,,,,,,,,,,,,,,,,,,,,,,,,,,,1,,,,,,,,,,,,,1,,,,,,,,,,,,,,,,,,,,,,,,,,,,,,,,1,,,,,,,,,,,,,,,,,,,,,1,,,,,,,,,,,,,,,,,,,,,,,,,,,,,,,,,,,,,,,,,,,,1,,,,,,,
1ZoneUncontrolled_OtherEquipmentWithFuel.idf,,,,,,,,,,,,,,,,,2,,,,,,,,,1,,,1,,,,,,,,2,,,,,,,,,1,,,,,,,,,,,,,,,,,,,,,,,,,,,,,,,,,,,,,,,1,,,,,,,,,,,,,,,,,,,,,,,,,,,,,,,,,2,,,,,,,,,,,,,,,,,,,,,,,,,,,,,,,,,,3,,,,,,,,,,,,,,,,,,,,,,,,,,,,,,,,,,,,,,,,,,,,,,,,,,,,,,,,,,,,,,,,,,,,,,,,,,,,,,,,,,,,,,,,,,,,,,,,,,,,,,,,,,,,,,,,,,16,,,,,,,,,,,,,,,,,,,,1,,,,,,,,,,,,,,,,,,,3,,,,,,,,,,,1,,,,,,,,,,,,,,,,,1,,,,,,,,,,,,,,,,,,,,,,,,,,,,,,,,,,,,,,,,,,,,,,,,,,,,,,,,,,,,,,,,,,,,,,,,,,,,,,,,,,,,,,,,,,,,,,,,,,,1,,,,,,,,,,,,,1,,,,,,,,,,,,,,,,,,,1,,,,,,,,,,,,,,,,,,,,,,,,,,,,,,,,,1,,,,,,,,,,,,,,,,,,,,,,,,,,,,,,,,,1,1,,1,,,,,,,,,,,,,,,,,,,,,,,,,,,1,,,,,,,,,,,,,,,,,,,,,,,,,,,,,,,,,,,,,,,,,,,,2,,,,,,,,,,,,,,,,,,,,,,,,,,,,,,,,,1,,,,,,,,,,,,,,,,,,,,,,,6,,,,,,,,,,,,,,,,,,,,,,,,,,,,,,,,,,,,,,,,,,,,,,,,,,,,,,,,,,1,,,,,,,,,,,,,1,,,,,,,,,,,,,,,,,,,,,,,,,,,,,,,,1,,,,,,,,,,,,,,,,,,,,,1,1,,,,,,,,,,,,,,,,,,,,,,,,,,,,,,,,,,,,,,,,,,,,,,,,,,
1ZoneUncontrolled_variableThermalSolarAbs.idf,,,,,,,,,,,,,,,,,2,,,,,,,,,1,,,1,,,,,,,,3,,,,,,,,,1,,,,,,,,,,,,,,,,,,,,,,,,,,,,,,,,,,,,,,,1,,,,,,,,,,,,,,,,,,1,,,,,,,,,,,,,,,2,,,,,,,,,,,,,,,,,,,,,,,,,,,,,,,,,,3,,,,,,,,,,,,,,,,,,,,,,,,,,,,,,,,,,,,,,,,,,,,,,,,,,,,,,,,,,,,,,,,,,,,,,,,,,,,,,,,,,,,,,,,,,,,,,,,,,,,,,,,,,,,,,,,,,16,,,,,,,,,,,,,,,,,,,,1,,,,,,,,,,,,,,,,,,,4,,,,,,,,,,,1,,,,,,,,,,,,,,,,,,,,,,,,,,,,,,,,,,,,,,,,,,,,,,,,,,,,,,,,,,,,,,,,,,,,,,,,,,,,,,,,,,,,,,,,,,,,,,,,,,,,,,,,,,,,,,,,,,,,1,,,,,,,,,,,,,1,,,,,,,,,,,,,,,,,,,1,,,,,,,,,,,,,,,,,,,,,1,,,,,,,,,,,,1,,,,,,,,,,,,,,,,,,,,,,,,,,,,,,,,,1,,,1,,,,,,,,,,,,,,,,,,,,,,,,,,,1,,,,,,,,,,,,,,,,,,,,,,,,,,,,,,,,,,,,,,,,,,,,2,,,,,,,,,,,,,,,,,,,,,,,,,,,,,,,,,1,,,,,,,,,,,,,,,,,,,,,,,6,,,,,,,,1,,,,,,,,,,,,,,,,,,,,,,,,,,,,,,,,,,,,,,,,,,,,,,,,,,1,,,,,,,,,,,,,1,,,,,,,,,,,,,,,,,,,,,,,,,,,,,,,,1,,,,,,,,,,,,1,,,,,1,,,,1,1,,,,,,,,,,,,,,,,,,,,,,,,,,,,,,,,,,,,,,,,,,,,,,,,,,
1ZoneUncontrolled_win_1.idf,,,,,,,,,,,,,,,,,1,,,,,,,,,1,,,,,,,,,,,2,,,,,,,,,1,,,,,,,,,,,,,,,,,,,,,,,,,,,,,,,,,,,,,,,1,,,,,,,,,,,,,,,,,,,,,,,,,,,,,,,,,2,,,,,,,,,,,,,,,,,,,,,,,,,,,,,,,,,,2,,,,,,,,,,,,,,,,,,,,,,,,,,,,,,,,,,,,,,,,,,,,,,,,,,,,,,,,,,,,,,,,,,,,,,,,,,,,,,,,,,,,,,,,,,,,,,,,,,,,,,,,,,,,,,,,,,12,,,,,,,,,,,,,,,,,,,,,,,,,,,,,,,,,,,,,,,3,,,,,,,,,,,1,,,,,,,,,,,,,,,,,,,,,,,,,,,,,,,,,,,,,,,,,,,,,,,,,,,,,,,,,,,,,,,,,,,,,,,,,,,,,,,,,,,,,,,,,,,,,,,,,,,,,,,,,,,,,,,,,,,,1,,,,,,,,,,,,,1,,,,,,,,,,,,,,,,,,,1,,,,,,,,,,,,,,,,,,,,1,,,,,,,,,,,,,1,,,,,,,,,,,,,,,,,,,,,,,,,,,,,,,,,1,,,1,,,,,,,,,,,,,,,,,,,1,,,,,,,,1,,,,,,,,,,,,,,,,,,,,,,,,,,,,,,,,,,,,,,,,,,,,,,,,,1,,,,,,,,,,,,,,,,,,,,,,,,,,,,1,,,,,,,,,,,,,,,,,,,,,,,6,,,,,,,,,,,,,,,,,,,,,,,,,,,,,,,,,,,,,,,,,,,,,,,,,,,,,,,,,,1,,,,,,,,,,,,,1,,,,,,,,,,,,,,,,,,,,,,,,,,,,,,,,1,,,,,,,,,,,,,,,,,,,,,1,1,,,,,,,,,,,,,,,,,,,,,,,,,,,,,,,,,,,,,,,,,,,1,,,,,,,
1ZoneUncontrolled_win_2.idf,,,,,,,,,,,,,,,,,1,,,,,,,,,1,,,,,,,,,,,2,,,,,,,,,1,,,,,,,,,,,,,,,,,,,,,,,,,,,,,,,,,,,,,,,1,,,,,,,,,,,,,,,,,,,,,,,,,,,,,,,,,2,,,,,,,,,,,,,,,,,,,,,,,,,,,,,,,,,,2,,,,,,,,,,,,,,,,,,,,,,,,,,,,,,,,,,,,,,,,,,,,,,,,,,,,,,,,,,,,,,,,,,,,,,,,,,,,,,,,,,,,,,,,,,,,,,,,,,,,,,,,,,,,,,,,,,12,,,,,,,,,,,,,,,,,,,,,,,,,,,,,,,,,,,,,,,3,,,,,,,,,,,1,,,,,,,,,,,,,,,,,,,,,,,,,,,,,,,,,,,,,,,,,,,,,,,,,,,,,,,,,,,,,,,,,,,,,,,,,,,,,,,,,,,,,,,,,,,,,,,,,,,,,,,,,,,,,,,,,,,,1,,,,,,,,,,,,,1,,,,,,,,,,,,,,,,,,,1,,,,,,,,,,,,,,,,,,,,1,,,,,,,,,,,,,1,,,,,,,,,,,,,,,,,,,,,,,,,,,,,,,,,1,,,1,,,,,,,,,,,,,,,,,,,1,,,,,,,,1,,,,,,,,,,,,,,,,,,,,,,,,,,,,,,,,,,,,,,,,,,,,,,,,,1,,,,,,,,,,,,,,,,,,,,,,,,,,,,1,,,,,,,,,,,,,,,,,,,,,,,6,,,,,,,,,,,,,,,,,,,,,,,,,,,,,,,,,,,,,,,,,,,,,,,,,,,,,,,,,,1,,,,,,,,,,,,,1,,,,,,,,,,,,,,,,,,,,,,,,,,,,,,,,1,,,,,,,,,,,,,,,,,,,,,1,1,,,,,,,,,,,,,,,,,,,,,,,,,,,,,,,,,,,,,,,,,,,1,,,,,,,
1ZoneUncontrolled_Win_ASH55_Thermal_Comfort.idf,,,,,,,,,,,,,,,,,3,,,,,,,,,1,,,1,,,,,,,,2,,,,,,,,,2,,,,,,,,,,,,,,,,,,,,,,,,,,,,,,,,,,,,,,,1,,,,,,,,,,,,,,,,,,,,,,,,,,,2,,,,,,2,,,,,,,,,,,,,,,,,,,,,,,,,,,,,,,,,,,,,,,,,,,,,,,,,,,,,,,,,,,,,,,,,,,,,,,,,,,,,,,,,,,,,,,,,,,,,,,,,,,,,,,,,,,,,,,,,,,,,,,,,,,,,,,,,,,,,,,,,,,,,,,,,,,,16,,,,,,,,,,,,,,,,,,,,1,,,,,,,,,,,,,,,,,,,4,,,,,,,,,,,1,,,,,,,,,,,,,,,,,8,,,,,,,,,,,,,,,,,,,,,,,,,,,,,,,,,,,,,,,,,,,,,,,,,,,,,,,,,,,,,,,1,,,,,,,,,,,,,,,,,,,,,,,,,,,,1,,,,,,,,,,,,,,,,,,,,,1,,,,,,,,,,,,,,,,,,,,,,,,,,,,,,,,,,,,1,,,,,,,,,,,,1,,,,1,,,,,,,,,,,,,,,,,,,,,,,,,,,,,,,,,1,,,1,,,,,,,,,,,,,,,,,,,1,,,,,,,,1,,,,,,,,,,,,,,,,,,,,,,,,,,,,,,,,,,,,,,,,,,,,2,,,,,,,,,,,1,1,,,,,,,,,,,,,,,,,,,,,1,,,,,,,,,,,,,,,,,,,,,,,6,,,,,,,,,,,,,,,,,,,,,,,,,,,,,,,,,,,,,,,,,,,,,,,,,,,,,,,,,,1,,,,,,,,,,,,1,1,,,,,,,,,,,,,,,,,,,,,,,,,,,,,,,,1,,,,,,,,,,,,,,,,,,,,,1,1,,,,,,,,,,,,,,,,,,,,,,,,,,,,,,,,,,,,,,,,,,,,,,,,,,
1ZoneUncontrolled_Win_ResilienceReports.idf,,,,,,,,,,,,,,,,,3,,,,,,,,,1,,,1,,,,,,,,2,,,,,,,,,2,,,,,,,,,,,,,,,,,,,,,,,,,,,,,,,,,,,,,,,1,,,,,,,,,,,,,,,,,,,,,,,,,,,2,,,,,,2,,,,,,,,,,,,,,,,,,,,,,,,,,,,,,,,,,,,,,,,,,,,,,,,,,,,,,,,,,,,,,,,,,,,,,,,,,,,,,,,,,,,,,,,,,,,,,,,,,,,,,,,,,,,,,,,,,,,,,,,,,,,,,,,,,,,,,,,,,,,,,,,,,,,12,,,,,,,,,,,,,,,,,,,,1,,,,,,,,,,,,,,,,,,,4,,,,,,,,,,,1,,,,,,,,,,,,,,,,,7,,,,,,,,,,,,,,,,,,,,,,,,,,,,,,,,,,,,,,,,,,,,,,,,,,,,,,,,,,,,,,,1,,,,,,,,,,,,,,,,,,,,,,,,,,,,1,,,,,,,,,,,,,,,,,,,,,1,,,,,,,,,,,,,,,,,,,,,,,,,,,,,,,,,,,,1,,,,,,,,,,,,1,,,,1,,,,,,,,,,,,,,,,,,,,,,,,,,,,,,,,,1,,,1,,,,,,,,,,,,,,,,,,,1,,,,,,,,1,,,,,,,,,,,,,,,,,,,,,,,,,,,,,,,,,,,,,,,,,,,,2,,,,,,,,,,,,1,,,,,,,,,,,,,,,,,,,,,1,,,,,,,,,,,,,,,,,,,,,,,6,,,,,,,,,,,,,,,,,,,,,,,,,,,,,,,,,,,,,,,,,,,,,,,,,,,,,,,,,,1,,,,,,,,,,,,1,1,,,,,,,,,,,,,,,,,,,,,,,,,,,,,,,,1,,,,,,,,,,,,,,,,,,,,,1,1,,,,,,,,,,,,,,,,,,,,,,,,,,,,,,,,,,,,,,,,,,,,,,,,,,
1ZoneUncontrolled_Win_ResilienceReports_ReportingPeriod.idf,,,,,,,,,,,,,,,,,3,,,,,,,,,1,,,1,,,,,,,,2,,,,,,,,,2,,,,,,,,,,,,,,,,,,,,,,,,,,,,,,,,,,,,,,,1,,,,,,,,,,,,,,,,,,,,,,,,,,,2,,,,,,2,,,,,,,,,,,,,,,,,,,,,,,,,,,,,,,,,,,,,,,,,,,,,,,,,,,,,,,,,,,,,,,,,,,,,,,,,,,,,,,,,,,,,,,,,,,,,,,,,,,,,,,,,,,,,,,,,,,,,,,,,,,,,,,,,,,,,,,,,,,,,,,,,,,,12,,,,,,,,,,,,,,,,,,,,1,,,,,,,,,,,,,,,,,,,4,,,,,,,,,,,1,,,,,,,,,,,,,,,,,7,,,,,,,,,,,,,,,,,,,,,,,,,,,,,,,,,,,,,,,,,,,,,,,,,,,,,,,,,,,,,,,1,,,,,,,,,,,,,,,,,,,,,,,,,,,,1,,,,,,,,,,,,,,,,,,,,,1,,,,,,,,,,,,,,,,,,,,,,,,,,,,,,,,,,,6,1,,,,,,,,,,,,2,,,,1,,,,,,,,,,,,,,,,,,,,,,,,,,,,,,,,,1,,,1,,,,,,,,,,,,,,,,,,,1,,,,,,,,1,,,,,,,,,,,,,,,,,,,,,,,,,,,,,,,,,,,,,,,,,,,,2,,,,,,,,,,,,1,,,,,,,,,,,,,,,,,,,,,1,,,,,,,,,,,,,,,,,,,,,,,6,,,,,,,,,,,,,,,,,,,,,,,,,,,,,,,,,,,,,,,,,,,,,,,,,,,,,,,,,,1,,,,,,,,,,,,1,1,,,,,,,,,,,,,,,,,,,,,,,,,,,,,,,,1,,,,,,,,,,,,,,,,,,,,,1,1,,,,,,,,,,,,,,,,,,,,,,,,,,,,,,,,,,,,,,,,,,,,,,,,,,
1ZoneUncontrolled_Win_ResilienceReports_ReportingPeriod_AllTable.idf,,,,,,,,,,,,,,,,,3,,,,,,,,,1,,,1,,,,,,,,2,,,,,,,,,2,,,,,,,,,,,,,,,,,,,,,,,,,,,,,,,,,,,,,,,1,,,,,,,,,,,,,,,,,,,,,,,,,,,2,,,,,,2,,,,,,,,,,,,,,,,,,,,,,,,,,,,,,,,,,,,,,,,,,,,,,,,,,,,,,,,,,,,,,,,,,,,,,,,,,,,,,,,,,,,,,,,,,,,,,,,,,,,,,,,,,,,,,,,,,,,,,,,,,,,,,,,,,,,,,,,,,,,,,,,,,,,12,,,,,,,,,,,,,,,,,,,,1,,,,,,,,,,,,,,,,,,,4,,,,,,,,,,,1,,,,,,,,,,,,,,,,,7,,,,,,,,,,,,,,,,,,,,,,,,,,,,,,,,,,,,,,,,,,,,,,,,,,,,,,,,,,,,,,,1,,,,,,,,,,,,,,,,,,,,,,,,,,,,1,,,,,,,,,,,,,,,,,,,,,1,,,,,,,,,,,,,,,,,,,,,,,,,,,,,,,,,,,1,1,,,,,,,,,,,,2,,,,1,,,,,,,,,,,,,,,,,,,,,,,,,,,,,,,,,1,,,1,,,,,,,,,,,,,,,,,,,1,,,,,,,,1,,,,,,,,,,,,,,,,,,,,,,,,,,,,,,,,,,,,,,,,,,,,2,,,,,,,,,,,,1,,,,,,,,,,,,,,,,,,,,,1,,,,,,,,,,,,,,,,,,,,,,,6,,,,,,,,,,,,,,,,,,,,,,,,,,,,,,,,,,,,,,,,,,,,,,,,,,,,,,,,,,1,,,,,,,,,,,,1,1,,,,,,,,,,,,,,,,,,,,,,,,,,,,,,,,1,,,,,,,,,,,,,,,,,,,,,1,1,,,,,,,,,,,,,,,,,,,,,,,,,,,,,,,,,,,,,,,,,,,,,,,,,,
1ZoneWith14ControlledHeat-CoolPanels.idf,,,,,,,,,,,,,,,,,3,,,,,,,,,1,,,1,,,,,,,,2,,,,,,,,,1,,,,,,,,,,,,,,,,,,,,,,,,,,,,,,,,,,,,,,,1,,,,,,,,,,,,,,,,,,,1,,,,,,,,,,,,,,2,,,,,,,,,,,,,,,,,,,,,,,,,,,,,,,,,,3,,,,,,,,,,,,,,,,,,,,,,,,,,,,,,,,,,,,,,,,,,,,,,1,,,,,,,,,,,,,,,,,,,,,,,,,,,,,,,,,,,,,,,,,,,,,,,,,,,,,,,,,,,,,,,,,,,,7,,,,,,,,,,,,,,,,,,,,3,,,,,,,,,,,,,,,,,,,5,,,,,,,,,,,1,,,,,,,,,,,,,,,,,,,,,,,,,,,,,,,,,,,,,,,,,,,,,,,,,,,,,,,,,,,,,,,,,,,,,,,,,,,,,,,,,,,,,,,,,,,,,,,,,,,,,,,,,,,,,,,,,,,,1,,,,,,,,,,,,,1,,,,,,,,,,,,,,,,,,,1,,,,,,,,,,,,,,,,,,,,1,,,,,,,,,,,,,1,,,,,,,,,,,,,,,,,1,,,,,,,,,,,,,,,,1,,,1,,,,,,,,,,,,,,,,,,,14,,,,,,,,1,,,,,,,,,,,,,,,,,,,,,,,,,,,,,,,,,,,,,,,,,,,,,,,,,,,,,,,,,,,,,,,,,,,,,,,,,,,,,1,,,,,,,,,,,,,,,,,,,,,,,6,,,,,,,,,,,,,,,,,,,,,,,,,,,,,,,,,,,,,,,,,,,,,,,,,,,,,,,,,,1,,,,,,,,,,,,,1,,,,,,,,,,,,,,,,,,,,,,,,,,,,,,,,1,,,,,,,,,,,,,,,,,,,,,1,6,,,,,,,,,,,,,,,,,,,,,,,,,,,,,,,,,,,,,,,,,,,,,,,,,,
2ZoneDataCenterHVAC_wEconomizer.idf,,,,,,,2,,,,,,,,,,7,,,,,,,,,4,,,,,1,,,,,,1,,,,,,,,,4,,,,,,,,,,3,,,,,,19,2,,,,,,,,,,,,,,,2,5,,,,,,1,,,,,2,,,,,,,,,,,,2,4,,,,,,,,,,,,2,,,2,,,,,,1,,,,,,,,,,,,,,,,2,,,,,,,,,,,,,,,,,,,,,,,,,,,2,,,,,,,,,,,,,,,,,,,,,,,,,,,,,,,,,,,,,,,,,,,,1,,,,,,2,,,,,,,,,,,,,,,,,,,,2,,,2,2,,,,,,,,,,,,,,,,,,,,,1,,,2,81,,4,,,,,,,,,,,,,,,,,,1,5,,,,,,,,,,,,,,,,,,5,,,,,,,,,,,1,,,,,,,,,,,,,,,,,22,,,,,,,,,,,,1,,,,,1,,,,,,,,10,,,,,,,,,,,,,,,,,,,,,,,8,,,,,,4,,,,,,,,,,,,,,,,,,,,,,,,,,,,,,,,4,,,,,,,,2,,,,,1,,,,,,,,,,,,,1,2,2,,,2,,,,,,,2,,,,1,,1,1,,,,,,,,,,,,2,,,,,2,,,,4,,,,,,,,2,,,,1,,,,,,,2,,,,,2,,,,,,,,,,,,,,,,,,,,,1,,,1,,,,,,,,,2,,,2,,,,,,2,,,,,2,,,,1,,,,,,,,,,,,,,,,,,,,,2,,,,,,,,,,,,,,,,,,,,2,,,,,,,,,,,,,6,,,,,2,,,,1,,,,,4,,,,,,,,,1,,,,,,,,,,,1,,,,,,,,,,,,24,,,,,,,,,2,,,,,,,,,,,,,,,,2,4,,,,,1,,,,,,,,,,,,,2,,,,,,,,,,,,,,1,,2,,,,,,,,,,,1,,,,,2,1,,,,,,,,,,,,,,,,,,,,,,,,,,1,1,,,2,,,,,,,,4,,,,1,,,,,1,8,,,2,,,,,,,,,,,,,,,,,,,,,1,,,,,,,,,,,,,2,,,,,,1,,,,2,,,
2ZoneDataCenterHVAC_wEconomizer_ClassA1A2.idf,,,,,,,2,,,,,,,,,,7,,,,,,,,,4,,,,,1,,,,,,1,,,,,,,,,4,,,,,,,,,,3,,,,,,19,2,,,,,,,,,,,,,,,2,5,,,,,,1,,,,,2,,,,,,,,,,,,2,4,,,,,,,,,,,,2,,,2,,,,,,1,,,,,,,,,,,,,,,,2,,,,,,,,,,,,,,,,,,,,,,,,,,,2,,,,,,,,,,,,,,,,,,,,,,,,,,,,,,,,,,,,,,,,,,,,1,,,,,,2,,,,,,,,,,,,,,,,,,,,2,,,2,2,,,,,,,,,,,,,,,,,,,,,1,,,2,81,,4,,,,,,,,,,,,,,,,,,1,5,,,,,,,,,,,,,,,,,,5,,,,,,,,,,,1,,,,,,,,,,,,,,,,,22,,,,,,,,,,,,1,,,,,1,,,,,,,,10,,,,,,,,,,,,,,,,,,,,,,,8,,,,,,4,,,,,,,,,,,,,,,,,,,,,,,,,,,,,,,,4,,,,,,,,2,,,,,1,,,,,,,,,,,,,1,2,2,,,2,,,,,,,2,,,,1,,1,1,,,,,,,,,,,,2,,,,,2,,,,4,,,,,,,,2,,,,1,,,,,,,2,,,,,2,,,,,,,,,,,,,,,,,,,,,1,,,1,,,,,,,,,2,,,2,,,,,,2,,,,,2,,,,1,,,,,,,,,,,,,,,,,,,,,2,,,,,,,,,,,,,,,,,,,,2,,,,,,,,,,,,,6,,,,,2,,,,1,,,,,4,,,,,,,,,1,,,,,,,,,,,1,,,,,,,,,,,,24,,,,,,,,,2,,,,,,,,,,,,,,,,2,4,,,,,1,,,,,,,,,,,,,2,,,,,,,,,,,,,,1,,2,,,,,,,,,,,1,,,,,2,1,,,,,,,,,,,,,,,,,,,,,,,,,,1,1,,,2,,,,,,,,4,,,,1,,,,,1,8,,,2,,,,,,,,,,,,,,,,,,,,,1,,,,,,,,,,,,,2,,,,,,1,,,,2,,,
4ZoneWithShading_Simple_1.idf,,,,,,,,,,,,,,,,,4,,,,,,,,,4,,,,,,,,,,,,,,,,,,,,1,,,,,,,,,,,,,,,,,,,,,,,,,,,,,,,,,,,,,,,1,,,,,,,,,,,,,,,,,4,,,,,,2,,,,1,,,,,,2,,,,,,,,,,,,,3,,,,,,,,,,,,,,,,,,,,,,,,,,,,,,,,1,,,,,,,,,,,,,,,,,,,,,,,,,,,,,,,,,,,6,,,,,,,,,,,,,,2,,,,,,,,,,,,,,,,,,,,,,,,,,,,,,12,,,,,,,,,2,,,,,,,,,4,,,,,,7,,,,,,,,,,,,,,,,,,,1,,,,,,,,,,,,,,,,,,,,8,,,,,,,,,,,1,,,,,,,,,,,,,,,,,,,,,,,,,,,,,,,,,,,,,,3,,,,,,,,4,,,,,,,,,,,,,,,,,,,4,,,,,,,,,,,,,,,,,,,,,,,,,,,,,,,,,,,,,,,,,,,,,,,,,,,1,,,,,,,,,,,,,1,,,,,,,,,,,,,,,,,,,,,,,,,,,,,,,,,,,,,,,1,,,,,,,,,,,,,1,,,,,,,,,,,2,,,,,2,,,,,,,,,,,,,,,,,1,2,,1,,,,,,,,,,,,,,,,,,,,,,,,,,,1,,,,,,,,,,,,,,,,,,,,,,,,,,,,,,,,,,,,,,,,,,,,,,,,,,,,,,,,,,,,,,,,,,,,,,,,,,,,,,,,,,,,,,,,,,,,,,,,,,,,,,,,,,,,,,,,,,,,,,,,,,,2,,,,,2,,,4,,,,,,,,,,,,,4,,,,,,,,,,,,,,1,,4,,,,,,,,,,,1,,,,,,,,,,,,,,,,,,,,,,,,,,,,,,,,,,2,,,,,,,,,,,,,,,,,,,1,13,,,,,,,,,,,,,,,,2,,,,,,,,,,,,,,,,,,,,,,,,,,,1,,,,,,,
4ZoneWithShading_Simple_2.idf,,,,,,,,,,,,,,,,,4,,,,,,,,,4,,,,,,,,,,,,,,,,,,,,1,,,,,,,,,,,,,,,,,,,,,,,,,,,,,,,,,,,,,,,1,,,,,,,,,,,,,,,,,4,,,,,,2,,,,1,,,,,,2,,,,,,,,,,,,,3,,,,,,,,,,,,,,,,,,,,,,,,,,,,,,,,1,,,,,,,,,,,,,,,,,,,,,,,,,,,,,,,,,,,5,,,,,,,,,,,,,,,,,,,,,,,,,,,,,,,,,,,,,,,,,,,,8,,,,,,,,,,,,,,,,,,2,,,,,,7,,,,,,,,,,,,,,,,,,,1,,,,,,,,,,,,,,,,,,,,8,,,,,,,,,,,1,,,,,,,,,,,,,,,,,,,,,,,,,,,,,,,,,,,,,,2,,,,,,,,4,,,,,,,,,,,,1,,,,,,,4,,,,,,,,,,,,,,,,,,,,,,,,,,,,,,,,,2,,,4,,,,,,,,,,,,,,,1,,,,,,,,,,,,,1,,,,,,,,,,,,,,,,,,,,,,,,,,,,,,,,,,2,,,,,1,,,,,,,,,,,,,1,,,,,,,,,,,2,,,,,2,,,,,,,,,,,,,,,,,1,2,,1,,,,,,,,,,,,,,,,,,,,,,,,,,,1,,,,,,,,,,,,,,,,,,,,,,,,,,,,,,,,,,,,,,,,,,,,,,,,,,,,,,,,,,,,,,,,,,,,,,,,1,,,,,,,,,,,,,,,,,,,,,,,,,,,,,,,,,,,,,,,1,,,,,,,,,,,,1,,,,,1,,,4,,,,,,,,,,,,,4,,,,,,,,,,,,,,1,,4,,,,,,,,,,,1,1,,,,,,,,,,,,,,,,,,,,,,,,,,,,,,,,,,,,,,,,,,,,,,,,,,,,1,13,,,,,,,,1,,,,,,,,2,,,,,,,,,,,,,,,,,,,,,,,,,,,1,,,,,,,
5ZoneAirCooled.idf,,,,,,,2,,,,,,5,,,,6,,,,,,,,,6,,,,,,,,,,,2,,,,,,,,,1,,,,,,,,,,,,,,,,24,,,,,,,,,,,,,,5,,2,1,,1,,,,1,,,,,1,,,,,,,,,,,,5,,,,,,2,,,,2,,,,,,2,,,,,,1,,,,,,,,,,,,,,,,5,,,,,,1,,,,,,20,,,,,,,,,,,,,,,,,,,,,,,,,,,,,,,1,,,,,,,,,,,,,,,,,,,,,,,,,,,,,,,,,,1,1,,,,,,,,,,,2,,,,,,,,,,,1,1,,,,,,,,,,,,,2,,,,,,,,,,,2,41,,1,,,,,,,,,,,,,,,,,,,,,,,,,,,,,,,,,,,,,7,,,,,,,,,,,1,,,,,,,,,,,,,,,,,22,,,,,,,,,,,,,,,,,,,,,,,,,10,,,,,,,,,,,,,,,,,,,,,,,2,,,,,,4,,,,,,,,,,,,,,,,,,,,,,,,,,,,,,,,2,,,,,,,,5,,,,,1,,,,,,,,,,,,,1,1,,,,,,,,,,,5,,,,,,,,,,,,,,,,,,,,,,,,5,,,3,,,,,,,,,5,,,,1,,,,,,,1,,,,,2,,,,,,,,,,,,,,,,,,,,,1,,,1,,,,,,,,,2,,,2,,,,,,5,6,,,,1,,,,1,,,,,,,,,,,,,,,,,,2,,,1,,,1,,,,,,,,,,,,,,,,,1,,,,,,,,,,,,,5,,1,,,4,,,,,,,,,4,,,2,,,,,,1,,,,,,,,,,,,,,,,,,,,,,,40,,,,,,,,,1,,,,,,7,1,,,,,,,,,,4,,,,,1,,,,,,,,,,,,,5,,,,,,,,,,,,,,1,,5,,,,,,,,,,,1,,,,,2,7,,,,,,,,,,,,,,,,,,,,,,,,,,1,,,,,,,,,,,,,,,,,,,,,1,10,,,1,,,,,,,,,,,,,,,,,,,,,1,,,,,,,,,,,,,1,,,,,,1,,,,1,,,
5ZoneAirCooledConvCoef.idf,,,,,,,2,,,,,,,,,,6,,,,,,,,,6,,,,,,,,,,,4,,,,,,,,,2,,,,,,,,,,,,,,,,22,,,,,,,,,,,,,,5,,1,1,,1,,,,1,,,,4,1,,,,,,,,,,,,5,,,,,,2,,,,4,,,,,,2,,,,,,1,,,,,,,,,,,,,,,,5,,,,,,1,,,,,,14,,,,,,,,,,,,,,,,,,,,,,,,,,,,,,,,,,,,,,,,,,,,,,,,,,,,,,,,,,,,,,,,,1,,,,,,,,,,,,2,,,,,,,,,,,1,1,,,,,,,,,,,,,2,,,,,,,,,,,2,46,,1,,,,,,,,,,,,,,,,,,,,,,,,,,,,,,,,,,,,,7,,,,,,,,,,,1,,,,,,,,,,,,,,,,2,20,,,,,,,,,,,,,,,,,,,,,,,,,10,,,,,,,,,,,,,,,,,,,,,,,5,,,,,,4,,,,,,,,,,,,,,,,,1,,,,,,,,,,,,,,,2,,,,,,,,5,,,,,,,,,,,,,,,,,,1,2,,,,,,,,,,,5,,,,,,,,,,,,,,,,,,,4,,,,,5,,,1,,,,,,,,,5,,,,1,,,,,,,1,,,,,2,,,,,,,,,,,,,,,,,,,,,1,,,1,,,,,,,,,1,,,2,,,,,,5,6,,,,1,,1,,1,,,,,,,,,,,,,,,,,,,,,1,,,1,,,,,,,,,,,,,,,,,1,,,,,,,,,,,,,5,,3,,,2,,,,,,,,,4,,,2,,,,,,1,,,,,,,,,,,,,,,,,,,,,,,40,,,,,,,,,1,,,,,,6,1,,,,,,,,,,4,,,,,1,,,,,,,,,,,,,5,,,,,,,,,,,,,,1,,5,,,,,,,,,,,1,,,,,2,5,,,,,2,,,,,,,1,,,,,,,,,,,,,,1,,,,,,,,,,,,,,,,,,,,,1,10,,,1,,,,,,,,,,,,,,,,,,,,,1,,,,,,,,,,,,,1,,,,,,1,,,,1,,,
5ZoneAirCooledConvCoef_VSFan.idf,,,,,,,2,,,,,,,,,,6,,,,,,,,,6,,,,,,,,,,,4,,,,,,,,,1,,,,,,,,,,,,,,,,22,,,,,,,,,,,,,,5,,1,1,,1,,,,1,,,,,1,,,,,,,,,,,,5,,,,,,2,,,,4,,,,,,2,,,,,,1,,,,,,,,,,,,,,,,5,,,,,,1,,,,,,,,,,,,,,,,,,,,,,,,,,,,,,,,,,,,,,,,,,,,,,,,,,,,,,,,,,,,,,,,,,,,,,,1,,,,,,,,,,,,2,,,,,,,,,,,1,1,,,,,,,,,,,,,2,,,,,,,,,,,2,67,,1,,,,,,,,,,,,,,,,,,1,,,,,,,,,,,,,,,,,,,7,,,,,,,,,,,1,,,,,,,,,,,,,,,,2,20,,,,,,,,,,,,,,,,,,,,,,,,,10,,,,,,,,,,,,,,,,,,,,,,,5,,,,,,4,,,,,,,,,,,,,,,,,1,,,,,,,,,,,,,,,2,,,,,,,,5,,,,,,,,,,,,,,,,,,1,2,,,,,,,,,,,5,,,,,,,,,,,,,,,,,,,4,,,,,5,,,1,,,,,,,,,5,,,,1,,,1,,,,1,,,,,2,,,,,,,,,,,,,,,,,,,,,1,,1,1,,,,,,,,,1,,,2,,,4,,,5,6,,,,1,,1,,1,,,,,,,,,,,,,,,,,,,,,1,,,1,,,,,,,,,,,,,,,,,1,,,1,,,,,,,,,,5,,3,,,2,,,,,,,,,4,,,2,,,,,,1,,,,,,,,,,,,,,,,,,,,,,,40,,,,,,,,,1,,,,,,6,1,,,,,,,,,,4,,,,,1,,,,,,,,,,,,,5,,,,,,,,,,,,,,1,,5,,,,,,,,,,,1,,,,,2,5,,,,,2,,,,,,,1,,,,,,,,,,,,,,1,1,,,,,,,,,,,,,,,,,,,,1,10,,,1,,,,,,,,,,,,,,,,,,,,,1,,,,,,,,,,,,,1,,,,,,1,,,,1,,,
5ZoneAirCooledDemandLimiting.idf,,,,,,,2,,,,,,5,,1,,6,,,,,,,,,6,,,1,,,,,,,,4,,,,,,,,,2,,,,,,,,,,,,,,,,22,,,,,,,,,,,,,,5,,1,1,,1,,,,1,,,,,1,,,,,,2,,,,,,5,,,,,,2,,,,4,,,,,,2,,1,,,,1,,,,,,,,,,,,,,,,5,,,,,,1,,,,,,14,,,,,,,,,,,,,,,,,,,,,,,,,,,,,,,,,,,,,,,,,,,,,,,,,,,,,,,,,,,,,,,,,1,,,,,,,,,,,,2,,,,,,,,,,,1,1,,,,,,,,,,,,,2,,,,,,,,,,,2,35,,1,,,,,,,,,,,,,,,,,,,,,,,,,,,,,,,,,,,,,7,,,,,,,,,,,1,,,,,,,,,,,,,,,,,22,,,,,,,,,,,,,,,,,,,,,,,,,10,,,,,,,,,,,,,,,,,,,,,,,2,,,,,,4,,,,,,,,,,,,,,,,,,,,,,,,,,,,,,,,2,,,,,,,,1,,,,,1,,,,,,,,,,,,,1,1,,,,,,,,,,,5,,,,,,,1,,,,,,,,,,,,,,,,,1,,,,,,,,,,,,1,,,,2,,,,,,,1,,,,,2,,,,,,,1,,,,,,,,,,,,,,1,3,,1,,,,,,,,,1,,,2,,,,,,5,6,,,1,1,,,,1,,,,,,,,,,,,,,,,,,,,,1,,,1,,,,,1,,,,,,,,,,,,1,,,,,,,,,,,,,5,,3,,,2,,,,,,,,,4,,,2,,,,,,1,,,,,,,,,,,,,,,,,,,,,,,40,,,,,,,,,1,,,,,,6,1,3,,,,,,,,,4,,,,,1,,,,,,,,,,,,,5,,,,,,,,,,,,,,1,,1,,,,,,,,,,,1,,2,,,2,5,,,,,,,,,,,,,,,,,,,,,,,,,,1,,,,,,,,,,,,,,,,,,,,,1,10,,,1,,,,,,,,,,,,,,,,,,,,,1,,,,,,,,,,,,,1,,,,,,1,,,,1,,,
5ZoneAirCooledDemandLimiting_FixedRateVentilation.idf,,,,,,,2,,,,,,5,,1,,6,,,,,,,,,6,,,1,,,,,,,,4,,,,,,,,,2,,,,,,,,,,,,,,,,22,,,,,,,,,,,,,,5,,1,1,,1,,,,1,,,,,1,,,,,,2,,,,,,5,,,,,,2,,,,4,,,,,,2,,1,,,,1,,,,,,,,,,,,,,,,5,,,,,,1,,,,,,,,,,,,,,,,,,,,,,,,,,,,,,,,,,,,,,,,,,,,,,,,,,,,,,,,,,,,,,,,,,,,,,,1,,,,,,,,,,,,2,,,,,,,,,,,1,1,,,,,,,,,,,,,2,,,,,,,,,,,2,10,,1,,,,,,,,,,,,,,,,,,,,,,,,,,,,,,,,,,,,,7,,,,,,,,,,,1,,,,,,,,,,,,,,,,,22,,,,,,,,,,,,,,,,,,,,,,,,,10,,,,,,,,,,,,,,,,,,,,,,,2,,,,,,4,,,,,,,,,,,,,,,,,,,,,,,,,,,,,,,,2,,,,,,,,1,,,,,1,,,,,,,,,,,,,1,1,,,,,,,,,,,5,,,,,,,1,,,,,,,,,,,,,,,,,1,,,,,,,,,,,,1,,,,1,,,,,1,,1,,,,,2,,,,,,,1,,,,,,,,,,,,,,1,,,1,,,,,,,,,1,,,2,,,,,,5,6,,,1,1,,,,1,,,,,,,,,,,,,,,,,,,,,1,,,1,,,,,1,,,,,,,,,,,,1,,,,,,,,,,,,,5,,3,,,2,,,,,,,,,4,,,2,,,,,,1,,,,,,,,,,,,,,,,,,,,,,,40,,,,,,,,,1,,,,,,6,1,3,,,,,,,,,4,,,,,1,,,,,,,,,,,,,5,,,,,,,,,,,,,,1,,1,,,,,,,,,,,1,,2,,,2,5,,,,,,,,,,,,,,,,,,,,,,,,,,1,,,,,,,,,,,,,,,,,,,,,1,10,,,1,,,,,,,,,,,,,,,,,,,,,1,,,,,,,,,,,,,1,,,,,,1,,,,1,,,
5ZoneAirCooledDemandLimiting_ReductionRatioVentilation.idf,,,,,,,2,,,,,,5,,,,6,,,,,,,,,6,,,1,,,,,,,,4,,,,,,,,,2,,,,,,,,,,,,,,,,22,,,,,,,,,,,,,,5,,1,1,,1,,,,1,,,,,1,,,,,,2,,,,,,5,,,,,,2,,,,4,,,,,,2,,1,,,,1,,,,,,,,,,,,,,,,5,,,,,,1,,,,,,,,,,,,,,,,,,,,,,,,,,,,,,,,,,,,,,,,,,,,,,,,,,,,,,,,,,,,,,,,,,,,,,,1,,,,,,,,,,,,2,,,,,,,,,,,1,1,,,,,,,,,,,,,2,,,,,,,,,,,2,10,,1,,,,,,,,,,,,,,,,,,,,,,,,,,,,,,,,,,,,,7,,,,,,,,,,,1,,,,,,,,,,,,,,,,,22,,,,,,,,,,,,,,,,,,,,,,,,,10,,,,,,,,,,,,,,,,,,,,,,,2,,,,,,4,,,,,,,,,,,,,,,,,,,,,,,,,,,,,,,,2,,,,,,,,1,,,,,1,,,,,,,,,,,,,1,1,,,,,,,,,,,5,,,,,,,1,,,,,,,,,,,,,,,,,1,,,,,,,,,,,,1,,,,1,,,,,1,,1,,,,,2,,,,,,,,,,,,,,,,,,,,,1,,,1,,,,,,,,,1,,,2,,,,,,5,6,,,1,1,,,,1,,,,,,,,,,,,,,,,,,,,,1,,,1,,,,,1,,,,,,,,,,,,1,,,,,,,,,,,,,5,,3,,,2,,,,,,,,,4,,,2,,,,,,1,,,,,,,,,,,,,,,,,,,,,,,40,,,,,,,,,1,,,,,,6,1,,,,,,,,,,4,,,,,1,,,,,,,,,,,,,5,,,,,,,,,,,,,,1,,1,,,,,,,,,,,1,,2,,,2,5,,,,,,,,,,,,,,,,,,,,,,,,,,1,,,,,,,,,,,,,,,,,,,,,1,10,,,1,,,,,,,,,,,,,,,,,,,,,1,,,,,,,,,,,,,1,,,,,,1,,,,1,,,
5ZoneAirCooledKeepSiteLocation.idf,,,,,,,2,,,,,,5,,,,6,,,,,,,,,6,,,,,,,,,,,2,,,,,,,,,1,,,,,,,,,,,,,,,,24,,,,,,,,,,,,,,5,,2,1,,1,,,,1,,,,,1,,,,,,,,,,,,5,,,,,,2,,,,2,,,,,,2,,,,,,1,,,,,,,,,,,,,,,,5,,,,,,1,,,,,,20,,,,,,,,,,,,,,,,,,,,,,,,,,,,,,,1,,,,,,,,,,,,,,,,,,,,,,,,,,,,,,,,,,1,1,,,,,,,,,,,2,,,,,,,,,,,1,1,,,,,,,,,,,,,2,,,,,,,,,,,2,41,,1,,,,,,,,,,,,,,,,,,,,,,,,,,,,,,,,,,,,,7,,,,,,,,,,,1,,,,,,,,,,,,,,,,,22,,,,,,,,,,,,,,,,,,,,,,,,,10,,,,,,,,,,,,,,,,,,,,,,,2,,,,,,4,,,,,,,,,,,,,,,,,,,,,,,,,,,,,,,,2,,,,,,,,5,,,,,1,,,,,,,,,,,,,1,1,,,,,,,,,,,5,,,,,,,,,,,,,,,,,,,,,,,,5,,,3,,,,,,,,,5,,,,1,,,,,,,1,,,,,2,,,,,,,,,,,,,,,,,,,,,1,,,1,,,,,,,,,2,,,2,,,,,,5,6,,,,1,,,,1,,,,,,,,,,,,,,,,,,2,,,1,,,1,,,,,,,,,,,,,,,,,1,,,,,,,,,,,,,5,,1,,,4,,,,,,,,,4,,,2,,,,,,1,,,,,,,,,,,,,,,,,,,,,,,40,,,,,,,,,1,,,,,,7,1,,,,,,,,,,4,,,,,1,,,,,,,,,,,,,5,,,,,,,,,,,,,,1,,5,,,,,,,,,,,1,,,,,2,7,,,,,,,,,,,,,,,,,,,,,,,,,,1,,,,,,,,,,,,,,,,,,,,,1,10,,,1,,,,,,,,,,,,,,,,,,,,,1,,,,,,,,,,,,,1,,,,,,1,,,,1,,,
5ZoneAirCooledWithCoupledInGradeSlab.idf,,,,,,,2,,,,,,5,,,,6,,,,,,,,,6,,,,,,,,,,,4,,,,,,,,,1,,,,,,,,,,,,,,,,24,,,,,,,,,,,,,,5,,2,1,,1,,,,1,,,,,1,,,,,,,,,,,,5,,,,,,2,,,,4,,,,,,2,,,,,,1,,,,,,,,,,,,,,,,5,,,,,,1,,,,,,,,,,,,,,,,,,,,,,,,,,,,,,,,,,,,,1,,,,,,,,,,,,,,,,,,,,,,,,,,,,,,,,,,1,1,,,,,,,,,,,2,,,,,,,,,,,1,1,,,,,,,,,,,,,2,,,,,,,,,,,2,8,,1,,,,,,,,,,,,,,,,,,,,,,,,,,,,,,,,,,,,,7,,,,,,,,,,,1,,,,,,,,,,,,,,,,,22,,,,,,,,,,,,,,,,,,,,,,,,,10,,,,,,,,,,,,,,,,,,,,,,,2,,,,,,4,,,,,,,,,,,,,,,,,,1,,,,1,,,,,,,,,,2,,,,,,,,5,,,,,1,,,,,,,,,,,,,1,1,,,,,,,,,,,5,,,,,,,,,,,,,,,,,,,,,,,,5,,,,,,1,,,,,,5,,,,1,,,,,,,1,,,,,2,,,,,,,,,,,,,,,,,,,,,1,,,1,,,,,,,,,2,,,2,,1,,,,5,6,,,,1,,,,1,,,,,,,,,,,,,,,,,,2,,,1,,,1,,,,,,,,,,,,,,,,,1,,,,,,,,,,,,,5,,3,,,4,,,,,,,,,4,,,2,,,,,,1,,,,,,,,,,,,,,,,,,,,,,,40,,,,,,,,,1,,,,,,7,1,,,,,,,,,,4,,,,,1,,,,,,,,,,,,,5,,,,,,,,,,,,,,1,,5,,,,,,,,,,,1,,,,,2,7,,,,,,,,,,,,,,,,,,,,,,,,,,1,,,,,,,,,,,,,,,,,,,,,1,12,,,1,,,,,,,,,,,,,,,,,,,,,1,,,,,,,,,,,,,1,,,,,,,,,,1,,,
5ZoneAirCooledWithCoupledInGradeSlab_HorizInsThickness.idf,,,,,,,2,,,,,,5,,,,6,,,,,,,,,6,,,,,,,,,,,4,,,,,,,,,1,,,,,,,,,,,,,,,,24,,,,,,,,,,,,,,5,,2,1,,1,,,,1,,,,,1,,,,,,,,,,,,5,,,,,,2,,,,4,,,,,,2,,,,,,1,,,,,,,,,,,,,,,,5,,,,,,1,,,,,,,,,,,,,,,,,,,,,,,,,,,,,,,,,,,,,1,,,,,,,,,,,,,,,,,,,,,,,,,,,,,,,,,,1,1,,,,,,,,,,,2,,,,,,,,,,,1,1,,,,,,,,,,,,,2,,,,,,,,,,,2,8,,1,,,,,,,,,,,,,,,,,,,,,,,,,,,,,,,,,,,,,7,,,,,,,,,,,1,,,,,,,,,,,,,,,,,22,,,,,,,,,,,,,,,,,,,,,,,,,10,,,,,,,,,,,,,,,,,,,,,,,2,,,,,,4,,,,,,,,,,,,,,,,,,1,,,,1,,,,,,,,,,2,,,,,,,,5,,,,,1,,,,,,,,,,,,,1,1,,,,,,,,,,,5,,,,,,,,,,,,,,,,,,,,,,,,5,,,,,,1,,,,,,5,,,,1,,,,,,,1,,,,,2,,,,,,,,,,,,,,,,,,,,,1,,,1,,,,,,,,,2,,,2,,1,,,,5,6,,,,1,,,,1,,,,,,,,,,,,,,,,,,2,,,1,,,1,,,,,,,,,,,,,,,,,1,,,,,,,,,,,,,5,,3,,,4,,,,,,,,,4,,,2,,,,,,1,,,,,,,,,,,,,,,,,,,,,,,40,,,,,,,,,1,,,,,,7,1,,,,,,,,,,4,,,,,1,,,,,,,,,,,,,5,,,,,,,,,,,,,,1,,5,,,,,,,,,,,1,,,,,2,7,,,,,,,,,,,,,,,,,,,,,,,,,,1,,,,,,,,,,,,,,,,,,,,,1,13,,,1,,,,,,,,,,,,,,,,,,,,,1,,,,,,,,,,,,,1,,,,,,,,,,1,,,
5ZoneAirCooledWithDOASAirLoop.idf,,,,,,,2,,,,,,5,,,,6,,,,,,,,,6,,,,,,,,,,,2,,,,,,,,,2,,,,,,,,,,,,,,,,22,1,,,,,,,,,,,,,5,1,1,4,,1,,,,1,,,,,,,,,,,,,,,,,5,,,,,,2,,,,2,,,,,,2,,,,,,1,,,,,,,,,,,,,,,,5,,,,,,1,,,,,,20,,,,,,,,,,,,,,,,,,,,,,,,,,,,,,,1,,,,,,,,,,,,,,,,,,,,,,,,,,,,,,,,,,,1,,,,,,,,,,,2,,,,,,,,5,,,2,2,,,,,,,,,,,,,2,,,,,,,,,,,2,25,,2,,,,,,,,,,,,,,,,,,,4,,,,,,,,,,,,,,,,,,7,,,,,,,,,,,1,,,,,,,,,,,,,,2,,,22,,,,,,,,,,,,,,,,,,,,1,,,,,10,,,,,,,,,,,,,,,,,,,,,,,8,,,,,,4,,,,,,,,,,,,,,,,,,,,,,,,,,,,,,,,1,,,,,,,,5,,,,,1,,,,,,,,,,,,,1,2,,,,,,,,,,,10,,,,,,,,,,,,,,,,,,,,,,,,5,,,1,,,,,,,,,5,,,,1,,,,,,,1,,,,,2,,,,,,,,,,,,,,,,,,,,,1,,,1,,,,,,,,,3,,,2,,,,,,5,6,,,,2,,,,1,,,,,,,,,,,,,,,,,,2,,,1,,,1,,,,,,,,,,,,,,,,,,,,,,,,,,,,,,6,,1,,,1,,,,,,,,,4,,,2,,,,,,1,,,,,,,,,,,,,,,,4,,,,,,,40,,,,,,,,,,,,,,,5,1,,,,,,,,,,4,,,,,1,,,,,,,,,,,,,5,,,,,,,,,,,,,,1,,5,,,,,,,,,,,1,,,,,2,8,,,,,,,,,,,,,,,,,,,,,,,,,,1,1,,,,,,,,,,,,,,,,,,,,1,10,,,1,,,,,,,,,,,,,,,,,,,,,1,,,,,,,,,,,,,2,,,,,,1,,,,2,,,
5ZoneAirCooledWithDOASAirLoop_ExhaustSystem.idf,,,,,,,2,,,,,,5,,,,6,,,,,,,,,6,,,,,,,,,,,2,,,,,,,,,1,,,,,,,,,,,,,,,,22,1,,,,,,,,,,,,,5,1,1,4,,1,,,,1,,,,,,,,,,,,,,,,,5,,,,,,2,,,,2,,,,,,2,,,,,,1,,,,,,,,,,,,,,,,5,,,,,,1,5,,,,,20,,,,,,,,,,,,,,,,,,,,,,,,,,,,,,,1,,,,,,,,,,,,,,,,,,,,,,,,,,,,,,,,,,,1,,,,,,,,,,,2,,,,,,,,5,,,2,2,,,,,,,,,,,,,2,,,,,,,,,,,2,25,,2,,,,,,,,,,,,,,,,,,,4,,,,,,,,,,,,,,,,,,7,,,,,,,,,,,1,,,,,,,,,,,,,,2,,,22,,,,,,,,,,,,,,,,,,,,1,,,,,10,,,,,,,,,,,,,,,,,,,,,,,8,,,,,,4,,,,,,,,,,,,,,,,,,,,,,,,,,,,,,,,1,,,,,,,,5,,,,,1,,,,,,,,,,,,,1,2,,,,,,,,,,,10,,,,,,,,,,,,,,,,,,,2,,,,,5,,,1,,,,,,,,,5,,,,1,,,,,,,1,,,,,2,,,,,,,,,,,,,,,,,,,,,1,,,1,,,,,,,,,3,,,2,,,2,,,5,6,,,,2,,,,1,,,,,,,,,,,,,,,,,,2,2,,1,,,1,,,,,,,,,,,,,,,,,,,,,,,,,,,,,,6,,1,,,1,,,,,,,,,4,,,2,,,,,,1,,,,,,,,,,,,,,,,4,,,,,,,40,,,,,,,,,,,,,,,5,1,,,,,,,,,,4,,,,,1,,,,,,,,,,,,,5,,,,,,,,,,,,,,1,,5,,,,,,,,,,,1,,,,,2,8,,,,,,,,,,,,,,,,,,,,,,,,,,1,1,,,,,,,,,,,,,,,,,,,,1,10,,,1,,,,,,,,,,,,,,,,,,,,,1,,,,,,,,,,,,,2,,,,,,1,,,,2,,,
5ZoneAirCooledWithSlab.idf,,,,,,,2,,,,,,5,,,,6,,,,,,,,,6,,,,,,,,,,,4,,,,,,,,,1,,,,,,,,,,,,,,,,24,,,,,,,,,,,,,,5,,2,1,,1,,,,1,,,,,1,,,,,1,,,,,,,5,,,,,,2,,,,4,,,,,,2,,,,,,1,,,,,,,,,,,,,,,,5,,,,,,1,,,,,,20,,,1,,,,,,,,,,,1,,,,,,,,,,,,,,,,,1,,,,,,,,,,,,,,,,,,,,,,,,,,,,,,,,,,1,1,,,,,,,,,,,2,,,,,,,,,,,1,1,,,,,,,,,,,,,2,,,,,,,,,,,2,39,,1,,,,,,,,,,,,,,,,,,,,,,,,,,,,,,,,,,,,,12,,,,,,,,,,,1,,,,,,,,,,,,,,,,,22,,,,,,,,,,,,,,,,,,,,,,,,,10,,,,,,,,,,,,,,,,,,,,,,,2,,,,,,4,,,,,,,,,,,,,,,,,,,,,,,,,,,,,,,,2,,,,1,,,,5,,,,,1,,,,,,,,,,,,,1,1,,,,,,1,,,,,5,,,,,,,,,,,,,,,,,,,,,,,,5,,,,,,,,,,,,5,,,,1,,,,1,,,1,,,,,2,,,,,,,,,,,,,,,,,,,,,1,,,1,,,,,,,,,2,,,2,,,,,,5,6,,,,1,,,,1,,,,,,,,,,,,,,,,,,2,,,1,,,1,,,,,,,,,,,,,,,,,1,,,,,,,,,,,,,5,,3,,,4,,,,,,,,,4,,,2,,,1,,,1,,,,,,,,,,,,,,,,,,,,,,,40,,,,,,,,,1,,,,,,7,1,,,,,,,,,,4,,,,,1,,,,,,,,,,,,,5,,,,,,,,,,,,,,1,,5,,,,,,,,,,,1,,,,,2,7,,,,,,,,,,,,,,,,,,,,,,,,,,1,,,,,,,,,,,,,,,,,,,,,1,10,,,1,,,,,,,,,,,,,,,,,,,,,1,,,,,,,,,,,,,1,,,,,,1,,,,1,,,
5ZoneAirCooledWithSpaceHeatBalance.idf,,,,,,,2,,,,,,5,,,,6,,,,,,,,,6,,,,,,,,,,,2,,,,,,,,,1,,,,,,,,,,,,,,,,24,,,,,,,,,,,,,,5,,2,1,,1,,,,1,,,,,1,,,,,,,,,,,,5,,,,,,2,,,,2,,,,,,2,,,,,,1,,,,,,,,,,,,,,,,5,,,,,,1,,,,,,20,,,,,,,,,,,,,,,,,,,,,,,,,,,,,,,1,,,,,,,,,,,,,,,,,,,,,,,,,,,,,,,,,,1,1,,,,,,,,,,,2,,,,,,,,,,,1,1,,,,,,,,,,,,,2,,,,,,,,,,,2,92,,1,,,,,,,,,,,,,,,,,,,,,,,,,,,,,,,,,,,,,7,,,,,,,,,,,1,,,,,,,,,,,,,,,,,22,,,,,,,,,,,,,,,,,,,,,,,,,10,,,,,,,,,,,,,,,,,,,,,,,2,,,,,,4,,,,,,,,,,,,,,,,,,,,,,,,,,,,,,,,2,,,,,,,,5,,,,,1,,,1,,,,,,,,,,1,1,,,,,,,,,,,5,,,,,,,,,,,,,,,,,,,,,,,,5,,,3,,,,,,,,,5,,,,1,,,,,,,1,,,,,2,,,,,,,,,,,,,,,,,,,,,1,,,1,,,,,,,,,2,,,2,,,,,,5,6,,,,1,,,,1,,,,,,,,,,,,,,,,,,2,,,1,,,1,,,,,,,,,,,,,,,,,1,,,,,,,,,,,,,5,,1,,,4,,,,,,,,,4,,,2,,,,,,1,,,,,,,,,,,,,,,,,,,,,,,40,,,,,,,,,1,,,,,,7,1,,,,,,,,,,4,,,,,1,,,,,,,,,,,,,5,,,,,,,,,,,,,,1,,5,,,,,,,,,,,1,,,,,2,7,,,,,,,,,,,,,,,,,,,,,,,,,,1,,,,,,,,,,,,,,,,,,,,,1,10,,,1,,,,,,,,,,,,,,,,,,,,,1,,,,,,,,,,,,,1,,,,,,1,,,,1,,,
5ZoneAirCooledWithSpaces.idf,,,,,,,2,,,,,,5,,,,6,,,,,,,,,6,,,,,,,,,,,2,,,,,,,,,2,,,,,,,,,,,,,,,,24,,,,,,,,,,,,,,5,,2,1,,1,,,,1,,,,,1,,,,,,1,,,,,,5,,,,,,2,,,,2,,,,,,2,,,,,,1,,,,,,,,,,,,,,,,5,,,,,,1,,,,,,20,,,,,,,,,,,,,,,,,,,,,,,,,,,,,,,1,,,,,,,,,,,,,,,,,,,,,,,,,,,,,,,,,,1,1,,,,,,,,,,,2,,,,,,,,,,,1,1,,,,,,,,,,,,,2,,,,,,,,,,,2,26,,1,,,,,,,,,,,,,,,,,,,,,,,,,,,,,,,,,,,,,7,,,,,,,,,,,1,,,,,,,,,,,,,,,,,22,,,,,,,1,,,,,,,,,,,,,,,,,,10,,,,,,,,,,,,1,,,,,,,,,,,2,,,,,,4,,,,,,,,,,,,,,,,,,,,,,,,,,,,,,,,2,,,,,,,,1,,,,,2,,,,,,,,,,,,,1,1,,,,,,,,,,,5,,,,,,,,,,,,,,,,,,,,,,,,7,,,2,,,,,,,,,6,,,,1,,,,,,,1,,,,,2,,,,,,,,,,,,,,,,,,,,,1,,,1,,,,,,,,,2,,,2,,,,,,6,6,,,,1,,,,1,,,1,,,,,,,,,,,,,,,2,,,1,,,1,,,,,,,,,,,,,,,,,1,,,,,,,,,,,,,5,,1,,,4,,,,,,,,,4,,,2,,,,,,1,,,,,,,,,,,,,,,,,,,,,,,55,,,,,,,,,1,,,,,,7,1,,,,,,,,,,4,,,,,1,,,,,,,,,,,,,5,,,,,,,,,,,,,,1,,5,,,,,,,,,,,1,,,,,2,7,,,,,,,,,,,,,,8,,,,,,,,,,,,1,,,,,,,,,,,,,,,,,,,,,1,10,,,1,,,,,,,,,,,,,,,,,,,,,1,,,,,,,,,,,,,1,,,,,,1,,,,1,,,
5ZoneAirCooledWithSpacesDaylightingIntMass.idf,,,,,,,2,,,,,,5,,,,6,,,,,,,,,6,,,,,,,,,,,2,,,,,,,,,2,,,,,,,,,,,,,,,,24,,,,,,,,,,,,,,5,,2,1,,1,,,,1,,,,,1,,,,,,1,,,,,,5,,,,,,2,,,,2,,,,,,2,,,,,,1,,,,,,,,,,,,,,,,5,,,,,,1,,,,,,20,,,,,,,,,,,,,,,,,,,,,,,,,,,,,,,1,,,,,,,,,,,,,,,,,,,,,,,,,,,,,,,,,,1,1,,,,,,,,,,,2,,,,,,,,,,,1,1,,,,,,,,,,,,,2,,,,,,,,,5,,2,26,,1,,,,,,,,,,,,,,,,,,,,,,,,,,,,,,,,,,,,,8,,,,,,,,,,,1,,,,,,,,,,,,,,,,,22,,,,,,,1,,,,,,,,,,,,,,,,,,10,,,,,,,,,,,,1,,,,,,,,,,,2,,,,,,4,,,,,,,,,,,,,,,,,,,,,,,,,,,,,,,,2,,,,,2,,,1,,,,,2,,,,,,,,,,,,,1,1,,,,,,,,,,,5,,,,,,,,,,,,,,,,,,,,,,,,7,,,2,,,,,,,,,6,,,,1,,,,,,,1,,,,,2,,,,,,,,,,,,,,,,,,,,,1,,,1,,,,,,,,,2,,,2,,,,,,6,6,,,,1,,,,1,,,1,,,,,,,,,,,,,,,2,,,1,,,1,,,,,,,,,,,,,,,,,1,,,,,,,,,,,,,5,,1,,,4,,,,,,,,,4,,,2,,,,,,1,,,,,,,,,,,,,,,,,,,,,,,55,,,,,,,,,1,,,,2,,7,1,,,,,,,,,,4,,,,,1,,,,,,,,,,,,,5,,,,,,,,,,,,,,1,,5,,,,,,,,,,2,1,,,,,2,7,,,,,,,,,,,,,,8,,,,,,,,,,,,1,,,,,,,,,,,,,,,,,,,,,1,10,,,1,,,,,,,,,,,,,,,,,,,,,1,,,,,,,,,,,,,1,,,,,,1,,,,1,,,
5ZoneAirCooledWithSpacesHVAC.idf,,,,,,,2,,,,,,5,,,,6,,,,,,,,,6,,,,,,,,,,,2,,,,,,,,,2,,,,,,,,,,2,,,,,,24,,,,,,,,,,,,,,5,,2,1,,1,,,,1,,,,,1,,,,,,1,,,,,,5,,,,,,2,,1,,2,,,,,,2,,,,,,1,,,,,,,,,,,,,,,,5,,,,,,1,,,,,,14,,,,,,,1,,,,,,,,,,,,,,,,,,,,,,,,1,,,,,,,,,,,,,,,,,,,,,,,,,,,,1,,,,,,1,,,,,,,,,,,,2,,,,,,,,,,,1,1,,,,,,,,,,,,,2,,,,,,,,1,,,2,37,,1,,,,,,,,,,,,,,,,,,,,,,,,,,,,,,,,,,,,,7,,,,,,,,,,,1,,,,,,,,,,1,,,,,,,22,,,,,,,1,,,,,1,,,,,,,,,,,,,10,,,,,,,,,,,,1,,,,,,,,,,,2,,,,,,4,,,,,,,,,,,,,,,,,,,,,,,,,,,,,,,,2,,,,,,,,1,,,,,1,,,1,,,,,,,,,,1,1,,,,,,,,,,,5,,,,2,,,,,,,,,,,,,,,,,,,,7,,,2,,,,,,,,,6,,,,1,,,,,,,1,,,,,2,,,,,,,,,,,,,,,,,,,,,1,,,1,,,,,,,,,2,,,2,,,,,,6,6,,,,1,,,,1,,,1,,,,,,,,,,1,,,,,,,,1,,,1,,,,,,,,,,,,,,,,,1,,,,,,,,,,,,,5,,1,,,4,,,,,,,,,4,,,2,,,,,,1,,,,,,,,,,,,,,,,,,,,,,,55,,,,,,,,,1,,,,,,7,1,,,,,,,,1,,4,,,,,1,,,,,,,,,,,,,5,,,,,,,,,,,,,,1,,5,,,,,,,,,,,1,,,,,2,7,,,,,,,,,,,,,,8,,,,,,,,,,,,1,,,,,,,,,,,,,,,,,,,,,1,10,,,1,,,,,,,,,,,,,,,,,,,,,1,,,,,,,,,,,,,1,,,,,,1,,,,1,3,,
5ZoneAirCooled_AirBoundaries.idf,,,,,,,2,,,,,,5,,,,6,,,,,,,,,6,,,,,,,1,,,,2,,,,,,,,,1,,,,,,,,,,,,,,,,24,,,,,,,,,,,,,,5,,2,1,,1,,,,1,,,,,1,1,,,,,,,,,,,5,,,,,,2,,,,2,,,,,,2,,,,,,1,,,,,,,,,,,,,,,,5,,,,,,1,,,,,,20,,,,,,,,,,,,,,,,,,,,,,,,,,,,,,,1,,,,,,,,,,,,,,,,,,,,,,,,,,,,,,,,,,1,1,,,,,,,,,,,2,,,,,,,,,,,1,1,,,,,,,,,,,,,2,,,,,,,,,,,2,45,,1,,,,,,,,,,,,,,,,,,,,,,,,,,,,,,,,,,,,,7,,,,,,,,,,,1,,,,,,,,,,,,,,,,,22,,,,,,,,,,,,,,,,,,,,,,,,,10,,,,,,,,,,,,,,,,,,,,,,,2,,,,,,4,,,,,,,,,,,,,,,,,,,,,,1,,,,,,,,,,2,,,,,,,,5,,,,,1,,,,,,,,,,,,,1,1,,,,,,,,,,,5,,,,,,,,,,,,,,,,,,,,,,,,5,,,3,,,,,,,,,5,,,,1,,,,,,,1,,,,,2,,,,,,,,,,,,,,,,,,,,,1,1,,1,,,,,,,,,2,,,2,,,,,,5,6,,,,1,,,,1,,,1,,,,,,,,,,,,,,,4,,,1,,,1,,,,,,,,,,,,,,,,,1,,,,,,,,,,,,,5,,1,,,4,,,,,,,,,4,,,2,,,,,,1,,,,,,,,,,,,,,,,,,,,,,,40,,,,,,,,,1,,,,,,7,1,,,,,,,,,,4,,,,,1,,,,,,,,,,,,,5,,,,,,,,,,,,,,1,,5,,,,,,,,,,,1,,,,,2,7,,,,,,,,,,,,,,,,,,,,,,,,,,1,,,,,,,,,,,,,,,,,,,,,1,10,,,1,,,,,,,,,,,,,,,,,,,,,1,,,,,,,,,,,,,1,,,,,,1,,,,1,,,
5ZoneAirCooled_AirBoundaries_Daylighting.idf,,,,,,,2,,,,,,5,,,,6,,,,,,,,,6,,,,,,,1,,,,2,,,,,,,,,2,,,,,,,,,,,,,,,,24,,,,,,,,,,,,,,5,,2,1,,1,,,,1,,,,,1,1,,,,,,,,,,,5,,,,,,2,,,,2,,,,,,2,,,,,,1,,,,,,,,,,,,,,,,5,,,,,,1,,,,,,20,,,,,,,,,,,,,,,,,,,,,,,,,,,,,,,1,,,,,,,,,,,,,,,,,,,,,,,,,,,,,,,,,,1,1,,,,,,,,,,,2,,,,,,,,,,,1,1,,,,,,,,,,,,,2,,,,,,,,,,,2,52,,1,,,,,,,,,,,,,,,,,,,,,,,,,,,,,,,,,,,,,7,,,,,,,,,,,1,,,,,,,,,,,,,,,,,22,,,,,,,,,,,,,,,,,,,,,,,,,10,,,,,,,,,,,,,,,,,,,,,,,2,,,,,,4,,,,,,,,,,,,,,,,,,,,,,1,,,,,,,,,,2,,,,,2,,,5,,,,,2,,,,,,,,,,,,,1,1,,,,,,,,,,,5,,,,,,,,,,,,,,,,,,,,,,,,5,,,3,,,,,,,,,5,,,,1,,,,,,,1,,,,,2,,,,,,,,,,,,,,,,,,,,,1,1,,1,,,,,,,,,2,,,2,,,,,,5,6,,,,1,,,,1,,,1,,,,,,,,,,,,,,,4,,,1,,,1,,,,,,,,,,,,,,,,,1,,,,,,,,,,,,,5,,1,,,4,,,,,,,,,4,,,2,,,,,,1,,,,,,,,,,,,,,,,,,,,,,,40,,,,,,,,,1,,,,,,7,1,,,,,,,,,,4,,,,,1,,,,,,,,,,,,,5,,,,,,,,,,,,,,1,,5,,,,,,,,,,2,1,,,,,2,7,,,,,,,,,,,,,,,,,,,,,,,,,,1,,,,,,,,,,,,,,,,,,,,,1,10,,,1,,,,,,,,,,,,,,,,,,,,,1,,,,,,,,,,,,,1,,,,,,1,,,,1,,,
5ZoneAirCooled_LatentSizing_OtherEquipmentLatentLoads.idf,,,,,,,2,,,,,,5,,,,6,,,,,,,,,6,,,,,,,,,,,2,,,,,,,,,2,,,,,,,,,,,,,,,,24,,,,,,,,,,,,,,5,,2,1,,1,,,,1,,,,,1,,,,,,,,,,,,5,,,,,,2,,,,2,,,,,,2,,,,,,1,,,,,,,,,,,,,,,,5,,,,,,1,,,,,,20,,,,,,,,,,,,,,,,,,,,,,,,,,,,,,,1,,,,,,,,,,,,,,,,,,,,,,,,,,,,,,,,,,1,1,,,,,,,,,,,2,,,,,,,,,,,1,1,,,,,,,,,,,,,2,,,,,,,,,,,2,59,,1,,,,,,,,,,,,,,,,,,,,,,,,,,,,,,,,,,,,,7,,,,,,,,,,,1,,,,,,,,,,,,,,,,,22,,,,,,,,,,,,,,,,,,,,,,,,,10,,,,,,,,,,,,,,,,,,,,,,,2,,,,,,4,,,,,,,,,,,,,,,,,,,,,,,,,,,,,,,,2,,,,,,,,5,,,,,1,,,,,,,,,,,,,1,1,,,,,,,,,,,5,,,,,,,,,,,,,,,,,,,,,,,,5,,,3,,,,,,,,,5,,,,1,,,,,,,1,,,,,2,,,,,,,,,,,,,,,,,,,,,1,,,1,,,,,,,,,2,,,2,,,,,,5,6,,,,1,,,,1,,,,,,,,,,,,,,,,,,2,,,1,,,1,,,,,,,,,,,,,,,,,1,,,5,,,,,,,,,,5,,1,,,4,,,,,,,,,4,,,2,,,,,,1,,,,,,,,,,,,,,,,,,,,,,,40,,,,,,,,,1,,,,,,7,1,,,,,,,,,,4,,,,,1,,,,,,,,,,,,,5,,,,,,,,,,,,,,1,,5,,,,,,,,,,,1,,,,,2,7,,,,,,,,,,,,,,,,,,,,,,,,,,1,,,,,,,,,,,,,,,,,,,,,1,10,,,1,,,,,,,,,,,,,,,,,,,,,1,,,,,,,,,,,,,1,,,,,,1,,,,1,,,
5ZoneAirCooled_RunaroundHeatRecovery.idf,,,,,,,3,,,,,,5,,,,6,,,,,,,,,6,,,,,,,,,,,2,,,,,,,,,1,,,,,,,,,,,,,,,,31,,,,,,,,,,,,,,5,,4,1,,1,,,,1,,,,,1,,,,,,,,,,,,5,,,,,,2,,,,2,,,,,,2,,,,,,1,,,,,,,,,,,,,,,,5,,,,,,1,,,,,,20,,,,,,,,,,,,,,,,,,,,,,,,,,,,,,,2,,,,,,,,,,,,,,,,,,,,,,,,,,,,,,,,,,1,1,,,,,,,,,,,2,,,,,,,,,,,1,1,,,,,,,,,,,,,2,,,,,,,,,,,3,65,,1,,,,,,,,,,,,,,,,,,,,,,,,,,,,,,,,,,,,,7,,,,,,,,,,,1,,,,,,,,,,,,,,,,,24,,,,,,,,,,,,,,,,,,,,,,,,,16,,,,,,,,,,,,,,,,,,,,,,,2,,,,,,6,,,,,,,,,,,,,,,,,,,,,,,,,,,,,,,,2,,,,,,,,5,,,,,1,,,,,,,,,,,,,1,1,,,,,,,,,,,5,,,,,,,,,,,,,,,,,,,,,,,,5,,,2,,,,,,,,,5,,,,1,,,,,,,1,,,,,3,,,,,,,,,,,,,,,,,,,,,1,,,1,,,,,,,,,3,,,3,,,,,,5,6,,,,1,,,,1,,,,,,,,,,,,,,,,,,2,,,1,,,1,,,,,,,,,,,,,,,,1,1,,,,,,,,,,,,,7,,1,,,4,,,,,,,,,6,,,2,,,,,,1,,,,,,,,,,,,,,,,,,,,,,,40,,,,,,,,,1,,,,,,7,1,,,,,,,,,,6,,,,,1,,,,,,,,,,,1,,5,,,,,,,,,,,,,,1,,5,,,,,,,,,,,1,,,,,3,10,,,,,,,,,,,,,,,,,,,,,,,,,,1,,,,,,,,,,,,,,,,,,,,,1,10,,,1,,,,,,,,,,,,,,,,,,,,,1,,,,,,,,,,,,,1,,,,,,1,,,,1,,,
5ZoneAirCooled_UniformLoading.idf,,,,,,,2,,,,,,5,,,,6,,,,,,,,,6,,,,,,,,,,,4,,,,,,,,,1,,,,,,,,,,,,,,,,23,,,,,,,,,,,,,,5,,1,1,,1,,,,1,,,,,1,,,,,,,,,,,,5,,,,,,2,,,,4,,,,,,2,,,,,,1,,,,,,,,,,,,,,,,5,,,,,,1,,,,,,20,,,,,,,,,,,,,,,,,,,,,,,,,,,,,,,,,,,,,,,,,,,,,,,,,,,,,,,,,,,,,,,,,1,1,,,,,,,,,,,2,,,,,,,,,,,1,1,,,,,,,,,,,,,2,,,,,,,,,,,2,19,,1,,,,,,,,,,,,,,,,,,,,,,,,,,,,,,,,,,,,,7,,,,,,,,,,,1,,,,,,,,,,,,,,,,,20,,,,,,,,,,,,,,,,,,,,,,,,,10,,,,,,,,,,,,,,,,,,,,,,,2,,,,,,4,,,,,,,,,,,,,,,,,,,,,,,,,,,,,,,,2,,,,,,,,5,,,,,1,,,,,,,,,,,,,1,1,,,,,,,,,,,5,,,,,,,,,,,,,,,,,,,,,,,,5,,,,,,,,,,,,5,,,,1,,,,,,,1,,,,,2,,,,,,,,,,,,,,,,,,,,,1,,,1,,,,,,,,,1,,,2,,,,,,5,6,,,,1,,,,1,,,,,,,,,,,,,,,,,,2,,,1,,,2,,,,,,,,,,,,,,,,,1,,,,,,,,,,,,,5,,3,,,2,,,,,,,,,4,,,2,,,,,,1,,,,,,,,,,,,,,,,,,,,,,,40,,,,,,,,,1,,,,,,6,1,,,,,,,,,,4,,,,,1,,,,,,,,,,,,,5,,,,,,,,,,,,,,1,,5,,,,,,,,,,,1,,,,,2,6,,,,,,,,,,,,,,,,,,,,,,,,,,1,,,,,,,,,,,,,,,,,,,,,1,10,,,1,,,,,,,,,,,,,,,,,,,,,2,,,,,,,,,,,,,1,,,,,,1,,,,1,,,
5ZoneAirCooled_VAVBoxMinAirFlowTurnDown.idf,,,,,,,2,,,,,,5,,,,6,,,,,,,,,6,,,,,,,,,,,2,,,,,,,,,12,,,,,,,,,,,,,,,,24,,,,,,,,,,,,,,5,,2,1,,1,,,,1,,,,,1,,,,,,,,,,,,5,,,,,,2,,,,2,,,,,,2,,,,,,1,,,,,,,,,,,,,,,,5,,,,,,1,,,,,,20,,,,,,,,,,,,,,,,,,,,,,,,,,,,,,,1,,,,,,,,,,,,,,,,,,,,,,,,,,,,,,,,,,1,1,,,,,,,,,,,2,,,,,,,,,,,1,1,,,,,,,,,,,,,2,,,,,,,,,,,2,46,,1,,,,,,,,,,,,,,,,,,,,,,,,,,,,,,,,,,,,,7,,,,,,,,,,,1,,,,,,,,,,,,,,,,,23,,,,,,,,,,,,,,,,,,,,,,,,,10,,,,,,,,,,,,,,,,,,,,,,,2,,,,,,4,,,,,,,,,,,,,,,,,,,,,,,,,,,,,,,,2,,,,,,,,5,,,,,1,,,,,,,,,,,,,1,1,,,,,,,,,,,5,,,,,,,,,,,,,,,,,,,,,,,,5,,,1,,,,,,,,,5,,,,1,,,,,,,1,,,,,2,,,,,,,,,,,,,,,,,,,,,1,,,1,,,,,,,,,2,,,2,,,,,,5,6,,,,1,,,,1,,,,,,,,,,,,,,,,,,2,,,1,,,1,,,,,,,,,,,,,,,,,1,,,,,,,,,,,,,5,,1,,,4,,,,,,,,,4,,,2,,,,,,1,,,,,,,,,,,,,,,,,,,,,,,40,,,,,,,,,1,,,,,,7,1,,,,,,,,,,4,,,,,1,,,,,,,,,,,,,5,,,,,,,,,,,,,,1,,5,,,,,,,,,,,1,,,,,2,7,,,,,,,,,,,,,,,,,,,,,,,,,,1,,,,,,,,,,,,,,,,,,,,,1,10,,,1,,,,,,,,,,,,,,,,,,,,,1,,,,,,,,,,,,,1,,,,,,1,,,,1,,,
5ZoneAirCooled_VRPSizing.idf,,,,,,,2,,,,,,5,,,,6,,,,,,,,,6,,,,,,,,,,,4,,,,,,,,,1,,,,,,,,,,,,,,,,24,,,,,,,,,,,,,,5,,2,1,,1,,,,1,,,,,1,,,,,,,,,,,,5,,,,,,2,,,,4,,,,,,2,,,,,,1,,,,,,,,,,,,,,,,5,,,,,,1,,,,,,20,,,,,,,,,,,,,,,,,,,,,,,,,,,,,,,1,,,,,,,,,,,,,,,,5,,,,,,,,,,,,,,,,,,1,1,,,,,,,,,,,2,,,,,,,,,,,1,1,,,,,,,,,,,,,2,,,,,,,,,,,2,39,,1,,,,,,,,,,,,,,,,,,,,,,,,,,,,,,,,,,,,,7,,,,,,,,,,,1,,,,,,,,,,,,,,,,,22,,,,,,,,,,,,,,,,,,,,,,,,,10,,,,,,,,,,,,,,,,,,,,,,,2,,,,,,4,,,,,,,,,,,,,,,,,,,,,,,,,,,,,,,,2,,,,,,,,5,,,,,1,,,,,,,,,,,,,1,1,,,,,,,,,,,5,,,,,,,,,,,,,,,,,,,,,,,,5,,,1,,,,,,,,,5,,,,1,,,,,,,1,,,,,2,,,,,,,,,,,,,,,,,,,,,1,,,1,,,,,,,,,2,,,2,,,,,,5,6,,,,1,,,,1,,,,,,,,,,,,,,,,,,2,,,1,,,1,,,,,,,,,,,,,,,,,1,,,,,,,,,,,,,5,,3,,,4,,,,,,,,,4,,,2,,,,,,1,,,,,,,,,,,,,,,,,,,,,,,40,,,,,,,,,1,,,,,,7,1,,,,,,,,,,4,,,,,1,,,,,,,,,,,,,5,,,,,,,,,,,,,,1,,5,,,,,,,,,,,1,,,,,2,7,,,,,,,,,,,,,,,,,,,,,,,,,,1,,,,,,,,,,,,,,,,,,,,,1,10,,,1,,,,,,,,,,,,,,,,,,,,,1,,,,,,,,,,,,,1,,,,,,1,,,,1,,,
5ZoneAirCooled_VRPSizing_MaxZd.idf,,,,,,,2,,,,,,5,,,,6,,,,,,,,,6,,,,,,,,,,,4,,,,,,,,,1,,,,,,,,,,,,,,,,24,,,,,,,,,,,,,,5,,2,1,,1,,,,1,,,,,1,,,,,,,,,,,,5,,,,,,2,,,,4,,,,,,2,,,,,,1,,,,,,,,,,,,,,,,5,,,,,,1,,,,,,20,,,,,,,,,,,,,,,,,,,,,,,,,,,,,,,1,,,,,,,,,,,,,,,,5,,,,,,,,,,,,,,,,,,1,1,,,,,,,,,,,2,,,,,,,,,,,1,1,,,,,,,,,,,,,2,,,,,,,,,,,2,39,,1,,,,,,,,,,,,,,,,,,,,,,,,,,,,,,,,,,,,,7,,,,,,,,,,,1,,,,,,,,,,,,,,,,,22,,,,,,,,,,,,,,,,,,,,,,,,,10,,,,,,,,,,,,,,,,,,,,,,,2,,,,,,4,,,,,,,,,,,,,,,,,,,,,,,,,,,,,,,,2,,,,,,,,5,,,,,1,,,,,,,,,,,,,1,1,,,,,,,,,,,5,,,,,,,,,,,,,,,,,,,,,,,,5,,,1,,,,,,,,,5,,,,1,,,,,,,1,,,,,2,,,,,,,,,,,,,,,,,,,,,1,,,1,,,,,,,,,2,,,2,,,,,,5,6,,,,1,,,,1,,,,,,,,,,,,,,,,,,2,,,1,,,1,,,,,,,,,,,,,,,,,1,,,,,,,,,,,,,5,,3,,,4,,,,,,,,,4,,,2,,,,,,1,,,,,,,,,,,,,,,,,,,,,,,40,,,,,,,,,1,,,,,,7,1,,,,,,,,,,4,,,,,1,,,,,,,,,,,,,5,,,,,,,,,,,,,,1,,5,,,,,,,,,,,1,,,,,2,7,,,,,,,,,,,,,,,,,,,,,,,,,,1,,,,,,,,,,,,,,,,,,,,,1,10,,,1,,,,,,,,,,,,,,,,,,,,,1,,,,,,,,,,,,,1,,,,,,1,,,,1,,,
5ZoneAirCooled_ZoneAirMassFlowBalance.idf,,,,,,,2,,,,,,5,,,,6,,,,,,,,,6,,,,,,,,,,,4,,,,,,,,,2,,,,,,,,,,,,,,,,24,,,,,,,,,,,,,,4,,2,1,,1,,,,1,,,,,1,,,,,,,,,,,,5,,,,,,2,,,,4,,,,,,2,,,,,,1,,,,,,,,,,,,,,,,5,,,,,,1,,,,,,,,,,,,,,,,,,,,,,,,,,,,,,,,,,,,,1,,,,,,,,,,,,,,,,,,,,,,,,,,,,,,,,,,1,1,,,,,,,,,,,2,,,,,,,,,,,1,1,,,,,,,,,,,,,2,,,,,,,,,,,2,26,,1,,,,,,,,,,,,,,,,,,,,,,,,,,,,,,,,,,,,,7,,,,,,,,,,,1,,,1,,,,,,,,,,,,,,24,,,,,,,,,,,,,,,,,,,,,,,,,10,,,,,,,,,,,,,,,,,,,,,,,2,,,,,,4,,,,,,,,,,,,,,,,,,,,,,,,,,,,,,,,2,,,,,,,,5,,,,,1,,,,,,,,,,,,,1,1,,,,,4,,,,,,5,,,,,,,,,,,,,,,,,,,,,,,,5,,,1,,,,,,,,,5,,,,,,,,,,,1,,,,,2,,,,,,,,,,,,,,,,,,,,,1,,,1,,,,,,,,,2,,,2,,,,,,5,6,,,,1,,,,1,,,,,,,,,,,,,,,,,,2,,,1,,,1,,,,,,,,,,,,,,,,,1,,,,,,,,,,,,,5,,3,,,4,,,,,,,,,4,,,2,,,,,,1,,,,,,,,,,,,,,,,,,,,,,,40,,,,,,,,,1,,,,,,7,1,,,,,,,,1,,4,,,,,1,,,,,,,,,,,,,5,,,,,,,,,,,,,,1,,5,,,,,,,,,,,1,,,,,2,7,,,,,,,,,,,,,,,,,,,,,,,,,,1,,,,,,,,,,,,,,,,,,,,,1,10,,,1,,,,,,,,,,,,,,,,,,,,,1,,,,,,,,,,,,,1,,,,,,1,,,,1,,,
5ZoneAirCooled_ZoneAirMassFlowBalance_Pressurized.idf,,,,,,,2,,,,,,5,,,,6,,,,,,,,,6,,,,,,,,,,,4,,,,,,,,,2,,,,,,,,,,,,,,,,24,,,,,,,,,,,,,,4,,2,1,,1,,,,1,,,,,1,,,,,,,,,,,,5,,,,,,2,,,,4,,,,,,2,,,,,,1,,,,,,,,,,,,,,,,5,,,,,,1,,,,,,,,,,,,,,,,,,,,,,,,,,,,,,,,,,,,,1,,,,,,,,,,,,,,,,,,,,,,,,,,,,,,,,,,1,1,,,,,,,,,,,2,,,,,,,,,,,1,1,,,,,,,,,,,,,2,,,,,,,,,,,2,26,,1,,,,,,,,,,,,,,,,,,1,,,,,,,,,,,,,,,,,,,7,,,,,,,,,,,1,,,1,,,,,,,,,,,,,,24,,,,,,,,,,,,,,,,,,,,,,,,,10,,,,,,,,,,,,,,,,,,,,,,,2,,,,,,4,,,,,,,,,,,,,,,,,,,,,,,,,,,,,,,,2,,,,,,,,5,,,,,1,,,,,,,,,,,,,1,1,,,,,4,,,,,,5,,,,,,,,,,,,,,,,,,,,,,,,5,,,1,,,,,,,,,5,,,,,,,,,,,1,,,,,2,,,,,,,,,,,,,,,,,,,,,1,,,1,,,,,,,,,2,,,2,,,,,,5,6,,,,1,,,,1,,,,,,,,,,,,,,,,,,2,,,1,,,1,,,,,,,,,,,,,,,,,1,,,,,,,,,,,,,5,,3,,,4,,,,,,,,,4,,,2,,,,,,1,,,,,,,,,,,,,,,,,,,,,,,40,,,,,,,,,1,,,,,,7,1,,,,,,,,1,,4,,,,,1,,,,,,,,,,,,,5,,,,,,,,,,,,,,1,,5,,,,,,,,,,,1,,,,,2,7,,,,,,,,,,,,,,,,,,,,,,,,,,1,,,,,,,,,,,,,,,,,,,,,1,10,,,1,,,,,,,,,,,,,,,,,,,,,1,,,,,,,,,,,,,1,,,,,,1,,,,1,,,
5ZoneAutoDXVAV.idf,,,,,,,,,,,,,5,,,,6,,,,,,,,,6,,,,,,,,,,,4,,,,,,,,,2,,,,,,,,,,,,,,,,1,1,,,,,,,,,,,,,5,6,,1,,,,,,1,,,,,1,,,,,,,,,,,,5,,,,,,2,,,,4,,,,,,2,,,,,,1,,,,,,,,,,,,,,,,5,,,,,,1,,,,,,10,,,,,,,,,,,,,,,,,,,,,,,,,,,,,,,,,,,,,,,,,,,,,,,,,,,,,,,,,,,,,,,,,1,,,,,,,,,,,,2,,,,,,,,,,,1,1,,,,,,,,,,,,,2,,,,,,,,,,,,33,,1,,,,,,,,,,,,,,,,,,,4,,,,,,,,,,,,,,,,,,7,,,,,,,,,,,1,,,,,,,,,,,,,,,,,18,,,,,,,,,,,,,,,,,,,,,,,,,,,,,,,,,,,,,,1,,,,,,,,,,8,,,,,,,,,,,,,,,,,,,,,,,,,,,,,,,,,,,,,,1,,,,,,,,5,,,,,1,,,,,,,,,,,,,1,1,,,,,,,,,,,5,,,,,,,,,,,,,,,,,,,,,,,,5,,,,,,,,,,,,5,,,,1,,,,,,,1,,,,,,,,,,,,,,,,,,,,,,,,,,1,14,,1,,,,,,,,,1,,,,,,,,,6,6,,,,1,,,,1,,,,,,,,,,,,,,,,,,,,,,,,1,,,,,,,,,,,,,,,,,1,,,,,,,,,,,,,1,,3,,,,,,,,,,,,,,,2,,,,,,1,,,,,,,,,,,,,,,,,,,,,,,40,,,,,,,,,1,,,,,,,,,,,,,,,,,,,,,,1,,,,,,,,,,,,,5,,,,,,,,,,,,,,1,,5,,,,,,,,,,,1,,,,,,1,,,,,,,,,,,,,,,,,,,,,,,,,,1,2,,,,,,,,,,,,,,,,,,,,1,10,,,1,,,,,,,,,,,,,,,,,,,,,,,,,,,,,,,,,,1,,,,,,1,,,,1,,,
5ZoneBoilerOutsideAirReset.idf,,,,,,,3,,,,,,5,,,,6,,,,,,,,,6,,,,,1,,,,,,4,1,,,,,,,,2,,,,,,,,,,,,,,,,30,,,,,,,,,,,,,,5,,,1,,1,,,,1,,,,,1,,,,,,,,,,,,5,,,,,,2,,,,4,,,,,,2,,,,,,1,,,,,,,,,,,,,,,,6,,,,,,1,,,,,,14,,,,,,,,,,,,,,,,,,,,,,,,,,,,,,,,,,,,,,,,,,,,,,,,,,,,,,,,,,,,,,,,,1,,,,,,,,,,,,2,,,,,,,,,,,1,1,,,,,,,,,,,,,2,,,,,,,,,,,2,29,,1,,,,,,,,,,,,,,,,,,,,,,1,,,,,,,,,,,,,,,7,,,,,,,,,,,1,,,,,,,,,,,,,,,,,19,,,,,,,,,,,,,,,,,,,,,,,,,15,1,,,,,,,,,,,,,,,,,,,,,,10,,,,,,6,,,,,,,,,,,,,,,,,,,,,,,,,,,,,,,,2,,,,,,,,5,,,,,1,,,,,,,,,,,,,1,1,,,,,,,,,,1,5,,,,,,,,,,,,,,,,,,,,,,,,5,,,,,,,,,,,,5,,,,1,,,,,,,1,,,,,2,,,,,,,,,,,,,,,,,,,,,1,,,1,,,,,,,,,1,,,3,2,,,,,6,6,,,,1,,,,1,,,,,,,,,,,,,,,1,,,,,,2,,,,,,,,,,,,,,,,,,,,1,,,,,,,,,,,,,7,,3,,,2,,,,,,,,,6,,,2,,,,,,1,,,,,,,,,,,,,,,,,,,,,,,40,,,,,,,,,1,,,,,,6,1,,,,,,,,,,6,,,,,1,,,,,,,,,,,,,5,,,,,,,,,,,,,,1,,5,,,,,,,,,,,1,,,,,2,3,,,,,,,,,,,,,,,,,,,,,,,,,,1,,,,,,,,,,,,,,,,,,,,,1,10,,,1,,,,,,,,,,,,,,,,,,,,,1,,,,,,,,,,,,,1,,,,,,1,,,,1,,,
5ZoneBranchSupplyPumps.idf,,,,,,,2,,,,,,5,,,,6,,,,,,,,,6,,,,,,,,,,,4,,,,,,,,,2,,,,,,,,,,,,,,,,22,,,,,,,,,,,,,,5,,1,1,,1,,,,1,,,,,1,,,,,,,,,,,,5,,,,,,2,,,,4,,,,,,2,,,,,,1,,,,,,,,,,,,,,,,5,,,,,,1,,,,,,14,,,,,,,,,,,,,,,,,,,,,,,,,,,,,,,,,,,,,,,,,,,,,,,,,,,,,,,,,,,,,,,,,1,,,,,,,,,,,,2,,,,,,,,,,,1,1,,,,,,,,,,,,,2,,,,,,,,,,,2,20,,1,,,,,,,,,,,,,,,,,,,,,,,,,,,,,,,,,,,,,7,,,,,,,,,,,1,,,,,,,,,,,,,,,,,20,,,,,,,,,,,,,,,,,,,,,,,,,10,,,,,,,,,,,,,,,,,,,,,,,2,,,,,,4,,,,,,,,,,,,,,,,,,,,,,,,,,,,,,,,2,,,,,,,,5,,,,,,,,,,,,,,,,,,1,1,,,,,,,,,,,5,,,,,,,,,,,,,,,,,,,,,,,,5,,,,,,,,,,,,5,,,,1,,,,,,,1,,,,,2,,,,,,,,,,,,,,,,,,,,,1,,,1,,,,,,,,,1,,,3,,,,,,5,6,,,,1,,,,1,,,,,,,,,,,,,,,,,,,,,1,,,2,,,,,,,,,,,,,,,,,1,,,,,,,,,,,,,5,,3,,,2,,,,,,,,,4,,,2,,,,,,1,,,,,,,,,,,,,,,,,,,,,,,40,,,,,,,,,1,,,,,,6,1,,,,,,,,,,4,,,,,1,,,,,,,,,,,,,5,,,,,,,,,,,,,,1,,5,,,,,,,,,,,1,,,,,2,6,,,,,,,,,,,,,,,,,,,,,,,,,,1,,,,,,,,,,,,,,,,,,,,,1,10,,,1,,,,,,,,,,,,,,,,,,,,,2,,,,,,,,,,,,,1,,,,,,1,,,,1,,,
5ZoneCAVtoVAVWarmestTempFlow.idf,1,,,,,,3,,,,,,,,,,6,,,,,,,,,6,,,,,1,,,,,,4,1,,,,,,,,1,,,,,,,,,,,,,,,,30,,,,,,,,,,,,,,5,,1,1,,1,,,,1,,,,,1,,,,,,,,,,,,5,,,,,,2,,,,4,,,,,,2,,,,,,1,,,,,,,,,,,,,,,,5,,,,,,1,,,,,,14,,,,,,,,,,,,,1,,,,,,,,,,,,,,,,,,,,,,,,,,,,,,,,,,,,,,,,,,,,1,,,,,,,,1,,,,,,,,,,,,2,,,,,,,,,,,1,1,,,,,,,,,,,,,2,,,,,,,,,,,2,21,,1,,,,,,,,,,,,,,,,,,,,,,1,,,,,,,,,,,,,,,8,,,,,,,,,,,1,,,,,,,,,,,,,,,,,20,,,,,,,,,,,,,,,,,,,,,,,,,15,1,,,,,,,,,,,,,,,,,,,,,,10,,,,,,6,,,,,,,,,,,,,,,,,,,,,,,,,,,,,,,,2,,,,,,,,5,,,,,1,,,,,,,,,,,,,1,1,,,,,,,,,,1,5,,,,,,,,,,,,,,,,,,,,,,,,5,,,,,,,,,,,,5,,,,1,,,,,,,1,,,,,2,,,,,,,,,,,,,,,,,,,,,1,,,1,,,,,,,,,1,,,3,,,,,,5,6,,,,1,,5,,1,,,,,,,,,,,,,,,,,,,,,2,,,,,,,,,,,,,,,,,,,,1,,,,,,,,,,,,,7,,3,,,2,,,,,,,,,6,,,2,,,,,,1,,,,,,,,,,,,,,,,,,,,,,,40,,,,,,,,,1,,,,,,6,1,,,,,,,,,,6,,,,,1,,,,,,,,,,,,,5,,,,,,,,,,,,,,1,,5,,,,,,,,,,,1,,,,,2,4,,,,,,,,,,,,,,,,,,,,,,,,,,1,,,,,,,,,,,,,,,,,,,,,1,10,,,1,,,,,,,,,,,,,,,,,,,,,1,,,,,,,,,,,,,1,,,,,,1,,,,1,,,
5ZoneCAV_MaxTemp.idf,1,,,,,,3,,,,,,,,,,6,,,,,,,,,6,,,,,1,,,,,,4,1,,,,,,,,1,,,,,,,,,,,,,,,,30,,,,,,,,,,,,,,5,,1,1,,1,,,,1,,,,,1,,,,,,,,,,,,5,,,,,,2,,,,4,,,,,,2,,,,,,1,,,,,,,,,,,,,,,,5,,,,,,1,,,,,,14,,,,,,,,,,,,,1,,,,,,,,,,,,,,,,,,,,,,,,,,,,,,,,,,,,,,,,,,,,1,,,,,,,,1,,,,,,,,,,,,2,,,,,,,,,,,1,1,,,,,,,,,,,,,2,,,,,,,,,,,2,24,,1,,,,,,,,,,,,,,,,,,,,,,1,,,,,,,,,,,,,,,8,,,,,,,,,,,1,,,,,,,,,,,,,,,,,20,,,,,,,,,,,,,,,,,,,,,,,,,15,1,,,,,,,,,,,,,,,,,,,,,,10,,,,,,6,,,,,,,,,,,,,,,,,,,,,,,,,,,,,,,,2,,,,,,,,5,,,,,1,,,,,,,,,,,,,1,1,,,,,,,,,,1,5,,,,,,,,,,,,,,,,,,,,,,,,5,,,,,,,,,,,,5,,,,1,,,,,,,1,,,,,2,,,,,,,,,,,,,,,,,,,,,1,,,1,,,,,,,,,1,,,3,,,,,,5,6,,,,1,,5,,1,,,,,,,,,,,,,,,,,,,,,2,,,,,,,,,,,,,,,,,,,,1,,,,,,,,,,,,,7,,3,,,2,,,,,,,,,6,,,2,,,,,,1,,,,,,,,,,,,,,,,,,,,,,,40,,,,,,,,,1,,,,,,6,1,,,,,,,,,,6,,,,,1,,,,,,,,,,,,,5,,,,,,,,,,,,,,1,,5,,,,,,,,,,,1,,,,,2,4,,,,,,,,,,,,,,,,,,,,,,,,,,1,,,,,,,,,,,,,,,,,,,,,1,10,,,1,,,,,,,,,,,,,,,,,,,,,1,,,,,,,,,,,,,1,,,,,,1,,,,1,,,
5ZoneCAV_MaxTemp_JSON_Outputs.idf,1,,,,,1,3,,,,,,,,,,6,,,,,,,,,6,,,,,1,,,,,,4,1,,,,,,,,1,,,,,,,,,,,,,,,,30,,,,,,,,,,,,,,5,,1,1,,1,,,,1,,,,,1,,,,,,,,,,,,5,,,,,,2,,,,4,,,,,,2,,,,,,1,,,,,,,,,,,,,,,,5,,,,,,1,,,,,,14,,,,,,,,,,,,,1,,,,,,,,,,,,,,,,,,,,,,,,,,,,,,,,,,,,,,,,,,,,1,,,,,,,,1,,,,,,,,,,,,2,,,,,,,,,,,1,1,,,,,,,,,,,,,2,,,,,,,,,,,2,24,,1,,,,,,,,,,,,,,,,,,,,,,1,,,,,,,,,,,,,,,8,,,,,,,,,,,1,,,,,,,,,,,,,,,,,20,,,,,,,,,,,,,,,,,,,,,,,,,15,1,,,,,,,,,,,,,,,,,,,,,,10,,,,,,6,,,,,,,,,,,,,,,,,,,,,,,,,,,,,,,,2,,,,,,,,5,,,,,1,,,,,,,,,,,,,1,1,,,,,,,,,,1,5,,,,,,,,,,,,,,,,,,,,,,,,5,,,,,,,,,,,,5,,,,1,,,1,,,,1,,,,,2,,,,,,,,,,,,,,,,,,,,,1,,,1,,,,,,,,,1,,,3,,,,,,5,6,,,,1,,5,,1,,,,,,,,,,,,,,,,,,,,,2,,,,,,,,,,,,,,,,,,,,1,,,,,,,,,,,,,7,,3,,,2,,,,,,,,,6,,,2,,,,,,1,,,,,,,,,,,,,,,,,,,,,,,40,,,,,,,,,1,,,,,,6,1,,,,,,,,,,6,,,,,1,,,,,,,,,,,,,5,,,,,,,,,,,,,,1,,5,,,,,,,,,,,1,,,,,2,4,,,,,,,,,,,,,,,,,,,,,,,,,,1,,,,,,,,,,,,,,,,,,,,,1,10,,,1,,,,,,,,,,,,,,,,,,,,,1,,,,,,,,,,,,,1,,,,,,1,,,,1,,,
5ZoneCoolBeam.idf,,,,,,,4,,,,,,,,,,6,,,,,,,,,6,,,,,1,,,,,,4,1,,,,,,,,2,,,,,,,,,,,,,,,,43,,,,,,,,,,,,,,5,,,1,,1,,,,1,,,,1,1,,,,,,,,,,,,5,,,,,,2,,,,4,,,,,,2,,,,,,1,,,,,,,,,,,,,,,,5,,,,,,1,,,,,,14,,,,,1,,,,,,,,,,,,,,,,,,,,,,,,,,,,,,,,,,,,,,,,,,,,,,,,,,,,,,,,,,,,1,,,,,,,,,,,,2,,,,,,,,,,,1,1,,,,,,,,,,,,,,,,,,,,,,,,3,24,,1,,,,,,,,,,,,,,,,,,,,,,1,,1,,,,,,,,,,,,,7,,,,,,,,,,,1,,,,,,,,,,,,,,,,,20,,,,,,,,,,,,,,,,,,,,,,,,,20,1,,,,,,,,,,,,,,,,,,,,,,11,,,,,,8,,5,,,,,,,,,,,,,,,,,,,,,,,,,,,,,,2,,,,,,,,5,,,,,,,,,,,,,,,,,,1,,,,,,,,,,,1,5,,,,,,,,,,,,,,,,,,,,,,,,5,,,,,,,,,,,,5,,,,1,,,,,,,1,,,,,3,,,,,,,,,,,,,,,,,,,,,1,,,1,,,,,,,,,1,,,4,1,,,,,5,6,,,,1,,,,1,,,,,,,,,5,,,,,,1,,,,,,2,,,,,,,,,,,,,,,,,,,,1,,,,,,,,,,,,,9,,3,,,2,,,,,,,,,8,,,,,,,,,1,,,,,,,,,,,,,,,,,,,,,,,40,,,,,,,,,1,,,,,,1,1,,,,,,,,,,8,,,,,1,,,,,,,,,,,1,,5,,,,,,,,,,,,,,1,,5,,,,,,,,,,,1,,,,,3,4,,,,,,,,,,,,,,,,,,,,,,,,,,1,,,,,,,,,,,,,,,,,,,,,1,10,,,1,,,,,,,,,,,,,,,,,,,,,1,,,,,,,,,,,,,1,,,,,,1,,,,1,,,
5ZoneCoolingPanelBaseboard.idf,,,,,,,3,,,,,,3,,,,7,,,,,,,,,6,,,,,1,,,,,,4,1,,,,,,,,2,,,,,,,,,,,,,,,,31,,,,,,,,,,,,,,5,,1,1,,1,,,,1,,,,,1,,,,,,,,,,,,5,,,,,,2,,,,4,,,,,,2,,,,,,1,,,,,,,,,,,,,,,,5,,,,,,1,,,,,,15,,,,,,,,,,,,,,,,,,,,,,,,,,,,,,,,,,,,,,,,,,,,,,,,,,,,,,,,,,,,,,,,,1,,,,,,,,,,,,2,,,,,,,,2,,,1,1,,,,,,,,,,,,,,,,,,,,,,,,2,59,,1,,,,,,,,,,,,,,,,,,,,,,1,,,,,,,,,,,,,,,7,,,,,,,,,,,1,,,,,,,,,,,,,,,,,19,,,,,,,,,,,,,,,,,,,,,,,,,15,1,,,,,,,,,,,,,,,,,2,,,,,10,,,,,,6,,,,,,,,,,,,,,,,,,,,,,,,,,,,,,,,2,,,,,,,,5,,,,,1,,,,,,,,,,,,,1,1,,,,,,,,,,1,5,,,,,,,,,,,,,,,,,,,,,,,,5,,,,,,,,,,,,5,,,,1,,,,,,,1,,,,,2,,,,,,,,,1,,,,,,,,,,,,1,,,1,,,,,,,,,1,,,3,,,,,,5,6,,,,1,,,,1,,,,,,,,,,,,,,,,,,,,,2,,,,,,,,,,,,,,,,,,,,1,,,,,,,,,,,,,7,,3,,,2,,,,,,,,,6,,,,,,,,,1,,,,,,1,,,,,,,,,,,,,,,,,40,,,,,1,,,,1,,,,,,4,1,,,,,,,,,,6,,,,,1,,,,,,,,,,,,,5,,,,,,,,,,,,,,1,,5,,1,,,,,,,,,1,,,,,2,5,,,,,,,,,,,,,,,,,,,,,,,,,,1,,,,,,,,,,,,,,,,,,,,,1,10,,,1,,,,,,,,,,,,,,,,,,,,,1,,,,,,,,,,,,,1,,,,,,1,,,,1,,,
5ZoneCoolingPanelBaseboardAuto.idf,,,,,,,3,,,,,,3,,,,7,,,,,,,,,6,,,,,1,,,,,,4,1,,,,,,,,2,,,,,,,,,,,,,,,,31,,,,,,,,,,,,,,5,,1,1,,1,,,,1,,,,,1,,,,,,,,,,,,5,,,,,,2,,,,4,,,,,,2,,,,,,1,,,,,,,,,,,,,,,,5,,,,,,1,,,,,,15,,,,,,,,,,,,,,,,,,,,,,,,,,,,,,,,,,,,,,,,,,,,,,,,,,,,,,,,,,,,,,,,,1,,,,,,,,,,,,2,,,,,,,,2,,,1,1,,,,,,,,,,,,,,,,,,,,,,,,2,59,,1,,,,,,,,,,,,,,,,,,,,,,1,,,,,,,,,,,,,,,7,,,,,,,,,,,1,,,,,,,,,,,,,,,,,19,,,,,,,,,,,,,,,,,,,,,,,,,15,1,,,,,,,,,,,,,,,,,2,,,,,10,,,,,,6,,,,,,,,,,,,,,,,,,,,,,,,,,,,,,,,2,,,,,,,,5,,,,,1,,,,,,,,,,,,,1,1,,,,,,,,,,1,5,,,,,,,,,,,,,,,,,,,,,,,,5,,,,,,,,,,,,5,,,,1,,,,,,,1,,,,,2,,,,,,,,,1,,,,,,,,,,,,1,,,1,,,,,,,,,1,,,3,,,,,,5,6,,,,1,,,,1,,,,,,,,,,,,,,,,,,,,,2,,,,,,,,,,,,,,,,,,,,1,,,,,,,,,,,,,7,,3,,,2,,,,,,,,,6,,,,,,,,,1,,,,,,1,,,,,,,,,,,,,,,,,40,,,,,1,,,,1,,,,,,4,1,,,,,,,,,,6,,,,,1,,,,,,,,,,,,,5,,,,,,,,,,,,,,1,,5,,1,,,,,,,,,1,,,,,2,5,,,,,,,,,,,,,,,,,,,,,,,,,,1,,,,,,,,,,,,,,,,,,,,,1,10,,,1,,,,,,,,,,,,,,,,,,,,,1,,,,,,,,,,,,,1,,,,,,1,,,,1,,,
5ZoneCoolingPanelBaseboardTotalLoad.idf,,,,,,,3,,,,,,3,,,,7,,,,,,,,,6,,,,,1,,,,,,4,1,,,,,,,,2,,,,,,,,,,,,,,,,31,,,,,,,,,,,,,,5,,1,1,,1,,,,1,,,,,1,,,,,,,,,,,,5,,,,,,2,,,,4,,,,,,2,,,,,,1,,,,,,,,,,,,,,,,5,,,,,,1,,,,,,15,,,,,,,,,,,,,,,,,,,,,,,,,,,,,,,,,,,,,,,,,,,,,,,,,,,,,,,,,,,,,,,,,1,,,,,,,,,,,,2,,,,,,,,2,,,1,1,,,,,,,,,,,,,,,,,,,,,,,,2,59,,1,,,,,,,,,,,,,,,,,,,,,,1,,,,,,,,,,,,,,,7,,,,,,,,,,,1,,,,,,,,,,,,,,,,,19,,,,,,,,,,,,,,,,,,,,,,,,,15,1,,,,,,,,,,,,,,,,,2,,,,,10,,,,,,6,,,,,,,,,,,,,,,,,,,,,,,,,,,,,,,,2,,,,,,,,5,,,,,1,,,,,,,,,,,,,1,1,,,,,,,,,,1,5,,,,,,,,,,,,,,,,,,,,,,,,5,,,,,,,,,,,,5,,,,1,,,,,,,1,,,,,2,,,,,,,,,1,,,,,,,,,,,,1,,,1,,,,,,,,,1,,,3,,,,,,5,6,,,,1,,,,1,,,,,,,,,,,,,,,,,,,,,2,,,,,,,,,,,,,,,,,,,,1,,,,,,,,,,,,,7,,3,,,2,,,,,,,,,6,,,,,,,,,1,,,,,,1,,,,,,,,,,,,,,,,,40,,,,,1,,,,1,,,,,,4,1,,,,,,,,,,6,,,,,1,,,,,,,,,,,,,5,,,,,,,,,,,,,,1,,5,,1,,,,,,,,,1,,,,,2,5,,,,,,,,,,,,,,,,,,,,,,,,,,1,,,,,,,,,,,,,,,,,,,,,1,10,,,1,,,,,,,,,,,,,,,,,,,,,1,,,,,,,,,,,,,1,,,,,,1,,,,1,,,
5ZoneCoolingPanelBaseboardVarOff.idf,,,,,,,3,,,,,,3,,,,7,,,,,,,,,6,,,,,1,,,,,,4,1,,,,,,,,2,,,,,,,,,,,,,,,,31,,,,,,,,,,,,,,5,,1,1,,1,,,,1,,,,,1,,,,,,,,,,,,5,,,,,,2,,,,4,,,,,,2,,,,,,1,,,,,,,,,,,,,,,,5,,,,,,1,,,,,,15,,,,,,,,,,,,,,,,,,,,,,,,,,,,,,,,,,,,,,,,,,,,,,,,,,,,,,,,,,,,,,,,,1,,,,,,,,,,,,2,,,,,,,,2,,,1,1,,,,,,,,,,,,,,,,,,,,,,,,2,59,,1,,,,,,,,,,,,,,,,,,,,,,1,,,,,,,,,,,,,,,7,,,,,,,,,,,1,,,,,,,,,,,,,,,,,19,,,,,,,,,,,,,,,,,,,,,,,,,15,1,,,,,,,,,,,,,,,,,2,,,,,10,,,,,,6,,,,,,,,,,,,,,,,,,,,,,,,,,,,,,,,2,,,,,,,,5,,,,,1,,,,,,,,,,,,,1,1,,,,,,,,,,1,5,,,,,,,,,,,,,,,,,,,,,,,,5,,,,,,,,,,,,5,,,,1,,,,,,,1,,,,,2,,,,,,,,,1,,,,,,,,,,,,1,,,1,,,,,,,,,1,,,3,,,,,,5,6,,,,1,,,,1,,,,,,,,,,,,,,,,,,,,,2,,,,,,,,,,,,,,,,,,,,1,,,,,,,,,,,,,7,,3,,,2,,,,,,,,,6,,,,,,,,,1,,,,,,1,,,,,,,,,,,,,,,,,40,,,,,1,,,,1,,,,,,4,1,,,,,,,,,,6,,,,,1,,,,,,,,,,,,,5,,,,,,,,,,,,,,1,,5,,1,,,,,,,,,1,,,,,2,5,,,,,,,,,,,,,,,,,,,,,,,,,,1,,,,,,,,,,,,,,,,,,,,,1,10,,,1,,,,,,,,,,,,,,,,,,,,,1,,,,,,,,,,,,,1,,,,,,1,,,,1,,,
5ZoneCostEst.idf,,,,,,,3,,,,,,5,,,,6,,,,,,,,,10,,,,,1,,,,,,3,1,,,,,,,,1,,,,,,,,,,,,,,,,30,,,,,,,,,,,,,,10,,,1,,1,,,,1,,,,,1,,,,,,,,,,,,5,,,,,,1,,,,12,,,,,,2,,,,,,1,,,,,,,,,,,,,,,,5,,,,,,,,,,,,,,,,,,,,,,,,,,,,,,,,,,,,9,,,,,,,,,,,,,,,,,,,,,,,,,,,,,,,,,,,,,,,,,1,,,,,,,,,,,,,,,,,,,,,,,1,1,,,,,,,,,,,,,,,,,,,,,,5,,2,,,1,,,,,,,,,,,,,,,,,,,,,,1,,,,,,,,,,,,,,,8,,,,,,,,,,,1,,,,,,1,,,,,,,,,,,20,,,,,,,,,,,,,,,,,,,,,,,,,15,1,,,,,,,,,,,,,,,,,,,,,,7,,,,,,6,,,,,,,,,,,,,,,,,,,,,,,,,,,,,,,,2,,,,,,,,5,,,,,1,,,,,,,,,,,,,1,1,,,,,,,,,,1,5,,,,,,,,,,,,,,,,,,,1,,,,,5,,,,,,,,,,,,5,,,,1,,,,,,,1,,,,,2,,,,,,,,,,,,,,,,,,,,,1,5,,1,,,,,,,,,1,,,2,,,,,,5,4,,,,1,,,,1,,,,,,10,,,,1,,,,,1,,,,,,2,,,,,,,,,,,,,,,,,,,,1,,,,,,,,,,,,,7,,7,,,2,,,1,,,,,,6,,,,,,,,,1,,,,,,,,,,,,,,,,,,,,,,,60,,,,,,,,,1,,,,,,6,1,,,,,,,,,,6,,,,,5,,,,,,,,,,,,,5,,,,,,,,,,,,,,1,,5,,,,,,,,,,,1,,,,,2,5,,,,,,,,,,,,1,,,,,,,,,,,,,,1,,,,,,,,,,,,,,,,,,,,,1,12,,,2,,,,,,,,,,,,,,,,1,,,,,1,,,,,,,,,,,,,1,,,,,,1,,,,1,,,
5ZoneDDCycOnAny.idf,,,,,,,,,,,,1,5,,,,6,,,,,,,,,6,,,,,,,,,,,4,,,,,,,,,1,,1,,,,,,,,,,,,,,22,,,,,,,,,,,,,,5,,,,,,,,,1,,,,,1,,,,,,,,,,,,5,,,,,,2,,,,4,,,,,,2,,,,,,,,,,,,,,,,,,,,,,6,,,,,,1,,,,,,10,,,,,,,,,,,,,,,,,,,,,,,,,,,,,,,,,,,,,,,,,,,,,,,,,,,,,,,,,,,,,,,,,1,,,,,,,,,,,,2,,,,,,,,,,,1,1,,,,,,,,,,,,,2,,,,,,,,,,,2,30,,1,,,,,,,,,,,,,,,,,,,,,,,,,,,,,,,,,,,,,7,,,,,,,,1,,,1,,,,,,,,,,,,,,,,,21,,,,,,,,,,,,,,,,,,,,,,,,,10,,,,,,,,,,,,,,,,,,,,,,,10,,,,,,4,,,,,,,,,,,,,,,,,,,,,,,,,,,,,,,,2,,,,,,,,5,,,,,1,,,,,,,,,,,,,1,1,,,,,,,,,,,5,,,,,,,,,,,,,,,,,,,,,,,,5,,,1,,,,,,,,,5,,,,1,,,,,,,1,,,,,2,,,,,,,,,,,,,,,,,,,,,1,,,1,,,,,,,,,1,,,2,,,,,,6,6,,,,,,,,1,,,,,,,,,,,,,,,1,,,,,,1,,,,,,,,,,,,,,,,,,,,1,,,,,,,,,,,,,5,,3,,,2,,,,,,,,,4,,,2,,,,,,1,,,,,,,,,,,,,,,,,,,,,,,40,,,,,,,,,1,,,,,,6,1,,,,,,,,,,4,,,,,1,,,,,,,,,,,,,5,,,,,,,,,,,,,,1,,5,,,,,,,,,,,1,,,,,2,3,,,,,,,,,,,,,,,,,,,,,,,,,,1,,,,,,,,,,,,,,,,,,,,,1,10,,,1,,,,,,,,,,,,,,,,,,,,,,,,,,,,,,,,,,1,,,,,,1,,,,1,,,
5ZoneDDCycOnOne.idf,,,,,,,,,,,,1,5,,,,6,,,,,,,,,6,,,,,,,,,,,4,,,,,,,,,1,,1,,,,,,,,,,,,,,22,,,,,,,,,,,,,,5,,,,,,,,,1,,,,,1,,,,,,,,,,,,5,,,,,,2,,,,4,,,,,,2,,,,,,,,,,,,,,,,,,,,,,6,,,,,,1,,,,,,10,,,,,,,,,,,,,,,,,,,,,,,,,,,,,,,,,,,,,,,,,,,,,,,,,,,,,,,,,,,,,,,,,1,,,,,,,,,,,,2,,,,,,,,,,,1,1,,,,,,,,,,,,,2,,,,,,,,,,,2,30,,1,,,,,,,,,,,,,,,,,,,,,,,,,,,,,,,,,,,,,7,,,,,,,,1,,,1,,,,,,,,,,,,,,,,,21,,,,,,,,,,,,,,,,,,,,,,,,,10,,,,,,,,,,,,,,,,,,,,,,,10,,,,,,4,,,,,,,,,,,,,,,,,,,,,,,,,,,,,,,,2,,,,,,,,5,,,,,1,,,,,,,,,,,,,1,1,,,,,,,,,,,5,,,,,,,,,,,,,,,,,,,,,,,,5,,,1,,,,,,,,,5,,,,1,,,,,,,1,,,,,2,,,,,,,,,,,,,,,,,,,,,1,,,1,,,,,,,,,1,,,2,,,,,,6,6,,,,,,,,1,,,,,,,,,,,,,,,1,,,,,,1,,,,,,,,,,,,,,,,,,,,1,,,,,,,,,,,,,5,,3,,,2,,,,,,,,,4,,,2,,,,,,1,,,,,,,,,,,,,,,,,,,,,,,40,,,,,,,,,1,,,,,,6,1,,,,,,,,,,4,,,,,1,,,,,,,,,,,,,5,,,,,,,,,,,,,,1,,5,,,,,,,,,,,1,,,,,2,3,,,,,,,,,,,,,,,,,,,,,,,,,,1,,,,,,,,,,,,,,,,,,,,,1,10,,,1,,,,,,,,,,,,,,,,,,,,,,,,,,,,,,,,,,1,,,,,,1,,,,1,,,
5ZoneDesignInputCoolingCoil.idf,,,,,,,3,,,,,,5,,,,6,,,,,,,,,6,,,,,1,,,,,,4,1,,,,,,,,1,,,,,,,,,,,,,,,,30,,,,,,,,,,,,,,5,,1,1,,1,,,,1,,,,,1,,,,,,,,,,,,5,,,,,,2,,,,4,,,,,,2,,,,,,1,,,,,,,,,,,,,,,,5,,,,,,1,,,,,,14,,,,,,,,,,,,,,,,,,,,,,,,,,,,,,,,,,,,,,,,,,,,,,,,,,,,,,,,,,,,,,,,,1,,,,,,,,,,,,2,,,,,,,,,,,1,1,,,,,,,,,,,,,2,,,,,,,,,,,2,39,,1,,,,,,,,,,,,,,,,,,,,,,1,,,,,,,,,,,,,,,7,,,,,,,,,,,1,,,,,,,,,,,,,,,,,20,,,,,,,,,,,,,,,,,,,,,,,,,15,1,,,,,,,,,,,,,,,,,,,,,,10,,,,,,6,,,,,,,,,,,,,,,,,,,,,,,,,,,,,,,,2,,,,,,,,5,,,,,1,,,,,,,,,,,,,1,1,,,,,,,,,,1,5,,,,,,,,,,,,,,,,,,,,,,,,5,,,,,,,,,,,,5,,,,1,,,,,,,1,,,,,2,,,,,,,,,,,,,,,,,,,,,1,,,1,,,,,,,,,1,,,3,,,,,,5,6,,,,1,,,,1,,,,,,,,,,,,,,,,,,,,,2,,,,,,,,,,,,,,,,,,,,1,,,,,,,,,,,,,7,,3,,,2,,,,,,,,,6,,,2,,,,,,1,,,,,,,,,,,,,,,,,,,,,,,40,,,,,,,,,1,,,,,,6,1,,,,,,,,,,6,,,,,1,,,,,,,,,,,,,5,,,,,,,,,,,,,,1,,5,,,,,,,,,,,1,,,,,2,5,,,,,,,,,,,,,,,,,,,,,,,,,,1,,,,,,,,,,,,,,,,,,,,,1,10,,,1,,,,,,,,,,,,,,,,,,,,,1,,,,,,,,,,,,,1,,,,,,1,,,,1,,,
5ZoneDetailedIceStorage.idf,,,,,,,3,,,,,,5,,,,6,,,,,,,,,6,,,,,1,,,,,,4,1,,,,,,,,2,,,,,,,,,,,,,,,,30,,,,,,,,,,,,,,5,,1,1,,1,,,,1,,,,,1,,,,,,,,,,,,5,,,,,,2,,,,4,,,,,,2,,,,,,1,,,,,,1,,,,,,,,,,5,,,,,,1,,,,,1,14,,,,,1,,,,,,,,,,,,,,,,,,,,,,,,,,,,,,,,,,,,,,,,,,,,,,,,,,,,,,,,,,,,1,,,,,,,,,,,,2,,,,,,,,,,,1,1,,,,,,,,,,,,,2,,,,,,,,,,,2,35,,1,,,,,,,,,,,,,,,,,,,,,,1,,,,,,,,,,,,,,,7,,,,,,,,,,,1,,,,,,,,,,,,,,,,,24,,,,,,,,,,,,,,,,,,,,,,,,,15,1,,,,,,,,,,,,,,,,,,,,,,9,,,,,,6,,,,,,,,,,,,,,,,,,,,,,,6,,,,,,,,,2,,,,,,,,5,,,,,1,,,,,,,,,,,,,1,1,,,,,,,,,,1,5,,,,,,,,,,,,,,,,,,,,,,,,5,,,,,,,,,,,,5,,,,1,,,,,,,1,,,,,1,,,,,,,,,,,,,,,,,,,,,1,2,,1,,,,,,,,,1,,,2,,,,,,5,6,,,,1,,,,1,,,,,,,,,,,,,,,,,,,,,1,,,,,,,,,,,,,,,,,,,,1,,,,,,,,,,,,,7,,3,,,2,,,,,,,,,6,,,2,,,,,,1,,,,,,,,,,,,,,,,,,,,,,,40,,,,,,,,,1,,,,,,6,1,,,,,,,,,,6,,,,,1,1,,,,,,,,,,,,5,,2,,,,,,,,,,,,1,,5,,,,,,,,,,,1,,,,,2,5,,,,,,,,,,,,,,,,,,,,,,,,,,1,,,,,,,,1,,,,,,,,,,,,,1,10,,,1,,,,,,,,,,,,,,,,1,,,,,1,,,,,,,,,,,,,1,,,,,,1,,,,1,,,
5ZoneDetailedIceStorage2.idf,,,,,,,3,,,,,,5,,,,6,,,,,,,,,6,,,,,1,,,,,,4,1,,,,,,,,2,,,,,,,,,,,,,,,,30,,,,,,,,,,,,,,5,,1,1,,1,,,,1,,,,,1,,,,,,,,,,,,5,,,,,,2,,,,4,,,,,,2,,,,,,1,,,,,,1,,,,,,,,,,5,,,,,,1,,,,,1,14,,,,,1,,,,,,,,,,,,,,,,,,,,,,,,,,,,,,,,,,,,,,,,,,,,,,,,,,,,,,,,,,,,1,,,,,,,,,,,,2,,,,,,,,,,,1,1,,,,,,,,,,,,,2,,,,,,,,,,,2,36,,1,,,,,,,,,,,,,,,,,,,,,,1,,,,,,,,,,,,,,,7,,,,,,,,,,,1,,,,,,,,,,,,,,,,,24,,,,,,,,,,,,,,,,,,,,,,,,,15,1,,,,,,,,,,,,,,,,,,,,,,9,,,,,,6,,,,,,,,,,,,,,,,,,,,,,,6,,,,,,,,,2,,,,,,,,5,,,,,1,,,,,,,,,,,,,1,1,,,,,,,,,,1,5,,,,,,,,,,,,,,,,,,,,,,,,5,,,,,,,,,,,,5,,,,1,,,,,,,1,,,,,1,,,,,,,,,,,,,,,,,,,,,1,2,,1,,,,,,,,,1,,,2,,,,,,5,6,,,,1,,,,1,,,,,,,,,,,,,,,,,,,,,1,,,,,,,,,,,,,,,,,,,,1,,,,,,,,,,,,,7,,3,,,2,,,,,,,,,6,,,2,,,,,,1,,,,,,,,,,,,,,,,,,,,,,,40,,,,,,,,,1,,,,,,6,1,,,,,,,,,,6,,,,,1,1,,,,,,,,,,,,5,,2,,,,,,,,,,,,1,,5,,,,,,,,,,,1,,,,,2,5,,,,,,,,,,,,,,,,,,,,,,,,,,1,,,,,,,,1,,,,,,,,,,,,,1,10,,,1,,,,,,,,,,,,,,,,1,,,,,1,,,,,,,,,,,,,1,,,,,,1,,,,1,,,
5ZoneDetailedIceStorageCubicLinear.idf,,,,,,,3,,,,,,5,,,,6,,,,,,,,,6,,,,,1,,,,,,4,1,,,,,,,,2,,,,,,,,,,,,,,,,30,,,,,,,,,,,,,,5,,1,1,,1,,,,1,,,,,1,,,,,,,,,,,,5,,,,,,2,,,,4,,,,,,2,,,,,,1,,,,,,1,,,,,,,,,,5,,,,,,1,,,,,1,14,,,,,1,,,,,,,,,,,,,,,,,,,,,,,,,,,,,,,,,,,,,,,,,,,,,,,,,,,,,,,,,,,,1,,,,,,,,,,,,2,,,,,,,,,,,1,1,,,,,,,,,,,,,2,,,,,,,,,,,2,36,,1,,,,,,,,,,,,,,,,,,,,,,1,,,,,,,,,,,,,,,7,,,,,,,,,,,1,,,,,,,,,,,,,,,,,24,,,,,,,,,,,,,,,,,,,,,,,,,15,1,,,,,,,,,,,,,,,,,,,,,,9,,,,,,6,,,,,,,,,,,,,,,,,,,,,,,6,,,,,,,,,2,,,,,,,,5,,,,,1,,,,,,,,,,,,,1,1,,,,,,,,,,1,5,,,,,,,,,,,,,,,,,,,,,,,,5,,,,,,,,,,,,5,,,,1,,,,,,,1,,,,,1,,,,,,,,,,,,,,,,,,,,,1,2,,1,,,,,,,,,1,,,2,,,,,,5,6,,,,1,,,,1,,,,,,,,,,,,,,,,,,,,,1,,,,,,,,,,,,,,,,,,,,1,,,,,,,,,,,,,7,,3,,,2,,,,,,,,,6,,,2,,,,,,1,,,,,,,,,,,,,,,,,,,,,,,40,,,,,,,,,1,,,,,,6,1,,,,,,,,,,6,,,,,1,1,,,,,,,,,,,,5,,,,,,,,,,,,,,1,,5,,,,,,,,,,,1,,,,,2,5,,,,,,,,,,,,,,,,,,,,,,,,,,1,,,,,,,,1,,,,,,,,,,,,,1,10,,,1,,,,,,,,,,,,,,,,1,,,,,1,,,,,2,,,,,,,,1,,,,,,1,,,,1,,,
5ZoneDetailedIceStorageSimpleCtrl.idf,,,,,,,3,,,,,,5,,,,6,,,,,,,,,6,,,,,1,,,,,,4,1,,,,,,,,2,,,,,,,,,,,,,,,,30,,,,,,,,,,,,,,5,,1,1,,1,,,,1,,,,,1,,,,,,,,,,,,5,,,,,,2,,,,4,,,,,,2,,,,,,1,1,,,,,1,,,,,,,,,,5,,,,,,1,,,,,1,14,,,,,1,,,,,,,,,,,,,,,,,,,,,,,,,,,,,,,,,,,,,,,,,,,,,,,,,,,,,,,,,,,,1,,,,,,,,,,,,2,,,,,,,,,,,1,1,,,,,,,,,,,,,2,,,,,,,,,,,2,35,,1,,,,,,,,,,,,,,,,,,,,,,1,,,,,,,,,,,,,,,7,,,,,,,,,,,1,,,,,,,,,,,,,,,,,23,,,,,,,,,,,,,,,,,,,,,,,,,15,1,,,,,,,,,,,,,,,,,,,,,,9,,,,,,6,,,,,,,,,,,,,,,,,,,,,,,6,,,,,,,,,2,,,,,,,,5,,,,,1,,,,,,,,,,,,,1,1,,,,,,,,,,1,5,,,,,,,,,,,,,,,,,,,,,,,,5,,,,,,,,,,,,5,,,,1,,,,,,,1,,,,,1,,,,,,,,,,,,,,,,,,,,,1,2,,1,,,,,,,,,1,,,2,,,,,,5,6,,,,1,,,,1,,,,,,,,,,,,,,,,,,,,,1,,,,,,,,,,,,,,,,,,,,1,,,,,,,,,,,,,7,,3,,,2,,,,,,,,,6,,,2,,,,,,1,,,,,,,,,,,,,,,,,,,,,,,40,,,,,,,,,1,,,,,,6,1,,,,,,,,,,6,,,,,1,1,,,,,,,,,,,,5,,2,,,,,,,,,,,,1,,5,,,,,,,,,,,1,,,,,2,3,,,,,,,,,,,,,,,,,,,,,,,,,,1,,,,,,,,,,,,,,,,,,,,,1,10,,,1,,,,,,,,,,,,,,,,1,,,,,1,,,,,,,,,,,,,1,,,,,,1,,,,1,,,
5ZoneEconomicsTariffAndLifeCycleCosts.idf,,,,,,,2,,,,,,5,,,,7,,,,,,,,,6,,,,,,,,,,,4,,,,1,,,,,1,,,,,,,,,,,,,1,,,22,,,,,,,,,,,,,,5,,1,1,,1,,,,1,14,,,,1,55,,,,,,,,,,,5,,,,,,2,,,,4,,,,,,2,1,,,,,1,,,,,,,,,,,,,,,,5,,,,,,1,,,,,,14,,,,,,1,,,,,,,,,,2,,,,,,,,,,,,,,,,,,,,,,,,,,,,,,,,,,,,,,1,,,,,,,,,1,,1,,,,,,,,,,,,2,,,,3,,,,,,,1,1,,,,,,,,,,,,,2,,,,,,,,,,,2,19,,1,,,,,,,,,,,,,,,,,,,1,,,,,,,,,,,,,,,,,,7,,,,,,,,,,,1,,,,,,1,,,,,,,,,,,33,,,,,,,,,,,,,,,,,,,,,,,,,10,,,,,,,,,,,,,,,,,,,,,,,2,,,,,,4,,,,,,,,,,,,,,,,,,,,,,,,,,,,1,,,,2,,,,,,,,5,,,,,,,,,,,,,,,,,,1,1,,,,,,,,,,,5,,,,,,,,,,,,,,,,,,,,3,,,,5,,,,,,,,,,,,5,,,,1,,,,,,,1,,,,,2,,,,,,,,,,,,,,,,,,,,,1,,,1,1,,,5,,,,,1,,,2,,,,,,5,6,,,,1,,,,1,,,,,,,,,,,,,,,,,,,,,1,,,1,,,,,15,,,,,,,,,,,,1,,,,,,,,,,,,,5,,3,,,2,,,,,,,,,4,,,2,,,,,,1,,,,,,,,,,,,,,,,,,,,,,,40,,,,,,,,,1,,,,,,6,1,,,,,,,,,,4,,,,,1,,,,,,,,,,,,,5,,,,,,,,,,,,,,1,,5,,,,,,,,,,,1,,13,,,2,5,,,,,,,,,,,,,,,,,,,,,,,,,,1,2,,,,,,,,,,,,,,,,,,,,1,10,,,1,,,,,,,,,,,,,,,,,,,,,1,,,,,,,,,,,,,1,1,,,,,1,,,,1,,,
5ZoneElectricBaseboard.idf,,,,,,,3,,,,,,3,,,,7,,,,,,,,,6,,,,,1,,,,,,4,1,,,,,,,,2,,,,,,,,,,,,,,,,28,,,,,,,,,,,,,,5,,1,1,,1,,,,1,,,,,1,,,,,,,,,,,,5,,,,,,2,,,,4,,,,,,2,,,,,,1,,,,,,,,,,,,,,,,5,,,,,,1,,,,,,14,,,,,1,,,,,,,,,,,,,,,,,,,,,,,,,,,,,,,,,2,,,,,,,,,,,,,,,,,,,,,,,,,,,1,,,,,,,,,,,,2,,,,,,,,2,,,1,1,,,,,,,,,,,,,,,,,,,,,,,,2,9,,1,,,,,,,,,,,,,,,,,,,,,,1,,,,,,,,,,,,,,,7,,,,,,,,,,,1,,,,,,,,,,,,,,,,,19,,,,,,,,,,,,,,,,,,,,,,,,,15,1,,,,,,,,,,,,,,,,,,,,,,10,,,,,,6,,,,,,,,,,,,,,,,,,,,,,,,,,,,,,,,2,,,,,,,,5,,,,,1,,,,,,,,,,,,,1,1,,,,,,,,,,1,5,,,,,,,,,,,,,,,,,,,,,,,,5,,,,,,,,,,,,5,,,,1,,,,,,,1,,,,,2,,,,,,,,,,,,,,,,,,,,,1,,,1,,,,,,,,,1,,,3,,,,,,5,6,,,,1,,,,1,,,,,,,,,,,,,,,,,,,,,2,,,,,,,,,,,,,,,,,,,,1,,,,,,,,,,,,,7,,3,,,2,,,,,,,,,6,,,,,,,,,1,,,,,,,,,,,,,,,,,,,,,,,40,,,,,1,,,,1,,,,,,4,1,,,,,,,,,,6,,,,,1,,,,,,,,,,,,,5,,,,,,,,,,,,,,1,,5,,1,,,,,,,,,1,,,,,2,5,,,,,,,,,,,,,,,,,,,,,,,,,,1,,,,,,,,,,,,,,,,,,,,,1,10,,,1,,,,,,,,,,,,,,,,,,,,,1,,,,,,,,,,,,,1,,,,,,1,,,,1,,,
5ZoneEndUses.idf,,,,,,,,,,,,,5,,,,6,,,,,,2,,,6,,,3,,,,,,,,4,,1,,,,,,,1,,,,,,,,,,,,,,,,1,1,,,,,,,,,,,,,5,6,,1,,,,,,1,,,,,1,,,,,,1,,,,,,5,,,,,,2,,,,4,,,,,,2,,,,,,1,,,,,,,,,,,,,,,,5,,,,,,1,,,,,,10,,,,,,,,,,,,,,,,,,,,,,,,,,,,,,,,,,,,,,,,,,,,,,,,,,,,,,,,,,,,,,,,,1,,,,,,,,,,,,2,,,,,,,,,,,1,1,,,,,,,,,,,,,2,,,,,,,,,,,,8,,1,,,,,,,,,1,,,,,,,,,,4,,,,,,,,,,,,,,,,,,7,,,,,,,,,,,1,,,,,,,,,,,,,,,,,22,,,,,,,,,,,,,,,,,,,,,,,,,,,,,,,,,,,,,,1,,,,,,,,,,8,,,,,,,,,,,,,,,,,,,,,,,,,,,,,,,,,,,,,,1,,,,,,,,10,,,,,1,,,,,,,,,,,,,1,1,,,,,,,,,,,5,,,,,,,,,,,,,,,,,,,,3,,,,10,,,,,,,,,,,,5,,,,1,,,,,,,1,,,,,,,,,,,,,,,,,,,,,,,,,,1,14,,1,,,,,,,,,1,,,,,,,,,5,6,,,,1,,,,1,,,,,,,,,,,,,,,,,,,,,,,,1,,,,,,,,,,,,,,,,,1,,,,,,,,,,,,,1,,3,,,,,,,,,,,,,,,2,,,,,,1,,,,,,,,,,,,,,,,,,,,,,,40,,,,,,1,,,1,,,,,,,,,,,,,,,2,,,,,,,1,,,,,,,,,,,,,5,,,,,,,,,,,,,,1,,1,,,,,,,,,,,1,,,,,,1,,,,,,,,,,,,,,,1,,,,,,,,,,,1,2,,,,,,,,,,,,,,,,,,,,1,10,,,1,,,,,,,,,,,,,,,,,,,,,,,,,,,,,,,,,,1,,,,,,1,,1,,1,,,
5ZoneEngChill.idf,,,,,,,3,,,,,,5,,,,6,,,,,,,,,6,,,,,1,,,,,,4,1,,,,,,,,2,,,,,,,,,,,,,,,,30,,,,,,,,,,,,,,5,,1,6,,1,,,,1,,,,,1,,,,,,,,,,,,5,,,,,,2,,,,4,,,,,,2,,,,,,1,,,,,,,,,,,,,,,,5,,,,,,1,,,,,,14,,,,,,,,,,,,,,,,,,,,,,,,,,,,,,,,,,,,,,,,,,,,,,,,,,,,,,,,,,,,,,,,,1,,,,,,,,,,,,2,,,,,,,,,,,1,1,,,,,,,,,,,,,1,,,,,,,,,,,2,27,,1,,,,,,,,,,,,,,,,,,,,,,1,,,,,,,,,,,,,,,7,,,,,,1,,,,,1,,,,,,,,,,,,,,,,,18,,,,,,,,,,,,,,,,,,,,,,,,,15,1,,,,,,,,,,,,,,,,,,,,,,10,,,,,,6,,,,,,,,,,,,,,,,,,,,,,,,,,,,,,,,2,,,,,,,,5,,,,,1,,,,,,,,,,,,,1,1,,,,,,,,,,1,5,,,,,,,,,,,,,,,,,,,,,,,,5,,,1,,,,,,,,,5,,,,1,,,,,,,1,,,,,2,,,,,,,,,,,,,,,,,,,,,1,,,1,,,,,,,,,1,,,3,,,,,,5,6,,,,1,,,,1,,,,,,,,,,,,,,,,,,,,,2,,,,,,,,,,,,,,,,,,,,1,,,,,,,,,,,,,7,,3,,,2,,,,,,,,,6,,,1,,,,,,1,,,,,,,,,,,,,,,,,,,,,,,40,,,,,,,,,1,,,,,,6,1,,,,,,,,,,6,,,,,1,,,,,,,,,,,,,5,,,,,,,,,,,,,,1,,5,,,,,,,,,,,1,,,,,2,5,,,,,,,,,,,,,,,,,,,,,,,,,,1,,,,,,,,,,,,,,,,,,,,,1,10,,,1,,,,,,,,,,,,,,,,,,,,,,,,,,,,,,,,,,1,,,,,,1,,,,1,,,
5ZoneFanCoilDOASCool.idf,,,,,,,3,,,,,,,,,,7,,,,,,,,,6,,,,,,,,,,,2,1,,,,,,,,1,,,,,,,,,,,,,,,,35,,,,,,,,,,,,,,5,,6,2,,1,,,,1,,,,,1,,,,,,,,,,,,5,2,,,,5,2,,,,4,,,,,,2,,,,,,,,,1,,,,,,,,,,,,,5,,,,,,,,,,,,14,,,,,,,,,,,,,,,,,,,,,,,,,,,,,,,,,,,,,,,,,,,,,,,5,,,,,,,,,,,,,,,,,,1,,,,,,,,,,,,2,,,,,,,,5,,,1,1,,,,,,,,,,,,,,,,,,,,,,,,2,39,,6,,,,,,,,,,,,,,,,,,,2,,,1,,,,,,,,,,,,,,,7,,,,,,,,,,,1,,,,,,,,,,,,,,,,,13,,,,,,,,,,,,,,,,,,,,,,,,,15,1,,,,,,,,,,,,,,,,,,,,,,9,,,,,,6,,,,,,,,,,,,,,,,,,,,,,1,,,,,,,,,,2,,,,,,,,5,,,,,1,,,,,,,,,,,,,1,1,,,,,,,,,,1,5,,,,,,,,,,,,,,,,,,,1,,,,,5,,,1,1,,,,,,,,5,,,,1,,,,,,,1,,,,,2,,,,,,,,,,,,,,,,,,,,,1,,,1,,,,,,,,,1,,,1,3,,,,,5,6,,,,1,,,,1,,,,,,,,,,,,,,,,,,,,,2,,,1,,,,,,,,,,,,,,,,,1,,,,,,,,,,1,,,7,,3,,,2,,,,,,,,,6,,,,,,,,,1,,,,,,,,,,,,,,,,,,,,,,,40,,,,,,,,,6,,,,,,6,1,,,,,,,,,,6,5,,,,1,,,,,,,,,,,,,5,,,,,,,,,,,,,,1,,5,,,,,,,,,,,1,,,,,2,2,,,,,,,,,,,,,,,,,,,,,,,,,,1,,,,,,,,,,,,1,,,,,,,,,1,10,,,4,,,,,,,,,,,,,,,,2,,,,,,,,,,,,,,,,,,1,,,,,,1,,,,1,,,
5ZoneFanCoilDOAS_ERVOnAirLoopMainBranch.idf,,,,,,,2,,,,,1,,,,,7,,,,,,,,,6,,,,,,,,,,,2,,,,,,,,,1,,1,,,,,,,,,,,,,,27,,,,,,,,,,,,,,5,,6,,,,,,,1,,,,,1,,,,,,,,,,,,5,2,,,,5,2,,,,4,,,,,,2,,,,,,,,,1,,,,,,,,,,,,,5,,,,,,,,,,,,10,,,,,,,,,,,,,,,,,,,,,,,,,,,,,,,,,,,,,,,,,,,,,,,5,,,,,,,,,,,,,,,,,,1,,,,,,,,,,,,2,,,,,,,,5,,,1,1,,,,,,,,,,,,,,,,,,,,,,,,2,36,,6,,,,,,,,,,,,,,,,,,,,,,,,,,,,,,,,,,,,,7,,,,,,,,,,,1,,,,,,,,,,,,,,,,,12,,,,,,,,,,,,,,,,,,,,,,,,,10,,,,,,,,,,,,,,,,,,,,,,,8,,,,,,4,,,,,,,,,,,,,,,,,,,,,,1,,,,,,,,,,2,,,,,,,,5,,,,,1,,,,,,,,,,,,,1,1,,,,,,,,,,1,5,,,,,,,,,,,,,,,,,,,1,,,,,5,,,1,1,,,,,,,,5,,,,1,,,,,,,1,,,,,2,,,,,,,,,,,,,,,,,,,,,1,,,1,,,,,,,,,1,,,,3,,,,,5,6,,,,1,,,,1,,,,,,,,,,,,,,,,,,,,,2,,,,,,,,,,,,,,,,,,,,1,,,,,,,,,,,,,5,,3,,,2,,,,,,,,,4,,,,,,,,,1,,,,,,,,,,,,,,,,,,,,,,,40,,,,,,,,,6,,,,,,6,1,,,,,,,,,,4,5,,,,1,,,,,,,,,,,,,5,,,,,,,,,,,,,,1,,5,,,,,,,,,,,1,,,,,2,1,,,,,,,,,,,,,,,,,,,,,,,,,,1,,,,,,,,,,,,1,,,,,,,,,1,10,,,4,,,,,,,,,,,,,,,,2,,,,,,,,,,,,,,,,,,1,,,,,,1,,,,1,,,
5ZoneFanCoilDOAS_HumidifierOnOASystem.idf,,,,,,,2,,,,,1,,,,,8,,,,,,,,,6,,,,,,,,,,,2,,,,,,,,,2,,1,,,,,,,,,,,,,,27,,,,,,,,,,,,,,5,,6,,,,,,,1,,,,,1,,,,,,,,,,,,5,2,,,,5,2,,,,4,,,,,,2,,,,,,,,,1,,,,,,,,,,,,,5,,,,,,,,,,,,10,,,,,,,,,,,,,,,,,,,,,,,,,,,,,,,,,,,,,,,,,,,,,,,5,,,,,,,,,,,,,,,,,,1,,,,,,,,,,,,2,,,,,,,,5,,,1,1,,,,,,,,,,,,,,,,,,,,,,,,2,42,,6,,,,,,,,,,,,,,,,,,,,,,,,,,,,,,,,,,,,,7,,,,,,,,,,,1,,,,,,,,,,,,,,,,,13,,,,,,,,,,,,,,,,,,,,,,,,,10,,,,,,,,,,,,,,,,,,,,,,,8,,,,,,4,,,,,,,,,,,,,,,,,,,,,,1,,,,,,,,,,2,,,,,,,,5,,,,,1,,,,,,,,,,,,,1,1,,,,,,,,,,1,5,,,,,,,,,,,,,,,,,,,1,,,,,5,,,1,1,,,,,,,,5,,,,1,,,,,,,1,,,,,2,,,,,,,,,,,,,,,,1,,,,,1,,,1,,,,,,,,,1,,,,3,,,,,5,6,,,,1,,,,1,,,,,,,,,,,,,,,,,,,,,2,,,,,,,,,,,,,,,,,,,,1,,,,,,,,,,,,,5,,3,,,2,,,,,,,,,4,,,,,,,,,1,,,,,,,,,,,,,,,,,,,,,,,40,,,,,,,,,6,,,,,,6,1,,,,,,,,,,4,5,,,,1,,,,,,,,,,,,,5,,,,,,,,,,,,,,1,,5,,,,,,,,,,,1,,,,,2,2,,,,,,,,,,,,,,,,,,,,,,,,,,1,,,,,,,,,,,,1,,,,,,,,,1,10,,,4,,,,,,,,,,,,,,,,2,,,,,,,,,,,,,,,,,,1,,,,,,1,,,,1,,,
5ZoneFPIU.idf,,,,,,,3,,,,,,,,,,6,,,,,,,,,6,,,,,1,,,,,,4,1,,,,,,,,2,,,,,,,,,,,,,,,,34,,,,,,,,,,,,,,5,,4,1,,1,,,,1,,,,1,1,,,,,,,,,,,,5,,,,,,2,,,,4,,,,,,2,,,,,,1,,,,,,,,,,,,,,,,5,,,,,,1,,,,,,14,,,,,,,,,,,,,,,,,,,,,,,,,,,,,,,,,,,,,,,,,,,,,,,,,,,,,,,,,,,,,,,,,1,,,,,,,,,,,,2,,,,,,,,,,,1,1,,,,,,,,,,,,,1,,,,,,,,,,,2,28,,1,,,,,,,,,,,,,,,,,,,,,,1,,,,,,,,,,,,,,,7,,,,,,,,,,,1,,,,,,,,,,,,,,,,,18,,,,,,,,,,,,,,,,,,,,,,,,,15,1,,,,,,,,,,,,,,,,,,,,,,14,,,,,,6,,,,,,,,,,,,,,,,,,,,,,,,,,,,,,,,2,,,,,,,,5,,,,,,,,,,,,,,,,,,1,,,,,,,,,,,1,5,,,,,,,,,,,,,,,,,,,4,,,,,5,,,,,,,,,,,,5,,,,1,,,,,,,1,,,,,2,,,,,,,,,,,,,,,,,,,,,1,,,1,,,,,,,,,1,,,3,1,,,,,5,6,,,,1,,1,,1,,,,,,,,,,,,,,,1,,,,,,2,,,,,,,,,,,,,,,,,,4,,1,,,,,,,,,,,,,7,,3,,,2,,,,,,,,,6,,,1,,,,,,1,,,,,,,,,,,,,,,,,,,,,,,40,,,,,,,,,1,,,,,,6,1,,,,,,,,,,6,,,,,1,,,,,,,,,,,,,5,,,,,,,,,,,,,,1,,5,,,,,,,,,,,1,,,,,2,4,,,,,,,,,,,,,,,,,,,,,,,,,,1,,,,,,,,,,,,,,,,,,,,,1,10,,,1,,,,,,,,,,,,,,,,,,,,,1,,,,,,,,,,,,,1,,,,,,1,,,,1,,,
5ZoneGeometryTransform.idf,,,,,,,,,,,,,5,,,,6,,,,,,2,,,6,,,3,,,,,,,,4,,1,,,,,,,1,,,,,,,,,,,,,,,,1,1,,,,,,,,,,,,,5,6,,1,,,,,,1,,,,,1,,,,,,,,,,,,5,,,,,,2,,,,4,,,,,,2,,,,,,1,,,,,,,,,,,,,,,,5,,,,,,1,,,,,,10,,,,,,,,,,,,,,,,,,,,,,,,,,,,,,,,,,,,,,,,,,,,,,,,,,,,,,,,,,,,,,,,,1,,,,,,,,,,,,2,,,,,,,,,,,1,1,,,,,,,,,,,,,2,,,,,,,,,,,,8,,1,,,,,,,,,,,,,,,,,,,4,,,,,,,,,,,,,,,,,,7,,,,,,,,,,,1,,,,,,,,,,,,,,,,,22,,,,,,,,,,,,,,,,,,,,,,,,,,,,,,,,,,,,,,1,,,,,,,,,,8,,,,,,,,,,,,,,,,,,,,,,,,,,,,,,,,,,,,,,1,,,,,,,,8,,,,,1,,,,,,,,,,,,,1,1,,,,,,,,,,,5,,,,,,,,,,,,,,,,,,,,3,,,,9,,,,,,,,,,,,5,1,,,1,,,,,,,1,,,,,,,,,,,,,,,,,,,,,,,,,,1,14,,1,,,,,,,,,1,,,,,,,,,5,6,,,,1,,,,1,,,,,,,,,,,,,,,,,,,,,,,,1,,,,,,,,,,,,,,,,,1,,,,,,,,,,,,,1,,3,,,,,,,,,,,,,,,2,,,,,,1,,,,,,,,,,,,,,,,,,,,,,,40,,,,,,1,,,1,,,,,,,,,,,,,,,2,,,,,,,1,,,,,,,,,,,,,5,,,,,,,,,,,,,,1,,5,,,,,,,,,,,1,,,,,,1,,,,,,,,,,,,,,,1,,,,,,,,,,,1,2,,,,,,,,,,,,,,,,,,,,1,10,,,1,,,,,,,,,,,,,,,,,,,,,,,,,,,,,,,,,,1,,,,,,1,,1,,1,,,
5ZoneIceStorage.idf,,,,,,,3,,,,,,5,,,,6,,,,,,,,,6,,,,,1,,,,,,4,1,,,,,,,,2,,,,,,,,,,,,,,,,30,,,,,,,,,,,,,,5,,1,1,,1,,,,1,,,,,1,,,,,,,,,,,,5,,,,,,2,,,,4,,,,,,2,,,,,,1,,,,,,,,,,,,,,,,5,,,,,,1,,,,,1,14,,,,,1,,,,,,,,,,,,,,,,,,,,,,,,,,,,,,,,,,,,,,,,,,,,,,,,,,,,,,,,,,,,1,,,,,,,,,,,,2,,,,,,,,,,,1,1,,,,,,,,,,,,,2,,,,,,,,,,,2,29,,1,,,,,,,,,,,,,,,,,,,,,,1,,,,,,,,,,,,,,,7,,,,,,,,,,,1,,,,,,,,,,,,,,,,,23,,,,,,,,,,,,,,,,,,,,,,,,,15,1,,,,,,,,,,,,,,,,,,,,,,9,,,,,,6,,,,,,,,,,,,,,,,,,,,,,,6,,,,,,,,,2,,,,,,,,5,,,,,1,,,,,,,,,,,,,1,1,,,,,,,,,,1,5,,,,,,,,,,,,,,,,,,,,,,,,5,,,,,,,,,,,,5,,,,1,,,,,,,1,,,,,1,,,,,,,,1,,,,,,,,,,,,,1,2,,1,,,,,,,,,1,,,2,,,,,,5,6,,,,1,,,,1,,,,,,,,,,,,,,,,,,,,,1,,,,,,,,,,,,,,,,,,,,1,,,,,,,,,,,,,7,,3,,,2,,,,,,,,,6,,,2,,,,,,1,,,,,,,,,,,,,,,,,,,,,,,40,,,,,,,,,1,,,,,,6,1,,,,,,,,,,6,,,,,1,1,,,,,,,,,,,,5,,,,,,,,,,,,,,1,,5,,,,,,,,,,,1,,,,,2,5,,,,,,,,,,,,,,,,,,,,,,,,,,1,,,,,,,,1,,,,,,,,,,,,,1,10,,,1,,,,,,,,,,,,,,,,1,,,,,1,,,,,,,,,,,,,1,,,,,,1,,,,1,,,
5ZoneIceStorage_autosized.idf,,,,,,,3,,,,,,5,,,,6,,,,,,,,,6,,,,,1,,,,,,4,1,,,,,,,,2,,,,,,,,,,,,,,,,30,,,,,,,,,,,,,,5,,1,1,,1,,,,1,,,,,1,,,,,,,,,,,,5,,,,,,2,,,,4,,,,,,2,,,,,,1,,,,,,,,,,,,,,,,5,,,,,,1,,,,,1,14,,,,,1,,,,,,,,,,,,,,,,,,,,,,,,,,,,,,,,,,,,,,,,,,,,,,,,,,,,,,,,,,,,1,,,,,,,,,,,,2,,,,,,,,,,,1,1,,,,,,,,,,,,,2,1,,,,,,,,,,2,34,,1,,,,,,,,,,,,,,,,,,,,,,1,,,,,,,,,,,,,,,7,,,,,,,,,,,1,,,,,,,,,,,,,,,,,25,,,,,,,,,,,,,,,,,,,,,,,,,15,1,,,,,,,,,,,,,,,,,,,,,,9,,,,,,6,,,,,,,,,,,,,,,,,,,,,,,6,,,,,,,,,2,,,,,,,,5,,,,,1,,,,,,,,,,,,,1,1,,,,,,,,,,1,5,,,,,,,,,,,,,,,,,,,,,,,,5,,,,,,,,,,,,5,,,,1,,,,,,,1,,,,,1,,,,,,,,1,,,,,,,,,,,,,1,2,,1,,,,,,,,,1,,,2,,,,,,5,6,,,,1,,,,1,,,,,,,,,,,,,,,,,,,,,1,,,,,,,,,,,,,,,,,,,,1,,,,,,,,,,,,,7,,3,,,2,,,,,,,,,6,,,2,,,,,,1,,,,,,,,,,,,,,,,,,,,,,,40,,,,,,,,,1,,,,,,6,1,,,,,,,,,,6,,,,,1,1,,,,,,,,,,,,5,,,,,,,,,,,,,,1,,5,,,,,,,,,,,1,,,,,2,5,,,,,,,,,,,,,,,,,,,,,,,,,,1,,,,,,,,2,,,,,,,,,,,,,1,10,,,1,,,,,,,,,,,,,,,,1,,,,,1,,,,,,,,,,,,,1,,,,,,1,,,,1,,,
5ZoneNightVent1.idf,,,,,,,3,,,,,,5,,,,6,,,,,,,,,6,,,,,1,,,,,,4,1,,,,,,,,1,,,,,,,,,,,,,,,,30,,,,,,,,,,,,,,5,,,1,,1,,,,1,,,,,1,,,,,,,,,,,,5,,,,,,2,,,,4,,,,,,2,,,,,,1,,,,,,,,,,,,,,,,5,,,,,,1,,,,,,14,,,,,,,,,,,,,,,,,,,,,,,,,,,,,,,,,,,,,,,,,,,,,,,,,,,,,,,,,,,,,,,,,1,,,,,,,,,,,,2,,,,,,,,,,,1,1,,,,,,,,,,,,,1,,,,,,,,,,,2,9,,1,,,,,,,,,,,,,,,,,,,,,,1,,,,,,,,,,,,,,,7,,,,,,,,,,,1,,,,,,,,,,,,,,,,,18,,,,,,,,,,,,,,,,,,,,,,,,,15,1,,,,,,,,,,,,,,,,,,,,,,10,,,,,,6,,,,,,,,,,,,,,,,,,,,,,,,,,,,,,,,2,,,,,,,,5,,,,,,,,,,,,,,,,,,1,1,,,,,,,,,,1,5,,,,,,,,,,,,,,,,,,,,,,,,5,,,,,,,,,,,,5,,,,1,,,,,,,1,,,,,2,,,,,,,,,,,,,,,,,,,,,1,,,1,,,,,,,,,1,,,3,,,,,,5,6,,,,1,,,,1,,,,,,,,,,,,,,,1,,,,,,2,,,,,,,,,,,,,,,,,,,,1,,,,,,,,,,,,,7,,3,,,2,,,,,,,,,6,,,1,,,,,,1,,,,,,,,,,,,,,,,,,,,,,,40,,,,,,,,,1,,,,,,6,1,,,,,,,,,,6,,,,,1,,,,,,,,,,,,,5,,,,,,,,,,,,,,1,,5,,,,,,,,,,,1,,,,,2,5,,,,,,,,,,,,,,,,,,,,,,,,,,1,,,,,,,,,,,,,,,,,,,,,1,10,,,1,,,,,,,,,,,,,,,,,,,,,1,,,,,,,,,,,,,1,,,,,,1,,,,1,,,
5ZoneNightVent2.idf,,,,,,,3,,,,,,5,,,,6,,,,,,,,,6,,,,,1,,,,,,4,1,,,,,,,,1,,,,,,,,,,,,,,,,30,,,,,,,,,,,,,,6,,,1,,1,,,,1,,,,,1,,,,,,,,,,,,5,,,,,,2,,,,4,,,,,,2,,,,,,1,,,,,,,,,,,,,,,,5,,,,,,1,,,,,,14,,,,,,,,,,,,,,,,,,,,,,,,,,,,,,,,,,,,,,,,,,,,,,,,,,,,,,,,,,,,,,,,,1,,,,,,,,,,,,2,,,,,,,,,,,1,1,,,,,,,,,,,,,1,,,,,,,,,,,2,9,,1,,,,,,,,,,,,,,,,,,,,,,1,,,,,,,,,,,,,,,7,,,,,,,,,,,1,,,,,,,,,,,,,,,,,25,,,,,,,,,,,,,,,,,,,,,,,,,15,1,,,,,,,,,,,,,,8,,,,,,,,10,,,,,,6,,,,,,,,,,,,,,,,,,,,,,,,,,,,,,,,2,,,,,,,,5,,,,,,,,,,,,,,,2,,,1,1,,,,,2,,,,,1,5,,,,,,,,,,,,,,,,,,,,,,,,5,,,,,,,,,,,,5,,,,1,,,,,,,1,,,,,2,,,,,,,,,,,,,,,,,,,,,1,,,1,,,,,,,,,1,,,3,,,,,,5,6,,,,1,,,,1,,,,,,,,,,,,,,,1,,,,,,2,,,,,,,,,,,,,,,,,,,,1,,,,,,,,,,,,,7,,3,,,2,,,,,,,,,6,,,1,,,,,,1,,,,,,,,,,,,,,,,,,,,,,,40,,,,,,,,,1,,,,,,6,1,,,,,,,,,,6,,,,,1,,,,,,,,,,,,,5,,,,,,,,,,,,,,1,,5,,,,,,,,,,,1,,,,,2,5,,,,,,,,,,,,,,,,,,,,,,,,,,1,,,,,,,,,,,,,,,,,,,,,1,10,,,1,,,,,,,,,,,,,,,,,,,,,1,,,,,,,,,,,,,1,,,,,,1,,,,1,,,
5ZoneNightVent3.idf,,,,,,,3,,,,,,5,,,,6,,,,,,,,,6,,,,,1,,,,,,4,1,,,,,,,,1,,,,,,,,,,,,,,,,30,,,,,,,,,,,,,,5,,,1,,1,,,,1,,,,,1,,,,,,,,,,,,5,,,,,,2,,,,4,,,,,,2,,,,,,1,,,,,,,,,,,,,,,,5,,,,,,1,,,,,,14,,,,,,,,,,,,,,,,,,,,,,,,,,,,,,,,,,,,,,,,,,,,,,,,,,,,,,,,,,,,,,,,,1,,,,,,,,,,,,2,,,,,,,,,,,1,1,,,,,,,,,,,,,1,,,,,,,,,,,2,17,,1,1,,,,,,,,,,,,,,,,,,,,,1,,,,,,,,,,,,,,,7,,,,,,,,,,,1,,,,,,,,,,,,,,,,,20,,,,,,,,,,,,,,,,,,,,,,,,,15,1,,,,,,,,,,,,,,,,,,,,,,10,,,,,,6,,,,,,,,,,,,,,,,,,,,,,,,,,,,,,,,2,,,,,,,,5,,,,,,,,,,,,,,,,,,1,,,,,,,,,,,1,5,,,,,,,,,,,,,,,,,,,,,,,,5,,,,,,,,,,,,5,,,,1,,,,,,,1,,,,,2,,,,,,,,,,,,,,,,,,,,,1,,,1,,,,,,,,,1,,,3,,,1,,,5,6,,,,,,,,1,,,,,,,,,,,,,,,1,,,,,,2,,,,,,,,,,,,,,,,,,,,1,,,,,,,,,,,,,7,,3,,,2,,,,,,,,,6,,,1,,,,,,1,,,,,,,,,,,,,,,,,,,,,,,40,,,,,,,,,1,,,,,,6,1,,,,,,,,,,6,,,,,1,,,,,,,,,,,,,5,,,,,,,,,,,,,,1,,5,,,,,,1,,,,,1,,,,,2,5,,,,,,,,,,,,,,,,,,,,,,,,,,1,,,,,,,,,,,,,,,,,,,,,1,10,,,1,,,,,,,,,,,,,,,,,,,,,1,,,,,,,,,,,,,1,,,,,,1,,,,1,,,
5ZoneReturnFan.idf,,,,,,,3,,,,,,5,,,,6,,,,,,,,,6,,,,,1,,,,,,4,1,,,,,,,,2,,,,,,,,,,,,,,,,30,,,,,,,,,,,,,,5,,1,1,,1,,,,1,,,,,1,,,,,,,,,,,,5,,,,,,2,,,,4,,,,,,2,,,,,,1,,,,,,,,,,,,,,,,5,,,,,,1,,,,,,14,,,,,,,,,,,,,,,,,,,,,,,,,,,,,,,,,,,,,,,,,,,,,,,,,,,,,,,,,,,,,,,,,1,,,,,,,,,,,,2,,,,,,,,,,,1,1,,,,,,,,,,,,,1,,,,,,,,,,,2,23,,1,,,,,,,,,,,,,,,,,,,,,,1,,,,,,,,,,,,,,,7,,,,,,,,,,,1,,,,,,,,,,,,,,,,,18,,,,,,,,,,,,,,,,,,,,,,,,,15,1,,,,,,,,,,,,,,,,,,,,,,10,,,,,,6,,,,,,,,,,,,,,,,,,,,,,,,,,,,,,,,2,,,,,,,,5,,,,,1,,,,,,,,,,,,,1,2,,,,,,,,,,1,5,,,,,,,,,,,,,,,,,,,,,,,,5,,,,,,,,,,,,5,,,,1,,,,,,,1,,,,,2,,,,,,,,,,,,,,,,,,,,,1,,,1,,,,,,,,,1,,,3,,,,,,5,6,,,,1,,,,1,,,,,,,,,,,,,,,,,,,,,2,,,,,,,,,,,,,,,,,,,,1,,,,,,,,,,,,,7,,3,,,2,,,,,,,,,6,,,1,,,,,,1,,,,,,,,,,,,,,,,,,,,,,,40,,,,,,,,,1,,,,,,6,1,,,,,,,,,,6,,,,,1,,,,,,,,,,,,,5,,,,,,,,,,,,,,1,,5,,,,,,,,,,,1,,,,,2,5,,,,,,,,,,,,,,,,,,,,,,,,,,1,,,,,,,,,,,,,,,,,,,,,1,10,,,1,,,,,,,,,,,,,,,,,,,,,1,,,,,,,,,,,,,1,,,,,,1,,,,1,,,
5ZoneSteamBaseboard.idf,,,,,,,2,,,,,1,3,,,,6,,,,,,,,,6,,,,,,,,,,,4,,,,,,,,,2,,,,,,,,,,,,,,,,21,,,,,,,,,,,,,,5,,,,,,,,,1,,,,,1,,,,,,,,,,,,5,,,,,,2,,,,4,,,,,,2,,,,,,1,,,,,,,,,,4,,,,,,5,,,,,,1,,,,,,,,,,,,,,,,,,,,,,,,,,,,,,,,,,,,,,,,,,,,,4,,,,,,,,,,,,,,,,,,,,,,1,,,,1,,,,,,,,,,,,2,,,,,,,,2,,,1,1,,,,,,,,,,,,,,,,,,,,,,,,2,24,,1,,,,,,,,,,,,,,,,,,,,,,,,,,,,,,,,,,,,,7,1,,,,,,,,,,1,,,,,,,,,,,,,,,,,19,,,,,,,,,,,,,,,,,,,,,,,,,5,,,,,,,,,,,,,,,,,,,,,,,7,,,,,,4,,,,,,,,,,,,,,,,,,,,,,,,,,,,,,,,2,,,,,,,,5,,,,,1,,,,,,,,,,,,,1,1,,,,,,,,,,,5,,,,,,,,,,,,,,,,,,,,,,,,5,,,,,,,,,,,,5,,,,1,,,,,,,1,,,,,2,,,,,,,,,,,,,,,,,,,,,1,7,,1,,,,,,,,,1,,,1,,,,,,5,6,,,,1,,,,1,,,,,,,,,,,,,,,1,,,,,,1,,,,,,,,,,,,,,,,,,,,1,,,,,,,,,,,,,5,,3,,,1,,,,,,,,,4,2,,,,,,,,1,,,,,,,,,,,,,,,,,,,,,,,44,,,,,,,,,1,,,,,,,1,,1,,,,,,,,4,,,,,5,,,,,,,,,,,,,5,,,,,,,,,,,,,,1,,5,,,,,,,,,,,1,,,,,2,5,,,,,,,,,,,,,,,,,,,,,,,,,,1,,,,,,,,,,,,,,,,,,,,,1,10,,,2,,,,,,,,,,,,,,,,,,,,,,,,,,,,,,,,,,1,,,,,,1,,,,1,,,
5ZoneSupRetPlenRAB.idf,,,,,,,3,,,,,,1,,,,6,,,,,,,,,7,,,,,1,,,,,1,4,1,,,,,,,,2,,,,,,,,,,,,,,,,33,,,,,,,,,,,,,,5,,,1,,1,,,,1,,,,,1,9,,,,,,,,,,,5,,,,,,2,,,,4,,,,,,2,,,,,,1,,,,,,,,,,,,,,,,5,,,,,,1,,,,,,12,,,,,1,,,,,,,,,,1,,,,,,,,,,,,,,,,,,,,,,,,,,,,,,,,,,,,,,,,,,,,,,,,,,1,,,,,,,,,,,,2,,,,,,,,,,,1,1,,,,,,,,,,,,,,,,,,,,,,,,2,30,,1,,,,,,,,,,,,,,,,,,,,,,1,,,,,,,,,,,,,,,7,,,,,,,,,,,1,,,,,,,,,,,,,,,,,21,,,,,,,,,,,,,,,,,,,,,,,,4,15,1,,,,,,,,,,,,,,,,,,,,,,8,,,,,,7,,,,,,,,,,,,,,,,,,,,,,1,,,,,,,,,,2,,,,,,,,5,,,,,1,,,,,,,,,,,,,1,5,,,,,,,,,,1,5,,,,,,,,,,,,,,,,,,,,,,,,5,,,,,,,,,,,,5,,,,1,,,,,,,1,,,,,2,,,,,,,,,,,,,,,,,,,,,1,14,,1,,,,,,,,,1,,,3,,,,,2,5,6,,,,1,,,,1,,,,,,,,,,,,,,,1,,,,,,2,,,,,,,,,,,,,,,,,,,,1,,,,,,,,,,,,,7,,3,,,2,,,,,,,,,7,,,,,,,,,1,,,,,,,,,,,,,,,,,,,,,,,50,,,,,,,,,1,,,,,,6,1,,,,,,,,,,7,,,,,1,,,,,,,,,,,,,5,,,,,,,,,,,,,,1,,5,,,,,,,,,,,1,,,,,2,6,,,,,,,,,,,,,,,,,,,,,,,,,,1,,,,,,,,,,,,,,,,,,,,,1,10,,,,,,,,,,,,,,,,,,,,,,,,1,,,,,,,,,,,,,1,,,,,,1,,,,1,,,
5ZoneSupRetPlenVSATU.idf,,4,,,,,3,,,,,,1,,,,6,,,,,,,,,7,,,,,1,,,,,,4,1,,,,,,,,2,,,,,,,,,,,,,,,,30,,,,,,,,,,,,,,5,,,1,,1,,,,1,,,,,1,,,,,,,,,,,,5,,,,,,2,,,,4,,,,15,,2,,,,,,1,,,,,,,,,,,,,,,,5,,,,,,1,,,,,,14,,,,,1,,,,,,,,,,1,,,,,,,,,,,,,,,,,,,,,,,,,,,,,,,,,,,,,,,,,,,,,,,,,,1,,,,,,,,,,,,2,,,,,,,,,,,,1,,,,,,,,,,,,,1,,,,,,,,,,,2,25,,1,,,,,,,,,,,,,,,,,,,,,,1,,,,,,,,,,,,,,,7,,,,,,,,,,,1,,,,,,,,,,,,,,,,,19,,,,,,,,,,,,,,,,,,,,,,,,4,15,1,,,,,,,,,,,,,,,,,,,,,,10,,,,,,6,,,,,,,,,,,,,,,,,,,,,,,,,,,,,,,,2,,,5,,,,,5,,,,,1,,,,,,,,,,,,,1,1,,,,,,,,,,1,5,,,,,,,,,,,,,,,,,,,,,,,,5,,,,,,,,,,,,5,,,,1,,,,,,,1,,,,,2,,,,,,,,,,,,,,,,,,,,1,1,,,1,,,,,,,,,1,,,3,,,4,,,5,6,,,,1,,,,1,,,,,,,,,,,,,,,1,,,,,,2,,,,,,,,,,,,,,,,,,,,1,,,,,,,,,,,,,7,,3,,,2,,,,,,,,,6,,,1,,,,,,1,,,,,,,,,,,,,,,,,,,,,,,50,,,,,,,,,1,,,,,,6,1,,,,,,,,,,6,,,,,1,,,,,,,,,,,,,5,,,,,,,,,,,,,,1,,5,,,,,,1,,,,,1,,,,,2,5,,,,,,,,,,,,,,,,,,,,,,,,,,1,,,,,,,,,,,,,,,,,,,,,1,10,,,1,,,,,,,,,,,,,,,,,,,,,1,,,,,,,,,,,,,1,,,,,,1,,,,1,,,
5ZoneSwimmingPool.idf,,,,,,,2,,,,,,5,,,,6,,,,,,,,,6,,,,,,,,,,,4,,,,,,,,,1,,,,,,,,,,,,,,,,25,,,,,,,,,,,,,,5,,2,1,,1,,,,1,,,,,1,,,,,,,,1,,,,5,,,,,,2,,,,4,,,,,,2,,,,,,1,,,,,,,,,,,,,,,,5,,,,,,1,,,,,,20,,,,,1,,,,,,,,,,,,,,,,,,,,,,,,,,1,,,,,,,,,,,,,,,,,,,,,,,,,,,,,,,,,,1,1,,,,,,,,,,,2,,,,,,,,,,,1,1,,,,,,,,,,,,,3,,,,,,,,,,,2,65,,1,,,,,,,,,,,,,,,,,,,,,,,,,,,,,,,,,,,,,7,,,,,,,,,,,1,,,,,,,,,,,,,,,,,30,,,,,,,,,,,,,,,,,,,,,,,,,10,,,,,,,,,,,,,,,,,,,,,,,2,,,,,,4,,,,,,,,,,,,,,,,,,,,,,,,,,,,,,,,2,,,,,,,,5,,,,,1,,,,,,,,,,,,,1,1,,,,,,,,,,,5,,,,,,,,,,,,,,,,,,,,,,,,5,,,1,,,,,,,,,5,,,,1,,,,,,,1,,,,,2,,,,,,,,,,,,,,,,,,,,,1,,,1,,,,,,,,,2,,,2,,,,,,5,6,,,,1,,,,1,,,,,,,,,,,,,,,,,,2,,,1,,,1,,,,,,,,,,,,,,,,,1,,,,,,,,,,,,,5,,3,,,4,,,,,,,,,4,,,3,,,,,,1,,,,,,,,,,,,,,,,,,,,,,,40,,,,,,,,,1,,,,,,7,1,,,,,,,,,,4,,,,,2,,,,,,,,,,,,,5,,,,,,,,,,,,,,1,,5,,,,,,,,,,,1,,,,,2,7,,,,,,,,,,,,,,,,,,,,,,,,,,1,,,,,,,,,,,,,,,,,,,,,1,10,,,1,,,,,,,,,,,,,,,,,,,,,1,,,,,,,,,,,,,1,,,,,,1,,,,1,,,
5ZoneSwimmingPoolZoneMultipliers.idf,,,,,,,2,,,,,,5,,,,6,,,,,,,,,6,,,,,,,,,,,4,,,,,,,,,1,,,,,,,,,,,,,,,,25,,,,,,,,,,,,,,5,,2,1,,1,,,,1,,,,,1,,,,,,,,1,,,,5,,,,,,2,,,,4,,,,,,2,,,,,,1,,,,,,,,,,,,,,,,5,,,,,,1,,,,,,20,,,,,1,,,,,,,,,,,,,,,,,,,,,,,,,,1,,,,,,,,,,,,,,,,,,,,,,,,,,,,,,,,,,1,1,,,,,,,,,,,2,,,,,,,,,,,1,1,,,,,,,,,,,,,3,,,,,,,,,,,2,26,,1,,,,,,,,,,,,,,,,,,,,,,,,,,,,,,,,,,,,,7,,,,,,,,,,,1,,,,,,,,,,,,,,,,,30,,,,,,,,,,,,,,,,,,,,,,,,,10,,,,,,,,,,,,,,,,,,,,,,,2,,,,,,4,,,,,,,,,,,,,,,,,,,,,,,,,,,,,,,,2,,,,,,,,5,,,,,1,,,,,,,,,,,,,1,1,,,,,,,,,,,5,,,,,,,,,,,,,,,,,,,,,,,,5,,,1,,,,,,,,,5,,,,1,,,,,,,1,,,,,2,,,,,,,,,,,,,,,,,,,,,1,,,1,,,,,,,,,2,,,2,,,,,,5,6,,,,1,,,,1,,,,,,,,,,,,,,,,,,2,,,1,,,1,,,,,,,,,,,,,,,,,1,,,,,,,,,,,,,5,,3,,,4,,,,,,,,,4,,,3,,,,,,1,,,,,,,,,,,,,,,,,,,,,,,40,,,,,,,,,1,,,,,,7,1,,,,,,,,,,4,,,,,2,,,,,,,,,,,,,5,,,,,,,,,,,,,,1,,5,,,,,,,,,,,1,,,,,2,7,,,,,,,,,,,,,,,,,,,,,,,,,,1,,,,,,,,,,,,,,,,,,,,,1,10,,,1,,,,,,,,,,,,,,,,,,,,,1,,,,,,,,,,,,,1,,,,,,1,,,,1,,,
5ZoneSystemNodeReset.idf,,,,,,,2,,,,,,5,,,,6,,,,,,,,,6,,,,,,,,,,,2,,,,,,,,,2,,,,,,,,,,,,,,,,22,1,,,,,,,,,,,,,5,1,1,4,,1,,,,1,,,,,,,,,,,,,,,,,5,,,,,,2,,,,2,,,,,,2,,,,,,1,,,,,,,,,,,,,,,,5,,,,,,1,,,,,,20,,,,,,,,,,,,,,,,,,,,,,,,,,,,,,,1,,,,,,,,,3,,,,,,,,,,,,,,,,,,,,,,,,,,1,,,,,,,,,,,2,,,,,,,,5,,,2,2,,,,,,,,,,,,,2,,,,,,,,,,,2,33,,2,,,,,,,,,,,,,,,,,,,4,,,,,,,,,,,,,,,,,,7,,,,,,,,,,,1,,,,,,,,,,,,,,2,,,19,,,,,,,,,,,,,,,,,,,,1,,,,,10,,,,,,,,,,,,,,,,,,,,,,,8,,,,,,4,,,,,,,,,,,,,,,,,,,,,,,,,,,,,,,,1,,,,,,,,5,,,,,1,,,,,,,,,,,,,1,2,,,,,,,,,,,10,,,,,,,,,,,,,,,,,,,,,,,,5,,,1,,,,,,,,,5,,,,1,,,,,,,1,,,,,2,,,,,,,,,,,,,,,,,,,,,1,,,1,,,,,,,,,3,,,2,,,,,,5,6,,,,2,,,,1,,,,,,,,,,,,,,,,,,2,,,1,,,1,,,,,,,,,,,,,,,,,,,,,,,,,,,,,,6,,1,,,1,,,,,,,,,4,,,2,,,,,,1,,,,,,,,,,,,,,,,4,,,,,,,40,,,,,,,,,,,,,,,5,1,,,,,,,,,,4,,,,,1,,,,,,,,,,,,,5,,,,,,,,,,,,,,1,,5,1,,,,,,,,,,1,,,,,2,4,,,,,,,,,,,,,,,,,,,,,,,,,,1,1,,,,,,,,,,,,,,,,,,,,1,10,,,1,,,,,,,,,,,,,,,,,,,,,1,,,,,,,,,,,,,2,,,,,,1,,,,2,,,
5ZoneTDV.idf,,,,,,,2,1,,,,,5,,,,6,,,,,,,,,6,,,,,,,,,,,4,,,,,,,,,1,,,,,,,,,,,,,,,,22,,,,,,,,,,,,,,5,,1,1,,1,,,,1,,,,,1,55,,,,,,,,,,,5,,,,,,2,,,,4,,,,,,2,,,,,,1,,,,,,,,,,,,,,,,5,,,,,,1,,,,,,14,,,,,,,,,,,,,,,,,,,,,,,,,,,,,,,,,,,,,,,,,,,,,,,,,,,,,,,,,,,,,,,,,1,,,,,,,,,2,,,2,,,,,,,,,,,1,1,,,,,,,,,,,,,2,,,,,,,,,,,2,21,,1,,,,,,,,,,1,,,,,,,,,,,,,,,,,,,,,,,,,,,7,,,,,,,,,,,1,,,,,,,,,,,,,,,,,20,,,,,,,,,,,,,,,,,,,,,,,,,10,,,,,,,,,,,,,,,,,,,,,,,2,,,,,,4,,,,,,,,,,,,,,,,,,,,,,,,,,,,,,,,2,,,,,,,,5,,,,,,,,,,,,,,,,,,1,1,,,,,,,,,,,5,,,,,,,,,,,,,,,,,,,,,2,,,5,,,,,,,,,,,,5,,,,1,,,,,,,1,,,,,2,,,,,,,,,,,,,,,,,,,,,1,,,1,,,,,,,,,1,,,2,,,,,,5,6,,,,1,,,,1,,,,,,,,,,,,,,,,,,,,,1,,,1,,,,,,,,,,,,,,,,,1,,,,,,,,,,,,,5,,3,,,2,,,,,,,,,4,,,2,,,,,,1,,,,,,,,,,,,,,,,,,,,,,,40,,,,,,,,,1,,,,,,6,1,,,,,,,,,,4,,,,,1,,,,,,,,,,,,,5,,,,,,,,,,,,,,1,,5,,,,,,,,,,,1,,,,,2,5,,,,,,,,,,,,,,,,,,,,,,,,,,1,,,,,,,,,,,,,,,,,,,,,1,10,,,1,,,,,,,,,,,,,,,,,,,,,1,,,,,,,,,,,,,1,,,,,,1,,,,1,,,
5ZoneVAV-ChilledWaterStorage-Mixed.idf,,,,,,,5,,,,,,5,,,,7,,,,,,,,,5,,,1,,1,,,,,,8,1,,,,,,,,1,,,,,,,,,,,,,,,,52,,,,,1,,,,,,,,,5,,1,2,,1,,,,1,18,,,,1,7,,,,,,,,,,,5,,,,,,,,,,4,,,,,,2,,,,,,1,,,,,,,,,,,,,,,,5,,,,,,,,,,,,,,,,1,1,,1,,,,,,,,,2,,,,,,,,38,,,1,,,,,,,,,,,,,,,,,,,,5,,,,,,,,,,,,,,,,1,,1,,,,,,,,,,,,3,,,,,,,,,,,1,1,,,,,,,,,,,,,,,,,,,,,,5,,4,34,,1,,,,,,,,,,,,,,,,,,,2,,,1,,,,,,,,,,,,,,,10,,1,,,,,,1,,,1,,,,,,,,,,,,,,,,,45,,,,,,,,,,,,,,,,,,,,,,,,,25,1,,,,,,,,,,,,,,,,,,,,,,6,,,,,,10,,,,,,,,,,,,,,,,,,,,,,,,,,,,,,,,2,,,,,5,,,5,,,,,1,,,,,,,,,,,,,1,1,,,,,,,,,,1,5,,,,,,,1,,,,,,,,,,,,1,5,,,,5,,,1,,,,,,,,,5,,,,1,,,,,,,1,,,,,5,,,,,,,,,,,,,,,,,,,,,1,,,1,,,,,,,,,1,,,4,1,,,,,10,12,,,,,,,,1,,,,,,10,,,,,,,,,,,,,,,3,,,,,,,,3,,,,,,,,,,,,1,,,,,,,,,,2,,,11,,1,,,2,,,,,,,,,10,,,,,,,,,1,,,,,,,,,,,,,,,,,,,,,,,30,,,,,,,,,1,,,,,,6,2,,,,,,,,,,10,,,,,5,,,5,,,,,,,,,,5,,,,,,,,,,,,,,1,,5,,,,,,,,,,5,1,,3,,,4,5,,,,,,,,,,,,,,,,,,,,,,,,,,1,,,,,,,,,,,,,,,,,,,,,1,15,,,3,,,,,,,,,,,,,,,,1,,,,,,,,,,,,,,,,,,1,,,,,,1,,,,1,,,
5ZoneVAV-ChilledWaterStorage-Mixed_DCV_MaxZd.idf,,,,,,,5,,,,,,4,,,,7,,,,,,,,,5,,,1,,1,,,,,,8,1,,,,,,,,1,,,,,,,,,,,,,,,,52,,,,,1,,,,,,,,,5,,1,2,,1,,,,1,18,,,1,1,7,,,,,,,,,,,5,,,,,,,,,,4,,,,,,2,,,,,,1,,,,,,,,,,,,,,,,5,,,,,,,,,,,,,,,,1,1,,1,,,,,,,,,2,,,,,,,,38,,,1,,,,,,,,,,,,,,,,,,,,1,,,,,,,,,,,,,,,,1,,1,,,,,,,,,,,,3,,,,,,,,,,,1,1,,,,,,,,,,,,,,,,,,,,,,5,,4,35,,1,,,,,,,,,,,,,,,,,,,2,,,1,,,,,,,,,,,,,,,10,,1,,,,,,1,,,1,,,,,,,,,,,,,,,,1,43,,,,,,,,,,,,,,,,,,,,,,,,,25,1,,,,,,,,,,,,,,,,,,,,,,7,,,,,,10,,,,,,,,,,,,,,,,,,,,,,,,,,,,,,,,2,,,,,5,,,5,,,,,1,,,,,,,,,,,,,1,1,,,,,,,,,,1,5,,,,,,,1,,,,,,,,,,,,2,5,,,,5,,,1,,,,,,,,,5,,,,1,,,,,,,1,,,,,5,,,,,,,,,,,,,,,,,,,,,1,,,1,,,,,,,,,1,,,4,1,,,,,10,12,,,,,,,,1,,,,,,10,,,,,,,,,,,,,,,3,,,,,,,,3,,,,,,,,,,,,1,,,,,,,,,,2,,,11,,1,,,2,,,,,,,,,10,,,,,,,,,1,,,,,,,,,,,,,,,,,,,,,,,30,,,,,,,,,1,,,,,,6,2,,,,,,,,,,10,,,,,5,,,5,,,,,,,,,,5,,,,,,,,,,,,,,1,,5,,,,,,,,,,5,1,,3,,,4,5,,,,,,,,,,,,,,,,,,,,,,,,,,1,,,,,,,,,,,,,,,,,,,,,1,15,,,3,,,,,,,,,,,,,,,,1,,,,,,,,,,,,,,,,,,1,,,,,,1,,,,1,,,
5ZoneVAV-ChilledWaterStorage-Mixed_DCV_MultiPath.idf,,,,,,,5,,,,,,4,,,,7,,,,,,,,,5,,,1,,1,,,,,,8,1,,,,,,,,1,,,,,,,,,,,,,,,,52,,,,,1,,,,,,,,,5,,1,2,,1,,,,1,18,,,1,1,7,,,,,,,,,,,5,,,,,,,,,,4,,,,,,2,,,,,,1,,,,,,,,,,,,,,,,5,,,,,,,,,,,,,,,,1,1,,1,,,,,,,,,2,,,,,,,,39,,,1,,,,,,,,,,,,,,,,,,,,1,,,,,,,,,,,,,,,,1,,1,,,,,,,,,,,,3,,,,,,,,,,,1,1,,,,,,,,,,,,,,,,,,,,,,5,,4,35,,1,,,,,,,,,,,,,,,,,,,2,,,1,,,,,,,,,,,,,,,10,,1,,,,,,1,,,1,,,,,,,,,,,,,,,,1,43,,,,,,,,,,,,,,,,,,,,,,,,,25,1,,,,,,,,,,,,,,,,,,,,,,7,,,,,,10,,,,,,,,,,,,,,,,,,,,,,,,,,,,,,,,2,,,,,5,,,5,,,,,1,,,,,,,,,,,,,1,1,,,,,,,,,,1,5,,,,,,,1,,,,,,,,,,,,2,5,,,,5,,,1,,,,,,,,,5,,,,1,,,,,,,1,,,,,5,,,,,,,,,,,,,,,,,,,,,1,,,1,,,,,,,,,1,,,4,1,,,,,10,12,,,,,,,,1,,,,,,10,,,,,,,,,,,,,,,3,,,,,,,,3,,,,,,,,,,,,1,,,,,,,,,,2,,,11,,1,,,2,,,,,,,,,10,,,,,,,,,1,,,,,,,,,,,,,,,,,,,,,,,30,,,,,,,,,1,,,,,,6,2,,,,,,,,,,10,,,,,5,,,5,,,,,,,,,,5,,,,,,,,,,,,,,1,,5,,,,,,,,,,5,1,,3,,,4,5,,,,,,,,,,,,,,,,,,,,,,,,,,1,,,,,,,,,,,,,,,,,,,,,1,15,,,3,,,,,,,,,,,,,,,,1,,,,,,,,,,,,,,,,,,1,,,,,,1,,,,1,,,
5ZoneVAV-ChilledWaterStorage-Stratified.idf,,,,,,,5,,,,,,5,,,,7,,,,,,,,,5,,,1,,1,,,,,,8,1,,,,,,,,1,,,,,,,,,,,,,,,,50,,,,,,,,,,,,,,5,,1,2,,1,,,,1,18,,,,1,7,,,,,,,,,,,5,,,,,,,,,,4,,,,,,2,,,,,,1,,,,,,,,,,,,,,,,5,,,,,,,,,,,,,,,,1,1,,1,,,,,,,,,2,,,,,,,,38,,,1,,,,,,1,,,,,,,,,,,,,,5,,,,,,,,,,,,,,,,1,,1,,,,,,,,,,,,3,,,,,,,,,,,1,1,,,,,,,,,,,,,,,,,,,,,,5,,4,66,,1,,,,,,,,,,,,,,,,,,,2,,,1,,,,,,,,,,,,,,,10,,1,,,,,,1,,,1,,,,,,,,,,,,,,,,,44,,,,,,,,,,,,,,,,,,,,,,,,,25,1,,,,,,,,,,,,,,,,,,,,,,6,,,,,,10,,,,,,,,,,,,,,,,,,,,,,,,,,,,,,,,2,,,,,5,,,5,,,,,1,,,,,,,,,,,,,1,1,,,,,,,,,,1,5,,,,,,,1,,,,,,,,,,,,1,5,,,,5,,,1,,,,,,,,,5,,,,1,,,,,,,1,,,,,4,,,,,,,,,,,,,,,,,,,,,1,,,1,,,,,,,,,1,,,4,1,,,,,10,12,,,,,,,,1,,,,,,10,,,,,,,,,,,,,,,3,,,,,,,,3,,,,,,,,,,,,1,,,,,,,,,,1,,,11,,1,,,2,,,,,,,,,10,,,,,,,,,1,,,,,,,,,,,,,,,,,,,,,,,30,,,,,,,,,1,,,,,,6,2,,,,,,,,,,10,,,,,5,,,5,,,,,,,,,,5,,,,,,,,,,,,,,1,,5,,,,,,,,,,5,1,,3,,,4,5,,,,,,,,,,,,,,,,,,,,,,,,,,1,,,,,,,,,,,,,,,,,,,,,1,15,,,3,,,,,,,,,,,,,,,,1,,,,,,,,,,,,,,,,,,1,,,,,,1,,,,1,,,
5ZoneVAV-Pri-SecLoop.idf,,,,,,,4,,,,,,1,,,,7,,,,,,,,,6,,,,,,,,,,,4,1,,,,,,,,2,,,,,,,,,,,,,,,,30,,,,,,,,,,,,,,5,,,2,,1,,,,1,,,,4,1,,,,,,,,,,,,5,,,,,,2,,,,4,,,,,,2,,,,,,1,,,,,,,,,,,,,,,,5,,,,,,1,,,,,,14,,,,,,,,,,,,,,,,,,,,,,,,,,,,,,,,,,,,,,,,,,,,,,,,,,,,,,,,,,,,,,,,,1,,,,,,,,,,,,2,,,,,,,,,,,1,1,,,,,,,,,,,,,,,,,,,,,,,,2,23,,1,,,,,,,,,,,,,,,,,,,2,,,1,,,,,,,,,,,,,,,7,,,,,,,,1,,,1,,,,,,,,,,,,,,,,4,17,,,,,,,,,,,,,,,,,,,,,,,,,14,1,,,,,,,,,,,,,,,,,,,,,,1,,,,,,6,,,,,,,,,,,,,,,,,,,,,,,,,,,,,,,,2,,,,,,,,5,,,,,1,,,,,,,,,,,,,1,1,,,,,,,,,,1,5,,,,,,,,,,,,,,,,,,,4,,,,,5,,,1,,,,,,,,,5,,,,1,,,,,,,1,,,,,2,,,,,,,,,,,,,,,,,,,,,1,,,1,,,,,,,,,1,,,2,1,,,,,5,6,,,,,,,,1,,,,,,,,,,,,,,,1,,,,,,2,,,,,,,,,,,,,,,,,,,,1,,,,,,,,,,1,,,7,,3,,,2,,,,,,,,,6,,,,,,,,,1,,,,,,,,,,,,,,,,,,,,,,,40,,,,,,,,,1,,,,,,6,1,,,,,,,,,,6,,,,,1,,,,,,,,,,,,,5,,,,,,,,,,,,,,1,,5,,,,,,,,,,,1,,,,,2,5,,,,,,,,,,,,,,,,,,,,,,,,,,1,,,,,,,,,,,,,,,,,,,,,1,10,,,2,,,,,,,,,,,,,,,,2,,,,,,,,,,,,,,,,,,1,,,,,,1,,,,1,,,
5ZoneVAV-Pri-SecLoop_csv.idf,,,,,,,4,,,,,,1,,,,7,,1,,,,,,,6,,,,,,,,,,,4,1,,,,,,,,2,,,,,,,,,,,,,,,,30,,,,,,,,,,,,,,5,,,2,,1,,,,1,,,,4,1,,,,,,,,,,,,5,,,,,,2,,,,4,,,,,,2,,,,,,1,,,,,,,,,,,,,,,,5,,,,,,1,,,,,,14,,,,,,,,,,,,,,,,,,,,,,,,,,,,,,,,,,,,,,,,,,,,,,,,,,,,,,,,,,,,,,,,,1,,,,,,,,,,,,2,,,,,,,,,,,1,1,,,,,,,,,,,,,,,,,,,,,,,,2,23,,1,,,,,,,,,,,,,,,,,,,2,,,1,,,,,,,,,,,,,,,7,,1,,,,,,1,,,1,,,,,,,1,,,,,,,,,4,17,,,,,,,,,,,,,,,,,,,,,,,,,14,1,,,,,,,,,,,,,,,,,,,,,,1,,,,,,6,,,,,,,,,,,,,,,,,,,,,,,,,,,,,,,,2,,,,,,,,5,,,,,1,,,,,,,,,,,,,1,1,,,,,,,,,,1,5,,,,,,,,,,,,,,,,,,,4,,,,,5,,,1,,,,,,,,,5,,,,1,,,,,,,1,,,,,2,,,,,,,,,,,,,,,,,,,,,1,,,1,,,,,,,,,1,,,2,1,,,,,5,6,,,,,,,,1,,,,,,,,,,,,,,,1,,,,,,2,,,,,,,,,,,,,,,,,,,,1,,,,,,,,,,1,,,7,,3,,,2,,,,,,,,,6,,,,,,,,,1,,,,,,,,,,,,,,,,,,,,,,,40,,,,,,,,,1,,,,,,6,1,,,,,,,,,,6,,,,,1,,,,,,,,,,,,,5,,,,,,,,,,,,,,1,,5,,,,,,,,,,,1,,,,,2,5,,,,,,,,,,,,,,,,,,,,,,,,,,1,,,,,,,,,,,,,,,,,,,,,1,10,,,2,,,,,,,,,,,,,,,,2,,,,,,,,,,,,,,,,,,1,,,,,,1,,,,1,,,
5ZoneWarmest.idf,,,,,,,3,,,,,,5,,,,6,,,,,,,,,6,,,,,1,,,,,,4,1,,,,,,,,2,,,,,,,,,,,,,,,,30,,,,,,,,,,,,,,5,,1,1,,1,,,,1,,,,,1,,,,,,,,,,,,5,,,,,,2,,,,4,,,,,,2,,,,,,1,,,,,,,,,,,,,,,,5,,,,,,1,,,,,,14,,,,,,,,,,,,,1,,,,,,,,,,,,,,,,,,,,,,,,,,,,,,,,,,,,,,,,,,,,1,,,,,,,,1,,,,,,,,,,,,2,,,,,,,,,,,1,1,,,,,,,,,,,,,1,,,,,,,,,,,2,19,,1,,,,,,,,,,,,,,,,,,,,,,1,,,,,,,,,,,,,,,8,,,,,,,,,,,1,,,,,,,,,,,,,,,,,17,,,,,,,,,,,,,,,,,,,,,,,,,15,1,,,,,,,,,,,,,,,,,,,,,,10,,,,,,6,,,,,,,,,,,,,,,,,,,,,,,,,,,,,,,,2,,,,,,,,5,,,,,1,,,,,,,,,,,,,1,1,,,,,,,,,,1,5,,,,,,,,,,,,,,,,,,,,,,,,5,,,,,,,,,,,,5,,,,1,,,,,,,1,,,,,2,,,,,,,,,,,,,,,,,,,,,1,,,1,,,,,,,,,1,,,3,,,,,,5,6,,,,1,,,,1,,,,,,,,,,,,,,,,,,,,,2,,,,,,,,,,,,,,,,,,,,1,,,,,,,,,,,,,7,,3,,,2,,,,,,,,,6,,,1,,,,,,1,,,,,,,,,,,,,,,,,,,,,,,40,,,,,,,,,1,,,,,,6,1,,,,,,,,,,6,,,,,1,1,,,,,,,,,,,,5,,,,,,,,,,,,,,1,,5,,,,,,,,,,,1,,,,,2,4,,,,,,,,,,,,,,,,,,,,,,,,,,1,,,,,,,,,,,,,,,,,,,,,1,10,,,1,,,,,,,,,,,,,,,,,,,,,1,,,,,,,,,,,,,1,,,,,,1,,,,1,,,
5ZoneWarmestMultDDSizBypass.idf,,,,,,,3,,,,,,5,,,,6,,,,,,,,,6,,,,,1,,,,,,4,1,,,,,,,,2,,,,,,,,,,,,,,,,30,,,,,,,,,,,,,,5,,1,1,,1,,,,1,,,,,1,,,,,,,,,,,,5,,,,,,2,,,,4,,,,,,3,,,,,,1,,,,,,,,,,,,,,,,5,,,,,,1,,,,,,14,,,,,,,,,,,,,1,,,,,,,,,,,,,,,,,,,,,,,,,,,,,,,,,,,,,,,,,,,,1,,,,,,,,1,,,,,,,,,,,,2,,,,,,,,,,,1,1,,,,,,,,,,,,,1,,,,,,,,,,,2,19,,1,,,,,,,,,,,,,,,,,,,,,,1,,,,,,,,,,,,,,,8,,,,,,,,,,,1,,,,,,,,,,,,,,,,,17,,,,,,,,,,,,,,,,,,,,,,,,,15,1,,,,,,,,,,,,,,,,,,,,,,10,,,,,,6,,,,,,,,,,,,,,,,,,,,,,,,,,,,,,,,2,,,,,,,,5,,,,,1,,,,,,,,,,,,,1,1,,,,,,,,,,1,5,,,,,,,,,,,,,,,,,,,,,,,,5,,,,,,,,,,,,5,,,,1,,,,,,,1,,,,,2,,,,,,,,,,,,,,,,,,,,,1,,,1,,,,,,,,,1,,,3,,,,,,5,6,,,,1,,,,1,,,,,,,,,,,,,,,,,,,,,2,,,,,,,,,,,,,,,,,,,,1,,,,,,,,,,,,,7,,3,,,2,,,,,,,,,6,,,1,,,,,,1,,,,,,,,,,,,,,,,,,,,,,,40,,,,,,,,,1,,,,,,6,1,,,,,,,,,,6,,,,,1,1,,,,,,,,,,,,5,,,,,,,,,,,,,,1,,5,,,,,,,,,,,1,,,,,2,4,,,,,,,,,,,,,,,,,,,,,,,,,,1,,,,,,,,,,,,,,,,,,,,,1,10,,,1,,,,,,,,,,,,,,,,,,,,,1,,,,,,,,,,,,,1,,,,,,1,,,,1,,,
5ZoneWarmestMultDDSizOnOff.idf,,,,,,,3,,,,,,5,,,,6,,,,,,,,,6,,,,,1,,,,,,4,1,,,,,,,,2,,,,,,,,,,,,,,,,30,,,,,,,,,,,,,,5,,1,1,,1,,,,1,,,,,1,,,,,,,,,,,,5,,,,,,2,,,,4,,,,,,3,,,,,,1,,,,,,,,,,,,,,,,5,,,,,,1,,,,,,14,,,,,,,,,,,,,1,,,,,,,,,,,,,,,,,,,,,,,,,,,,,,,,,,,,,,,,,,,,1,,,,,,,,1,,,,,,,,,,,,2,,,,,,,,,,,1,1,,,,,,,,,,,,,1,,,,,,,,,,,2,19,,1,,,,,,,,,,,,,,,,,,,,,,1,,,,,,,,,,,,,,,8,,,,,,,,,,,1,,,,,,,,,,,,,,,,,17,,,,,,,,,,,,,,,,,,,,,,,,,15,1,,,,,,,,,,,,,,,,,,,,,,10,,,,,,6,,,,,,,,,,,,,,,,,,,,,,,,,,,,,,,,2,,,,,,,,5,,,,,1,,,,,,,,,,,,,1,1,,,,,,,,,,1,5,,,,,,,,,,,,,,,,,,,,,,,,5,,,,,,,,,,,,5,,,,1,,,,,,,1,,,,,2,,,,,,,,,,,,,,,,,,,,,1,,,1,,,,,,,,,1,,,3,,,,,,5,6,,,,1,,,,1,,,,,,,,,,,,,,,,,,,,,2,,,,,,,,,,,,,,,,,,,,1,,,,,,,,,,,,,7,,3,,,2,,,,,,,,,6,,,1,,,,,,1,,,,,,,,,,,,,,,,,,,,,,,40,,,,,,,,,1,,,,,,6,1,,,,,,,,,,6,,,,,1,1,,,,,,,,,,,,5,,,,,,,,,,,,,,1,,5,,,,,,,,,,,1,,,,,2,4,,,,,,,,,,,,,,,,,,,,,,,,,,1,,,,,,,,,,,,,,,,,,,,,1,10,,,1,,,,,,,,,,,,,,,,,,,,,1,,,,,,,,,,,,,1,,,,,,1,,,,1,,,
5ZoneWarmestMultDDSizVAV.idf,,,,,,,3,,,,,,5,,,,6,,,,,,,,,6,,,,,1,,,,,,4,1,,,,,,,,2,,,,,,,,,,,,,,,,30,,,,,,,,,,,,,,5,,1,1,,1,,,,1,,,,,1,,,,,,,,,,,,5,,,,,,2,,,,4,,,,,,3,,,,,,1,,,,,,,,,,,,,,,,5,,,,,,1,,,,,,14,,,,,,,,,,,,,1,,,,,,,,,,,,,,,,,,,,,,,,,,,,,,,,,,,,,,,,,,,,1,,,,,,,,1,,,,,,,,,,,,2,,,,,,,,,,,1,1,,,,,,,,,,,,,1,,,,,,,,,,,2,19,,1,,,,,,,,,,,,,,,,,,,,,,1,,,,,,,,,,,,,,,8,,,,,,,,,,,1,,,,,,,,,,,,,,,,,17,,,,,,,,,,,,,,,,,,,,,,,,,15,1,,,,,,,,,,,,,,,,,,,,,,10,,,,,,6,,,,,,,,,,,,,,,,,,,,,,,,,,,,,,,,2,,,,,,,,5,,,,,1,,,,,,,,,,,,,1,1,,,,,,,,,,1,5,,,,,,,,,,,,,,,,,,,,,,,,5,,,,,,,,,,,,5,,,,1,,,,,,,1,,,,,2,,,,,,,,,,,,,,,,,,,,,1,,,1,,,,,,,,,1,,,3,,,,,,5,6,,,,1,,,,1,,,,,,,,,,,,,,,,,,,,,2,,,,,,,,,,,,,,,,,,,,1,,,,,,,,,,,,,7,,3,,,2,,,,,,,,,6,,,1,,,,,,1,,,,,,,,,,,,,,,,,,,,,,,40,,,,,,,,,1,,,,,,6,1,,,,,,,,,,6,,,,,1,1,,,,,,,,,,,,5,,,,,,,,,,,,,,1,,5,,,,,,,,,,,1,,,,,2,4,,,,,,,,,,,,,,,,,,,,,,,,,,1,,,,,,,,,,,,,,,,,,,,,1,10,,,1,,,,,,,,,,,,,,,,,,,,,1,,,,,,,,,,,,,1,,,,,,1,,,,1,,,
5ZoneWarmestMultDDSizVT.idf,,,,,,,3,,,,,,5,,,,6,,,,,,,,,6,,,,,1,,,,,,4,1,,,,,,,,2,,,,,,,,,,,,,,,,30,,,,,,,,,,,,,,5,,1,1,,1,,,,1,,,,,1,,,,,,,,,,,,5,,,,,,2,,,,4,,,,,,3,,,,,,1,,,,,,,,,,,,,,,,5,,,,,,1,,,,,,14,,,,,,,,,,,,,1,,,,,,,,,,,,,,,,,,,,,,,,,,,,,,,,,,,,,,,,,,,,1,,,,,,,,1,,,,,,,,,,,,2,,,,,,,,,,,1,1,,,,,,,,,,,,,1,,,,,,,,,,,2,19,,1,,,,,,,,,,,,,,,,,,,,,,1,,,,,,,,,,,,,,,8,,,,,,,,,,,1,,,,,,,,,,,,,,,,,17,,,,,,,,,,,,,,,,,,,,,,,,,15,1,,,,,,,,,,,,,,,,,,,,,,10,,,,,,6,,,,,,,,,,,,,,,,,,,,,,,,,,,,,,,,2,,,,,,,,5,,,,,1,,,,,,,,,,,,,1,1,,,,,,,,,,1,5,,,,,,,,,,,,,,,,,,,,,,,,5,,,,,,,,,,,,5,,,,1,,,,,,,1,,,,,2,,,,,,,,,,,,,,,,,,,,,1,,,1,,,,,,,,,1,,,3,,,,,,5,6,,,,1,,,,1,,,,,,,,,,,,,,,,,,,,,2,,,,,,,,,,,,,,,,,,,,1,,,,,,,,,,,,,7,,3,,,2,,,,,,,,,6,,,1,,,,,,1,,,,,,,,,,,,,,,,,,,,,,,40,,,,,,,,,1,,,,,,6,1,,,,,,,,,,6,,,,,1,1,,,,,,,,,,,,5,,,,,,,,,,,,,,1,,5,,,,,,,,,,,1,,,,,2,4,,,,,,,,,,,,,,,,,,,,,,,,,,1,,,,,,,,,,,,,,,,,,,,,1,10,,,1,,,,,,,,,,,,,,,,,,,,,1,,,,,,,,,,,,,1,,,,,,1,,,,1,,,
5ZoneWarmestParallelPIULeak.idf,,,,,,,3,,,,,,4,,,,6,,,,,,,,,6,,,,,1,,,,,,4,1,,,,,,,,1,,,,,,,,,,,,,,,,30,,,,,,,,,,,,,,5,,1,1,,1,,,,1,,,,1,1,,,,,,,,,,,,5,,,,,,2,,,,4,,,,,,2,,,,,,1,,,,,,,,,,,,,,,,5,,,,,,1,,,,,,14,,,,,,,,,,,,,1,,,,,,,,,,,,,,,,,,,,,,,,,,,,,,,,,,,,,,,,,,,,1,,,,,,,,1,,,,,,,,,,,,2,,,,,,,,,,,1,1,,,,,,,,,,,,,1,,,,,,,,,,,2,30,,1,,,,,,,,,,,,,,,,,,,,,,1,,,,,,,,,,,,,,,8,,,,,,,,,,,1,,,,,,,1,,,,,,,,,,17,,,,,,,,,,,,,,,,,,,,,,,,,15,1,,,,,,,,,,,,,,,,,,,,,,10,,,,,,6,,,,,,,,,,,,,,,,,,,,,,,,,,,,,,,,2,,,,,,,,5,,,,,1,,,,,,,,,,,,,1,1,,,,,,,,,,1,5,,,,,,,,,,,,,,,,,,,1,,,,,5,,,,,,,,,,,,5,,,,1,,,,,,,1,,,,,2,,,,,,,,,,,,,,,,,,,,,1,,,1,,,,,,,,,1,,,3,,,,,,5,6,,,,1,,,,1,,,,,,,,,,,,,,,,,,,,,2,,,,,,,,,,,,,,,,,,,,1,,,,,,,,,,,,,7,,3,,,2,,,,,,,,,6,,,1,,,,,,1,,,,,,,,,,,,,,,,,,,,,,,40,,,,,,,,,1,,,,,,6,1,,,,,,,,,,6,,,,,1,1,,,,,,,,,,,,5,,,,,,,,,,,,,,1,,5,,,,,,,,,,,1,,,,,2,4,,,,,1,,,,,,,,,,,,,,,,,,,,,1,,,,,,,,,,,,,,,,,6,,,,1,10,,,1,,,,,,,,,,,,,,,,,,,,,1,,,,,,,,,,,,,1,,,,,,1,,,,1,,,
5ZoneWarmestVFD.idf,,,,,,,3,,,,,,5,,,,6,,,,,,,,,6,,,,,1,,,,,,4,1,,,,,,,,2,,,,,,,,,,,,,,,,30,,,,,,,,,,,,,,5,,1,1,,1,,,,1,,,,,1,,,,,,,,,,,,5,,,,,,2,,,,4,,,,,,2,,,,,,1,,,,,,,,,,,,,,,,5,,,,,,1,,,,,,14,,,,,1,,,,,,,,1,,,,,,,,,,,,,,,,,,,,,,,,,,,,,,,,,,,,,,,,,,,,1,,,,,,,,1,,,,,,,,,,,,2,,,,,,,,,,,1,1,,,,,,,,,,,,,1,,,,,,,,,,,2,19,,1,,,,,,,,,,,,,,,,,,,,,,1,,,,,,,,,,,,,,,8,,,,,,,,,,,1,,,,,,,,,,,,,,,,,17,,,,,,,,,,,,,,,,,,,,,,,,,15,1,,,,,,,,,,,,,,,,,,,,,,10,,,,,,6,,,,,,,,,,,,,,,,,,,,,,,,,,,,,,,,2,,,,,,,,5,,,,,1,,,,,,,,,,,,,1,1,,,,,,,,,,1,5,,,,,,,,,,,,,,,,,,,,,,,,5,,,,,,,,,,,,5,,,,1,,,,,,,1,,,,,2,,,,,,,,,,,,,,,,,,,,,1,,,1,,,,,,,,,1,,,3,,,,,,5,6,,,,1,,,,1,,,,,,,,,,,,,,,,,,,,,2,,,,,,,,,,,,,,,,,,,,1,,,,,,,,,,,,,7,,3,,,2,,,,,,,,,6,,,1,,,,,,1,,,,,,,,,,,,,,,,,,,,,,,40,,,,,,,,,1,,,,,,6,1,,,,,,,,,,6,,,,,1,1,,,,,,,,,,,,5,,,,,,,,,,,,,,1,,5,,,,,,,,,,,1,,,,,2,4,,,,,,,,,,,,,,,,,,,,,,,,,,1,,,,,,,,,,,,,,,,,,,,,1,10,,,1,,,,,,,,,,,,,,,,,,,,,1,,,,,,,,,,,,,1,,,,,,1,,,,1,,,
5ZoneWarmestVFD_FCMAuto.idf,,,,,,,3,,,,,,5,,,,6,,,,,,,,,6,,,,,1,,,,,,4,1,,,,,,,,1,,,,,,,,,,,,,,,,30,,,,,,,,,,,,,,5,,1,1,,1,,,,1,,,,,1,,,,,,,,,,,,5,,,,,,2,,,,4,,,,,,2,,,,,,1,,1,,,,,,,,,,,,,,5,,,,,,1,,,,,,14,,,,,,,,,,,,,1,,,,,,,,,,,,,,,,,,,,,,,,,,,,,,,,,,,,,,,,,,,,1,,,,,,,,1,,,,,,,,,,2,,2,,,,,,,,,,,1,1,,,,,,,,,,,,,1,,,,,,,,,,,2,22,,1,,,,,,,,,,,,,,,,,,,,,,1,,,,,,,,,,,,,,,8,,,,,,,,,,,1,,,,,,,,,,,,,,,,,17,,,,,,,,,,,,,,,,,,,,,,,,,15,1,,,,,,,,,,,,,,,,,,,,,,10,,,,,,6,,,,,,,,,,,,,,,,,,,,,,1,,,,,,,,,,2,,,,,,,,5,,,,,1,,,,,,,,,,,,,1,,,,,,,,,,,1,5,,,1,,,,,,,,,,,,,,,,,,,,,5,,,,,,,,,,,,5,,,,1,,,,,,,1,,,,,2,,,,,,,,,,,2,,,,,,,,,,1,,,1,,,,,,,,,1,,,3,,,,,,5,6,,,,1,,,,1,,,,,,,,,,,,,,,,,,,,,2,,,,,,,,,,,,,,4,,,,,,1,,,,,,,,,,,,,7,,3,,,2,,,,,,,,,6,,,1,,,,,,1,,,,,,,,,,,,,,,,,,,,,,,40,,1,,,,,,,1,,,,,,6,1,,,,,,,,,,6,,,,,1,1,,,,,,,,,,,,5,,,,,,,,,,,,,,1,,5,,,,,,1,,,,,1,,,,,2,4,,,,,,,,,,,,,,,,,,,,,,,,,,1,,,,,,,,,,,,,,,,,1,,,,1,10,,,1,,,,,,,,,,,,,,,1,,,,,,1,,,,,,,,,,,,,1,,,,,,1,,,,1,,,
5ZoneWaterCooled_Baseboard.idf,,,,,,,3,,,,,,3,,,,7,,,,,,,,,6,,,,,1,,,,,,4,1,,,,,,,,2,,,,,,,,,,,,,,,,30,,,,,,,,,,,,,,5,,1,1,,1,,,,1,,,,,1,,,,,,,,,,,,5,,,,,,2,,,,4,,,,,,2,,,,,,1,,,,,,,,,,,,,,,,5,,,,,,1,,,,,,14,,,,,,,,,,,,,,,,,,,,,,,,,,,,,,,,,,,,,,,,,,,,,,,,,,,,,,,,,,,,,,,,,1,,,,,,,,,,,,2,,,,,,,,2,,,1,1,,,,,,,,,,,,,,,,,,,,,,,,2,42,,1,,,,,,,,,,,,,,,,,,,,,,1,,,,,,,,,,,,,,,7,,,,,,,,,,,1,,,,,,,,,,,,,,,,,19,,,,,,,,,,,,,,,,,,,,,,,,,15,1,,,,,,,,,,,,,,,,,2,,,,,10,,,,,,6,,,,,,,,,,,,,,,,,,,,,,,,,,,,,,,,2,,,,,,,,5,,,,,1,,,,,,,,,,,,,1,1,,,,,,,,,,1,5,,,,,,,,,,,,,,,,,,,,,,,,5,,,,,,,,,,,,5,,,,1,,,,,,,1,,,,,2,,,,,,,,,1,,,,,,,,,,,,1,,,1,,,,,,,,,1,,,3,,,,,,5,6,,,,1,,,,1,,,,,,,,,,,,,,,,,,,,,2,,,,,,,,,,,,,,,,,,,,1,,,,,,,,,,,,,7,,3,,,2,,,,,,,,,6,,,,,,,,,1,,,,,,,,,,,,,,,,,,,,,,,40,,,,,1,,,,1,,,,,,4,1,,,,,,,,,,6,,,,,1,,,,,,,,,,,,,5,,,,,,,,,,,,,,1,,5,,1,,,,,,,,,1,,,,,2,5,,,,,,,,,,,,,,,,,,,,,,,,,,1,,,,,,,,,,,,,,,,,,,,,1,10,,,1,,,,,,,,,,,,,,,,,,,,,1,,,,,,,,,,,,,1,,,,,,1,,,,1,,,
5ZoneWaterCooled_BaseboardScalableSizing.idf,,,,,,,3,,,,,,3,,,,7,,,,,,,,,6,,,,,1,,,,,,4,1,,,,,,,,2,,,,,,,,,,,,,,,,30,,,,,,,,,,,,,,5,,1,1,,1,,,,1,,,,,1,,,,,,,,,,,,5,,,,,,2,,,,4,,,,,,2,,,,,,1,,,,,,,,,,,,,,,,5,,,,,,1,,,,,,14,,,,,,,,,,,,,,,,,,,,,,,,,,,,,,,,,,,,,,,,,,,,,,,,,,,,,,,,,,,,,,,,,1,,,,,,,,,,,,2,,,,,,,,2,,,1,1,,,,,,,,,,,,,,,,,,,,,,,,2,42,,1,,,,,,,,,,,,,,,,,,,,,,1,,,,,,,,,,,,,,,7,,,,,,,,,,,1,,,,,,,,,,,,,,,,,19,,,,,,,,,,,,,,,,,,,,,,,,,15,1,,,,,,,,,,,,,,,,,2,,,,,10,,,,,,6,,,,,,,,,,,,,,,,,,,,,,,,,,,,,,,,2,,,,,,,,5,,,,,1,,,,,,,,,,,,,1,1,,,,,,,,,,1,5,,,,,,,,,,,,,,,,,,,,,,,,5,,,,,,,,,,,,5,,,,1,,,,,,,1,,,,,2,,,,,,,,,1,,,,,,,,,,,,1,,,1,,,,,,,,,1,,,3,,,,,,5,6,,,,1,,,,1,,,,,,,,,,,,,,,,,,,,,2,,,,,,,,,,,,,,,,,,,,1,,,,,,,,,,,,,7,,3,,,2,,,,,,,,,6,,,,,,,,,1,,,,,,,,,,,,,,,,,,,,,,,40,,,,,1,,,,1,,,,,,4,1,,,,,,,,,,6,,,,,1,,,,,,,,,,,,,5,,,,,,,,,,,,,,1,,5,,1,,,,,,,,,1,,,,,2,5,,,,,,,,,,,,,,,,,,,,,,,,,,1,,,,,,,,,,,,,,,,,,,,,1,10,,,1,,,,,,,,,,,,,,,,,,,,,1,,,,,,,,,,,,,1,,,,,,1,,,,1,,,
5ZoneWaterCooled_GasFiredSteamHumidifier.idf,,,,,,,3,,,,,,5,,,,7,,,,,,,,,6,,,,,1,,,,,,4,1,,,,,,,,2,,,,,,,,,,,,,,,,30,,,,,,,,,,,,,,5,,,1,,1,,,,1,,,,,1,,,,,,,,,,,,5,,,,,,2,,,,4,,,,,,2,,,,,,1,,,,,,,,,,,,,,,,5,,,,,,1,,,,,,14,,,,,1,,,,,,,,,,,,,,,,,,,,,,,,,,,,,,,,,,,,,,,,,,,,,,,,,,,,,,,,,,,,1,,,,,,,,,,,,2,,,,,,,,,,,1,1,,,,,,,,,,,,,,,,,,,,,,,,2,39,,1,,,,,,,,,,,,,,,,,,,,,,1,,,,,,,,,,,,,,,7,,,,,,,,,,,1,,,,,,,,,,,,,,,,,22,,,,,,,,,1,,,,,,,,,,,,,,,,15,1,,,,,,,,,,,,,,,,,,,,,,11,,,,,,6,,,,,,,,,,,,,,,,,,,1,,,,,,,,,,,,,2,,,,,,,,5,,,,,1,,,,,,,,,,,,,1,1,,,,,,,,,,1,5,,,,,,,,,,,,,,,,,,,,,,,,5,,,,,,,,,,,,5,,,,1,,,,,,,1,,,,,2,,,,,,,,,,,,,,,,,,,,,1,4,,1,,,,,,,,,1,,,3,,,,,,5,6,,,,1,,,,1,,,,,,,,,,,,,,,1,,,,,,2,,,,,,,,,,,,,,,,,,,,1,,,,,,,,,,,,,7,,3,,,2,,,,,,,,,6,,,,,,,,,1,,,,,,,,,,,,,,,,,,,,,,,40,,,,,5,,,,1,,,,,,6,1,,,,,,,,,,6,,,,,1,,,,,,,,,,,,,5,,,,,,,,,,,,,1,1,,5,,,,,,,,,,,1,,,,,2,5,,,,,,,,,,,,,,,,,,,,,,,,,,1,1,,,,,,,,,,,,,,,,,,,,1,10,,,1,,,,,,,,,,,,,,,,,,,,,1,,,,,,,,,,,,,1,,,,,,1,,,,1,,,
5ZoneWaterCooled_HighRHControl.idf,,,,,,,3,,,,,,5,,,,7,,,,,,,,,6,,,,,1,,,,,,4,1,,,,,,,,2,,,,,,,,,,,,,,,,30,,,,,,,,,,,,,,5,,1,1,,1,,,,1,,,,,1,,,,,,,,,,,,5,,,,,,2,,,,4,,,,,,2,,,,,,1,,,,,,,,,,,,,,,,5,,,,,,1,,,,,,14,,,,,1,,,,,,,,,,,,,,,,,,,,,,,,,,,,,,,,,,,,,,,,,,,,,,,,,,,,,,,,,,,,1,,,,,,,,,,,,2,,,,,,,,,,,1,1,,,,,,,,,,,,,,,,,,,,,,,,2,28,,1,,,,,,,,,,,,,,,,,,,,,,1,,,,,,,,,,,,,,,7,,,,,,,,,,,1,,,,,,,,,,,,,,,,,19,,,,,,,,,,,,,,,,,,,,,,,,,15,1,,,,,,,,,,,,,,,,,,,,,,10,,,,,,6,,,,,,,,,,,,,,,,,,,,,,,,,,,,,,,,2,,,,,,,,5,,,,,1,,,,,,,,,,,,,1,1,,,,,,,,,,1,5,,,,,,,,,,,,,,,,,,,,,,,,5,,,,,,,,,,,,5,,,,1,,,,,,,1,,,,,2,,,,,,,,,,,,,,,,,,,,,1,,,1,,,,,,,,,1,,,3,,,,,,5,6,,,,1,,,,1,,,,,,,,,,,,,,,,,,,,,2,,,,,,,,,,,,,,,,,,,,1,,,,,,,,,,,,,7,,3,,,2,,,,,,,,,6,,,,,,,,,1,,,,,,,,,,,,,,,,,,,,,,,40,,,,,1,,,,1,,,,,,6,1,,,,,,,,,,6,,,,,1,,,,,,,,,,,,,5,,,,,,,,,,,,,,1,,5,,1,,,,,,,,,1,,,,,2,5,,,,,,,,,,,,,,,,,,,,,,,,,,1,,,,,,,,,,,,,,,,,,,,,1,10,,,1,,,,,,,,,,,,,,,,,,,,,1,,,,,,,,,,,,,1,,,,,,1,,,,1,,,
5ZoneWaterCooled_MultizoneAverageRHControl.idf,,,,,,,3,,,,,,5,,,,7,,,,,,,,,6,,,,,1,,,,,,4,1,,,,,,,,2,,,,,,,,,,,,,,,,30,,,,,,,,,,,,,,5,,,1,,1,,,,1,,,,,1,,,,,,,,,,,,5,,,,,,2,,,,4,,,,,,2,,,,,,1,,,,,,,,,,,,,,,,5,,,,,,1,,,,,,14,,,,,1,,,,,,,,,,,,,,,,,,,,,,,,,,,,,,,,,,,,,,,,,,,,,,,,,,,,,,,,,,,,1,,,,,,,,,,,,2,,,,,,,,,,,1,1,,,,,,,,,,,,,,,,,,,,,,,,2,33,,1,,,,,,,,,,,,,,,,,,,,,,1,,,,,,,,,,,,,,,7,,,,,,,,,,,1,,,,,,,,,,,,,,,,,21,,,,,,,,,,,,,,,,,,,,,,,,,15,1,,,,,,,,,,,,,,,,,,,,,,11,,,,,,6,,,,,,,,,,,,,,,,,,,,,,,,,,,,,,,,2,,,,,,,,5,,,,,1,,,,,,,1,,,,,,1,1,,,,,,,,,1,1,5,,,,,,,,,,,,,,,,,,,,,,,,5,,,,,,,,,,,,5,,,,1,,,,,,,1,,,,,2,,,,,,,,,,,,,,,,1,,,,,1,,,1,,,,,,,,,1,,,3,,,,,,5,6,,,,1,,,,1,,,,,,,,,,,,,,,1,,,,,,2,,,,,,,,,,,,,,,,,,,,1,,,,,,,,,,,,,7,,3,,,2,,,,,,,,,6,,,,,,,,,1,,,,,,,,,,,,,,,,,,,,,,,40,,,,,5,,,,1,,,,,,6,1,,,,,,,,,,6,,,,,1,,,,,,,,,,,,,5,,,,,,,,,,,,,,1,,5,,,,,,,,,,,1,,,,,2,5,,,,,,,,,,,,,,,,,,,,,,,,,,1,,,,,,,,,,,,,,,,,,,,,1,10,,,1,,,,,,,,,,,,,,,,,,,,,1,,,,,,,,,,,,,1,,,,,,1,,,,1,,,
5ZoneWaterCooled_MultizoneMinMaxRHControl.idf,,,,,,,3,,,,,,5,,,,7,,,,,,,,,6,,,,,1,,,,,,4,1,,,,,,,,2,,,,,,,,,,,,,,,,30,,,,,,,,,,,,,,5,,,1,,1,,,,1,,,,,1,,,,,,,,,,,,5,,,,,,2,,,,4,,,,,,2,,,,,,1,,,,,,,,,,,,,,,,5,,,,,,1,,,,,,14,,,,,1,,,,,,,,,,,,,,,,,,,,,,,,,,,,,,,,,,,,,,,,,,,,,,,,,,,,,,,,,,,,1,,,,,,,,,,,,2,,,,,,,,,,,1,1,,,,,,,,,,,,,,,,,,,,,,,,2,33,,1,,,,,,,,,,,,,,,,,,,,,,1,,,,,,,,,,,,,,,7,,,,,,,,,,,1,,,,,,,,,,,,,,,,,22,,,,,,,,,1,,,,,,,,,,,,,,,,15,1,,,,,,,,,,,,,,,,,,,,,,11,,,,,,6,,,,,,,,,,,,,,,,,,,1,,,,,,,,,,,,,2,,,,,,,,5,,,,,1,,,,,,,,,,,,,1,1,,,,,,,,,,1,5,,,,,,,,,,,,,,,,,,,,,,,,5,,,,,,,,,,,,5,,,,1,,,,,,,1,,,,,2,,,,,,,,,,,,,,,,1,,,,,1,,,1,,,,,,,,,1,,,3,,,,,,5,6,,,,1,,,,1,,,,,,,,,,,,,,,1,,,,,,2,,,,,,,,,,,,,,,,,,,,1,,,,,,,,,,,,,7,,3,,,2,,,,,,,,,6,,,,,,,,,1,,,,,,,,,,,,,,,,,,,,,,,40,,,,,5,,,,1,,,,,,6,1,,,,,,,,,,6,,,,,1,,,,,,,,,,,,,5,,,,,,,,,,,,,,1,,5,,,,,,,,,,,1,,,,,2,5,,,,,,,,,,,,,,,,,,,,,,,,,,1,,,,,,,,,,,,,,,,,,,,,1,10,,,1,,,,,,,,,,,,,,,,,,,,,1,,,,,,,,,,,,,1,,,,,,1,,,,1,,,
5ZoneWaterLoopHeatPump.idf,,,,,,,,,,,,,,,,,6,,,,,,,,,6,,,,,,,,,,,4,,,,,,,,,2,,,,,,,,,,,,,,,,23,,,,,,,,,,,,,,5,5,,3,,1,,,,1,,,,,,,,,,,,,,,,,5,,,,,5,2,,,,4,,,,,,2,,,,,,,,,,,,,,,,,,5,,,,,,,,,,,,,,,,12,,,,,,,,,,,,,,,,,,,,,,,,,,,,,,,,,,,,,,,,,,,,,,,,,136,,,,,,,,,,,,,,,,,,,,,,,,,,,,2,,,,,,,,,,,5,,,,,,,,,,,,,,2,,,,,,,,,,,1,45,,,,,,,,,,,,,,,,,,,,,,,,,,,,,,,,,,,,,,,7,,,,,,,,,,,1,,,,,,,,,,,,,,,,,17,,,,,,,,,,,,,,,,,,,,,,,,,5,,,,,,,,,,,,,,,,,,,,,,,5,,,,,,2,,,,,,,,2,,,,,,,,3,,,,,,,,,,,,,,,,,,,,,,,,5,,,,,,,,,,,,,,,,,,1,,,,,,,,,,,,5,,,,,,,,5,,,,,,,1,,,,5,,,,,5,,,,,,,,,,,7,5,,,,1,,,,,,,5,,,,,2,,,,,,,,,,,,,,,,,,,,,1,,,1,,,,,,,,,5,,,,,,,,,,6,,,,5,,,,1,,,,,,,,,,,,,,,,,,,,,1,,,2,,,,,,,,,,,,,,,,,,,,,,,,,,,,,,7,,3,,,,,,,,,,,,2,,,2,,,,,,1,,,,,,,,,,,,,,,,,,,,,,,40,,,,,,,,,,,,,,,,1,,,,,,,,,,2,,,,,1,,,,,,,,,,,,,5,,,,,,,,,,,,,,1,,5,,,,,,,,,,,1,,,,,1,,,,,,,,,,,,,,,,,,5,,,,,,,,,1,,,,,,,,,,,,,,,,,,,,,1,10,,,,,,,,,,,,,,,,,,,1,,,,,1,,,,,,,,,,1,,,5,,,5,,,1,,,,5,,,
5ZoneWaterSystems.idf,,,,,,,4,,,,,,5,,,,6,,,,,,2,,,6,,,3,,1,,,,,,4,1,1,,,,,,,1,,,,,,,,,,,,,,,,41,,,,,,,,,,,,,,5,,,1,,1,,,,1,,,,,1,,,,,,,,,,,,5,,,,,,2,,,,4,,,,,,2,,,,,,1,,,,,,,,,,,,,,,,5,,,,,,1,,,,,,14,,,,1,,,,,,,,,,,,,,,,,,,,,,,1,,,,,,,,,1,,,,,,,,,,,,,,,,,,,,,,,,,,,,,1,,,,,,,,,,,,2,,,,,,,,,,,1,1,,,,,,,,,,,,,2,,,,,,,,,,,3,63,,1,,,,,,,,,,,,,,,,,,,,,,1,,,1,,,,,,,,,,,,7,,,,,,,,,,,1,,,,,,,,,,,,,,,,,42,,,,,,,,,,,,,,,,,,,,,,,,,20,1,,,,,,,,,,,,,,,,,,,,,,10,,,,,,8,,,,,,,,,,,,,,,,,,,,,,,,,,,,,,,,2,,,,,,1,,8,,,,,1,,,,,,,,,,,,,1,1,,,,,,,,,,1,5,,,,,,,,,,,,,,,,,,,,6,,,,9,,,,,,,,,,,,5,,,,1,,,,,,,1,,,,,3,,,,,,,,,,,,,,,,,,,,,1,,,1,,,,,,,,,1,,,3,2,,,,,5,6,,,,1,,,,1,,,,,,,,,,,,,,,1,,,,,,2,,,,,,,,,,,,,,,,,,,,1,,,,,,,,,,,,,9,,3,,,2,,,,,,,,,8,,,2,,,,,,1,,,,,,,,,,,,,,,,,,,,,,,40,,,,,,,,,1,,,,,,6,2,,,,,,,,,,8,,,,,1,,,3,,,,,,,,,,5,,,,,,,,,,,,,,1,,5,,,,,,,,,,,1,,,,,3,4,,,,,,,1,,,,,,,,1,,,,,,,,,,,1,,,,,,,,,,,,,,,,,,,,,1,10,,,1,,,,,,,,,,,,,,,,1,,,,,1,,,,,,,,,,,,,1,,,,,,1,,1,1,1,,,
5ZoneWaterSystems_NoSitePrec.idf,,,,,,,4,,,,,,5,,,,6,,,,,,2,,,6,,,3,,1,,,,,,4,1,1,,,,,,,1,,,,,,,,,,,,,,,,41,,,,,,,,,,,,,,5,,,1,,1,,,,1,,,,,1,,,,,,,,,,,,5,,,,,,2,,,,4,,,,,,2,,,,,,1,,,,,,,,,,,,,,,,5,,,,,,1,,,,,,14,,,,1,,,,,,,,,,,,,,,,,,,,,,,1,,,,,,,,,,,,,,,,,,,,,,,,,,,,,,,,,,,,,,1,,,,,,,,,,,,2,,,,,,,,,,,1,1,,,,,,,,,,,,,2,,,,,,,,,,,3,63,,1,,,,,,,,,,,,,,,,,,,,,,1,,,1,,,,,,,,,,,,7,,,,,,,,,,,1,,,,,,,,,,,,,,,,,41,,,,,,,,,,,,,,,,,,,,,,,,,20,1,,,,,,,,,,,,,,,,,,,,,,10,,,,,,8,,,,,,,,,,,,,,,,,,,,,,,,,,,,,,,,2,,,,,,1,,8,,,,,1,,,,,,,,,,,,,1,1,,,,,,,,,,1,5,,,,,,,,,,,,,,,,,,,,6,,,,9,,,,,,,,,,,,5,,,,1,,,,,,,1,,,,,3,,,,,,,,,,,,,,,,,,,,,1,,,1,,,,,,,,,1,,,3,2,,,,,5,6,,,,1,,,,1,,,,,,,,,,,,,,,1,,,,,,2,,,,,,,,,,,,,,,,,,,,1,,,,,,,,,,,,,9,,3,,,2,,,,,,,,,8,,,2,,,,,,1,,,,,,,,,,,,,,,,,,,,,,,40,,,,,,,,,1,,,,,,6,2,,,,,,,,,,8,,,,,1,,,3,,,,,,,,,,5,,,,,,,,,,,,,,1,,5,,,,,,,,,,,1,,,,,3,4,,,,,,,1,,,,,,,,1,,,,,,,,,,,1,,,,,,,,,,,,,,,,,,,,,1,10,,,1,,,,,,,,,,,,,,,,1,,,,,1,,,,,,,,,,,,,1,,,,,,1,,1,1,1,,,
5ZoneWLHPPlantLoopTower.idf,,,,,,,,,,,,,,,,,6,,,,,,,,,6,,,,,,,,,,,4,1,,,,,,,,2,,,,,,,,,,,,,,,,23,,,,,,,,,,,,,,5,5,,3,,1,,,,1,,,,,,,,,,,,,,,,,5,,,,,5,2,,,,4,,,,,,2,,,,,,,,,,,,,,,,,,5,,,,,,,,,,,,,,,,12,,,,,1,,,,,,,,,,,,,,,,,,,,,,,,,,,,,,,,,,,,,,,,,,,,136,,,,,,,,,,,,,,,,,,,,,,,,,,,,2,,,,,,,,,,,5,,,,,,,,,,,,,,2,,,,,,,,,,,1,44,,,,,,,,,,,,,,,,,,,,,,,,,,,,,,,,,,,,,,,7,,,,,,,,,,,1,,,,,,,,,,,,,,,,,17,,,,,,,,,,,,,,,,,,,,,,,,,5,,,,,,,,,,,,,,,,,,,,,,,5,,,,,,2,,,,,,,,2,,,,,,,,2,,,,,,,,,,,,,,,,,,,,,,,,5,,,,,,,,,,,,,,,,,,1,,,,,,,,,,,,5,,,,,,,,5,,,,,,,1,,,,5,,,,,5,,,,,,,,,,,7,5,,,,1,,,,,,,5,,,,,2,,,,,,,,,,,,,,,,,,,,,1,,,1,,,,,,,,,5,,,,,,,,,,6,,,,5,,,,1,,,,,,,,,,,,,,,,,,,,,1,,,1,,,,,,,,,,,,,,,,,,,,,,,,,,,,,,7,,3,,,,,,,,,,,,2,,,2,,,,,,1,,,,,,,,,,,,,,,,,,,,,,,40,,,,,,,,,,,,,,,,1,,,,,,,,,,2,,,,,1,,,,,,,,,,,,,5,,,,,,,,,,,,,,1,,5,,,,,,,,,,,1,,,,,1,,,,,,,,,,,,,,,,,,5,,,,,,,,,1,,,,,,,,,,,,,,,,,,,,,1,10,,,,,,,,,,,,,,,,,,,1,,,,,,,,,,,,,,,1,,,5,,,5,,,1,,,,5,,,
5Zone_IdealLoadsAirSystems_ReturnPlenum.idf,,,,,,,,,,,,,,,,,6,,,,,,,,,6,,,,,,,,,,,2,,,,,,,,,2,,,,,,,,,,,,,,,,,,,,,,,,,,,,,,5,,,,,,,,,1,,,,,,,,,,,,,,,,,5,,,,,,2,,,,4,,,,,,2,,,,,,1,,,,,,,,,,,,,,,,5,,,,,,1,,,,,,12,,,,,,,,,,,,,,,,,,,,,,,,,,,,,,,,,,,,,,,,,,,,,,,,,,,,,,,,,,,,,,,,,,1,,,,,,,,,,,2,,,,,,,,,,,,,,,,,,,,,,,,,2,,,,,,,,,,,,34,,,,,,,,,,,,,,,,,,,,,,,,,,,,,,,,,,,,,,,7,,,,,,,,,,,1,,,,,,,,,,,,,,,,,11,,,,,,,,,,,,,,,,,,,,,,,,,,,,,5,,,,,,,,,,,,,,,,,,,1,,,,,,,,,,,,,,,,,,,,,,,,,,,,1,,,,,,,,,,,,,,,,,,5,,,,,1,,,,,,,,,,,,,1,,,,,,,,,,,,,,,,,,,,,,,,,,,,,,,,,,,,5,,,1,,,,,,,,,5,,,,1,,,,,,,,,,,,,,,,,,,,,,,,,,,,,,,,,1,,,1,,,,,,,,,,,,,,,,,,5,6,,,,,,,,1,,,,,,,,,,,,,,,,,,2,,,,,,,,,,,,,,,,,,,,,,,,,,,,,,,,,,,,,,1,,,,,,,,,,,,,,,2,,,,,,1,,,,,,,,,,,,,,,,,,,,,,,40,,,,,,,,,,,,,,,,,,,,,,,,,,,,,,,1,,,,,,,,,,,,,5,,,,,,,,,,,,,,1,,5,,,,,,,,,,,1,,,,,,,,,,,,,,,,,,,,,,,,,,,,,,,,1,,,,,,,,,,,,,,,,,,,,,1,10,,,,,,,,,,,,,,,,,,,,,,,,,,,,,,,,,,,,,,,,,,,1,,,,,,,
5Zone_Transformer.idf,,,,,,,2,,,,,,5,,,,6,,,,,,,,,6,,,,,,,,,,,4,,,,,,,,,2,,,,,,,,,,,,,,,,24,,,,,,,,,,,,,,5,,2,1,,1,,,,1,,,,,1,,,,,,,,,,,,5,,,,,,2,,,,4,,,,,,2,,,,,,1,,,,,,,,,,,,,,,,5,,,,,,1,,,,,,7,,,,,,,,,,,,,,,,,,,,,,,,,,,,,,,1,,,,,,,,,,,,,,,,,,,,,,,,1,,,,,,,,,,1,,,,,,,,,,,,2,,,,,,,,,,,1,1,,,,,,,,,,,,,2,,,,,,,,,,,2,13,,1,,,,,,,,,,,,,,,,,,,,,,,,,,,,,,,,,,,,,7,,,,,,,,,,,1,,,,,,,,,,,,,,,,,23,,,,,,,,,,,,,,,,,,,,,,,,,10,,,,,,,,,,,,,,,,,,,,,,,2,,,,,,4,,,,,,,,,,,,,,,,,,,,,,,,,,,,,,,,2,,,,,,,,5,,,,,1,,,,,,,,,,,,,1,1,,,,,,,,,,,5,,,,,,,,,,,,,,,,,,,,,,,,5,,,1,,,,,,,,,5,,,,1,,,,,,,1,,,,,2,,,,,,,,,,,,,,,,,,,,,1,,,1,,,,,,,,,2,,,2,,,,,,5,6,,,,1,,,,1,,,,,,,,,,,,,,,,,,,,,1,,,1,,,,,,,,,,,,,,,,,1,,,,,,,,,,,,,5,,3,,,4,,,,,,,,,4,,,2,,,,,,1,,,,,,,,,,,,,,,,,,,,,,,40,,,,,,,,,1,,,,,,7,1,,,,,,,,,,4,,,,,1,,,,,,,,,,,,,5,,,,,,,,,,,,,,1,,5,,,,,,,,,,,1,,,,,2,7,,,,,,,,,,,,,,,,,,,,,,,,,,1,,,,,,,,,,,,,,,,,,,,,1,10,,,1,,,,,,,,,,,,,,,,,,,,,1,,,,,,,,,,,,,1,,,,,,1,,,,1,,,
5Zone_Unitary_HXAssistedCoil.idf,,,,,,,,,,,,,5,,,,6,,,,,,,,,6,,,,,,,,,,,4,,,,,,,,,2,,,,,,,,,,,,,,,,1,,,,,,,,,,,,,,5,7,,2,,,,,,1,,,,,1,,,,,,,,,,,,5,,,,,,2,,,,4,,,,,,2,,,,,,1,,,1,,,,,,,,,,,,,5,,,,,,1,,,,,,,,,,,,,,,,,,,,,,,,,,,,,,,,,,,,,,,,,,,,,,,,,,,,,,,,,,,,,,,,,,,,,,,1,,,,,,,,,,,,2,,,,,,,,,,,1,1,,,,,,,,,,,,,2,,,,,,,,,,,,87,,1,,,,,,,,,,,,,,,,,,1,6,,,,,,,,,,,,,,,,,,7,,,,,1,,,,,,1,,,,,1,,,,,,,,,,,,16,,,,,,,,,,,,,,,,,,,,,,,,,,,,,,,,,,,,,,,,,,,,,,,,7,,,,,,,,,,,,,,,,,,1,,,,,,,,,,,,,,,,,,,,1,,,,,,,,5,,,,,1,,,,,,,,,,,,,1,1,,,,,,,,,,,5,,,,,,,,,,,,,,,,,,,,,,,,5,,,,,,,,,,,,5,,,,1,,,,,,,1,,,,,,,,,,,,,,,,,,,,,,,,,,1,,,1,,,,,,,,,1,,,,,,,,,1,6,,,,1,,,,1,,,,,,,,,,,,,,,,,,,,,,,,1,,,,,,,,,1,,,,,,,,1,,,,,,,,,,,,,1,,3,,,,,,,,,,,,,,,2,,,,,,1,,,,,,,,,,,,,,,,,,,,,,,40,,,,,,,,,1,,,,,,,,,,,,,,,,,,,,,,1,,,,,,,,,,,,,5,,,,,,,,,,,,,,1,,5,,,,,,,,,,,1,,,,,,3,,,,,,,,,,,,,,,,,,,,,,,,,,1,3,,,,,,,,,,,,,,,,,,,,1,10,,,,,,,,,,,,,,,,,,,,,,,,,,,,,,,,,,,,,1,,,,,,1,,,,1,,,
5Zone_Unitary_VSDesuperheater.idf,,,,,,,,,,,,,5,,,,6,,,,,,,,,6,,,,,,,,,,,4,,,,,,,,,2,,,,,,,,,,,,,,,1,1,,,,,,,,,,,,,,5,6,,2,,,,,,1,,,,,1,,,,,,,,,,,,5,,,,,,2,,,,4,,,,,,2,,,,,,1,,,,,,,,,,,,,,,,5,,,,,,1,,,,,,,,,,,,,,,,,,,,,,,,,,,,,,,,,,,,,,,,,,,,,,,,,,,,,,,,,,,,,,,,,,,,,,,1,,1,,,,,1,,,,,2,,,,,,,,,,,1,1,,,,,,,,,,,,,2,,1,,,,,,,,,,61,,1,,,,,,,,,,,,,,,,,,1,6,,,,,,,,,,,,,,,,,,7,,,,,,,,,,,1,,,,,1,,,,,,,,,,,,16,,,,,,,,,,,,,,,,,,,,,,,,,,,,,,,,,,,,,,,,,,,,,,,,7,,,,,,,,,,,,,,,,,,1,,,,,,,,,,,,,,,,,,,,1,,,,,,,,5,,,,,1,,,,,,,,,,,,,1,1,,,,,,,,,,,5,,,,,,,,,,,,,,,,,,,,,,,,5,,,,,,,,,,,,5,,,,1,,,,,,,1,,,,,,,,,,,,,,,,,,,,,,,,,,1,,,1,,,,,,,,,1,,,,,,,,,1,6,,,,1,,,,1,,,,,,,,,,,,,,,,,,,,,,,,2,,,,,,,,,,,,,,,,,1,,,,,,,,,,,,,1,,3,,,,,,,,,,,,,,,2,,,,,,1,,,,,,,,,,,,,,,,,,,,,,,40,,,,,,,,,1,,,,,,,,,,,,,,,,,,,,,,1,,,,,,,,,,,,,5,,,,,,,,,,,,,,1,,5,,,,,,,,,,,1,,,,,,3,,,,,,,,,,,,,,,,,,,,,,,,,,1,3,,,,,,,,,,,,,,,,,,,,1,10,,,,,,,,,,,,,,,,,,,,,,1,,,,,,,,,,,,,,,1,,,,,,1,,,,1,,,
5Zone_Unitary_VSDesuperheatWaterHeater.idf,,,,,,,,,,,,,5,,,,6,,,,,,,,,6,,,,,,,,,,,4,,,,,,,,,2,,,,,,,,,,,,,,,,1,,,,,,,,,,,,,,5,7,,2,,,,,,1,,,,,1,,,,,,,,,,,,5,,,,,,2,,,,4,,,,,,2,,,,,,1,,,,,,,,,,,,,,,,5,,,,,,1,,,,,,,,,,,,,,,,,,,,,,,,,,,,,,,,,1,,,,,,,,,,,,,,,,,,,,,,,,,,,,,,,,,,,,,,1,,,,,,,,,,,,2,,,,,,,,,,,1,1,,,,,,,,,,,,,2,,,,,,,,,,,,87,,1,,,,,,,,,,,,,,,,,,1,7,,,,,,,,,,,,,,,,,,7,,,,,,,,,,,1,,,,,1,,,,,,,,,,,,20,,,,,,,,,,,,,,,,,,,,,,,,,,,,,,,,,,,,,,,,,,,,,,,,7,,,,,,,,,,,,,,,,,,1,,,,,,,,,,,,,,,,,,,,1,,,,,,,,5,,,,,1,,,,,,,,,,,,,1,1,,,,,,,,,,,5,,,,,,,,,,,,,,,,,,,,,,,,5,,,,,,,,,,,,5,,,,1,,,,,,,1,,,,,,,,,,,,,,,,,,,,,,,,,,1,,,1,,,,,,,,,1,,,,,,,,,1,6,,,,1,,,,1,,,,,,,,,,,,,,,,,,,,,,,,1,,,,,,,,,1,,,,,,,,1,,,,,,,,,,,,,1,,3,,,,,,,,,,,,,,,2,,,,,,1,,,,,,,,,,,,,,,,,,,,,,,40,,,,,,,,,1,,,,,,,,,,,,,,,,,,,,,,1,,,,,,,,,,,,,5,,,,,,,,,,,,,,1,,5,,,,,,,,,,,1,,,,,,3,,,,,,,,,,1,,,,,,,,,,,,,,,,1,3,,,,,,,,,,,,,,,,,,,,1,10,,,,,,,,,,,,,,,,,,,,,,,,,,,,,,,,,,,,,1,,,,,,1,,,,1,,,
AbsorptionChiller.idf,,,,,,,,,,,,1,,,,,5,,,,,,,,,3,,,,,1,,,,,,,1,,,,,,,,2,,1,,,,,,,,,,,,,,30,,,,,,,,,,,,,,,,,,,,,,,1,,,,1,,,,,,,,,,,,,3,,,,,,,,,,1,,,,,,2,,,,,,,,,,,,,,,,,,,,,,,,,,,,,,,,,,10,,,,,,,,,,,,,,,,,,,,,,,,,,,,,,,,,,,,,,,,,,,,,,,,,,,,,1,,,,,,,,,,,,,,,,,,,,,,,,,,,,,,,,,,,1,,,,,,,,,,,,,,1,,,,,,,,,,,2,15,,,,,,,,,,,,,,,,,,,,,,,,1,,,,,,,,,,,,,,,5,,,,,,,,,,,1,,,,,,,,,,,,,,,,,18,,,,,,,,,,,,,,,,,,,,,,,,,15,1,,,,,,,,,,,,,,,,,,,,,,6,,,,,,6,,,,,,,,,,,,,,,,,,,,,,,,,,,,,,,,1,,,,,,,,3,,,,,,,,,,,,,,,,,,1,,,,,,,,,,,1,3,,,,,,,,,,,,,,,,,,,1,,,,,2,,,,,,,,,,,,3,,,,1,,,,,,,1,,,,,6,,,,,,,,,,,,,,,,,,,,,1,,,1,,,,,,,,,1,,,3,,,,,,,1,,,,1,,3,,1,,,,,,,,,,,,,,,1,,,,,,4,,,,,,,,,,,,,,,,,,,,,,,,,,,,,,,,,7,,,,,1,,,,,,,,,6,,,1,,,,,,1,,,,,,,,,,,,,,,,,,,,,,,20,,,,,,,,,,,,,,,3,1,,,,,,,,,,6,,,,,,,,,,1,,,,,,,,3,,,,,,,,,,,,,,1,,3,,,,,,,,,,,1,,,,,2,5,,,,,,,,,,,,,,,,,,,,,,,,,,1,,,,,,,,,,,,,,,,,,,,,1,9,,,,,,,,,,,,,,,,,,,,,,,,1,,,,,,,,,,,,,1,,,,,,1,,,,1,,,
ActiveTrombeWall.idf,,,,,,,,,,,,,,,,,2,,,,,,,,,2,,,,,,,,,,,,,,,,,,,,1,,,,,,,,,,,,,,,,1,,,,,,,,,,,,,,,,,,,,,,,1,,,,1,,,,,,,,,,,,,1,,,,,,,,,,2,,,,,,2,,,,,,,,,,,,,,,,,,,,,,,,,,,,,,,,,,4,,,,,,,,,,,,,,,1,,,,,,,,,,,,,,,,,,,,,,,,,,,,,,,,,,,,,,,,,,,,,,,,,,,,,,,,,,,,,,1,,,,,,,,,,,1,,,,,,,,,,,,,,,,,,,,,,,,,,5,,,,,,,,,,,,,,,,,,,,,,,,,,,,,,,,,,,,,,,7,,,,,,,,,,,1,,,,,,,,,,,,,,,,,2,,,,,,,,,,,,,,,,,,,,,,,,,,,,,,,,,,,,,,,,,,,,,,,,1,,,,,,,,,,,,,,,,,,,,,,,,,,,,,,,,,,,,,,,,,,,,,,,,,,,1,,,,,,,,,,,,,1,,,,,,,,,,,,1,,,,,,,,1,,,,,,,,,,,1,,,,,,,,,,,,,,,,,,,,,1,,,,,,,1,,,,,,,,,,,,,,,,,,,,,,,,,,1,,,1,,,,,,,,,,,,,,,,,,,2,,,,,,,,1,,,,,,,,,,,,,,,,,,,,,,,,,,,,,,,,,,,,,,,,,,,,,,,,,,,,,,1,,1,,,,,,,,,,,,,,,,,,,,,1,,,,,,,,,,,,,,,,,,,,,,,12,,,,,,,,,,,,,,,,,,,,,,,,,,,,,,,,,,,,,,,,,,,,1,,,,,,,,,,,,,,1,,,,,,,,,,,,,1,,,,,,,,,,,,,,,,,,,,,,,,,,,,,,,,1,,,,,,,,,,,,,,,,,,,,,1,13,,,,,,,,,,,,,,,,,,,,,,,,,,,,,,,,,,,,,1,,,,,,1,,,,1,,,
AdaptiveThermostatASH55_5Zone_Miami.idf,,,,,,,,,,,,,5,,,,6,,,,,,2,,,6,,,3,,,,,,,,4,,1,,,,,,,1,,,,,,,,,,,,,,,,1,1,,,,,,,,,,,,,5,6,,1,,,,,,1,,,,,1,,,,,,1,,,,,,5,,,,,,2,,,,4,,,,,,2,,,,,,1,,,,,,,,,,,,,,,,5,,,,,,1,,,,,,10,,,,,,,,,,,,,,,,,,,,,,,,,,,,,,,,,,,,,,,,,,,,,,,,,,,,,,,,,,,,,,,,,1,,,,,,,,,,,,2,,,,,,,,,,,1,1,,,,,,,,,,,,,2,,,,,,,,,,,,10,,1,,,,,,,,,1,,,,,,,,,,4,,,,,,,,,,,,,,,,,,7,,,,,,,,,,,1,,,,,,,,,,,,,,,,,22,,,,,,,,,,,,,,,,,,,,,,,,,,,,,,,,,,,,,,1,,,,,,,,,,8,,,,,,,,,,,,,,,,,,,,,,,,,,,,,,,,,,,,,,1,,,,,,,,10,,,,,1,,,,,,,,,,,,,1,1,,,,,,,,,,,5,,,,,,,,,,,,,,,,,,,,3,,,,10,,,,,,,,,,,,5,,,,1,,,,,,,1,,,,,,,,,,,,,,,,,,,,,,,,,,1,14,,1,,,,,,,,,1,,,,,,,,,5,6,,,,1,,,,1,,,,,,,,,,,,,,,,,,,,,,,,1,,,,,,,,,,,,,,,,,1,,,,,,,,,,,,,1,,3,,,,,,,,,,,,,,,2,,,,,,1,,,,,,,,,,,,,,,,,,,,,,,40,,,,,,1,,,1,,,,,,,,,,,,,,,2,,,,,,,1,,,,,,,,,,,,,5,,,,,,,,,,,,,,1,,1,,,,,,,,,,,1,,,,,,1,,,,,,,,,,,,,,,1,,,,,,,,,,,1,2,,,,,,,,,,,,,,,,,,,,1,10,,,1,,,,,,,,,,,,,,,,,,,,,,,,,,,,,,,,,,1,,,,,,1,,1,,1,,,
AirCooledElectricChiller.idf,,,,,,,,,,,,1,,,,,5,,,,,,,,,3,,,,,,,,,,,,,,,,,,,,2,,1,,,,,,,,,,,,,,21,,,,,,,,,,,,,,,,,,,,,,,1,,,,1,,,,,,,,,,,,,3,,,,,,,,,,1,,,,,,2,,,,,,,,,,,,,,,,,,,,,,,,,,,,,,,,,,10,,,,,,,,,,,,,,,,,,,,,,,,,,,,,,,,,,,,,,,,,,,,,,,,,,,,,,,,,,,,,,,,,,,,,,,,,,,,,,,,,,,,,,,,1,,,,,,,,,,,,,,1,,,,,,,,,,,2,13,,,,,,,,,,,,,,,,,,,,,,,,,,,,,,,,,,,,,,,5,,,,,,,,,,,1,,,,,,,,,,,,,,,,,18,,,,,,,,,,,,,,,,,,,,,,,,,10,,,,,,,,,,,,,,,,,,,,,,,6,,,,,,4,,,,,,,,,,,,,,,,,,,,,,,,,,,,,,,,1,,,,,,,,3,,,,,,,,,,,,,,,,,,1,,,,,,,,,,,,3,,,,,,,,,,,,,1,,,,,,1,,,,,2,,,,,,,,,,,,3,,,,1,,,,,,,1,,,,,6,,,,,,,,,,,,,,,,,,,,,1,,,1,,,,,,,,,1,,,2,,,,,,,1,,,,1,,3,,1,,,,,,,,,,,,,,,1,,,,,,2,,,2,,,,,,,,,,,,,,,,,,,,,,,,,,,,,,5,,,,,1,,,,,,,,,4,,,1,,,,,,1,,,,,,,,,,,,,,,,,,,,,,,20,,,,,,,,,,,,,,,3,1,,,,,,,,,,4,,,,,,,,,,,,,,,,,,3,,,,,,,,,,,,,,1,,3,,,,,,,,,,,1,,,,,2,5,,,,,,,,,,,,,,,,,,,,,,,,,,1,,,,,,,,,,,,,,,,,,,,,1,9,,,,,,,,,,,,,,,,,,,,,,,,1,,,,,,,,,,,,,1,,,,,,1,,,,1,,,
AirEconomizerFaults_RefBldgLargeOfficeNew2004_Chicago.idf,,,,,,,4,1,,,,,16,,,,7,,,,,,,,,19,,,1,,1,,,,,,2,1,,,,,,,,1,,,,,,,,1,,,,,,,,62,,,,,,,,,,,,,,15,,4,,,1,,,,1,18,,,,4,5,,,,,,,,,,,16,,1,,,,,,,,,,,,,,2,,,,,,1,,,,,,,,,,,,,,,,16,,,,,,3,,,,,,,,,,1,1,,,2,,,,,,,,2,,,,,,,,,,,1,,1,,,,,,,,,,,,,,,,,,,,,,,,,,,,,,,,,,1,,4,,,,,,,,,,,,,,,,,,,,,,,4,4,,,,,,,,1,,,,,,,,,,,,,,16,,3,25,,4,,,,,,,,,,1,,,,,,,,,2,,,1,,,,,,,,,,,,,,,10,,1,,,,,,4,,,1,,,,,,,,,,,,,,,,,27,,,,,,,,,,,,,,,,,,,,,,,,,20,1,,,,,,,,,,,,,,,,,,,,,,20,,,,1,,8,,,,,,,,,,,,,,,,,,,,,,,3,,,,,,,,,8,,,,,,,,16,,,1,,1,,,1,1,,,,,,,,,1,4,,,,,,,,,,1,16,,,,,,,1,,,,,,,,,,,,4,3,2,,,16,,,1,,,,,,,,,16,,,,1,,,1,,,,4,,,,,3,,,,,,,,,,,,,,,,,,,,,1,9,1,1,,,,,,,,,4,,,3,,,,,,16,12,,,,,,,,1,,,,,,10,,,,,,,,,,,,,,,2,,,1,,,,,3,,,,,,,,,,,,4,,,,,,,,,,,,,12,,,,,8,,,,,,,,,8,,,,,,,,,1,,,,,,,,,,,,,,,,,,,,,,,130,,,,,,,,,4,,,,,,20,2,,,,,,,,,,8,,,,,16,,,3,,,,,,,,,,16,,,,,,,,,,,,,,1,,16,,,,,,,,,,,1,,3,,,3,10,,,,,,,,,,,,1,,,1,,,,,,,,,,,1,,,,,,,,,,,,,,,,,,,,,1,15,,,12,,,,,,,,,,,,,,,,1,,,,,,,,,,,,,,,,,,4,,,,,,1,,,,4,,,
AirEconomizerWithMaxMinOAFractions.idf,,,,,,,3,,,,,,5,,,,7,,,,,,,,,6,,,,,,,,,,,4,1,,,,,,,,1,,,,,,,,,,,,,,,,30,,,,,,,,,,,,,,5,,1,2,,1,,,,1,,,,,1,,,,,,,,,,,,5,,,,,,2,,,,4,,,,,,2,,,,,,1,,,,,,,,,,,,,,,,5,,,,,,1,,,,,,14,,,,,,,,,,,,,,,,,,,,,,,,,,,,,,,,,,,,,,,,,,,,,,,,,,,,,,,,,,,,,,,,,1,,,,,,,,,,,,2,,,,,,,,,,,1,1,,,,,,,,,,,,,,,,,,,,,,,,2,30,,1,,,,,,,,,,,,,,,,,,,2,,,1,,,,,,,,,,,,,,,7,,,,,,,,1,,,1,,,,,,,,,,,,,,,,,17,,,,,,,,,,,,,,,,,,,,,,,,,15,1,,,,,,,,,,,,,,,,,,,,,,1,,,,,,6,,,,,,,,,,,,,,,,,,,,,,,,,,,,,,,,2,,,,,,,,5,,,,,1,,,,,,,,,,,,,1,1,,,,,,,,,,1,5,,,,,,,,,,,,,,,,,,,,,,,,5,,,1,,,,,,,,,5,,,,1,,,,,,,1,,,,,2,,,,,,,,,,,,,,,,,,,,,1,,,1,,,,,,,,,1,,,1,1,,,,,5,6,,,,,,,,1,,,,,,,,,,,,,,,,,,,,,2,,,,,,,,,,,,,,,,,,,,1,,,,,,,,,,1,,,7,,3,,,2,,,,,,,,,6,,,,,,,,,1,,,,,,,,,,,,,,,,,,,,,,,40,,,,,,,,,1,,,,,,6,1,,,,,,,,,,6,,,,,1,,,,,,,,,,,,,5,,,,,,,,,,,,,,1,,5,,,,,,,,,,,1,,,,,2,4,,,,,,,,,,,,,,,,,,,,,,,,,,1,,,,,,,,,,,,,,,,,,,,,1,10,,,2,,,,,,,,,,,,,,,,2,,,,,,,,,,,,,,,,,,1,,,,,,1,,,,1,,,
AirflowNetwork3zVent.idf,,,,,,,,,,,,,,,,,4,,,,,,,,,3,,,,,,,,,,,,,,,,,,,,1,,,,,,,,,,,,,,,,,,,,,,,,,4,,,,,,,,,,,,,,1,,,,,,,,,,,,,,,,,,,,,,,,,,,1,,,,,,2,,,,,,,,,,,2,,,,,,,,,,,,,,,,,,,,,,,6,,,,,,,,,,,,,,,,,,,,,,,,,,,,,,,,,,,,,,,,,,,,,,,,,,,,,,,,,,,,,,,,,,,,,,,,,,,,,,,,,,,,,,,,,,,,,,,,,,,,,,,,,,,,,,,,,,27,,,,,,,,,,,,,,,,,,,,,,,,,,,,,,,,,,,,,,,6,,,,,,,,,,,1,,,,,,,,,,,1,,,,,,8,,,,,,,,,,,,,,,,,,,,,,,,,,,,,,,,,,14,,,,,,,,,,,,,,,,,,,,,,,,,,,,,,,,,,,,,,,,,,,,1,,,,,,,,,1,,,,,,,3,,,,,1,,,1,,,,,,,,,,1,,,,,,,,,,,,,,,,,,,,,,,,,,,,,,,,,,,,2,,,,,,,,,,,,3,,,,1,,,,,,,,,,,,,,,,,,,,,,,,,,,,,,,,,1,,,1,,,,,3,,,,,,,,,,,,,,5,,,,,,,,1,,,,,,,,,,,,,,,,,,,,,,,,,,,,,,,,,,,,,,,,,,,,,,,,,,,,,,,,,,,,,,,,,,,,,,,,,,,,,1,,,,,,,,,,,,,,,,,,,4,,,,19,,,,,,,,,,,,,,,,,,,,,,,,,,,,,,,,,,,,,,,,,,,,,,,,,,,,,,,,,,1,,,,,,,,,,,,,1,,,,,,,,,,,,,,,,,,,,,,,,,,,,,,,,1,,,,,,,,,,,,,,,,,,,,,1,10,,,,,,,2,,,,,,,,,,,,,,,,,,,,,,,,,,,,,,,,,,,,1,,,,,,,
AirflowNetwork3zVentAutoWPC.idf,,,,,,,,,,,,,,,,,4,,,,,,,,,3,,,,,,,,,,,,,,,,,,,,1,,,,,,,,,,,,,,,,,,,,,,,,,,,,,,,,,,,,,,,1,,,,,,,,,,,,,,,,,,,,,,,,,,,1,,,,,,2,,,,,,,,,,,2,,,,,,,,,,,,,,,,,,,,,,,6,,,,,,,,,,,,,,,,,,,,,,,,,,,,,,,,,,,,,,,,,,,,,,,,,,,,,,,,,,,,,,,,,,,,,,,,,,,,,,,,,,,,,,,,,,,,,,,,,,,,,,,,,,,,,,,,,,24,,,,,,,,,,,,,,,,,,,,,,,,,,,,,,,,,,,,,,,6,,,,,,,,,,,1,,,,,,,,,,,1,,,,,,8,,,,,,,,,,,,,,,,,,,,,,,,,,,,,,,,,,13,,,,,,,,,,,,,,,,,,,,,,,,,,,,,,,,,,,,,,,,,,,,1,,,,,,,,,,,,,,,,3,,,,,1,,,,,,,,,,,,,1,,,,,,,,,,,,,,,,,,,,,,,,,,,,,,,,,,,,2,,,,,,,,,,,,3,,,,1,,,,,,,,,,,,,,,,,,,,,,,,,,,,,,,,,1,,,1,,,,,3,,,,,,,,,,,,,,4,,,,,,,,1,,,,,,,,,,,,,,,,,,,,,,,,,,,,,,,,,,,,,,,,,,,,,,,,,,,,,,,,,,,,,,,,,,,,,,,,,,,,,1,,,,,,,,,,,,,,,,,,,,,,,19,,,,,,,,,,,,,,,,,,,,,,,,,,,,,,,,,,,,,,,,,,,,,,,,,,,,,,,,,,1,,,,,,,,,,,,,1,,,,,,,,,,,,,,,,,,,,,,,,,,,,,,,,1,,,,,,,,,,,,,,,,,,,,,1,10,,,,,,,2,,,,,,,,,,,,,,,,,,,,,,,,,,,,,,,,,,,,1,,,,,,,
AirflowNetworkAdvanced_SingleSided_NV.idf,,,,,,,,,,,,,,,,,7,,,,,,,,,4,,,,,,,,,,,,,,,,,,,,1,,,,,,,,,,,,,,,,,,,,,,,,,,,,,,,,,,,,,,,1,,,,,,,,,,,,,,,,,,,,,,,2,,,,1,,,,,,2,,,,,,,,,,,1,,,,,,,,,,,,,,,,,,,,,,,,,,,,,,,,,,,,,,,,,,,,,,,,,,,,,,,,,,,,,,,,,,,,,,,,,,,,,,,,,,,,,,,,,,,,,,,,,,,,,,,,,,,,,,,,,,,,,,,,,,,,,,,,,,,,,,,,,13,,,,,,,,,,,,,,,,,,,,,,,,,,,,,,,,,,,,,,,5,,,,,,,,,,,,,,,,,,,,,,1,,,,,,14,,,,,,,,,,,,,,,,,,,,,,,,,,,,,,,,,,14,,,,,,,,,,,,,,,,,,,,,,,,,,,,,,,,,,,,,,,,,,,,1,,,,,,,,,,,,,,,,,,,,,,,,,,,,,,,,,,1,,,,,,,,,,,,,,,,,,,,,,,,,,,,,,,,,,,,,,,,,,,,,,,,,,,,1,,,,,,,,,,,,,,,,,,,,,,,,,,,,,,,,,1,,,1,,,,,4,,,,,,,,,,,,,,10,,,,,,,,,,,,,,10,,,,,,,,,,,,,,,,,,,,,,,,,,,,,,,,,,,,,,,,,,,,,,,,,,1,,,,,,,,,,,,,,,,,,,,,1,,,,,,,,,,,,,,,,,,,,,,,26,,,,,,,,,,,,,,,,,,,,,,,,,,,,,,,,,,,,,,,,,,,,,,,,,,,,,,,,,,1,,,,,,,,,,,,,1,,,,,,,,,,,,,,,,,,1,,,,,,,,,,,,,,1,,,,,,,,,,,,,,,,,,,,,,10,,,,,,,1,,,,,,,,,,,,,,,,,,,,,,,,,,,,,,,,,,,,1,,,,,,,
AirflowNetworkOccupantVentilationControl.idf,,,,,,,,,,,,,,,,,4,,,,,,,,,3,,,,,,,,,,,,,,,,,,,,1,,,,,,,,,,,,,,,,,,,,,,,,,4,,,,,,,,2,,,,,,1,,,,,,,,,,,,,,,,,,,,,,,,,,,1,,,,,,2,,,,,,,,,,,2,,,,,,,,,,,,,,,,,,,,,,,,,,,,,,,,,,,,,,,,,,,,,,,,,,,,,,,,,,,,,,,,,,,,,,,,,,,,,,,,,,,,,,,,,,,,,,,,,,,,,,,,,,,,,,,,,,,,,,,,,,,,,,,,,,,,,,,,,14,,,,,,,,,,,,,,,,,,,,,,,,,,,,1,,,,,,,,,,,6,,,,,,,,,,,1,,,,,,,,,,,1,,,,,,10,,,,,,,,,,,,,,,,,,,,,,,,,,,,,,,,,,13,,,,,,,,,,,,,,,,,,,,,,,,,,,,,,,,,,,,,,,,,,,,1,,,,,,,,,1,,,,,,,3,,,,,1,,,1,,,,,,,,,,1,,,,,,,,,,,,,,,,,,,,,,,,,,,,,,,,,,,,2,,,,,,,,,,,,3,,,,1,,,,,,,,,,,,,,,,,,,,,,,,,,,,,,,,,1,,,1,,,,,3,,,,,,,,,,,,,,4,,,,,,,,1,,,,,,,,,,,,,,,,,,,,,,,,,,,,,,,,,,,,,,,,,,,,,,,,,,,,,,,,,,,,,,,,,,,,,,,,,,,,,1,,,,,,,,,,,,,,,,,,,4,,,,19,,,,,,,,,,,,,,,,,,,,,,,,,,,,,,,,,,,,,,,,,,,,,,,,,,,,,,,,,,1,,,,,,,,,,,,,1,,,,,,,,,,,,,,,,,,,,,,,,,,,,,,,,1,,,,,,,,,,,,,,,,,,,,,1,10,,,,,,,2,,,,,,,,,,,,,,,,,,,,,,,,,,,,,,,,,,,,1,,,,,,,
AirflowNetwork_Attic_Duct.idf,,,,,,,,,,,,,,,,,5,,,,,,,,,2,,,,,,,,,,,2,,,,,,,,,1,,,,,,,,,,,,,,,,1,1,,,,,,,,,,,,,,1,,3,,,,,,1,,,,1,,,,,,,,,,,,,1,,,,,,,,,,1,,,,,,2,,,,,,,,,,,1,,,,,,,,,,1,,,,,,,,,,,,,,,,,,,,,,,,,,,,,,,,,,,,,,,,,,,,,,,,,,,,,,,,,,,,,,,,,,,,,,,,,,,,,,,,,,,,,,,,,,,,,,,1,,,,,,1,,,,,,,,,,,,,,,,,,,,,,,1,,,16,,,,,,,,,,,,,,,,,,,,,2,,,,,,,,,,,,,,,,,,6,,,,,,,,,,,1,,,,,,,,,,,1,,,,,,3,,,,,,,,,,,,,,,,,,,,,,,,,,,,,,,,,,4,,,,,,,,,,,,,,2,,,,,,,,,,,,,,,,,,,,,,,,,,,,,,1,,,,,,,,,,,,,,,,,,,,,1,,2,,,,,,,,,,,1,,,,,,,,,1,,,1,,,,,,,,1,,,,,,,1,,,,1,,,,,,,,,,,,,,,,,,,,,,,,,,,,1,,,,,,,,,,,,,,,,,,,,,,,,,,1,,,1,,,15,,2,,,,1,,,,,,,,,,,,,,1,,,,1,,,,,,,,,,,8,,,,,,,,,,,,,,,,,,,,,,,,,,,,,,,,,,,,,,,,,,,1,,1,,,,,,,,,,,,,,,,,1,,,,1,,,,,,,,,,,,,,,,,,,,,,,13,,,,,,,,,,,,,,,,,,,,,,,,,,,,,,,,,,,,,,,,,,,,1,,,,,,,,,,,,14,,1,,1,,,,,,,,,,,1,,,,,,,,,,,,,,,,,,,,,,,,,,,,,,,,1,,,,1,,,,,,,,,,,,,,,,,1,18,,,,,,,,,,,,,,,,,,,,,,,,,,,,,,,,,,,,,1,,,,,,1,,,,1,,,
AirflowNetwork_MultiAirLoops.idf,,,,,,,,,,,,,,,,,6,,,,,1,,6,,5,,,,,,,,,,,,,,,,,,,,2,,,,,,1,,,,,,,,,,2,1,,,,,,,,5,,,,,,2,,8,,,,,,1,,1,,1,2,,,,,,,,,,,,3,,,,,1,,,,,3,,,1,,,2,,,,,,1,,,,,2,,,,,,,,,,,1,,,,1,,,,,,,,12,,,,,,,,,,,,,,,,,,,,,,,,,,,,,,,,,,,,,,,,,,,,,,,1,,,,1,,,,,,,,,,,,,,2,,,,,,,,,,,,,,,,,2,,,,,,2,,,,,,,,,,,,,,,,,,,,,,,,,,25,,2,,,,,,,,,,,,,,,,,,,5,,,,,,,,,,,,,,,,,,9,,,,,,,,1,,,1,,2,,,,,,,,,1,,,,,,17,,,,,,,,,,,,,1,,1,,,,1,,,,,,,,,,,,,,,21,,,,,,,,,,,,,,4,,,,,,,,,,,,,,,,,,,,,,,,,,,,1,,1,,,,,,,,2,1,,,,1,,,3,,,,,1,,5,,,,,,,,,,,1,,,,,,,,,1,,,3,,,,,,,,2,1,,,,,,1,,,,2,,,,,3,,,,,,,,,,,,3,,,,1,,,,,,,2,,,,,,,,,,,,,,,,,,,1,,,,,,,1,,,1,,,53,,5,,,,2,,,,,,,,,1,4,,,,1,,1,,1,,,,,,,,,,,16,,,,,,,,,,,,,1,,1,,,,,,,,,,,,,,,2,,,,,,,,,,,,,2,,1,,,,,,,,,,,,,,,,,,,,,1,,,,,,,,,,,,,,,,,,,5,,,,38,,,,,,,,,2,,,,,,,,,,,,,,,,,,,,,,1,,,,,1,,,,,,,,3,,,,,,,,,,1,,42,,1,,3,,,,,,,,,,1,1,,,,,,,,,,,,,,,,,,,,,,,,,,,,,,,,1,3,,,2,,,,,,,,,,,,,,,,,1,10,,,1,,,,1,,,,,,,,,,,,,,,,,,,,,,,,,,,,,,2,,,,,,1,,,,2,,,
AirflowNetwork_Multizone_HorizontalOpening.idf,,,,,,,,,,,,,,,,,4,,,,,,,,,6,,,,,,,,,,,,,,,,,,,,1,,,,,,,,,,,,,,,,,,,,,,,,,4,,,,,,,,,,,,,,1,,,,,,,,,,,,,,,,,,,,,,,,,,,1,,,,1,,2,,,,,,,,,,,2,,,,,,,,,,,,,,,,,,,,,,,6,,,,,,,,,,,,,,,,,,,,,,,,,,,,,,,,,,,,,,,,,,,,,,,,,,,,,,,,,,,,,,,,,,,,,,,,,,,,,,,,,,,,,,,,,,,,,,,,,,,,,,,,,,,,,,,,,,26,,,,,,,,,,,,,,,,,,,,,,,,,,,,,,,,,,,,,,,8,,,,,,,,,,,1,,,,,,,,,,,1,,,,,,8,,,,,,,,,,,,,,,,,,,,,,,,,,,,,,,,,,29,,,,,,,,,,,,,,,,,,,,,,,,,,,,,,,,,,,,,,,,,,,,1,,,,,,,,,1,,,,,,,6,,,,,1,,,,,,,,,,,,,1,,,,,,,,,,,,,,,,,,,,,,,,,,,,,,,,,,,,4,,,,,,,,,,,,6,,,,1,,,,,,,,,,,,,,,,,,,,,,,,,,,,,,,,,1,,,1,,,,,6,,,,,,,,,,,,,,9,,,,,,,,1,,,,,,,,,,,,,,,,,,,,,,,,,,,,,,,,,,,,,,,,,,,,,,,,,,,,,,,,,,,,,,,,,,,,,,,,,,,,,1,,,,,,,,,,,,,,,,,,,4,,,,35,,,,,,,,,,,,,,,,,,,,,,,,,,,,,,,,,,,,,,,,,,,,,,,,,,1,,,,,,,,1,,,,,,,,,,,,,1,,,,,,,,,,,,,,,,,,,,,,,,,1,,,,,,,1,,,,,,,,,,,,,,,,,,,,,1,11,,,,,,,2,,,,,,,,,,,,,,,,,,,,,,,,,,,,,,,,,,,,1,,,,,,,
AirflowNetwork_MultiZone_House.idf,,,,,,,,,,,,,,,,,5,,,,,,,2,,3,,,,,,,,,,,2,,,,,,,,,2,,,,,,1,,,,,,,,,,1,,,,,,,,,4,,,,,,1,,5,,,,,,1,,,,,,,,,,,,,,,,,1,,,,,1,,,,,1,,,,,,2,,,,,,,,,,,5,,,,,,,,,,,,,,,,,,,,,,,12,,,,,,,,,,,,,,,,,,,,,,,,,,,,,,,,,,,,,,,,,,,,,,,,,,,,,,,,,,,,,,,,,,,,,,,,,,,,,,,,,,1,,,,,,1,,,,,,,,,,,,,,,,,,,,,,,,,,13,,,,,,,,,,,,,,,,,,,,,2,,,,,,,,,,,,,,,,,,12,,,,,,,,,,,1,,,,,,,,,,,1,,,,,,14,,,,,,,,,,,,,,,,,,,,,,,,,,,,,,,,,,6,,,,,,,,,,,,,,2,,,,,,,,,,,,,,,,,,,,,,,,,,,,,,1,,,,,,,,,1,,,,,,,1,,,,,1,,3,,,,,,,,,,,1,,,,,,,,,,,,1,,,,,,,,1,,,,,,,1,,,,1,,,,,1,,,,,,,,,,,,1,,,,1,,,,,,,1,,,,,,,,,,,,,,,,,,,,,,,,,,1,,,1,,,18,,3,,,,1,,,,,,,,,,4,,,,1,,,,1,,,,,,,,,,,8,,,,,,,,,,,,,,,,,,,,,,,,,,,,,,,,,,,,,,,,,,,1,,1,,,,,,,,,,,,,,,,,,,,,1,,,,,,,,,,,,,,,,,,,4,,,,25,,,,,,,,,,,,,,,,,,,,,,,,,,,,,,,1,,,,,,,,,,,,,1,,,,,,,,,,1,,15,,1,,1,,,,,,,,,,,1,,,,,,,,,,,,,,,,,,,,,,,,,,,,,,,,1,3,,,1,,,,,,,,,,,,,,,,,1,8,,,,,,,,,,,,,,,,,,,,,,,,,,,,,,,,,,,,,1,,,,,,1,,,,1,,,
AirflowNetwork_MULTIZONE_House_DuctSizing.idf,,,,,,,,,,,,,,,,,5,,,,,,,2,,3,,,,,,,,,,,2,,,,,,,,,2,,,,,,1,,,,,,,,,,1,,,,,,,,,4,,,,,,1,,5,,,,,,1,,,,,,,,,,,,,,,,,1,,,,,1,,,,,1,,,,,,2,,,,,,,,,,,5,,,,,,,,,,,,,,,,,,,,,,,12,,,,,,,,,,,,,,,,,,,,,,,,,,,,,,,,,,,,,,,,,,,,,,,,,,,,,,,,,,,,,,,,,,,,,,,,,,,,,,,,,,1,,,,,,1,,,,,,,,,,,,,,,,,,,,,,,,,,13,,,,,,,,,,,,,,,,,,,,,2,,,,,,,,,,,,,,,,,,12,,,,,,,,,,,1,,,,,,,,,,,1,,,,,,14,,,,,,,,,,,,,,,,,,,,,,,,,,,,,,,,,,6,,,,,,,,,,,,,,2,,,,,,,,,,,,,,,,,,,,,,,,,,,,,,1,,,,,,,,,1,,,,,,,1,,,,,1,,3,,,,,,,,,,,1,,,,,,,,,,,,1,,,,,,,,1,,,,,,,1,,,1,1,,,,,1,,,,,,,,,,,,1,,,,1,,,,,,,1,,,,,,,,,,,,,,,,,,,,,,,,,,1,,,1,,,18,,3,,,,1,,,,,,,,,,4,,,,1,,,,1,,,,,,,,,,,8,,,,,,,,,,,,,,,,,,,,,,,,,,,,,,,,,,,,,,,,,,,1,,1,,,,,,,,,,,,,,,,,,,,,1,,,,,,,,,,,,,,,,,,,4,,,,25,,,,,,,,,,,,,,,,,,,,,,,,,,,,,,,1,,,,,,,,,,,,,1,,,,,,,,,,1,,15,,1,,1,,,,,,,,,,,1,,,,,,,,,,,,,,,,,,,,,,,,,,,,,,,,1,3,,,1,,,,,,,,,,,,,,,,,1,8,,,,,,,,,,,,,,,,,,,,,,,,,,,,,,,,,,,,,1,,,,,,1,,,,1,,,
AirflowNetwork_MultiZone_House_FanModel.idf,,,,,,,,,,,,,,,,,5,,,,,,,2,,3,,,,,,,,,,,2,,,,,,,,,1,,,,,,,,,,,,,,,,1,,,,,,,,,4,,,,,,1,,5,,,,,,1,,,,,,,,,,,,,,,,,1,,,,,,,,,,1,,,,,,2,,,,,,,,,,,5,,,,,,,,,,,,,,,,,,,,,,,12,,,,,,,,,,,,,,,,,,,,,,,,,,,,,,,,,,,,,,,,,,,,,,,,,,,,,,,,,,,,,,,,,,,,,,,,,,,,,,,,,,1,,,,,,1,,,,,,,,,,,,,,,,,,,,,,,,,,13,,,,,,,,,,,,,,,,,,,,,2,,,,,,,,,,,,,,,,,,12,,,,,,,,,,,1,,,,,1,,,,,,1,,,,,,14,,,,,,,,,,,,,,,,,,,,,,,,,,,,,,,,,,6,,,,,,,,,,,,,,2,,,,,,,,,,,,,,,,,,,,,,,,,,,,,,1,,,,,,,,,1,,,,,,,1,,,,,1,,3,,,,,,,,,,,1,,,,,,,,,,,,1,,,,,,,,1,,,,,,,1,,,,1,,,,,1,,,,,,,,,,,,1,,,,1,,,,,,,1,,,,,,,,,,,,,,,,,,,,,,,,,,1,,,1,,,18,,3,,,,1,,,,,,1,,,,4,,,,1,,,,1,,,,,,,,,,,8,,,,,,,,,,,,,,,,,,,,,,,,,,,,,,,,,,,,,,,,,,,1,,1,,,,,,,,,,,,,,,,,,,,,1,,,,,,,,,,,,,,,,,,,4,,,,25,,,,,,,,,,,,,,,,,,,,,,,,,,,,,,,1,,,,,,,,,,,,,1,,,,,,,,,,1,,15,,1,,1,,,,,,,,,,,1,,,,,,,,,,,,,,,,,,,,,,,,,,,,,,,,1,3,,,1,,,,,,,,,,,,,,,,,1,8,,,,,,,,,,,,,,,,,,,,,,,,,,,,,,,,,,,,,1,,,,,,1,,,,1,,,
AirflowNetwork_MultiZone_House_OvercoolDehumid.idf,,,,,,,,,,,,,,,,,5,,,,,,,2,,3,,,,,,,,,,,2,,,,,,,,,1,,,,,,,,,,,,,,,,1,,,,,,,,,4,,,,,,2,,3,,,,,,1,,,,,,,,,,,,,,,,,1,,,,,1,,,,,3,,,,,,2,,,,,,,,,,,5,,,,,,,,,,,1,,,,,,,,,,,,12,,,,,,,,,,,,,,,,,,,,,,,,,,,,,,,,,,,,,,,,,,,,,,,,,,,,,,,,,,,,,,,,,,,,,,,,,,,,,,,,,,1,,,,,,1,1,,,,,,,,,,,,,,,,,,,,,,1,,,18,,,,,,1,,,,,,,,,,,,,,,2,,,,,,,,,,,,,,,,,,13,,,,,,,,,,,1,,,,,,,,,,,1,,,,,,19,,,,,,,,,,,,,,,,,,,,,,,,,,,,,,,,,,6,,,,,,,,,,,,,,2,,,,,,,,,,,,,,,,,,,,,,,,,,,,,,1,,,,,,,,,1,,,,,,,6,,,,,1,,3,,,,,,,,,,,1,,,,,,,,,,,,1,,,,,,,,1,,,,,,,,,,,1,,,,,1,,,,,,,,,,,,1,,,,1,,,,,,,1,,,,,,,,,,,,,,,,,,,,,,,,,,1,,,1,,,18,,3,,,,1,,,,,,,,,1,4,,,,1,,,,1,,,,,,,,,,,8,,,,,,,,,,,,,,,,,,,,,,,,,,,,,,,,,,,,,,,,,,,1,,1,,,,,,,,,,,,,,,,,,,,,1,,,,,,,,,,,,,,,,,,,4,,,,25,,,,,,,,,,,,,,,,,,,,,,,,,,,,,,,1,,,,,1,,,,,,,,1,,,,,,,,,,,,15,,1,,1,,,,,,,,,,,1,,,,,,,,,,,,,,,,,,,,,,,,,,,,,,,,1,,,,1,,,,,,,,,,,,,,,,,1,9,,,,,,,,,,,,,,,,,,,,,,,,,,,,,,,,,,,,,1,,,,,,1,1,,,1,,,
AirflowNetwork_MultiZone_House_TwoSpeed.idf,,,,,,,,,,,,,,,,,5,,,,,,,2,,3,,,,,,,,,,,2,,,,,,,,,2,,,,1,,,,,,,,,,,,1,,,,,,,,,4,,,,,,1,,16,,,,,,1,,,,,,,,,,,,,,,,,1,,,,,1,,,,,1,,,,,,2,,,,,,,,,,,5,,,,,,,,,,,,,,,,,,,,,,,12,,,,,,,,,,,,,,,,,,,,,,,,,,,,,,,,,,,,,,,,,,,,,,,,,,,,,,,,,,,,,,,,,,,,,,,,,,,,,,,,,,1,,,,,,1,,,,,,,,,,,,,,,,,,,,,,,,,,15,,,,,,,,,,,,,,,,,,,,,15,,,,,,,,,,,,,,,,,,12,,,,,,,,,,,1,,,,,,,,,,,1,,,,,,14,,,,,,,,,,,,,,,,,,,,,,,,,,,,,,,,,,6,,,,,,,,,,1,,,,2,,,,,,,,,,,,,,,,,,,,,,,,,,,,,,1,,,,,,,,,1,,,,,,,1,,,,,1,,3,,,,,,,,,,,1,,,,,,,,,,,,1,,,,,,,,1,,,,,,,1,,,,1,,,,,1,,,,,,,,,,,,1,,,,1,,,,,,,1,,,,,,,,,,,1,,,,,,,,,,,,,,,1,,,1,,,18,,3,,,,1,,,,,,,,,,4,,,,1,,,,1,,,,,,,,,,,8,,,,,,,,,,,,,1,,,,,,,,,,,,,,,,,,,,,,,,,,,,,,1,,1,,,,,,,,,,,,,,,,,,,,,1,,,,,,,,,,,,,,,,,,,4,,,,25,,,,,,,,,,,,,,,,,,,,,,,,,,,,,,,1,,,,,,,,,,,,,1,,,,,,,,,,,,15,,1,,1,,,,,,,,,,,1,,,,,,,,,,,,,,,,,,,,,,,,,,,,,,,,1,3,,,,,,,,,,,,,,,,,,,,1,8,,,,,,,,,,,,,,,,,,,,,,,,,,,,,,,,,,,,,1,,,,,,1,,,,1,,,
AirflowNetwork_MultiZone_LocalNode.idf,,,,,,,,,,,,,,,,,5,,,,,,,2,,3,,,,,,,,,,,2,,,,,,,,,1,,,,,,1,,,,,,,,,,1,,,,,,,,,4,,,,,,1,,5,,,,,,1,,,,,,,,,,,,,,,,,1,,,,,1,,,,,1,,,,,,2,,,,,,,,,,,5,,,,,,,,,,,,,,,,,,,,,,,12,,,,,,,,,,,,,,,,,,,,,,,,,,,,,,,,,,,,,,,,,,,,,,,,,,,,,,,,,,,,,,,,,,,,,,,,,,,,,,,,,,1,,,,,,1,,,,,,,,,,,,,,,,,,,,,,,,,,13,,,,,,,,,,,,,,,,,,,,,2,,,,,,,,,,,,,,,,,,14,,,,,,,,,,,1,,,,,,,,,,,1,,,,,,15,,,,,,,,,,,,,,,,,,,,,,,,,,,,,,,,,,6,,,,,,,,,,,,,,2,,,,,,,,,,,,,,,,,,,,,,,,,,,,,,1,,,,,,,,,1,,,,,,,1,,,,,1,,3,,,,,,,,,,,1,,,,,,,,,,,,1,,,,,,,,1,,,,,,,1,,,,1,,,,,1,,,,,,,,,,,,1,,,,1,,,,,,,1,,,,,,,,,,,,,,,,,,,,,,,,,,1,,,1,,,18,,3,,,,1,,,,,,,,,,4,,,,1,,,,1,,,,,,,,,,,8,,,,,,,,,,,,,1,,,,,,,,,,,,,,,,,,,,,,,,,,,,,,1,,1,,,,,,,,,,,,,,,,,,,,,1,,,,,,,,,,,,,,,,,,,4,,,,25,,,,,,,,,,,,,,,,,,,,,,,,,,,,,,,1,,,,,,,,,,,,,1,,,,,,,,,,1,,15,,1,,1,,,,,,,,,,,1,,,,,,,,,,,,,,,,,,,,,,,,,,,,,,,,1,3,,,1,,,,,,,,,,,,,,,,,1,8,,,,,,,,,,,,,,,,,,,,,,,,,,,,,,,,,,,,,1,,,,,,1,,,,1,,,
AirflowNetwork_MultiZone_SmallOffice.idf,,,,,,,,,,,,,,,,,5,,,,,1,,6,,4,,,,,,,,,,,,,,,,,,,,2,,,,,,,,,,,,,,,,1,1,,,,,,,,5,,,,,,3,,3,,,,,,1,,2,,1,1,,,,,,,,,,,,3,,,,,,,,,,3,,,,,,2,,,,,,,,,,,2,,,,,,,,,,,,1,,,,,,,,,,,12,,,,,,,,,,,,,,,,,,,,,,,,,,,,,,,,,,,,,,,,,,,,,,,,,,,1,,,,,,,,,,,,,,1,,,,,,,,,,,,,,,,,1,,,,,,1,,,,,,,,,,,,,,,,,,,,,,,,,,16,,1,,,,,,,,,,,,,,,,,,,2,,,,,,,,,,,,,,,,,,9,,,,,,,,,,,1,,1,,,,,,,,,1,,,,,,15,,,,,,,,,,,,,,,1,,,,,,,,,,,,,,,,,,,19,,,,,,,,,,,,,,5,,,,,,,,,,,,,,,,,,,,,,,,,,,,,,1,,,,,,,,1,1,,,,1,,,3,,,,,1,,2,,,,,,,,,,1,1,,,,,,,,,1,,,3,,,,,,,,1,1,,,,,,1,,,,1,,,,,3,,,,,,,,,,,,3,,,,1,,,,,,,1,,,,,,,,,,,,,,,,,,,1,,,,,,,1,,,1,,,39,,4,,,,1,,,,,,,,,,4,,,,1,,2,,1,,,,,,,,,,,13,,,,,,,,,,,,,,,1,,,,,,,,,,,,,,,1,,,,,,,,,,,,,1,,1,,,,,,,,,,,,,,,,,,,,,1,,,,,,,,,,,,,,,,,,,5,,,,34,,,,,,,,,1,,,,,,,,,,,,,,,1,,,,,,,1,,,,,1,,,,,,,,3,,,,,,,,,,,,28,,1,,3,,,,,,,,,,1,1,,,,,,,,,,,,,,,,,,,,,,,,,,,,,,,,1,,,,1,,,,,,,,,,,,,,,,,1,10,,,,,,,1,,,,,,,,,,,,,,,,,,,,,,,,,,,,,,1,,,,,,1,,,,1,,,
AirflowNetwork_MultiZone_SmallOffice_CoilHXAssistedDX.idf,,,,,,,,,,,,,,,,,5,,,,,1,,6,,4,,,,,,1,,,,,,,,,,,,,,2,,,,,,,,,,,,,,,,1,,,,,,,,,5,1,,,,,1,,3,,,,,,1,,,,1,1,,,,,,,,,,,,3,,,,,,,,,,3,,,,,,2,,,,,,,,,,,2,,,,,,,,,,,,,,,,,,,,,,,12,,,,,,,,,,,,,,,,,,,,,,,,,,,,,,,,,,,,,,,,,,,,,,,,,,,1,,,,,,,,,,,,,,1,,,,,,,,,,,,,,,,,1,,1,,,,1,,,,,,,,,,,,,,,,,,,,,,,,,,19,,1,,,,,,,,,,,,,,,,,,,2,,,,,,,,,,,,,,,,,,9,,,,,1,,,,,,1,,1,,,,,,,,,1,,,,,,16,,,,,,,,,,,,,,,1,,,,,,,,,,,,,,,,,,,19,,,,,,,,,,,,,,5,,,,,,,,,,,,,,,,,,,,,,,,,,,,,,1,,,,,,,,1,1,,,,1,,,3,,,,,1,,2,,,,,,,,,,1,1,,,,,,,,,1,,,3,,,,,,,,3,1,,,,,,1,,,,1,,,,,3,,,,,,,,,,,,3,,,,1,,,,,,,1,,,,,,,,,,,,,,,,,,,1,,,,,,,1,,,1,,,41,,4,,,,1,,,,,,,,,,4,,,,1,,,,1,,,,,,,,,,,15,,,,,,,,,,,,,,,1,,,,,,,,,,,,,,,1,,,,,,,,,,,,,1,,1,,,,,,,,,,,,,,,,,,,,,1,,,,,,,,,,,,,,,,,,,5,,,,34,,,,,1,,,,1,,,,,,,,,,,,,,,1,,,,,,,1,,1,,,,,,,,,,,3,,,,,,,,,,,,30,,1,,3,,,,,,,,,,1,1,,,,,,,,,,,,,,,,,,,,,,,,,,,,,,,,1,,,,1,,,,,,,,,,,,,,,,,1,10,,,,,,,1,,,,,,,,,,,,,,,,,,,,,,,,,,,,,,1,,,,,,1,,,,1,,,
AirflowNetwork_MultiZone_SmallOffice_GenericContam.idf,,,,,,,,,,,,,,,,,5,,,,,1,,6,,4,,,,,,,,,,,,,,,,,,,,2,,,,,,,,,,,,,,,,1,1,,,,,,,,5,,,,,,3,,3,,,,,,1,,2,,1,1,,,,,,,,,,,,3,,,,,,,,,,3,,,,,,2,,,,,,,,,,,2,,,,,,,,,,,,,,,,,,,,,,,12,,,,,,,,,,,,,,,,,,,,,,,,,,,,,,,,,,,,,,,,,,,,,,,,,,,1,,,,,,,,,,,,,,1,,,,,,,,,,,,,,,,,1,,,,,,1,,,,,,,,,,,,,,,,,,,,,,,,,,18,,1,,,,,,,,,,,,,,,,,,,2,,,,,,,,,,,,,,,,,,9,,,,,,,,,,,1,,1,,,,,,,,,1,,,,,,18,,,,,,,,,,,,,,,1,,,,,,,,,,,,,,,,,,,19,,,,,,,,,,,,,,5,,,,,1,,,,,,,,,,1,,,,,,,,,,,,,,,1,,,,,,,,1,1,,,,1,,,3,,,,,1,,2,,,,,,,,,,1,1,,,,,,,,,1,,,3,,,,,,,,1,1,,,,,,1,,,,1,,,,,3,,,,,,,,,,,,3,,,,1,,,,,,,1,,,,,,,,,,,,,,,,,,,1,,,,,,,1,,,1,,,39,,4,,,,1,,,,,,,,,,4,,,,1,,2,,1,,,,,,,,,,,13,,,,,,,,,,,,,,,1,,,,,,,,,,,,,,,1,,,,,,,,,,,,,1,,1,,,,,,,,,,,,,,,,,,,,,1,,,,,,,,,,,,,,,,,,,5,,,,34,,,,,,,,,1,,,,,,,,,,,,,,,1,,,,,,,1,,,,,,,,,,,,,3,,,,,,,,,,,,28,,1,,3,,,,,,,,,,1,1,,,,,,,,,,,,,,,,,,,,,,,,,,,,,,3,,1,,,,1,,,,,,,,,,,,,,,,,1,10,,,,,,,1,,,,,,,,,,,,,,,,,,,,,,,,,,,,,,1,,,,,,1,,,,1,,,
AirflowNetwork_MultiZone_SmallOffice_HeatRecoveryHXSL.idf,,,,,,,,,,,,,,,,,5,,,,,1,,6,,4,,,,,,,,,,,,,,,,,,,,2,,,,,,,,,,,,,,,,1,1,,,,,,,,5,,,,,,3,,3,,,,,,1,,2,,1,1,,,,,,,,,,,,3,2,,,,,,,,,3,,,,,,2,,,,,,,,,1,,2,,,,,,,,,,,,,,,,,,,,,,,12,,,,,,,,,,,,,,,,,,,,,,,,,,,,,,,,,,,,,,,,,,,,,,,,,,,1,,,,,,,,,,,,,,1,,,,,,,,,,,,,,,,,1,,,,,,1,,,,,,,,,,,,,,,,,,,,,,,,,,25,,1,,,,,,,,,,,,,,,,,,,2,,,,,,,,,,,,,,,,,,9,,,,,,,,,,,1,,1,,,,,,,,,1,,,,,,16,,,,,,,,,,,,,,,1,,,,,,,,,,,,,,,,,,,19,,,,,,,,,,,,,,6,,,,,,,,,,,,,,,,,,,,,,,,,,,,,,1,,,,,,,,1,1,,,,1,,,3,,,,,1,,2,,,,,,,,,,1,1,,,,,,,,,1,,,3,,,,,,,,1,1,,,,,,1,,,,1,,,,,3,,,,1,,,,,,,,3,,,,1,,,,,,,1,,,,,,,,,,,,,,,,,,,1,,,,,,,1,,,1,,,39,,4,,,,1,,,,,,,,,,4,,,,1,,2,,1,,,,,,,,,,,14,,,,,,,,,,,,,,,1,,,,,,,,,,,,,,,1,,,,,,,,,,,,,1,,1,,,,,,,,,,,,,,,,,,,,,1,,,,,,,,,,,,,,,,,,,5,,,,34,,,,,,,,,1,,,,,,,,,,,,,,,1,,,,,,,1,,,,,,,,,,,,,3,,,,,,,,,,,,28,,1,,3,,,,,,,,,,1,1,,,,,,1,,,,,,,,,,,,,,,,,,,,,,,,,,1,,,,1,,,,,,,,1,,,,,,,,,1,10,,,,,,,1,,,,,,,,,,,,,,,,,,,,,,,,,,,,,,1,,,,,,1,,,,1,,,
AirflowNetwork_MultiZone_SmallOffice_VAV.idf,,,,,,,,,,,,,3,,,,6,,,,,1,,7,,4,,,,,,,,,,,,,,,,,,,,2,,,,,,,,,,,,,,,,1,1,,,,,,,,5,,,,,,4,,4,,,,,,1,,3,,,1,,,,,,,,,,,,3,,,,,,,,,,3,,,,,,2,,,,,,1,,,,,2,,,,,,,,,,,3,,,,,,,,,,,,12,,,,,,,,,,,,,,,,,,,,,,,,,,,,,,,,,,,,,,,,,,,,,,,,,,,1,,,,,,,,,,,,,,1,,,,,,,,,,,,,,,,,1,,,,,,1,1,,,,,,,,,,,,,,,,,,,,,,,,,14,,1,,,,,,,,,,,,,,,,,,,6,,,,,,,,,,,,,,,,,,9,,,,,,,,,,,1,,,,,,,,,,,1,,,,,,21,,,,,,,,,,,,,,,1,,,,,,,,,,,,,,,,,,,19,,,,1,,,,,,,,,,7,1,,,,,,,,,,,,,,,,,,,,,,,,,,,,,1,,,,,,,,1,1,,,,1,,,3,,,,,1,,2,,,,,,,,,,1,1,1,,,,,,,,,,,3,,,,,,,,,1,,,,,,1,,,,1,,,,,3,,,,,,,,,,,,3,,,,1,,,,,,,1,,,,,,,,,,,,,,,,,,,1,,,,,,,1,,,1,,,42,,4,,,,1,,,,,,,,,1,4,,,,1,,,,1,,,,,,,,,,,13,,,,,,,,,,,,,,,1,,,,,,,,,,,,,,,1,,,,,,,,,,,,,1,,1,,,,,,,,,,,,,,,,,,,,,1,,,,,,,,,,,,,,,,,,,5,,,,34,,,,,,,,,1,,,,,,,,,,,,,,,1,,,,,,,1,,,,,1,,,,,,,,3,,,,,,,,,,,,31,,1,,3,,,,,,,,,,1,1,,,,,,2,,,,,,,,,,,,,,,,,,,,,,,,,,1,2,,,,,,,,,,,,,,,,,,,,1,10,,,,,,,1,,,,,,,,,,,,,,,,,,,,,,,,,,,,,,1,,,,,,1,,,,1,,,
AirflowNetwork_PressureControl.idf,,,,,,,,,,,,,,,,,5,,,,,1,,6,,4,,,,,,,,,,,,,,,,,,,,2,,,,,,,,,,,,,,,,1,1,,,,,,,,5,,,,,,3,,3,,,,,,1,,2,,1,1,,,,,,,,,,,,3,,,,,,,,,,3,,,,,,2,,,,,,,,,,,2,,,,,,,,,,,,,,,1,,,,,,,,12,,,,,,,,,,,,,,,,,,,,,,,,,,,,,,,,,,,,,,,,,,,,,,,,,,,1,,,,,,,,,,,,,,1,,,,,,,,,,,,,,,,,1,,,,,,1,,,,,,,,,,,,,,,,,,,,,,,,,,21,,1,,,,,,,,,,,,,,,,,,,2,,,,,,,,,,,,,,,,,,9,,,,,,,,,,,1,,3,,,,,,,,,1,,,,,,17,,,,1,,,,,,,,,1,,1,,,,,,,,,,,,,,,,,,,19,,,,,,,,,,,,,,5,,,,,,,,,,,,,,,,,,,,,,,,,,,,,,1,,,,,,,,1,1,,,,1,,,3,,,,,1,,2,,,,,,,,,,1,1,,,,,,,,,1,,,3,,,,,,,,1,,,,,,,1,,,,1,,,,,3,,,,,,,,,,,,3,,,,1,,,,,,,1,,,,,,,,,,,,,,,,,,,1,,,,,,,1,,,1,,,41,,4,,,,1,,,,,,,,,,4,,,,1,,2,,1,,,,,,,,,,,13,,,,,,,,,,,,,,,1,,,,,,,,,,,,,,,1,,,,,,,,,,,,,1,,1,,,,,,,,,,,,,,,,,,,,,1,,,,,,,,,,,,,,,,,,,5,,,,34,,,,,,,,,1,,,,,,,,,,,,,,,1,,,,,,,1,,,,,1,,,,,,,,3,,,,,,,,,,,,28,,1,,3,,,,,,,,,,1,1,,,,,,,,,,,,,,,,,,,,,,,,,,,,,,,,1,,,,1,,,,,,,,,,,,,,,,,1,10,,,,,,,,,,,,,,,,,,,,,,,,,,,,,,,,,,,,,1,,,,,,1,,,,1,,,
AirflowNetwork_Simple_House.idf,,,,,,,,,,,,,,,,,5,,,,,,,2,,3,,,,,,,,,,,2,,,,,,,,,2,,,,,,,,,,,,,,,,1,1,,,,,,,,,,,,,3,1,,3,,,,,,1,,,,1,,,,,,,,,,,,,1,,,,,,,,,,1,,,,,,2,,,,,,,,,,,5,,,,,,,,,,,,,,,,,,,,,,,12,,,,,,,,,,,,,,,,,,,,,,,,,,,,,,,,,,,,,,,,,,,,,,,,,,,,,,,,,,,,,,,,,,,,,,,,,,,,,,,,,,1,,,,,,1,,,,,,,,,,,,,,,,,,,,,,,,,,24,,,,,,,,,,,,,,,,,,,,,2,,,,,,,,,,,,,,,,,,12,,,,,,,,,,,1,,,,,,,,,,,1,,,,,,13,,,,,,,,,,,,,,,,,,,,,,,,,,,,,,,,,,7,,,,,,1,,,,,,,,2,,,,,,,,,,,,,,,,,,,,,,,,,,,,,,1,,,,,,,,,,,,,,,,1,,,,,1,,2,,,,,,,,,,,1,,,,,,,,,1,,,1,,,,,,,,1,,,,,,,1,,,,1,,,,,1,,,,,,,,,,,,1,,,,1,,,,,,,1,,,,,,,,,,,,,,,,,,,,,,,,,,1,,,1,,,17,,3,,,,1,,,,,,,,,,4,,,,1,,,,1,,,,,,,,,,,8,,,,,,,,,,,,,,,,,,,,,,,,,,,,,,,,,,,,,,,,,,,1,,1,,,,,,,,,,,,,,,,,,,,,1,,,,,,,,,,,,,,,,,,,,,,,25,,,,,,,,,,,,,,,,,,,,,,,,,,,,,,,1,,,,,,,,,,,,,1,,,,,,,,,,,,14,,1,,1,,,,,,,,,,,1,,,,,,,,,,,,,,,,,,,,,,,,,,,,,,,,1,,,,1,,,,,,,,,,,,,,,,,1,8,,,,,,,,,,,,,,,,,,,,,,,,,,,,,,,,,,,,,1,,,,,,1,,,,1,,,
AirflowNetwork_Simple_SmallOffice.idf,,,,,,,,,,,,,,,,,5,,,,,,,7,,4,,,,,,,,,,,,,,,,,,,,2,,,,,,,,,,,,,,,,1,1,,,,,,,,,,,,,4,3,,3,,,,,,1,,2,,1,1,,,,,,,,,,,,3,,,,,,,,,,3,,,,,,2,,,,,,,,,,,4,,,,,,,,,,,,,,,,,,,,,,,12,,,,,,,,,,,,,,,,,,,,,,,,,,,,,,,,,,,,,,,,,,,,,,,,,,,1,,,,,,,,,,,,,,1,,,,,,,,,,,,,,,,,1,,,,,,1,,,,,,,,,,,,,,,,,,,,,,,,,,25,,1,,,,,,,,,,,,,,,,,,,2,,,,,,,,,,,,,,,,,,9,,,,,,,,,,,1,,,,,,,,,,,1,,,,,,15,,,,,,,,,,,,,,,1,,,,,,,,,,,,,,,,,,,14,,,,,,3,,,,,,,,5,,,,,,,,,,,,,,,,,,,,,,,,,,,,,,1,,,,,,,,1,,,,,1,,,3,,,,,1,,2,,,,,,,,2,,,1,,,,,,1,,,1,,,3,,,,,,,,1,,,,,,,1,,,,1,,,,,3,,,,,,,,,,,,3,,,,1,,,,,,,1,,,,,,,,,,,,,,,,,,,,,,,,,,1,,,1,,,38,,4,,,,1,,,,,,,,,,4,,,,1,,2,,1,,,,,,,,,,,13,,,,,,,,,,,,,,,1,,,,,,,,,,,,,,,1,,,,,,,,,,,,,1,,1,,,,,,,,,,,,,,,,,,,,,1,,,,,,,,,,,,,,,,,,,,,,,34,,,,,,,,,1,,,,,,,,,,,,,,,,,,,,,,1,,,,,,,,,,,,,3,,,,,,,,,,,,27,,1,,3,,,,,,,,,,1,1,,,,,,,,,,,,,,,,,,,,,,,,,,,,,,,,1,,,,1,,,,,,,,,,,,,,,,,1,10,,,,,,,,,,,,,,,,,,,,,,,,,,,,,,,,,,,,,1,,,,,,1,,,,1,,,
AirflowWindowsAndBetweenGlassBlinds.idf,,,,,,,,,,,,,,,,,4,,,,,,,,,3,,,,,,,,,,,,,,,,,,,,,,,,,,,,,,,,,,,,,,,,,,,,,,,,,,,,,,,,,,,1,,,,,,,,,,,,,,,,,3,,,,,,,,,,1,,,,,,2,,,,,,,,,,,,,,,4,,,,,,,,,,,,,,,,,,,6,,,,,,,,,,,,,,,,,,,,,,,,,,,,,,,,,,,,,,,,,,,,,,,,,,,2,,,,,,,,,,,,,,,,,,,,,,,,,,,,,1,,,,,,,,,,,,,,,,,,,,,,1,,,,,,,,,,,,22,,,,,,,,,,,,,,,,,,,,,,,,,,,,,,,,,,,,,,,8,,,,,,,,,,,1,,,,,,,,,,,,,,,,,10,,,,,,,,,,,,,,,,,,,,,,,,,,,,,3,,,,,,,,,,,,,,,,,,,3,,,,,,,,,,,,,,,,,,,,,,,,,,,,,,,,,,,,,,,,,,,,,,3,,,,,1,,,,,,,,,,,,,1,,,,,,,,,,,,,,,,,,,1,,,,,,,,,,,,,,,,,2,,,,,,,,,,,,3,,,,1,,,,,,,,,,,,,,,,,,,,,,,,,,,,,,,,,,,,1,,,,,,,,,,,,,,,,,,,8,,,,,,,,1,,,,,,,,,,,,,,,,,,,,,,,,,,,,,,,,,,,,,,,,,,,,,,,,,,,,,,,,2,,,,,,,,,,,,,,,1,,,,,,1,,,,,,,,,,,,,,,,,,,,,,,20,,,,,,,,,,,,,,,,,,,,,,,,,,,,,,,,,,,,,,,,,,,,3,,,,,,,,,,,,,,1,,3,,,,,,,,,,,1,,,,,,,,,,,,,,,,,,,,,,,,,,,,,,,,1,,,,,,,,,,,,,,,,,,,,,1,9,,,,,,,,,,,,,,,,,,,,,,,,,,,,,,,,,,,,,,,,,,,1,,,,,,,
AirflowWindowsAndBetweenGlassShades.idf,,,,,,,,,,,,,,,,,4,,,,,,,,,3,,,,,,,,,,,,,,,,,,,,,,,,,,,,,,,,,,,,,,,,,,,,,,,,,,,,,,,,,,,1,,,,,,,,,,,,,,,,,3,,,,,,,,,,1,,,,,,2,,,,,,,,,,,,,,,4,,,,,,,,,,,,,,,,,,,6,,,,,,,,,,,,,,,,,,,,,,,,,,,,,,,,,,,,,,,,,,,,,,,,,,,2,,,,,,,,,,,,,,,,,,,,,,,,,,,,,1,,,,,,,,,,,,,,,,,,,,,,1,,,,,,,,,,,,22,,,,,,,,,,,,,1,,,,,,,,,,,,,,,,,,,,,,,,,,8,,,,,,,,,,,1,,,,,,,,,,,,,,,,,10,,,,,,,,,,,,,,,,,,,,,,,,,,,,,3,,,,,,,,,,,,,,,,,,,3,,,,,,,,,,,,,,,,,,,,,,,,,,,,,,,,,,,,,,,,,,,,,,3,,,,,1,,,,,,,,,,,,,1,,,,,,,,,,,,,,,,,,,1,,,,,,,,,,,,,,,,,2,,,,,,,,,,,,3,,,,1,,,,,,,,,,,,,,,,,,,,,,,,,,,,,,,,,,,,1,,,,,,,,,,,,,,,,,,,8,,,,,,,,1,,,,,,,,,,,,,,,,,,,,,,,,,,,,,,,,,,,,,,,,,,,,,,,,,,,,,,,,2,,,,,,,,,,,,,,,1,,,,,,1,,,,,,,,,,,,,,,,,,,,,,,20,,,,,,,,,,,,,,,,,,,,,,,,,,,,,,,,,,,,,,,,,,,,3,,,,,,,,,,,,,,1,,3,,,,,,,,,,,1,,,,,,,,,,,,,,,,,,,,,,,,,,,,,,,,1,,,,,,,,,,,,,,,,,,,,,1,9,,,,,,,,,,,,,,,,,,,,,,,,,,,,,,,,,,,,,,,,,,,1,,,,,,,
ASHRAE901_ApartmentHighRise_STD2019_Denver.idf,,,,,,,2,,,,,,,,,,6,,,,,,,,,90,,,1,,,,,,,,12,,,,,,,,,3,,,,,,,,,,5,,,,,,334,,,,,,,,,,,,,,91,,,4,,1,,,,1,,,,,80,9,,,,,,,,,,,80,2,1,,,238,,,,,,,,,,,2,,,,,,1,,,79,,,,,,,,,,,,,80,,,,,,,,,,,,5,,,,1,1,,,,,,,,,,,,,,,,1,,,,,,1,,,,,,,,,,,,,,,,,,,,,,,,,,,,1,,,,,,,,,,80,1,,,,,,,,,,,,,,,,,,,,,,80,80,,80,7,1,,,,,,,,,2,,,,,,,,6,80,,2,,,,,,,,79,,,,,,,,,80,,,,,2,,,,,,,,,,,,,,,,,,28,,1,,,,,,,,,1,,,,,,,,,,,,,,,,,59,,,,,,,,,,,,5,,,,,,,80,,,,,,10,,,,,,,,,,,,,,,,,,,,,,,80,,80,,,,4,,,,,,,,,,,,,,,,3,,,,,,,,,,,,,,,,80,,,,,,,,82,,,,,,,,,,,,,,,,,,1,,,,,,,,,,,,80,,,,1,9,,,80,,,,,,,,,,,80,79,,,,169,,,,1,,,,,320,,,80,,,,1,,,,,,,80,,,,,3,,,,,,,,,,,,,,,,,,,,,1,,1,1,,,,,,,,,9,,,,,,,,,80,140,,,,9,,,79,1,,,,,,10,,,,,,,,,,,,1,,,1,,,161,,,,,,,,,,,,,,,,,80,,,,,,,,,,,,,84,,,,,,,,,,,,,,4,,,2,,,,,,1,,,,,,,,,,,2,,,,,,,,,,,,460,,,,,,,,,80,,,,,,,2,,,,,,,,,,4,,,,,4,,,79,,,,,,,,,,80,,,,,,,,,,,,,,1,,80,,,,,,,,,,,1,,,,,2,1,,,,,,,,,,,,1,,,,,80,,,,,,,,,1,,,,,,,,,,,,1,,,,,,,,,1,18,,,,,,,,,,,,,79,,,,,,2,,,,,,,,,,,,,,,,,,80,,,,,,,,,,80,,,
ASHRAE901_ApartmentMidRise_STD2019_Denver.idf,,,,,,,,,,,,,,,,,4,,,,,,,,,27,,,1,,,,,,,,12,,,,,,,,,3,,,,,,,,,,2,,,,,,24,,,,,,,,,,24,,,,28,24,,3,,,,,,1,,,,,24,9,,,,,1,,,24,,,24,2,1,,,70,,,,,,,,24,,,2,,,,,,1,,,23,,,,,,,,,,,,,24,,,,,,,,,,,,3,,,,1,1,,,,,,,,,,,,,,,,,,,,,,23,,,,,,,,,,,,,,,,,,,,,,,,,,,,,,,,,,,,,,24,,,,,,,,,,,,,,,,,,,,,,,24,24,,,4,1,,,,,,,,,1,,,,,,,,2,24,,,,,24,,,,,23,,,,,,,,,,,,,,2,,,,,,,,,,,,,,,,,,28,,,,,,,,,,,1,,,,,,,,,,,,,,,,,44,,,,,,,,,,,,1,,,,,,,,,,,,,,,,,,,,,,,,,,,,,,,,,,,,23,,,,,,,,,,,,,,,,,,,,,,,,,,,,,,,,,,,,,,24,,,,,,,1,26,,,,,1,,,,,,,,,,,,,1,,,,,,,,,,,,24,,,,,9,,,24,,,,,,,,,,,24,,,,,50,,,1,1,,,,,,,,24,,,,,,,,,,,24,,,,,,,,,,,,,,,,,,,,,,,,,,1,,1,1,,,,,,,,,24,,,,,,,,,24,39,,,,24,,,23,1,,,,,,10,,,,,,,,,,,,,,,,,,47,,,,,,,,,,,,,,,,,24,,,,,,,,,,,,,24,,,,,,,,,,,,,,,,,1,,,,,,1,,,,,,,,,,,,,,,,,,,,,,,138,,,,,,,,,24,,,,,,,,,,,,,,,,,,,,,,3,,,,,,,,,,,,,24,,,,,,,,,,,,,,1,,24,,,,,,,,,,,1,,,,,,,,,,,,,,,,,,1,,,,,,,,,,,,,,1,,,,24,,,,,,,,1,,,,,,,,,1,18,,,24,,,,,,,,,,23,,,,,,,,,,,,,,,,,,,,,,,,24,,,,,,,,,,24,,,
ASHRAE901_Hospital_STD2019_Denver.idf,,,,,,,7,,,,,,54,,,,7,,,,,,1,,,55,,,1,,,,,,,,14,,,,,,,,,3,,,,,,,,,,42,,,,,,166,,,,4,,,,,,,,,,55,,8,9,,1,,,,1,,,,1,8,9,,,,,,2,,1,,,55,,4,,,,,,,,,,,1,,,2,,,,,,1,,,3,,,,,,,,,,,,,55,,,,,,,,,,,,2,,,,1,1,,2,2,,,,,,,,,,,,,,,,,,1,4,,,,,,,,,,,,,,,,,,,,24,,,,,,,,1,,,,,,,,,,8,,,,,,,,,,,,,,,,,,,,,,,8,8,,,28,1,,,,,,,,,,,,,,,,,11,55,,6,,,8,,2,,,,,,,,,,,,,,,,6,24,,,1,,2,,,,,,,,,,,,,33,,1,,,,,,8,,,1,,,,,,,,,,,,,,,,,171,,,,,,,,,5,,,11,,,,,,,5,,,,,,32,2,,,,,,,,,,,,,,,,,,,,,,65,,,,24,,14,,,,,,,,,,,,,,,2,,,,5,,,,,,,,,,,,,16,,,,,8,,,50,,,,,1,,,,,,,,,,,,,1,7,,,,,,,,,,1,55,,,,26,,2,1,1,,,,,,,,,,,8,30,,,,55,,,1,,,,,,,,,55,,,,1,,,,,,,8,,,,,8,,,,,,,,,,,,,,,,5,,,,,1,,1,1,,,,,,,,,8,,,4,4,,,,,78,57,,,,,,,,1,,,,,,10,,,,,,,,,,,,1,,,4,,,4,,,,,,,3,,,,,,,,,,8,,,,,,,,,,1,,,22,,,,,21,,,,,,,,,14,,,,,,,,,1,,,,,,,,,,,8,,,,,,,,,,,,402,,,,,5,,,,8,,,,,,67,3,,,,,,,,8,,14,,,,,55,,,30,,,,,,,,,,55,,,,,,,,,,,,,,1,,55,,,6,,,,,,,6,1,,,,,6,12,,,,,,,,,,,,1,,,2,,,,,,,,,,,1,3,,,,,,,,,,,,,,,,,,,,1,18,,,34,,,,,,,,,,,,,,,,3,,,,,,,,,,,,,,,,,,8,,,,,,,,,,8,,,
ASHRAE901_HotelLarge_STD2019_Denver.idf,,,,,,,3,,,,,,13,,,,7,,,,,,2,,,22,,,1,,,,,,,,14,,,,,,,,,3,,,,,,,,,,7,,,,,,67,,,,4,,,,,,,,,,21,,11,9,,1,,,,1,,,,1,2,9,,,,,,2,,,,,22,,2,,,9,,,,,,,,,,,2,,,,,,1,,,2,,,,,,,,,,,,,22,,,,,,,,,,,,2,,,,1,1,,1,,,,,,,,,,,,,,,,,,,,3,,,,,,,,,,,,,,,,,,,,14,,,,,,,,1,,,,,,,,,,2,,,,,,,,,,,,,,,,,,,,,,,2,2,,,5,1,,,,,,,,,,,,,,,,,5,22,,3,6,,2,,2,,,9,,,,,,,,,,,,,1,22,,,,,,,,,,,,,,,,,,32,,1,,,,,,2,,,1,,,,,,,,,,,,,,,,,131,,,,,,,,,,,,4,,,,,,,,,,,,,13,,,,,,,,,,,,,,,,,,,,,,,36,,,,24,,6,,,,,,,,,,,,,,,,,,,,,,,,,,,,,,,,4,,,,,8,,,22,,,,,1,,,,,,,,,,,,,1,1,,,,,,,,,,,22,,,,1,,,1,9,,,,,,,,,,,2,10,,,,22,,,1,,,,,,,,,18,,,,1,,,,,,,2,,,,,3,,,,,,,,,,,,,,,,,,,,,1,,1,1,,,,,,,,,2,,,2,2,,,,,35,36,,,,,,,,1,,,,,,10,,,,,,,,,,,,1,,,1,,,12,,,,,,,2,,,,,,,,,,2,,,,,,,,,,1,,,8,,,,,4,,,,,,,,,6,,,,,,,,,1,,,,,,,,,,,2,,,,,,,,,,,,177,,,,,,,,,11,,,,,,24,2,,,,,,,,5,,6,9,,,,16,,,10,,,,,,,,,,22,,,,,,,,,,,,,,1,,22,,,,,,,,,,4,1,,,,,3,6,,,,,,,,,,,,1,,,2,,,,,,,,,,,1,2,,,,,,,,,,,,,,,,,,,,1,18,,,6,,,,,,,,,,,,,,,,2,,,,,,,,,,,,,,,,,,2,,,,,,,,,,2,,,
ASHRAE901_HotelSmall_STD2019_Denver.idf,,,,39,,,2,,,,,,,,,,6,,,,,,1,,,67,,,1,,,,,,,,13,,,,,,,,,3,,,,,,,,,,3,,,,,,96,,,,,,,,,,,,,,68,4,,19,,,,,,1,,,,9,4,9,,,,,,,,4,,,54,,2,,,39,,,,,,,,4,,,2,,,,,,1,,,,,,,,,,,,,,,,54,,,,,,,,,,,,3,,,,1,1,,,,,,,,,,,,,,,,,,,,,,2,,,,,,,,,,,,,,,,,,,,,,,,,,,,,,,,,,,,,,4,,,,,,,,,,,,1,,,,,,,,,,,4,4,,,4,1,,,,,,,,,1,,,,,,,,2,,,2,,,4,,,,,21,,,,,,,,,,,,,1,10,,,,,,,,,,,,,,,,,,30,,,,,,,,,,,1,,,,,4,,,,,,,,,,,,86,,,,,,,,,,,,1,,,,,,,48,,,,,,10,,,,,,,,,,,,,,,,,,,,,,,78,,,,,,4,,,,,,,,,,,,,,,,,,,,,,,,,,,,,,,,4,,,,,8,,,68,,,,,1,,,,,,,,,,,,,1,,,,,,,,,,,,6,,,,,19,,1,6,,,,,,,,,,,4,78,,,,67,,,1,,,,,,,,,67,,,,1,,,,,,,4,,,,,2,,,,,,4,,,,,,,,,,,,,,,1,,1,1,,,,,,,,,4,,,,,,4,,,54,106,,,,4,,,,1,,,,,,10,,,,,,,,,,,,,,,,,,39,,,,,,,,,,,,,,,,,4,,,,,,,,,,,,,8,,,,,,,,,,,,,,4,,,,,,,,,1,,,,,,,,,,,,,,,,,4,,,,,,485,,,,,,,,,43,,,,,,,2,,,,,,,,,,4,,,,,6,,,78,,,,,,,,,,54,,,,,,,,9,,,,,,1,,54,,,,,,,,,,4,1,,,,,2,2,,,,,,,,,,,,1,,,,,,,,,,,,,,1,8,,,39,,,,,,,,,,,,,,,,,1,18,,,8,,,,,,,,,,,,,,,,2,,,,,,,,,,,,,,,,,,4,,,,,,,,,,4,,,
ASHRAE901_OfficeLarge_STD2019_Denver.idf,,,,,,,6,,,,,,15,,,,7,,,,,,,,,23,,,3,,,,,,,,13,,,,,,,,,3,,,,,,,,,,57,,,,,,90,,,,6,,,,,,,,,,15,,4,8,,2,,,,1,,,,1,8,9,,,,,,,,5,,,20,,1,,,4,,,,,,,,5,,,2,,,,,,1,,,,,,,,,,,,,,,,20,,,,,,3,,,,,1,2,,,,1,1,,3,2,,,,,,,,,,,,,,,,,,1,1,,,,,,,,,,,,,,1,,,,,,16,,,,,,,,1,,,,,,,,,,8,1,,,,,,,,,,,,,,,,,,,,,,8,8,,4,30,1,,,,,,,,,,,,,,,,,23,16,,5,,,4,,,,,,,,,,,,,,4,,,,3,22,,,1,,1,,,,,,,,,,,,,29,,1,,,,,,4,,,1,,,,,,,,,,,,,,,,,74,,,,,,,,,,,,23,,,,,,,5,,,,,,30,2,,,,,,,,,,,,,,,,,,,,,,24,,4,,24,,12,,,,,,,,,,,,,,,,1,,,,,,,,,,,,,,,,13,,,,,24,,,20,,,,,1,,,,,,,,,,,,,1,3,,,,,,,,,,1,20,,,,6,,2,1,5,,,,,,,,,,,8,3,,,,20,,,1,,,,,,16,,,16,,,,1,,,,,,,8,,,,,5,,,,,,,,,,,,,,,,1,,,,,1,,1,1,,,,,,,,,8,,,2,3,,,1,,35,36,,,,4,,,,1,,,,,,10,,,,,,,,,,,,1,,,3,,,5,,,,,,,,,,,,,,,,,8,,,,,,,,,,,,,20,,,,,9,,,,,,,,,12,,,,,,,,,1,,,,,,,,,,,3,,,,,,,,,,,,151,,,,,1,,,,8,,,,,,20,2,,,,,,,,,,12,,,,,17,,,3,,,,,,,,,,20,,,,,,,,,,,,,,1,,20,,,18,,,,,,,12,1,,,,,5,6,,,,,,,,,,,,1,,,2,,4,,,,,,,,,1,1,,,,,,,1,,,,,,,,,,,,,1,18,,,17,,,,,,,,,,,,,,,,4,,,,,,,,,,,,,,,,,,8,,,,,,,,,,8,,,
ASHRAE901_OfficeLarge_STD2019_Denver_Chiller205.idf,,,,,,,6,,,,,,15,,,,7,,,,,,,,,23,,,3,,,,,,,,13,,,,,,,,,3,,,,,,,,,,57,,,,,,90,,,,6,,,,,,,,,,15,,4,8,,2,,,,1,,,,1,8,9,,,,,,,,5,,,20,,1,,,4,,,,,,,,5,,,2,,,,,,1,,,,,,,,,,,,,,,,20,,,,,,3,,,,,1,2,,,,1,1,,3,,,,,,,,,,,,,,,,,,,1,1,,,,,,,,,,,,,,1,,,,,,16,,,,,,,,1,,,,,,,,,,8,1,,,,,,,,,,2,,,,,,,,,,,,8,8,,4,30,1,,,,,,,,,,,,,,,,,23,16,,5,12,,4,,,,,,,,,,,,,,4,,,,3,22,,,1,,1,,,,,,,,,,,,,29,,1,,,,,,4,,,1,,,,,,,,,,,,,,,,,74,,,,,,,,,,,,23,,,,,,,5,,,,,,30,2,,,,,,,,,,,,,,,,,,,,,,24,,4,,24,,12,,,,,,,,,,,,,,,,1,,,,,,,,,,,,,,,,13,,,,,24,,,20,,,,,1,,,,,,,,,,,,,1,3,,,,,,,,,,1,20,,,,6,,2,1,5,,,,,,,,,,,8,3,,,,20,,,1,,,,,,16,,,16,,,,2,,,,,,,8,,,,,5,,,,,,,,,,,,,,,,1,,,,,1,,1,1,,,,,,,,,8,,,2,3,,,1,,35,36,,,,4,,,,1,,,,,,10,,,,,,,,,,,,1,,,3,,,5,,,,,,,,,,,,,,,,,8,,,,,,,,,,,,,20,,,,,9,,,,,,,,,12,,,,,,,,,1,,,,,,,,,,,3,,,,,,,,,,,,151,,,,,1,,,,8,,,,,,20,2,,,,,,,,,,12,,,,,17,,,3,,,,,,,,,,20,,,,,,,,,,,,,,1,,20,,,18,,,,,,,12,1,,,,,5,6,,,,,,,,,,,,1,,,2,,4,,,,,,,,,1,1,,,,,,,1,,,,,,,,,,,,,1,18,,,17,,,,,,,,,,,,,,,,4,,,,,,,,,,,,,,,,,,8,,,,,,,,,,8,,,
ASHRAE901_OfficeLarge_STD2019_Denver_Chiller205_Detailed.idf,,,,,,,6,,,,,,15,,,,7,,,,,,,,,23,,,3,,,,,,,,13,,,,,,,,,3,,,,,,,,,,57,,,,,,91,,,,6,,,,,,,,,,15,,4,8,,2,,,,1,,,,1,8,9,,,,,,,,5,,,20,,1,,,4,,,,,,,,5,,,2,,,,,,1,,,,,,,,,,,,,,,,20,,,,,,3,,,,,1,2,,,,1,1,,3,,,,,,,,,,,,,,,,,,,1,1,,,,,,,,,,,,,,1,,,,,,16,,,,,,,,1,,,,,,,,,,8,1,,,,,,,,,,2,,,,,,,,,,,,8,8,,4,30,1,,,,,,,,,,,,,,,,,23,16,,5,12,,4,,,,,,,,,,,,,,4,,,,3,22,,,1,,1,,,,,,,,,,,,,29,,1,,,,,,4,,,1,,,,,,,,,,,,,,,,,74,,,,,,,,,,,,23,,,,,,,5,,,,,,30,2,,,,,,,,,,,,,,,,,,,,,,24,,4,,24,,12,,,,,,,,,,,,,,,,1,,,,,,,,,,,,,,,,13,,,,,24,,,20,,,,,1,,,,,,,,,,,,,1,3,,,,,,,,,,1,20,,,,6,,2,1,5,,,,,,,,,,,8,3,,,,20,,,1,,,,,,16,,,16,,,,2,,,,,,,8,,,,,5,,,,,,,,,,,,,,,,1,,,,,1,,1,1,,,,,,,,,8,,,2,3,,,1,,35,36,,,,4,,,,1,,,,,,10,,,,,,,,,,,,1,,,3,,,5,,,,,,,,,,,,,,,,,8,,,,,,,,,,,,,20,,,,,9,,,,,,,,,12,,,,,,,,,1,,,,,,,,,,,3,,,,,,,,,,,,151,,,,,1,,,,8,,,,,,20,2,,,,,,,,,,12,,,,,17,,,3,,,,,,,,,,20,,,,,,,,,,,,,,1,,20,,,18,,,,,,,12,1,,,,,5,6,,,,,,,,,,,,1,,,2,,4,,,,,,,,,1,1,,,,,,,1,,,,,,,,,,,,,1,18,,,17,,,,,,,,,,,,,,,,4,,,,,,,,,,,,,,,,,,8,,,,,,,,,,8,,,
ASHRAE901_OfficeLarge_STD2019_Denver_ChillerEIR.idf,,,,,,,6,,,,,,15,,,,7,,,,,,,,,23,,,3,,,,,,,,13,,,,,,,,,3,,,,,,,,,,57,,,,,,90,,,,6,,,,,,,,,,15,,4,8,,2,,,,1,,,,1,8,9,,,,,,,,5,,,20,,1,,,4,,,,,,,,5,,,2,,,,,,1,,,,,,,,,,,,,,,,20,,,,,,3,,,,,1,2,,,,1,1,,3,,,,,,,,,,,,,,,,,,,1,1,,,,,,,,,,,,,,1,,,,,,16,,,,,,,,1,,,,,,,,,,8,1,,,,,,,,,,,,,,,,,,,,,,8,8,,4,30,1,,,,,,,,,,,,,,,,,23,16,,5,9,,4,,,,,,,,,,,,,,4,,,,3,24,,,1,,1,,,,,,,,,,,,,29,,1,,,,,,4,,,1,,,,,,,,,,,,,,,,,74,,,,,,,,,,,,23,,,,,,,5,,,,,,30,2,,,,,,,,,,,,,,,,,,,,,,24,,4,,24,,12,,,,,,,,,,,,,,,,1,,,,,,,,,,,,,,,,13,,,,,24,,,20,,,,,1,,,,,,,,,,,,,1,3,,,,,,,,,,1,20,,,,6,,2,1,5,,,,,,,,,,,8,3,,,,20,,,1,,,,,,16,,,16,,,,2,,,,,,,8,,,,,5,,,,,,,,,,,,,,,,1,,,,,1,,1,1,,,,,,,,,8,,,2,3,,,1,,35,36,,,,4,,,,1,,,,,,10,,,,,,,,,,,,1,,,3,,,5,,,,,,,,,,,,,,,,,8,,,,,,,,,,2,,,20,,,,,9,,,,,,,,,12,,,,,,,,,1,,,,,,,,,,,3,,,,,,,,,,,,151,,,,,1,,,,8,,,,,,20,2,,,,,,,,,,12,,,,,17,,,3,,,,,,,,,,20,,,,,,,,,,,,,,1,,20,,,18,,,,,,,12,1,,,,,5,6,,,,,,,,,,,,1,,,2,,4,,,,,,,,,1,2,,,,,,,1,,,,,,,,,,,,,1,18,,,17,,,,,,,,,,,,,,,,4,,,,,,,,,,,,,,,,,,8,,,,,,,,,,8,,,
ASHRAE901_OfficeMedium_STD2019_Denver.idf,,,,,,,1,,,,,,15,,,,7,,,,,,,,,18,,,3,,,,,,,,13,,,,,,,,,3,,,,,,,,,,41,,,,,,25,3,,,,,,,,,,,,,16,3,,3,,,,,,1,,,,,3,9,,,,,,,,,,,15,,1,,,,,,,,,,,,,,2,,,,,,1,,,,,,,,,,,,,,,,15,,,,,,3,,,,,,3,,,,1,1,,3,,,,,,,,,,,,,,,,,,,,1,,,,,,,,,,,,,,,,,,,,16,,,,,,,,1,,,,,,,,,,3,1,,,,,,,,,,,,,,,,,,,,,,3,3,,,19,1,,,,,,,,,,,,,,,,,17,15,,1,,,3,,,,,,,,,,,,,,,,,,3,2,,,,,,,,,,,,,,,,,,29,,1,,,,,,3,,,1,,,,,,,,,,,,,,,,,103,,,,,,,,,,,,17,,,,,,,15,,,,,,5,,,,,,,,,,,,,3,,,,,,,,,,18,,,,,,2,,,,,,,,,,,,,,,,,,,,,,,,,,,,,,,,3,,,,,24,,,17,,,,,1,,,,,,,,,,,,,1,3,,,,,,,,,,,15,,,,1,5,,1,,,,,,,,,,,,3,15,,,,15,,,1,,,,,,,,,15,,,,1,,,,,,,3,,,,,1,,,,,,,,,,,,,,,,,,,,,1,,1,1,,,,,,,,,3,,,,3,,,,,30,24,,,,,,,,1,,,,,,10,,,,,,,,,,,,1,,,,,,6,,,,,,,,,,,,,,,,,3,,,,,,,,,,,,,5,,,,,,,,,,,,,,2,,,,,,,,,1,,,,,,,,,,,1,,,,,,,,,,,,79,,,,,,,,,3,,,,,,,1,,,,,,,,,,2,,,,,15,,,15,,,,,,,,,,15,,,,,,,,,,,,,,1,,15,,,15,,,,,,,12,1,,,,,1,1,,,,,,,,,,,,1,,,,,,,,,,,,,,1,,,,,,,,,,,,,,,,,,,,,1,18,,,9,,,,,,,,,,,,,,,,1,,,,,,,,,,,,,,,,,,3,,,,,,,,,,3,,,
ASHRAE901_OfficeSmall_STD2019_Denver.idf,,,,,,,1,,,,,,,,,,7,,,,,,,,,6,,,3,,,,,,,,13,,,,,,,,,3,,,,,,5,,,,11,,,,,,13,,,,,,,,,,,,,,6,5,,19,,,,,,1,,,,,5,9,,,,,,,,5,,,5,,1,,,5,,,,,,,,5,,,2,,,,,,1,,,,,,,,,,,,,,,,5,,,,,,,,,,,,3,,,,1,1,,,,,,,,,,,,,,,,,,,,,,1,,,,,,,,,,,,,,,,,,,,,,,,,,,,,,,,,,,,,,5,,,,,,,,,,,,,,,,,,,,,,,5,5,,,5,1,,,,,,,,,,,,,,,,,5,5,,1,,,5,,,,,,,,,,,,,,,,,,,12,,,,,,,,,,,,,,,,,,32,,1,,,,,,5,,,1,,,,,,,,,,,,,,,,,49,,,,,,,,,,,,5,,,,,,,,,,,,,5,,,,,,,,,,,,,,,,,,,,,,,10,,,,,,2,,,,,,,,,,,,,,,,,,,,,,,,,,,,,,,,5,,,,,8,,,5,,,,,,,,,,,,,,,,,,1,,,,,,,,,,,,5,,,,,5,,,5,,,,,,,,,,,5,1,,,,5,,,,,,,,,,,,5,,,,,,,,,,,5,,,,,1,,,,,,,,,,,,,,,,,,,,,1,,1,1,,,,,,,,,5,,,,,,,,,5,23,,,,,,,,1,,,,,,10,,,,,,,,,,,,,,,,,,5,,,,,,,,,,,,,,,,,5,,,,,,,,,,,,,7,,,,,,,,,,,,,,2,,,,,,,,,1,,,,,,,,,,,,,,,,,,,,,,,43,,,,,,,,,5,,,,,,,1,,,,,,,,,,2,,,,,5,,,1,,,,,,,,,,5,,,,,,,,,,5,,,,1,,5,,,5,,,,,,,4,1,,,,,1,1,,,,,,,,,,,,1,,,,,,,,,,,,,,1,3,,,5,,,,,,,,,,,,,,,,,1,18,,,5,,,,,,,,,,,,,,,,1,,,,,,,,,,,,,,,,,,5,,,,,,,,,,5,,,
ASHRAE901_OutPatientHealthCare_STD2019_Denver.idf,,,,,,,2,,,,,,118,,,,7,,,,,,3,,,118,,,3,,,,,,,,14,,,,,,,,,3,,,,,,,,,,11,,,,,,89,2,,,,,,,,,,,,,67,,,6,,1,,,,1,,,,,2,9,,,,,,,,,,,118,,1,,,,,,,,,,,,,,2,,,,,,1,,,,,,,,,,,,,,,,118,,,,,,,,,,,,5,,,,1,1,,1,,,,,,,,,,,,,,,,,,,,1,,,,,,,,,,,,,,,,,,,,64,,,,,,,,,,,,1,,,,,,2,,,,,,,,,,,,,,,,,,,,,,,2,2,,,9,1,,,,,,,,,,,,,,,,,4,118,,2,,,2,,,,,,,,,,,,,,,,,,1,4,,,,,,,,,,,,,,,,,,30,,1,,,,,,1,,,1,,,,,,,,,,,,,,,,,141,,,,,,,,,1,,,4,,,,,,,64,,,,,,10,,,,,,,,,,,,,2,,,,,,,,,,137,,,,,,4,,,,,,,,,,,,,,,,,,,1,,,,,,,,,,,,,4,,,,,10,,,119,,,,,1,,,,,,,,,,,,,1,2,,,,,,,,,,,118,,,,5,59,,1,,,,,,,,,,,,2,15,,,,118,,,1,,,,,,,,,59,,,,1,,,,,,,2,,,,,2,,,,,,,,,,,,,,,,1,,,,,1,,1,1,,,,,,,,,2,,,1,1,,,,,181,117,,,,1,,,,1,,,,,,10,,,,,,,,,,,,,,,,,,4,,,,,,,,,,,,,,,,,2,,,,,,,,,,,,,6,,,,,3,,,,,,,,,4,,,,,,,,,1,,,,,,,,,,,2,,,,,,,,,,,,1160,,,,,1,,,,2,,,,,,58,2,,,,,,,,17,,4,,,,,118,,,15,,,,,,,,,,118,,,,,,,,,,,,,,1,,118,,,1,,,,,,,5,1,,,,,2,4,,,,,,,,,,,,1,,,,,,,,,,,,,,1,1,,,,,,,,,,,,,,,,,,,,1,18,,,8,,,,,,,,,,,,,,,,1,,,,,,,,,,,,,,,,,,2,,,,,,,,,,2,,,
ASHRAE901_RestaurantFastFood_STD2019_Denver.idf,,,,,,,1,,,,,,,,,,7,,,,,,1,,,3,,,2,,,,,,,,13,,,,,,,,,3,,,,,,,,,,5,,,,,,10,,,,,,,,,,,,,,4,2,,6,,,,,,1,,,,,2,9,,,,,,2,,2,,,2,,2,,,,,,,,,,,2,,,2,,,,,,1,,,,,,,,,,,,,,,,2,,,,,,,,,,,,5,,,,1,1,,,,,,,,,,,,,,,,,,,,,,1,,,,,,,,,,,,,,,,,,,,,,,,,,,,,,,,,,,,,,2,,,,,,,,,,,,,,,,,,,,,,,2,2,,,2,1,,,,,,,,,,,,,,,,,2,2,,1,,,2,,2,,,,,,,,,,,,,,,,1,2,,,,,,,,,,,,,,,,,,33,,1,,,,,,2,,,1,,,,,2,,,,,,,,,,,,55,,,,,,,,,,,,2,,,,,,,,,,,,,5,,,,,,,,,,,,,,,,,,,,,,,6,,,,,,2,,,,,,,,,,,,,,,2,,,,,,,,,,,,,,,,,2,,,,,2,,,4,,,,,1,,,,,,,,,,,,,1,,,,,,,,,,,,2,,,,,2,,1,2,,,,,,,,,,,2,1,,,,2,,,1,,,,,,,,,2,,,,1,,,,,,,2,,,,,1,,,,,,2,,,,,,,,,,,,,,,1,,1,1,,,,,,,,,2,,,,,,2,,,2,4,,,,,,,,1,,,,,,10,,,,,,,,,,,,,,,,,,4,,,,,,,,,,,,,,,,,2,,,,,,,,,,,,,4,,,,,,,,,,,,,,2,,,,,,,,,1,,,,,,,,,,,,,,,,,2,,,,,,18,,,,,,,,,2,,,,,,,1,,,,,,,,2,,2,,,,,2,,,1,,,,,,,,,,2,,,,,,,,,,,,,,1,,2,,,2,,,,,,,1,1,,,,,1,1,,,,,,,,,,,,1,,,,,,,,,,,,,,1,2,,,,,,,,,,,,,,,,,,,,1,18,,,6,,,,,,,,,,,,,,,,1,,,,,,,,,,,,,,,,,,2,,,,,,,,,,2,,,
ASHRAE901_RestaurantSitDown_STD2019_Denver.idf,,,,,,,1,,,,,,,,,,7,,,,,,1,,,3,,,2,,,,,,,,13,,,,,,,,,3,,,,,,,,,,5,,,,,,10,,,,,,,,,,,,,,4,2,,6,,,,,,1,,,,,2,9,,,,,,2,,2,,,2,,2,,,,,,,,,,,2,,,2,,,,,,1,,,,,,,,,,,,,,,,2,,,,,,,,,,,,3,,,,1,1,,,,,,,,,,,,,,,,,,,,,,2,,,,,,,,,,,,,,,,,,,,,,,,,,,,,,,,,,,,,,2,,,,,,,,,,,,,,,,,,,,,,,2,2,,,2,1,,,,,,,,,,,,,,,,,2,2,,1,,,2,,2,,,,,,,,,,,,,,,,1,2,,,,,,,,,,,,,,,,,,33,,1,,,,,,2,,,1,,,,,2,,,,,,,,,,,,65,,,,,,,,,,,,2,,,,,,,,,,,,,5,,,,,,,,,,,,,,,,,,,,,,,6,,,,,,2,,,,,,,,,,,,,,,,,,,,,,,,,,,,,,,,2,,,,,2,,,4,,,,,1,,,,,,,,,,,,,1,,,,,,,,,,,,2,,,,,2,,1,2,,,,,,,,,,,2,1,,,,2,,,1,,,,,,,,,2,,,,1,,,,,,,2,,,,,1,,,,,,2,,,,,,,,,,,,,,,1,,1,1,,,,,,,,,2,,,,,,2,,,2,4,,,,,,,,1,,,,,,10,,,,,,,,,,,,,,,,,,4,,,,,,,,,,,,,,,,,2,,,,,,,,,,,,,4,,,,,,,,,,,,,,2,,,,,,,,,1,,,,,,,,,,,,,,,,,2,,,,,,18,,,,,,,,,2,,,,,,,1,,,,,,,,2,,2,,,,,2,,,1,,,,,,,,,,2,,,,,,,,,,,,,,1,,2,,,2,,,,,,,1,1,,,,,1,1,,,,,,,,,,,,1,,,,,,,,,,,,,,1,2,,,,,,,,,,,,,,,,,,,,1,18,,,6,,,,,,,,,,,,,,,,1,,,,,,,,,,,,,,,,,,2,,,,,,,,,,2,,,
ASHRAE901_RetailStandalone_STD2019_Denver.idf,,,,,,,,,,,,,,,,,7,,,,,,,,,5,,,2,,,,,,,,14,,,,,,,,,3,,,,,,,,,,12,,,,,,4,,,,,,,,,,,,,,6,5,,3,,,,,,1,,,,1,4,9,,,,,,,,4,,,5,,2,,,,,,,,,,,4,,,2,,,,,,1,,,,,,,,,,,,,,,,5,,,,,,,,,,,,5,,,,1,1,,,,,,,,,,,,,,,,,,,,,,1,,,,,,,,,,,,,,,,,,,,,,,,,,,,,,,,,,,,,,4,,,,,,,,,,,,,,,,,,,,,,,4,4,,,9,1,,,,,,,,,,,,,,,,,7,5,,,,,4,,,,,,,,,,,,,,,,,,1,2,,,,,,,,,,,,,,,,,,31,,1,,,,,,4,,,1,,,,,4,,,,,,,,,,,,55,,,,,,,,,,,,7,,,,,,,,,,,,,,,,,,,,,,,,,,,,,,,,,,,,10,,,,,,,,,,,,,,,,,,,,,,,,,,,,,,,,,,,,,,4,,,,,2,,,4,,,,,1,,,,,,,,,,,,,1,,,,,,,,,,,,4,,,,,5,,1,4,,,,,,,,,,,4,,,,,5,,,1,,,,,,,,,5,,,,1,,,,,,,4,,,,,,,,,,,4,,,,,,,,,,,,,,,1,,1,1,,,,,,,,,4,,,,,,4,,,5,32,,,,,,,,1,,,,,,10,,,,,,,,,,,,,,,,,,,,1,,,,,,,,,,,,,,,4,,,,,,,,,,,,,4,,,,,,,,,,,,,,,,,,,,,,,1,,,,,,,,,,,,,,,,,4,,,,,,36,,,,,,,,,4,,,,,,,,,,,,,,,,,,,,,,5,,,,,,,,,,,,,5,,,,,,,,1,,,,,,1,,5,,,5,,,,,,,1,1,,,,,,,,,,,,,,,,,,1,,,,,,,,,,,,,,1,,,,,,,,,,,,,,,,,,,,,1,18,,,4,,,,,,,,,,,,,,,,,,,,,,,,,,,,,,,,,,4,,,,,,,,,,4,,,
ASHRAE901_RetailStripmall_STD2019_Denver.idf,,,,,,,,,,,,,,,,,7,,,,,,,,,10,,,3,,,,,,,,13,,,,,,,,,3,,,,,,,,,,21,,,,,,10,,,,,,,,,,,,,,20,10,,9,,,,,,1,,,,,10,9,,,,,,,,10,,,10,,1,,,,,,,,,,,10,,,2,,,,,,1,,,,,,,,,,,,,,,,10,,,,,,,,,,,,3,,,,1,1,,,,,,,,,,,,,,,,,,,,,,7,,,,,,,,,,,,,,,,,,,,,,,,,,,,,,,,,,,,,,10,,,,,,,,,,,,,,,,,,,,,,,10,10,,,20,1,,,,,,,,,,,,,,,,,10,10,,,,,10,,,,,,,,,,,,,,,,,,1,6,,,,,,,,,,,,,,,,,,29,,1,,,,,,10,,,1,,,,,10,,,,,,,,,,,,52,,,,,,,,,,,,10,,,,,,,,,,,,,,,,,,,,,,,,,,,,,,,,,,,,20,,,,,,,,,,,,,,,,,,,,,,,,,,,,,,,,,,,,,,10,,,,,,,,10,,,,,1,,,,,,,,,,,,,1,,,,,,,,,,,,10,,,,,10,,1,10,,,,,,,,,,,10,,,,,20,,,1,,,,,,,,,10,,,,1,,,,,,,10,,,,,,,,,,,10,,,,,,,,,,,,,,,1,,1,1,,,,,,,,,10,,,,,,10,,,10,48,,,,,,,,1,,,,,,10,,,,,,,,,,,,,,,,,,,,,,,,,,,,,,,,,,,10,,,,,,,,,,,,,10,,,,,,,,,,,,,,,,,,,,,,,1,,,,,,,,,,,,,,,,,10,,,,,,60,,,,,,,,,10,,,,,,,,,,,,,,,,,,,,,,10,,,,,,,,,,,,,10,,,,,,,,,,,,,,1,,10,,,10,,,,,,,,1,,,,,,,,,,,,,,,,,,1,,,,,,,,,,,,,,1,,,,,,,,,,,,,,,,,,,,,1,18,,,10,,,,,,,,,,,,,,,,,,,,,,,,,,,,,,,,,,10,,,,,,,,,,10,,,
ASHRAE901_SchoolPrimary_STD2019_Denver.idf,,,,,,,2,,,,,,22,,,,7,,,,,,1,,,25,,,3,,,,,,,,13,,,,,,,,,3,,,,,,,,,,67,,,,,,49,4,,,,,,,,,,,,,26,3,,19,,1,,,,1,,,,,7,9,,,,,,2,,3,,,25,,2,,,,,,,,,,,3,,,2,,,,,,1,,,,,,,,,,,,,,,,25,,,,,,,,,,,,2,,,,1,1,,4,,,,,,,,,,,,,,,,,,,,2,,,,,,,,,,,,,,,,,,,,9,,,,,,,,1,,,,,,,,,,7,,,,,,,,,,,,,,,,,,,,,,,7,7,,,30,1,,,,,,,,,,,,,,,,,29,25,,2,,,7,,2,,,,,,,,,,,,,,,,4,10,,,,,,,,,,,,,,,,,,30,,1,,,,,,7,,,1,,,,,3,,,,,,,,,,,,92,,,,,,,,,,,,29,,,,,,,,,,,,,10,,,,,,,,,,,,,4,,,,,,,,,,34,,,,,,4,,,,,,,,,,,,,,,2,,,,,,,,,,,,,,,,,11,,,,,36,,,27,,,,,1,,,,,,,,,,,,,1,4,,,,,,,,,,,25,,,,1,25,,1,3,,,,,,,,,,,7,2,,,,25,,,1,,,,,,,,,23,,,,1,,,,,,,7,,,,,2,,,,,,3,,,,,,,,,,,,,,,1,,1,1,,,,,,,,,7,,,1,4,,3,,,34,92,,,,,,,,1,,,,,,10,,,,,,,,,,,,1,,,,,,10,,1,,,,,,,,,,,,,,,7,,,,,,,,,,,,,11,,,,,4,,,,,,,,,4,,,,,,,,,1,,,,,,,,,,,2,,,,,,3,,,,,,171,,,,,,,,,7,,,,,,26,2,,,,,,,,5,,4,,,,,25,,,2,,,,,,,,,,25,,,,,,,,,,,,,,1,,25,,,25,,,,,,,18,1,,,,,2,3,,,,,,,,,,,,1,,,,,,,,,,,,,,1,2,,,,,,,,,,,,,,,,,,,,1,18,,,15,,,,,,,,,,,,,,,,1,,,,,,,,,,,,,,,,,,7,,,,,,,,,,7,,,
ASHRAE901_SchoolSecondary_STD2019_Denver.idf,,,,,,,3,,,,,,41,,,,7,,,,,,1,,,46,,,3,,,,,,,,13,,,,,,,,,3,,,,,,,,,,109,,,,,,81,,,,,,,,,,,,,,46,5,4,11,,1,,,,1,,,,,9,9,,,,,,2,,5,,,46,,2,,,,,,,,,,,5,,,2,,,,,,1,,,,,,,,,,,,,,,,46,,,,,,,,,,,,2,,,,1,1,,7,,,,,,,,,,,,,,,,,,,,2,,,,,,,,,,,,,,,,,,,,5,,,,,,,,1,,,,,,,,,,9,1,,,,,,,,,,,,,,,,,,,,,,9,9,,,51,1,,,,,,,,,,,,,,,,,50,46,,3,,,9,,2,,,,,,,,,,,,,,,,4,24,,,,,,,,,,,,,,,,,,30,,1,,,,,,9,,,1,,,,,5,,,,,,,,,,,,104,,,,,,,,,,,,50,,,,,,,,,,,,,13,,,,,,,,,,,,,,,,,,,,,,,58,,,,24,,6,,,,,,,,,,,,,,,2,,,,,,,,,,,,,,,,,13,,,,,66,,,50,,,,,1,,,,,,,,,,,,,1,4,,,,,,,,,,,46,,,,1,25,,1,5,,,,,,,,,,,9,3,,,,46,,,1,,,,,,,,,42,,,,1,,,,,,,9,,,,,3,,,,,,5,,,,,,,,,,,,,,,1,,1,1,,,,,,,,,9,,,2,4,,5,,,55,210,,,,,,,,1,,,,,,10,,,,,,,,,,,,1,,,1,,,13,,1,,,,,,,,,,,,,,,9,,,,,,,,,,1,,,15,,,,,8,,,,,,,,,6,,,,,,,,,1,,,,,,,,,,,2,,,,,,5,,,,,,323,,,,,,,,,9,,,,,,45,2,,,,,,,,6,,6,,,,,46,,,3,,,,,,,,,,46,,,,,,,,,,,,,,1,,46,,,46,,,,,,,33,1,,,,,3,5,,,,,,,,,,,,1,,,,,,,,,,,,,,1,2,,,,,,,,,,,,,,,,,,,,1,18,,,27,,,,,,,,,,,,,,,,2,,,,,,,,,,,,,,,,,,9,,,,,,,,,,9,,,
ASHRAE901_Warehouse_STD2019_Denver.idf,,,,,,,,,,,,,,,,,7,,,,,,,,,3,,,3,,,,,,,,17,,,,,,,,,3,,,,,,,,,,5,,,,,,2,,,,,,,,,,,,,,4,3,,3,,,,,,1,,,,1,2,9,,,,,,,,2,,,3,,3,,,,,,,,2,,,2,,,2,,,,,,1,,,,,,,,,,,,,,,,3,,,,,,,,,,,,6,,,,1,1,,,,,,,,,,,,,,,,,,,,,,1,,,,,,,,,,,,,,,,,,,,,,,,,,,,,,,,,,,,,,2,,,,,,,,,,,,,,,,,,,,,,,2,2,,,3,1,,,,,,,,,1,,,,,,,,3,1,,,,,2,,,,,,,,,,,,,,,,,,1,2,,,,,,,,,,,,,,,,,,39,,,,,,,,2,,,1,,,,,2,,,,,,,,,,,,30,,,,,,,,,,,,3,,,,,,,,,,,,,,,,,,,,,,,,,,,1,2,,,,,,,,2,,,,,,,,,,,,,,,,,,,,,,,,,,,,,,,,,,,,,,2,,,,,6,,,2,,,,,1,,,,,,,,,,,,,1,,,,,,,,,,,,2,,,,,3,,1,2,,,,,,,,,,,2,,,,,3,,,,,,,,,,,,1,,,16,1,,,,,,,2,,,,,,,,,,,2,,,,,,,,,,,,,,,1,,1,1,,,,,,,,,2,,,,,,2,,,3,78,,,,,,,,1,,,,,,10,,,,,,,,,,,,,,,,,,3,,2,,,,,,,,,,,,,,,2,,,,,,,,,,,,,2,,1,,,,,,,,,,,,,,,,,,,,,1,,,,,,,,,,,,,,,,,2,,,,,,19,,,,,,,,,2,,,,,,,,,,,,,,,,,,,,,,2,,,,,,,,,,,,,3,,,,32,,,,1,,,,,,1,,3,,,3,,,,,,,3,1,,,,,,,,,,,,,,,,,,1,,,,,,,,,,,,,,1,2,,,,,19,,,,,,,,,,,,,,,1,22,,,2,,,,,,,,,,,,,,,,,,,,,,,,,,,,,,,,,,2,,,,,,,,,,2,,,
ASIHPMixedTank.idf,,,,,,,,,,,,,,,,,5,,,,,,,,,3,,,,,,,,,,,,,,,,,,,,2,,,,,,1,,,,,,,,,,1,,,,,,,,,,,,,,,1,,5,,,,,1,1,,,,,1,,,,,,,,,,,,3,,,,,2,,,,,1,,,,,,2,,,,,,,,,,,,,,,,,,,,,,,,,,,,,,,1,,,12,,,,,,,,,,,,,,,,,,,,,,,,,,,1,,,,,,,,,,,,,,,,4,,,,,,,,,,,,,,,,,,,,,,1,,,,,,,,,,,,,,,,,,,,,,,1,,,,,,,,,,,,,,1,,,,,,,,,,,,20,,1,,,,,,,,,,,,,,,,,,,6,,,,,,,,,,,,,,,,,,5,,,,,,,,,,,1,,,,,,,,,,,,,,,,,18,,,,,2,,,,,,,,,,,,,,,,,,,,,,,,,,,,,,,,,,,,,,,,,,,7,,,,,,,,,,,,,,,,,,,,,,,,,,,,1,,,,,,,,,,1,,,,,,,,3,,,,,1,,,,,,,,,,,,,1,,,,,,,,,,,,3,,,,,,,1,3,,,,,,,,,,,1,,,,,2,,,,,,,,,,,,3,,,,1,,,,,,,1,,,,,,,,,,,,,,,,,,,,,,,,,,1,,,1,,,,,,,,,2,,,,,,,,,,1,,,,2,,,,1,,,,,,,,,,,,,,,,,,,,,,,,3,,,,,,,,,2,,,,,,,,1,,,,,,,,,,,,,1,,,,,,,,,,,,,,,,,1,,,,,,1,,,,,,,,,,,,,,,,,,,,,,,20,,,,,,,,,1,,,,,,,,,,,,,,,,,,,,,,,,,,,,,,,,,,,3,,,,,,,,,,,,,,1,,1,,,,,,,,,,,1,,,,,,,,,,,,,,,,,,,,,,,,,,,,,,,,1,2,,,,,,,,,,,,,,,,,,,,1,9,,,,,,,,,,,,,,,,,,,,,,,,,,,,,,,,,,,,,1,,,,,,1,,,,1,,,
AtticRoof_RadiantBarriers.idf,,,,,,,1,,,,,,,,,,9,,,,,,,,,3,,,1,,,,,,,,1,,,1,,,,,,2,,,,,,,,,,167,,,,,,9,,,,,,,,,,,,,,3,1,,3,,,,,,1,,,,,,,,,,,,,,,,,1,,1,,,1,,,,,,,,,6,,2,,,,,,1,,,,,,,,,,,,,,,,,,,,,,1,,,,,,,,,,1,1,,,,,,,,,,,,,,,,,,,,,,1,,,,,,,,,,,,,,,,,,,,,,,,8,,,,,,,,,,,,,,,,,,,,,,,,,,,,,,,,,,,,,1,1,,,20,,,,,,,,,,,,,,,,,,8,2,,1,57,,,,,,,,,,,,,2,,,,,,,12,2,,,,,,,,,,,,,,,,,147,17,,1,,,,,,,,,1,,,,,1,,,,,,,,,,,,2,,,,,,,,1,,,,8,,,,,1,,,,,,,,5,,,,1,,,,,,,,,,,,,,,,,,,5,,,,,,2,,,,,,,,,,1,,,,,,,,,,,,1,,,,,,,,,,,,,,,,,,10,,,,,,,,,,,,,,,,,,1,,,,,,1,,,,,,1,,,,39,,,,1,,,,,,,,,,,1,4,,,,1,,,,,,,,,,,,1,,,134,1,,,1,,,,1,,,,,1,,,,,,,,,,,,,,,,,,,,,1,13,,1,,,,,,,,,1,,,1,,,,,,,6,,,,1,,,,,,,,,,,,,,,,,,,,,,,,,,,,1,,,,,,,,,,,,,,,,,,,,15,,,,,,,,,,3,,,,,,,,,1,,,,,2,,,,,,,,,1,,,,,,,,,,,19,,,,,,,,,,,,27,,,,,,,,,,,,,,,,1,,,,,,,,,,2,,,,,1,,,1,,1,,,,,,,,1,,,,,,,,,,,,,,1,,1,,,1,,,,,,,,1,,,,,1,1,,,,,,,,,,,,1,,,,,,,,,,,,,,1,1,,,1,,17,,,,,,,,1,,,,,,,1,19,,,,,,,,,,,,,,1,,,,,,,,,,,,,,,,,,,,,,,1,,,,,,,,,,1,,,
BaseBoardElectric.idf,,,,,,,,,,,,1,,,,,5,,,,,,,,,3,,,,,1,,,,,,,1,,,,,,,,2,,,,,,,,,,,,,,,,20,,,,,,,,,,,,,,,,,,,,,,,1,,,,1,,,,,,,,,,,,,3,,,,,,,,,,1,,,,,,2,,,,,,,,,,,,,,,,,,,,,,,,,,,,,,,,,,10,,,,,,,,,,,,,,,,,,,,,,,,,,,,,,,,,,,,,,,,,,,,,,,,,,,,,,,,,,,,,,,,,,,,,,,,,,,,,,,,,,,,,,,,1,,,,,,,,,,,,,,1,,,,,,,,,,,1,7,,,,,,,,,,,1,,,,,,,,,,,,,1,,,,,,,,,,,,,,,5,,,,,,,,,,,1,,,,,,,,,,,,,,,,,18,,,,,,,,,,,,,,,,,,,,,,,,,10,1,,,,,,,,,,,,,,,,,,,,,,5,,,,,,4,,,,,,,,,,,,,,,,,,,,,,,,,,,,,,,,1,,,,,,,,3,,,,,1,,,,,,,,,,,,,1,,,,,,,,,,,1,3,,,,,,,1,3,,,,,1,,1,,,,1,,,,,2,,,,,,,,,,,,3,,,,1,,,1,,,,1,,,,,4,,,,,,,,,,,,,,,,,,,,,1,,,1,,,,,,,,,1,,,2,,,,,,,1,,,,1,,,,1,,,,,,,,,,,,,,,1,,,,,,3,,,,,,,,,,,,,,,,,,,,,,,,,,,,,,,,,5,,,,,1,,,,,,,,,4,,,1,,,,,,1,,,,,,,,,,,,,,,,,,,,,,,20,,,,,,,,,,,,,,,,,,,,,,,,,,4,,,,,,,,,,,,,,,,,,3,,,,,,,,,,,,,,1,,3,,,,,,,,,,,1,,,,,1,4,,,,,,,,,,,,,3,,,,,,,,,,,,,1,,,,,,,,,,,,,,,,,,,,,1,9,,,,,,,,,,,,,,,,,,,,,,,,1,,,,,,,,,,,,,1,,,,,,1,,,,1,,,
CarrollMRT-RefBldgLargeOfficeNew2004_Chicago.idf,,,,,,,4,1,,,,,16,,,,7,,,,,,,,,19,,,1,,1,,,,,,2,1,,,,,,,,1,,,,,,,,,,,,,,,,62,,,,,,,,,,,,,,15,,4,,,1,,,,1,18,,,,4,5,,,,,,,,,,,16,,1,,,,,,,,,,,,,,2,,,,,,1,,,,,,,,,,,,,,,,16,,,,,,3,,,,,,,,,,1,1,,,2,,,,,,,,2,,,,,,,,,,,1,,,,,,,,,,,,,,,,,,,,,,,,,,,,,,,,,,,,1,,4,,,,,,,,,,,,,,,,,,,,,,,4,4,,,,,,,,,,,,,,,,,,,,,,16,,3,25,,4,,,,,,,,,,1,,,,,,,,,2,,,1,,,,,,,,,,,,,,,10,,1,,,,,,4,,,1,,,,,,,,,,,,,,,,,26,,,,,,,,,,,,,,,,,,,,,,,,,20,1,,,,,,,,,,,,,,,,,,,,,,20,,,,1,,8,,,,,,,,,,,,,,,,,,,,,,,3,,,,,,,,,8,,,,,,,,16,,,,,1,,,1,,,,,,,,,,1,4,,,,,,,,,,1,16,,,,,,,1,,,,,,,,,1,,,4,3,2,,,16,,,1,,,,,,,,,16,,,,1,,,1,,,,4,,,,,3,,,,,,,,,,,,,,,,,,,,,1,10,1,1,,,,,,,,,4,,,3,,,,,,16,12,,,,,,,,1,,,,,,10,,,,,,,,,,,,,,,2,,,1,,,,,3,,,,,,,,,,,,4,,,,,,,,,,,,,12,,,,,8,,,,,,,,,8,,,,,,,,,1,,,,,,,,,,,,,,,,,,,,,,,130,,,,,,,,,4,,,,,,20,2,,,,,,,,,,8,,,,,16,,,3,,,,,,,,,,16,,,,,,,,,,,,,,1,,16,,,,,,,,,,,1,,3,,,3,10,,,,,,,,,,,,1,,,1,,,,,,,,,,,1,,,,,,,,,,,,,,,,,,,,,1,15,,,12,,,,,,,,,,,,,,,,1,,,,,,,,,,,,,,,,,,4,,,,,,1,,,,4,,,
CentralChillerHeaterSystem_Cooling_Heating.idf,,,,,,,3,,,,,1,,,,,5,,,,,,,,,6,,,,,,,,,,,4,,,,,,,,,2,,1,,,,,,,,,,,,,,31,,,,,,,,,,,,,,5,,,2,,,,,,1,,,,1,,,,,,,,,,,,,5,,,,,,2,,,,4,,,,,,2,,,,,,,,,,,,,,,,,,,,,,,,,,,,1,,,,,,10,,,,,,,,,,,,,,,,,,,,,,,,,,,,,,,,,,,,,,,,,,,,,,,,,,,,,,,,,,,,,,,,,,,,,,,,,,,,,2,,,,,,,,,,,1,,,,,,,,,,,,,,1,,,1,,,,,,,,2,94,1,,,,,,,,,,,,,,,,,,,,12,,,1,,,,,,,,,,,,,,,7,,,,,,,,,,,1,1,,,,,,,,,,,,,,,,18,,,,,,,,,,,,,,,,,,,,,,,,,15,1,,,,,,,,,,,,,,,,,,,,,,9,,,,,,6,,,,,,,,,,,,,,,,,,,,,,1,,,,,,,,,,1,,,,,,,,5,,,,,,,,,,,,,,,,,,1,,,,,,,,,,,1,5,,,,,,,,,,,,,,,,,,,,,,,,5,,,,,,1,,,,,,5,,,,1,,,,,,,1,,,,,5,,,,,,,,,,,,,,,,,,,,,1,,,1,,,,,,,,,1,,,3,,,,,,,6,,,,1,,5,,1,,,,,,,,,,,,,,,1,,,,,,3,,,,,,,,,,,,,,,,,,,,,,,,,,,1,,,,,,7,,3,,,1,,,,,,,,,6,,,1,,,,,,1,,,,,,,,,,,,,,,,,,,,2,,,40,,,,,,,,,,,,,,,5,1,,,,,,,,,,6,,,,,,,,,,,,,,,,,,5,,,,,,,,,,,,,,1,,5,,,,,,,,,,,1,,,,,2,4,,,,,,,,,,,,,,,,,,,,,,,,,,1,4,,,,,,,,,,,,,,,,,,,,1,10,,,,,,,,,,,,,,,,,,,,,,,,,,,,,,,,,,,,,1,,,,,,1,,,,1,,,
CentralChillerHeaterSystem_Simultaneous_Cooling_Heating.idf,,,,,,,3,,,,,1,,,,,5,,,,,,,,,6,,,,,,,,,,,4,,,,,,,,,1,,1,,,,,,,,,,,,,,31,,,,,,,,,,,,,,5,,,2,,,,,,1,,,,1,,,,,,,,,,,,,5,,,,,,2,,,,4,,,,,,2,,,,,,,,,,,,,,,,,,,,,,,,,,,,1,,,,,,10,,,,,,,,,,,,,,,,,,,,,,,,,,,,,,,,,,,,,,,,,,,,,,,,,,,,,,,,,,,,,,,,,,,,,,,,,,,,,2,,,,,,,,,,,1,,,,,,,,,,,,,,,,,1,,,,,,,,2,76,1,,,,,,,,,,,,,,,,,,,,12,,,1,,,,,,,,,,,,,,,7,,,,,,,,,,,1,1,,,,,,,,,,,,,,,,18,,,,,,,,,,,,,,,,,,,,,,,,,15,1,,,,,,,,,,,,,,,,,,,,,,9,,,,,,6,,,,,,,,,,,,,,,,,,,,,,1,,,,,,,,,,1,,,,,,,,5,,,,,,,,,,,,,,,,,,1,,,,,,,,,,,1,5,,,,,,,,,,,,,,,,,,,,,,,,5,,,,,,1,,,,,,5,,,,1,,,,,,,1,,,,,5,,,,,,,,,,,,,,,,,,,,,1,,,1,,,,,,,,,1,,,3,,,,,,,6,,,,1,,5,,1,,,,,,,,,,,,,,,1,,,,,,3,,,,,,,,,,,,,,,,,,,,,,,,,,,1,,,,,,7,,3,,,1,,,,,,,,,6,,,,,,,,,1,,,,,,,,,,,,,,,,,,,,1,,,40,,,,,,,,,,,,,,,5,1,,,,,,,,,,6,,,,,1,,,,,,,,,,,,,5,,,,,,,,,,,,,,1,,5,,,,,,,,,,,1,,,,,2,4,,,,,,,,,,,,,,,,,,,,,,,,,,1,4,,,,,,,,,,,,,,,,,,,,1,10,,,,,,,,,,,,,,,,,,,,,,,,,,,,,,,,,,,,,1,,,,,,1,,,,1,,,
ChangeoverBypassVAV.idf,,,,,,,,,,,,,,,,,5,,,,,,,,,3,,,,,,,,,,,,,,,,,,,,1,,,,,,,,,,,,,,1,,1,,,,,,,,,,,,,,,1,,3,,,,,,1,,,,,,,,,,,,,,,,,3,,,,,1,,,,,1,,,,,,2,,,,,,1,,,,,,,,,,,,,,,,3,,,,,,,,,,,,12,,,,,,,,,,,,,,,,,,,,,,,,,,,,,,,,,,,,,,,,,,,,,,,,,,,,1,,,,,,,,,,,,,,,,,,,,,,,,,,,,,,,,,,,,1,1,,,,,,,,,,,,,,,,,,,,,,,,,52,,1,,,,,,,,,,,,,,,,,,,4,,,,,,,,,,,,,,,,,,5,,,,,,,,,,,1,,,,,,,,,,,,,,,,,13,,,,,,,,,,,,,,,,,,,2,1,,,,,,,,,,,,,,,,,,,,,,,,,,,,4,,,,,,,,,,,,,,,,,,,,,,,,,,,,,,,,,,,,,,,,,,,,,,3,,,,,1,,,,,,,,,,,,,1,,,,,,,,,,,,3,,,,,,,1,,,,,,,,1,,,,1,,,,,2,,,,,,,,,,,,3,,,,1,,,,,,,1,,,,,,,,,,,,,,,,,,,,,,,,,,1,,,1,,,,,,,,,1,,,,,,,,,3,1,,,,,,,,1,,,,,,,,,,,,,,,,,,,,,,,,,,,,,,,,,,,,,,,,,,,,,,,,,,,,,,1,,,,,,,,,,,,,,,,,,,,,,,1,,,2,,,,,,,,,,,,1,2,,,,,,,20,,,,,,,,,1,,,,,,,,,,,,,,,,,,,,,,1,,,,,,,,,,,,1,3,,,,,,,,,,,,,,1,,3,,,,,,,,,,,1,,,,,,,,,,,,,,,,,,1,,,,,,,,,,,,,,1,,,,,,,,,,,,,,,,,,,,,1,9,,,,,,,,,,,,,,,,,,,,,,,,,,,,,,,,,,,,,1,,,,,,1,,,,1,,,
ChangeoverBypassVAV_AirToAir.idf,,,,,,,,,,,,,,,,,5,,,,,,,,,3,,,,,,,,,,,,,,,,,,,,1,,,,,,,,,,,,,,1,,1,,,,,,,,,,,,,,,1,,1,,,,,,1,,,,,,,,,,,,,,,,,3,,,,,1,,,,,1,,,,,,2,,,,,,1,,,,,,,,,,,,,,,,3,,,,,,,,,,,,12,,,,,,,,,,,,,,,,,,,,,,,,,,,,,,,,,,,,,,,,,,,,,,,,,,,,1,,,,,,,,,,,,,,,,,,,,,,,,,,,,,,,,,,,,1,1,,,,,,,,,,,,,,,,,,,,,,,,,61,,1,,,,,,,,,,,,,,,,,,,16,,,,,,,,,,,,,,,,,,5,,,,,,,,,,,1,,,,,,,,,,,,,,,,,14,,,,,,,,,,,,,,,,1,,,2,,,,,,,,,,,,,,,,,,,,,,,,,,,,,4,,,,,,,,,,,,,,,,,,,,,,,,,,,,,,,,,,,,,,,,,,,,,,3,,,,,1,,,,,,,,,,,,,1,,,,,,,,,,,,3,,,,,,,1,,,,,,,,1,,,,1,,,,,2,,,,,,,,,,,,3,,,,1,,,,,,,1,,,,,,,,,,,,,,,,,,,,,,,,,,1,,,1,,,,,,,,,1,,,,,,,,,3,1,,,,,,,,1,,,,,,,,,,,,,,,,,,,,,,,,1,,,,,,,,,1,,,,,,,,,,,,,,,,,,,,,1,,,,,,,,,,,,,,,,,,,,,,,1,,,2,,,,,,,,,,,,1,,,,,,,,20,,,,,,,,,1,,,,,,,,,,,,,,,,,,,,,,1,,,,,,,,,,,,1,3,,,,,,,,,,,,,,1,,3,,,,,,,,,,,1,,,,,,1,,,,,,,,,,,,1,,,,,,,,,,,,,,1,1,,,,,,,,,,,,,,,,,,,,1,9,,,,,,,,,,,,,,,,,,,,,,,,,,,,,,,,,,,,,1,,,,,,1,,,,1,,,
ChangeoverBypassVAV_AirToAirHeatPump.idf,,,,,,,,,,,,,,,,,5,,,,,,,,,3,,,,,,,,,,,,,,,,,,,,1,,,,,,,,,,,,,,1,,1,,,,,,,,,,,,,,,,,1,,,,,,1,,,,,,,,,,,,,,,,,3,,,,,1,,,,,1,,,,,,2,,,,,,1,,,,,,,,,,,,,,,,3,,,,,,,,,,,,8,,,,,,,,,,,,,,,,,,,,,,,,,,,,,,,,,,,,,,,,,,,,,,,,,,,,1,,,,,,,,,,,,,,,,,,,,,,,,,,,,,,,,,,,,1,1,,,,,,,,,,,,,,,,,,,,,,,,,75,,1,,,,,,,,,,,,,,,,,,,18,,,,,,,,,,,,,,,,,,5,,,,,,,,,,,1,,,,,,,,,,,,,,,,,14,,,,,1,,,,,,,,,,,1,,,2,,,,,,,,,,,,,,,,,,,,,,,,,,,,,4,,,,,,,,,,,,,,,,,,,,,,,,,,,,,,,,,,,,,,,,,,,,,,3,,,,,1,,,,,,,,,,,,,1,,,,,,,,,,,,3,,,,,,,1,,,,,,,,1,,,,1,,,,,2,,,,,,,,,,,,3,,,,1,,,,,,,1,,,,,,,,,,,,,,,,,,,,,,,,,,1,,,1,,,,,,,,,1,,,,,,,,,3,1,,,,,,,,1,,,,,,,,,,,,,,,,,,,,,,,,1,,,,,,,,,1,,,,,,,,,,,,,,,,,,,,,1,,,,,,,,,,,,,,,,,,,,,,,1,,,2,,,,,,,,,,,,1,,,,,,,,20,,,,,,,,,1,,,,,,,,,,,,,,,,,,,,,,1,,,,,,,,,,,,1,3,,,,,,,,,,,,,,1,,3,,,,,,,,,,,1,,,,,,1,,,,,,,,,,,,1,,,,,,,,,,,,,,1,1,,,,,,,,,,,,,,,,,,,,1,9,,,,,,,,,,,,,,,,,,,,,,,,,,,,,,,,,,,,,1,,,,,,1,,,,1,,,
ChangeoverBypassVAV_MaxTemp.idf,,,,,,,,,,,,,,,,,5,,,,,,,,,3,,,,,,,,,,,,,,,,,,,,1,,,,,,,,,,,,,,1,,1,,,,,,,,,,,,,,,1,,3,,,,,,1,,,,,,,,,,,,,,,,,3,,,,,1,,,,,1,,,,,,2,,,,,,1,,,,,,,,,,,,,,,,3,,,,,,,,,,,,12,,,,,,,,,,,,,,,,,,,,,,,,,,,,,,,,,,,,,,,,,,,,,,,,,,,,1,,,,,,,,,,,,,,,,,,,,,,,,,,,,,,,,,,,,1,1,,,,,,,,,,,,,,,,,,,,,,,,,54,,1,,,,,,,,,,,,,,,,,,,4,,,,,,,,,,,,,,,,,,5,,,,,,,,,,,1,,,,,,,,,,,,,,,,,14,,,,,,,,,,,,,,,,,,,2,1,,,,,,,,,,,,,,,,,,,,,,,,,,,,4,,,,,,,,,,,,,,,,,,,,,,,,,,,,,,,,,,,,,,,,,,,,,,3,,,,,1,,,,,,,,,,,,,1,,,,,,,,,,,,3,,,,,,,1,,,,,,,,1,,,,1,,,,,2,,,,,,,,,,,,3,,,,1,,,,,,,1,,,,,,,,,,,,,,,,,,,,,,,,,,1,,,1,,,,,,,,,1,,,,,,,,,3,1,,,,,,,,1,,,,,,,,,,,,,,,,,,,,,,,,,,,,,,,,,,,,,,,,,,,,,,,,,,,,,,1,,,,,,,,,,,,,,,,,,,,,,,1,,,2,,,,,,,,,,,,1,2,,,,,,,20,,,,,,,,,1,,,,,,,,,,,,,,,,,,,,,,1,,,,,,,,,,,,1,3,,,,,,,,,,,,,,1,,3,,,,,,,,,,,1,,,,,,1,,,,,,,,,,,,1,,,,,,,,,,,,,,1,,,,,,,,,,,,,,,,,,,,,1,9,,,,,,,,,,,,,,,,,,,,,,,,,,,,,,,,,,,,,1,,,,,,1,,,,1,,,
ChillerPartLoadCurve_RefBldgLargeOfficeNew2004_Chicago.idf,,,,,,,4,1,,,,,16,,,,7,,,,,,,,,19,,,1,,1,,,,,,2,1,,,,,,,,1,,,,,,,,,,,,,,,,62,,,,,,,,,,,,,,15,,4,,,1,,,,1,18,,,,4,5,,,,,,,,,,,16,,1,,,,,,,,,,,,,,2,,,,,,1,,,,,,,,,,,,,,,,16,,,,,,3,,,,,,,,,,1,1,,,2,,,,,,,,2,,,,,,,,,,,1,,,,,,,,,,,,,,,,,,,,,,,,,,,,,,,,,,,,1,,4,,,,,,,,,,,,,,,,,,,,,,,4,4,,,,,,,,,,,,,,,,,,,,,,16,,3,25,,4,,,,,,,,,,1,,,,,,,,,2,,,1,1,,,,,,,,,,,,,,10,,1,,,,,,4,,,1,,,,,,,,,,,,,,,,,26,,,,,,,,,,,,,,,,,,,,,,,,,20,1,,,,,,,,,,,,,,,,,,,,,,20,,,,1,,8,,,,,,,,,,,,,,,,,,,,,,,3,,,,,,,,,8,,,,,,,,16,,,,,1,,,1,,,,,,,,,,1,4,,,,,,,,,,1,16,,,,,,,1,,,,,,,,,,,,4,3,2,,,16,,,1,,,,,,,,,16,,,,1,,,1,,,,4,,,,,3,,,,,,,,,,,,,,,,,,,,,1,9,1,1,,,,,,,,,4,,,3,,,,,,16,12,,,,,,,,1,,,,,,10,,,,,,,,,,,,,,,2,,,1,,,,,3,,,,,,,,,,,,4,,,,,,,,,,,,,12,,,,,8,,,,,,,,,8,,,,,,,,,1,,,,,,,,,,,,,,,,,,,,,,,130,,,,,,,,,4,,,,,,20,2,,,,,,,,,,8,,,,,16,,,3,,,,,,,,,,16,,,,,,,,,,,,,,1,,16,,,,,,,,,,,1,,3,,,3,10,,,,,,,,,,,,1,,,1,,,,,,,,,,,1,,,,,,,,,,,,,,,,,,,,,1,15,,,12,,,,,,,,,,,,,,,,1,,,,,,,,,,,,,,,,,,4,,,,,,1,,,,4,,,
CmplxGlz_Daylighting_SouthVB45deg.idf,,,,,,,,,,,,,,,,,7,,,,,,,,,,,,,,,,,,,,2,,,,,,,,,1,,,,,,,,,,,,,,,,1,1,,,,,,,,,,,,,1,1,,,,,,,,1,,,,1,1,7,,,,,,,,,,,1,,,,,,2,,,,1,,,,,1,2,,,,,,,,,,,,,,,,,,,,,,1,,,,,,,,,,,,,,,,,,,,,,,,,,,,,,,,,,,,,,,,,,,,,,,,,,,,,,,,,,,,,,,,,,,,,,,,,,,,,1,,,,,,,,,,,,,,,,,,,,,,,1,1,,,,,,,,,,,,,,,,,,,,,,1,,,31,,1,,,,,,,,,,,,,,,,,,,,,,,,,,,,,,,,,,,,,5,,1,,,,,1,1,,,1,,,,,,,,,,,,,,,,,18,,,,,,,,,,,,,,,,,,1,,,,,,,,,,,,,,,,,,,,,,,,,,,,,,3,,,,,,,,,,,,,,,,,,,,,,,,,,,,1,,,,,,,,,2,1,,,,,1,,,1,,,,,1,,,,,,,,,,,,,1,,,,1,,,,,1,,,1,,,,,,,1,1,,,,,,,,,,,1,,,,,1,,,,,,,,,,,,1,,,,1,,,,,,,1,,,,,,,,,,,,,,,,,,,,,,,,,,1,,1,1,,,,,,,,,1,,,,,,,,,1,1,,,,,,,,1,,,,,,10,,,,,,,,,,,,,,,,,,,,1,,,,,,,,,,,,,,,1,,,,,,,,,,,,,1,,1,,,,,,,,,,,,,,,,,,,,,1,,,,,,,,,,,,,,,,,,,,,,,6,,,,,,,,,1,,,,,,,,,,,,,,,,,,,,,,1,,,,,1,,,,,,,,1,,,,,,,,,,,1,,,1,,1,,,,,,,,,,1,1,,,,9,,,,,,,,,,,,,,,,,,,,,,3,,,,,,1,,,,1,,,,,,,,,,,,,,,,,1,18,,,1,,,,,,,,,,,,,,,,,,,,,,,,,,,,,,,,,,1,,,,,,1,,,,1,,,
CmplxGlz_Daylighting_SouthVerticalVB45deg.idf,,,,,,,,,,,,,,,,,7,,,,,,,,,,,,,,,,,,,,2,,,,,,,,,1,,,,,,,,,,,,,,,,1,1,,,,,,,,,,,,,1,1,,,,,,,,1,,,,1,1,7,,,,,,,,,,,1,,,,,,2,,,,1,,,,,1,2,,,,,,,,,,,,,,,,,,,,,,1,,,,,,,,,,,,,,,,,,,,,,,,,,,,,,,,,,,,,,,,,,,,,,,,,,,,,,,,,,,,,,,,,,,,,,,,,,,,,1,,,,,,,,,,,,,,,,,,,,,,,1,1,,,,,,,,,,,,,,,,,,,,,,1,,,31,,1,,,,,,,,,,,,,,,,,,,,,,,,,,,,,,,,,,,,,5,,1,,,,,1,1,,,1,,,,,,,,,,,,,,,,,18,,,,,,,,,,,,,,,,,,1,,,,,,,,,,,,,,,,,,,,,,,,,,,,,,3,,,,,,,,,,,,,,,,,,,,,,,,,,,,1,,,,,,,,,2,1,,,,,1,,,1,,,,,1,,,,,,,,,,,,,1,,,,1,,,,,1,,,1,,,,,,,1,1,,,,,,,,,,,1,,,,,1,,,,,,,,,,,,1,,,,1,,,,,,,1,,,,,,,,,,,,,,,,,,,,,,,,,,1,,1,1,,,,,,,,,1,,,,,,,,,1,1,,,,,,,,1,,,,,,10,,,,,,,,,,,,,,,,,,,,1,,,,,,,,,,,,,,,1,,,,,,,,,,,,,1,,1,,,,,,,,,,,,,,,,,,,,,1,,,,,,,,,,,,,,,,,,,,,,,6,,,,,,,,,1,,,,,,,,,,,,,,,,,,,,,,1,,,,,1,,,,,,,,1,,,,,,,,,,,1,,,1,,1,,,,,,,,,,1,1,,,,9,,,,,,,,,,,,,,,,,,,,,,3,,,,,,1,,,,1,,,,,,,,,,,,,,,,,1,18,,,1,,,,,,,,,,,,,,,,,,,,,,,,,,,,,,,,,,1,,,,,,1,,,,1,,,
CmplxGlz_InShadeGasMix.idf,,,,,,,,,,,,,,,,,1,,,,,,,,,1,,,,,,,,,,,2,,,,,,,,,1,,,,,,,,,,,,,,,,,,,,,,,,,,,,,,,,,,,,,,,1,,,,,,,,,,,,,,,,,,,,,,,,,,,2,,,,,1,2,,,,,,,,,,,,,,,,,,,,,,,,,,,,,,,,,,,,,,,,,,,,,,,,,,,,,,,,,,,,,,,,,,,,,,,,,,,,,,,,,,,,,,,,,,,2,,,,,,,,,,,,,,,,,,,,,,,,,,,,,,,,,,,,,,,,,,,,,,,,,,,,,,,,,5,,,,,,,,,,,,,,,,,,,,,,,,,,,,,,,,,,,,,,,5,,1,,,,,,,,,1,,,,,,,,,,,,,,,,,1,,,,,,,,,,,,,,,,,,1,,,,,,,,,,,,,,,,,,,,,,,,,,,,,,,,,,,,,,,,,,,,,,,,,,,,,,,,,,,,,,,,,,,,,,,,,,,,,,,,,1,,,,,,,,,,,,,1,,,,3,,,,,,,,,,,,,,,1,,,,,,,,,,,,,,,,,,,,,,,,,,,,,,,,,1,,,,,,,,,,,,,,,,,,,,,,,,,,,,,,,,,1,,,1,,,,,,,,,,,,,,,,,,,1,,,,,,,,1,,,,,,,,,,,,,,,,,,,,,,,,,,,,,,,,,,,,,,,,,,,,,,,,,,,,,,,,,,,,,,,,,,,,,,,,,,,,,,,,,,4,,,,,,,,,,,,,,,,,,6,,,,,,,,,,,,,,,,,,,,,,,,,,,,,,,,,,,,,,,,,,,,,,,,,,,,,,,1,,,1,,,,,,,,,,,,,1,,,,13,,,,,,,,,,,,,,,,,,,,,,,,,,,,,,,,,,,,,,,,,,,,,,,,,1,7,,,,,,,,,,,,,,,,,,,,,,,,,,,,,,,,,,,,,,,,,,,,,,,,,,
CmplxGlz_MeasuredDeflectionAndShading.idf,,,,,,,,,,,,,,,,,1,,,,,,,,,1,,,,,,,,,,,2,,,,,,,,,1,,,,,,,,,,,,,,,,,,,,,,,,,,,,,,,,,,,,,,,1,,,,,,,,,,,,,,,,,,,,,,,,,,,5,,,,,4,2,,,,,,,,,,,,,,,,,,,,,,,,,,,,,,,,,,,,,,,,,,,,,,,,,,,,,,,,,,,,,,,,,,,,,,,,,,,,,,,,,,,,,,,,,,,1,,,,,,,,,,,,,,,,,,,,,,,,,,,,,,,,,,,,,,,,,,,,,,,,,,,,,,,,,5,,,,,,,,,,,,,,,,,,,,,,,,,,,,,,,,,,,,,,,5,,1,,,,,,,,,1,,,,,,,,,,,,,,,,,1,,,,,,,,,,,,,,,,,,3,,,,,,,,,,,,,,,,,,,,,,,,,,,,,,,,,,,,,,,,,,,,,,,,,,,,,,,,3,,1,,,,,,,,,,,,,,,,,,,,,,,1,,,,,,,,,,,,,1,,,,2,,,,,,,,,,,,,,,1,,,,,,,,,,,,,,,,,,,,,,,,,,,,,,,,,1,,,,,,,,,,,,,,,,,,,,,,,,,,,,,,,,,1,,,1,,,,,,,,,,,,,,,,,,,4,,,,,,,,1,,,,,,,,,,,,,,,,,,,,,,,,,,,,,,,,,,,,,,,,,,,,,,,,,,,,,,,,4,,,,,,,,,,,,,,,,,,,,,,,,,,4,,,,,,,,,,,,,,,,,,6,,,,,,,,,,,,,,,,,,,,,,,,,,,,,,,,,,,,,,,,,,,,,,,,,,,,,,,4,,,1,,,,,,,,,,,,,1,,,,46,,,,,,,,,,,,,,,,,,,,,,,,,,,,,,,,,,,,,,,,,,,,,,,,,1,7,,,,,,,,,,,,,,,,,,,,,,,,,,,,,,,,,,,,,,,,,,,,,,,,,,
CmplxGlz_SchedSurfGains.idf,,,,,,,,,,,,,,,,,2,,,,,,,,,1,1,,,,,,,,,,2,,,,,,,,,1,,,,,,,,,,,,,,,,,,,,,,,,,,,,,,,,,,,,,,,1,,,,,,,,,,,,,,,,,1,,,,,,,,,,1,,,,,1,2,,,,,,,,,,,,,,,,,,,,,,,,,,,,,,,,,,,,,,,,,,,,,,,,,,,,,,,,,,,,,,,,,,,,,,,,,,,,,,,,,,,,,,,,,,,,,,,,,,,,,,,,,,,,,,,,,,,,,,,,,,,,,,,,,,,,,,,,,,,,,,,,,,,,,,,,,,,,,,,,,,,,,,,,,,,,,,,,,,,,,,,,,,,5,,1,,,,,,,,,1,,,,,,,,,,,,,,,,,12,,,,,,,,,,,,,,,,,,1,,,,,,,,,,,1,,,,,,,,,,,,,,,,,,,1,,,,,,,,,,,,,,,,,,,,,,,,,,,,1,,,,,,,,,,,,,,,,,,,,,,,,,,,,,,,,,,,,1,,,,2,,,,,,,,,,,,,,,1,,,,,,,,,,,,,,,,,,,,,,,,,,,,,,,,,1,,,,,,,,,,,,,,,,,,,,,,,,,,,,,,,,,1,,,1,,,,,,,,,,,,,,,,,,,1,,,,,,,,1,,,,,,,,,,,,,,,,,,,,,,,,,,,,,,,,,,,,,,,,,,,,,,,,,,,,,,,,1,,,,,,,,,,,,,,,,,,,,,,,,,,4,,,,,,,,,,,,,,,,,,6,,,,,,,,,,,,,,,,,,,,,,,,,,,,,,,1,,,,,1,,,,,,,,1,,,,,,,,,,,1,,,1,,1,,,,,,,,,,,1,,,,11,,,,,,,,,,,,,,,,,,,,,,,,,6,,,,,,,,,,,,,,,,,,,,,,,,1,8,,,,,,,,,,,,,,,,,,,,,,,,,,,,,,,,,,,,,,,,,,,,,,,,,,
CmplxGlz_SingleZone_Deflection.idf,,,,,,,,,,,,,,,,,1,,,,,,,,,1,,,,,,,,,,,2,,,,,,,,,1,,,,,,,,,,,,,,,,,,,,,,,,,,,,,,,,,,,,,,,1,,,,,,,,,,,,,,,,,,,,,,,,,,,1,,,,,1,2,,,,,,,,,,,,,,,,,,,,,,,,,,,,,,,,,,,,,,,,,,,,,,,,,,,,,,,,,,,,,,,,,,,,,,,,,,,,,,,,,,,,,,,,,,,,,,,,,,,,,,,,,,,,,,,,,,,,,,,,,,,,,,,,,,,,,,,,,,,,,,,,,,,,5,,,,,,,,,,,,,,,,,,,,,,,,,,,,,,,,,,,,,,,5,,1,,,,,,,,,1,,,,,,,,,,,,,,,,,1,,,,,,,,,,,,,,,,,,,,,,,,,,,,,,,,,,,,,,,,,,,,,,,,,,,,,,,,,,,,,,,,,,,,,,,,,,,,,,,,,,,,,,,,,,,,,,,,,,,1,,,,,,,,,,,,,1,,,,1,,,,,,,,,,,,,,,1,,,,,,,,,,,,,,,,,,,,,,,,,,,,,,,,,1,,,,,,,,,,,,,,,,,,,,,,,,,,,,,,,,,1,,,1,,,,,,,,,,,,,,,,,,,1,,,,,,,,1,,,,,,,,,,,,,,,,,,,,,,,,,,,,,,,,,,,,,,,,,,,,,,,,,,,,,,,,1,,,,,,,,,,,,,,,,,,,,,,,,,,4,,,,,,,,,,,,,,,,,,6,,,,,,,,,,,,,,,,,,,,,,,,,,,,,,,,,,,,,,,,,,,,,,,,,,,,,,,1,,,1,,,,,,,,,,,,,1,,,,9,,,,,,,,,,,,,,,,,,,,,,,,,,,,,,,,,,,,,,,,,,,,,,,,,1,7,,,,,,,,,,,,,,,,,,,,,,,,,,,,,,,,,,,,,,,,,,,,,,,,,,
CmplxGlz_SingleZone_DoubleClearAir.idf,,,,,,,,,,,,,,,,,1,,,,,,,,,1,,,,,,,,,,,2,,,,,,,,,1,,,,,,,,,,,,,,,,,,,,,,,,,,,,,,,,,,,,,,,1,,,,,,,,,,,,,,,,,,,,,,,,,,,1,,,,,1,2,,,,,,,,,,,,,,,,,,,,,,,,,,,,,,,,,,,,,,,,,,,,,,,,,,,,,,,,,,,,,,,,,,,,,,,,,,,,,,,,,,,,,,,,,,,,,,,,,,,,,,,,,,,,,,,,,,,,,,,,,,,,,,,,,,,,,,,,,,,,,,,,,,,,5,,,,,,,,,,,,,,,,,,,,,,,,,,,,,,,,,,,,,,,5,,1,,,,,,,,,1,,,,,,,,,,,,,,,,,1,,,,,,,,,,,,,,,,,,,,,,,,,,,,,,,,,,,,,,,,,,,,,,,,,,,,,,,,,,,,,,,,,,,,,,,,,,,,,,,,,,,,,,,,,,,,,,,,,,,1,,,,,,,,,,,,,1,,,,1,,,,,,,,,,,,,,,1,,,,,,,,,,,,,,,,,,,,,,,,,,,,,,,,,1,,,,,,,,,,,,,,,,,,,,,,,,,,,,,,,,,1,,,1,,,,,,,,,,,,,,,,,,,1,,,,,,,,1,,,,,,,,,,,,,,,,,,,,,,,,,,,,,,,,,,,,,,,,,,,,,,,,,,,,,,,,1,,,,,,,,,,,,,,,,,,,,,,,,,,4,,,,,,,,,,,,,,,,,,6,,,,,,,,,,,,,,,,,,,,,,,,,,,,,,,,,,,,,,,,,,,,,,,,,,,,,,,1,,,1,,,,,,,,,,,,,1,,,,9,,,,,,,,,,,,,,,,,,,,,,,,,,,,,,,,,,,,,,,,,,,,,,,,,1,7,,,,,,,,,,,,,,,,,,,,,,,,,,,,,,,,,,,,,,,,,,,,,,,,,,
CmplxGlz_SingleZone_Vacuum.idf,,,,,,,,,,,,,,,,,1,,,,,,,,,1,,,,,,,,,,,2,,,,,,,,,1,,,,,,,,,,,,,,,,,,,,,,,,,,,,,,,,,,,,,,,1,,,,,,,,,,,,,,,,,,,,,,,,,,,1,,,,,1,2,,,,,,,,,,,,,,,,,,,,,,,,,,,,,,,,,,,,,,,,,,,,,,,,,,,,,,,,,,,,,,,,,,,,,,,,,,,,,,,,,,,,,,,,,,,,,,,,,,,,,,,,,,,,,,,,,,,,,,,,,,,,,,,,,,,,,,,,,,,,,,,,,,,,5,,,,,,,,,,,,,,,,,,,,,,,,,,,,,,,,,,,,,,,5,,1,,,,,,,,,1,,,,,,,,,,,,,,,,,1,,,,,,,,,,,,,,,,,,,,,,,,,,,,,,,,1,,,,,,,,,,,,,,,,,,,,,,,,,,,,,,,,,,,,,,,,,,,,,,,,,,,,,,,,,,,,,,,,,,,1,,,,,,,,,,,,,1,,,,1,,,,,,,,,,,,,,,1,,,,,,,,,,,,,,,,,,,,,,,,,,,,,,,,,1,,,,,,,,,,,,,,,,,,,,,,,,,,,,,,,,,1,,,1,,,,,,,,,,,,,,,,,,,1,,,,,,,,1,,,,,,,,,,,,,,,,,,,,,,,,,,,,,,,,,,,,,,,,,,,,,,,,,,,,,,,,1,,,,,,,,,,,,,,,,,,,,,,,,,,4,,,,,,,,,,,,,,,,,,6,,,,,,,,,,,,,,,,,,,,,,,,,,,,,,,,,,,,,,,,,,,,,,,,,,,,,,,1,,,1,,,,,,,,,,,,,1,,,,9,,,,,,,,,,,,,,,,,,,,,,,,,,,,,,,,,,,,,,,,,,,,,,,,,1,7,,,,,,,,,,,,,,,,,,,,,,,,,,,,,,,,,,,,,,,,,,,,,,,,,,
CmplxGlz_SmOff_IntExtShading.idf,,,,,,,,,,,,,,,,,5,,,,,,,,,5,,,,,,,,,,,3,,,,,,,,,1,,,,,,,,,,,,,,,,4,4,,,,,,,,,,,,,5,4,,3,,,,,,1,,,,4,4,,,,,,,,,,,,4,,,,,,2,,,,2,,,,,2,2,,,,,,,,,,,,,,,,,,,,,,4,,,,,,,,,,,,10,,,,,,,,,,,,,,,,,,,,,,,,,,,,,,,,,,,,,,,,,,,,,,,,,,,,,,,,,,,,,,,,,4,,,,,,,,,,,,,,,,,,,,,,,4,,,,,,,,,,,,,,,,,,,,,,,4,,,9,,1,,,,,,,,,,,,,,,,,,,2,,,,,,,,,,,,,,,,,,8,,,,,,,,,,,1,,,,,,,,,,,,,,,,,12,,,,,,,,,,,,,,,,,,2,,,,,,,,,,,,,,,,,,,,,,,,,,,,,,13,,,,,,,,,,,,,,,,,,,,,,,,,,,,1,,,,,,,,,,4,,,,,,,,4,,,,,1,,,,,,,,,,,,,1,,,,1,,,,,4,,,4,,,,,,,,4,,,,,,,,,,,4,,,,,4,,,,,,,,,,,,4,,,,1,,,,,,,4,,,,,,,,,,,,,,,,,,,,,,,,,,1,14,,1,,,,,,,,,1,,,,,,,,,4,12,,,,1,,,,1,,,,,,,,,,,,,,,,,,,,,,,,,,,,,,,,,,,,,,,,,4,,,1,,,,,,,,,,4,,2,,,,,,,,,,,,,,,,,,,,,1,,,,,,,,,,,,,,,,,,,,,,,29,,,,,,,,,4,,,,,,,,,,,,,,,,,,,,,,1,,,,,,,,,,,,,4,,,,,,,,,,,2,,,1,,4,,,,,,,,,,,1,,,,22,,,,,,,,,,,,,,,,,,,,,,,,,,,,1,,,,4,,,,,,,,,,,,,,,,,1,8,,,4,,,,,,,,,,,,,,,,,,,,,,,,,,,,,,,,,,4,,,,,,1,,,,4,,,
CoilWaterDesuperheating.idf,,,,,,,,,,,,,,,,,5,,,,,,,,,3,,,,,,,,,,,,,,,,,,,,2,,,,,,,,,,,,,,,,1,,,,,,,,,,1,,,,,1,,3,,,,,,1,,,,,,,,,,,,,,,,,3,,,,,1,,,,,1,,,,,,2,,,,,,,,,,,,,,,,,,,,,,,,,,,,,,,,,,12,,,,,,,,,,,,,,,,,,,,,,,,,,,1,,,,,,,,,,,,,,,,,,,,,,,,,,,,,,,,,,,,,,,,,,,,,,,,,,,,,,,,,,,,,1,,,,,,,,,,,,,,1,,,,,,,,,,,,43,,,,,,,,,,,,,,,,,,,,,3,,,,,,,,,,,,,,,,,,5,,,,,,,,,,,1,,,,,,,,,,,,,,,,,16,,,,,,,,,,,,,,,,,,,,,,,,,,,,,,,,,,,,,,,,,,,,,,,,3,,,,,,,,,,,,,,,,,,,,,,,,,,,,,,,,,,,,,,,,,,,,,,3,,,,,1,,,,,,,,,,,,,1,,,,,,,,,,,,3,,,,,,,1,3,,,,,,,1,,,,1,,,,,2,,,,,,,,,,,,3,,,,1,,,,,,,1,,,,,,,,,,,,,,,,,,,,,,,,,,1,,,1,,,,,,,,,1,,,,,,,,,,1,,,,1,,,,1,,,,,,,,,,,,,,,,,,,,,,,,,,,,,,,,,,,,,,,,,,,,,,,,,,,,,,1,,,,,,,,,,,,,,,,,1,,,,,,1,,,,,,,,,,,,,,,,,,,,,,,20,,,,,,,,,,,,,,,,,,,,,,,,,,,,,,,,,,,,,,,,,,,,3,,,,,,,,,,,,,,1,,1,,,,,,,,,,,1,,,,,,,,,,,,,,,,1,,1,,,,,,,,,,,,,,1,,,,1,,,,,,,,,,,,,,,,,1,9,,,,,,,,,,,,,,,,,,,,,,,,,,,,,,,,,,,,,1,,,,,,1,,,,1,,,
CoilWaterDesuperheatingUnitary.idf,,,,,,,,,,,,,,,,,5,,,,,,,,,3,,,,,,,,,,,,,,,,,,,,2,,,,,,,,,,,,,,,,1,,,,,,,,,,,,,,,1,,3,,,,,,1,,,,,,,,,,,,,,,,,3,,,,,1,,,,,1,,,,,,2,,,,,,,,,,,,,,,,,,,,,,,,,,,,,,,,,,12,,,,,,,,,,,,,,,,,,,,,,,,,,,1,,,,,,,,,,,,,,,,,,,,,,,,,,,,,,,,,,,,,,,,,,,,,,,,,,,,,,,,,,,,,1,,,,,,,,,,,,,,1,,,,,,,,,,,,43,,,,,,,,,,,,,,,,,,,,,3,,,,,,,,,,,,,,,,,,5,,,,,,,,,,,1,,,,,1,,,,,,,,,,,,16,,,,,,,,,,,,,,,,,,,,,,,,,,,,,,,,,,,,,,,,,,,,,,,,3,,,,,,,,,,,,,,,,,,,,,,,,,,,,,,,,,,,,,,,,,,,,,,3,,,,,1,,,,,,,,,,,,,1,,,,,,,,,,,,3,,,,,,,1,3,,,,,,,1,,,,1,,,,,2,,,,,,,,,,,,3,,,,1,,,,,,,1,,,,,,,,,,,,,,,,,,,,,,,,,,1,,,1,,,,,,,,,1,,,,,,,,,,1,,,,1,,,,1,,,,,,,,,,,,,,,,,,,,,,,,,,,,,,,,,,,,,,,,,,,,,,,,,,,,,,1,,,,,,,,,,,,,,,,,1,,,,,,1,,,,,,,,,,,,,,,,,,,,,,,20,,,,,,,,,,,,,,,,,,,,,,,,,,,,,,,,,,,,,,,,,,,,3,,,,,,,,,,,,,,1,,1,,,,,,,,,,,1,,,,,,,,,,,,,,,,1,,1,,,,,,,,,,,,,,1,,,,1,,,,,,,,,,,,,,,,,1,9,,,,,,,,,,,,,,,,,,,,,,,,,,,,,,,,,,,,,1,,,,,,1,,,,1,,,
CoilWaterDesuperheatingUnitaryCoilDX.idf,,,,,,,,,,,,,,,,,5,,,,,,,,,3,,,,,,,,,,,,,,,,,,,,2,,,,,,,,,,,,,,,1,1,,,,,,,,,,,,,,,1,,3,,,,,,1,,,,,,,,,,,,,,,,,3,,,,,1,,,,,1,,,,,,2,,,,,,,,,,,,,,,,,,,,,,,,,,,,,,,,,,12,,,,,,,,,,,,,,,,,,,,,,,,,,,1,,,,,,,,,,,,,,,,,,,,,,,,,,,,,,,,,,,,,,,,1,,,,,1,,,,,,,,,,,,,,,,1,,,,,,,,,,,,,,1,,,,,,,,,,,,43,,,,,,,,,,,,,,,,,,,,,3,,,,,,,,,,,,,,,,,,5,,,,,,,,,,,1,,,,,1,,,,,,,,,,,,16,,,,,,,,,,,,,,,,,,,,,,,,,,,,,,,,,,,,,,,,,,,,,,,,3,,,,,,,,,,,,,,,,,,,,,,,,,,,,,,,,,,,,,,,,,,,,,,3,,,,,1,,,,,,,,,,,,,1,,,,,,,,,,,,3,,,,,,,1,3,,,,,,,1,,,,1,,,,,2,,,,,,,,,,,,3,,,,1,,,,,,,1,,,,,,,,,,,,,,,,,,,,,,,,,,1,,,1,,,,,,,,,1,,,,,,,,,,1,,,,1,,,,1,,,,,,,,,,,,,,,,,,,,,,,,2,,,,,,,,,,,,,,,,,,,,,,,,,,,,,,1,,,,,,,,,,,,,,,,,1,,,,,,1,,,,,,,,,,,,,,,,,,,,,,,20,,,,,,,,,,,,,,,,,,,,,,,,,,,,,,,,,,,,,,,,,,,,3,,,,,,,,,,,,,,1,,1,,,,,,,,,,,1,,,,,,,,,,,,,,,,1,,1,,,,,,,,,,,,,,1,,,,,,,,,,,,,,,,,,,,,1,9,,,,,,,,,,,,,,,,,,,,,,1,,,,,,,,,,,,,,,1,,,,,,1,,,,1,,,
CommonPipe_Pri-Sec.idf,,,,,,,3,,,,,,5,,,,6,,,,,,,,,6,,,,,1,,,,,,4,1,,,,,,,,1,,,,,,,,,,,,,,,,30,,,,,,,,,,,,,,5,,1,6,,1,,,,1,,,,,1,,,,,,,,,,,,5,,,,,,2,,,,4,,,,,,2,,,,,,1,,,,,,,,,,,,,,,,5,,,,,,1,,,,,,14,,,,,,,,,,,,,,,,,,,,,,,,,,,,,,,,,,,,,,,,,,,,,,,,,,,,,,,,,,,,,,,,,1,,,,,,,,,,,,2,,,,,,,,,,,1,1,,,,,,,,,,,,,2,,,,,,,,,,,2,17,,1,,,,,,,,,,,,,,,,,,,,,,1,,,,,,,,,,,,,,,7,,,,,,1,,,,,1,,,,,,,,,,,,,,,,,20,,,,,,,,,,,,,,,,,,,,,,,,,14,1,,,,,,,,,,,,,,,,,,,,,,10,,,,,,6,,,,,,,,,,,,,,,,,,,,,,,,,,,,,,,,2,,,,,,,,5,,,,,1,,,,,,,,,,,,,1,1,,,,,,,,,,1,5,,,,,,,,,,,,,,,,,,,,,,,,5,,,1,,,,,,,,,5,,,,1,,,,,,,1,,,,,2,,,,,,,,,,,,,,,,,,,,,1,,,1,,,,,,,,,1,,,3,,,,,,5,6,,,,1,,,,1,,,,,,,,,,,,,,,,,,,,,2,,,,,,,,,,,,,,,,,,,,1,,,,,,,,,,,,,7,,3,,,2,,,,,,,,,6,,,2,,,,,,1,,,,,,,,,,,,,,,,,,,,,,,40,,,,,,,,,1,,,,,,6,1,,,,,,,,,,6,,,,,1,,,,,,,,,,,,,5,,,,,,,,,,,,,,1,,5,,,,,,,,,,,1,,,,,2,4,,,,,,,,,,,,,,,,,,,,,,,,,,1,,,,,,,,,,,,,,,,,,,,,1,10,,,1,,,,,,,,,,,,,,,,1,,,,,,,,,,,,,,,,,,1,,,,,,1,,,,1,,,
CompSetPtControl.idf,,,,,,,,,,,,,,,,,5,,,,,,,,,3,,,,,1,,,,,,,1,,,,,,,,2,,1,,,,,,,,,,,,,,29,,,,,,,,,,,,,,,,,,,,,,,1,,,,1,,,,,,,,,,,,,3,,,,,,,,,,1,,,,,,2,,,,,,,,,,,,,,,,,,,,,,,,,,,,,,,,,,10,,,,,1,,,,,,,,,,,,,,,,,,,,,,,,,,,,,,,,,,,,,,,,,,,,,,,,,,,,,,,,,,,,,,,,,,,,,,,,,,,,,,,,,,,1,,,,,,,,,,,,,,1,,,,,,,,,,,2,12,,,,,,,,,,,,,,,,,,,,,,,,1,,,,,,,,,,,,,,,5,,,,,,,,,,,1,,,,,,,,,,,,,,,,,18,,,,,,,,,,,,,,,,,,,,,,,,,15,1,,,,,,,,,,,,,,,,,,,,,,5,,,,,,6,,,,,,,,,,,,,,,,,,,,,,,,,,,,,,,,1,,,,,,,,3,,,,,,,,,,,,,,,,,,1,,,,,,,,,,,1,3,,,,,,,,,,,,,,,,,,,1,,,,,2,,,,,,,,,,,,3,,,,1,,,,,,,1,,,,,1,,,,,,,,,,,,,,,,,,,,,1,,,1,,,,,,,,,1,,,2,,,,,,,1,,,,1,,3,,1,,,,,,,,,,,,,,,1,,,,,,1,,,,,,,,,,,,,,,,,,,,,,,,,,,,,,,,,7,,,,,1,,,,,,,,,6,,,1,,,,,,1,,,,,,,,,,,,,,,,,,,,,,,20,,,,,,,,,,,,,,,3,1,,,,,,,,,,6,,,,,,,,,,,,,,,,,,3,,,,,,,,,,,,,,1,,3,,,,,,,,,,,1,,,,,2,5,,,,,,,,,,,,,,,,,,,,,,,,,,1,,,,,,,,1,,,,,,,,,,,,,1,9,,,,,,,,,,,,,,,,,,,1,,,,,2,,,,,,,,,,,,,1,,,,,,1,,,,1,,,
CondFD1ZonePurchAirAutoSizeWithPCM.idf,,,,,,,,,,,,,,,,,5,,,,,,,,,1,,,,,,,,,,,,,,,,,,,,2,,,,,,,,,,,,,,,,,,,,,,,,,,,,,,,,,,,,,,,1,,,,,,,,,,,,,,,,,1,,,,,,,,,,1,,,,,,2,,,,,,1,,,,,,,,,,,,,,,,1,,,,,,,,,,,,4,,,,,,,,,,,,,,,,,,,,,,,,,,,,,,,,,,,,,,,,,,,,,,,,,,,,,,,,,,,,,,,,,,,,,,,,,,,,,,,,,,,,,,,,,,,,,,,,,,,,,,1,,,,,,,,,,,,56,,,,,,,,,,,,,,,,,,,,,,,,,,,,,1,,,,,,,,,,5,,,,,,,,,,,1,,,,,,,,,,,,,,,,,11,,,,,,,,,,,,,,,,,,,,,,,,,,,,,1,,,,,,,,,,,,,,,,,,,1,,,,,,,,,,,,,,,,,,,,,,,,,,,,1,,,,,,,,,,,,,,,,,,1,,,,,1,,,,,,,,,,,,,1,,,,,,,,,,,,,,,,,,,1,,,,,,,,,,,,,,,,,,,,,,,,,,,,,1,,,,1,,,,,,,,,,,,,,,,,,,,,,,,,,,,,,,,,1,,,1,,,,,,,,,,,,,,,,,,1,1,,,,,,,,1,,,,,,,,,,,,,,,,,,,,,,,,,,,1,,,,,,,,,,,,,,,,,,,,,,,,,,,,,,,,,,,,,,,,,,,,1,,,,,,1,,,,,,,,,,,,,,,,,,,,,,,6,,,,,,,,,,,,,,,,,,,,,,,,,,,,,,,,,,,,,,,,,,,,1,,,,,,,,,,,,,,1,,1,,,,,,,,,,,1,,,,,,,,,,,,,,,,,,,,,,,,,,,,,,,,1,,,,,,,,,,,,,,,,,,,,,1,9,,,,,,,,,,,,,,,,,,,,,,,,,,,,,,,,,,,,,,,,,,,1,,,,,,,
ConstSpeedBranchPumpExercise.idf,,,,,,,,,,,,,,,,,6,,,,,,,,,,,,,,,,,,,,,,,,,,,,,1,,,,,,,,,,,,,,,,5,,,,,,,,,,,,,,,,,,,2,,,,,,,,,,,,,,,,,,,,,,,,,,,,,,,,,,,,,1,,,,,,,,,,,,,,,,,,,,,,,,,,,,,,,,,,,,,,,,,,,,,,,,,,,,,,,,,,,,,,,,,,,,,,,,,,,,,,,,,,,,,,,,,,,,,,,,,,,,,,,,,,,,,,,,,,,,,,,,,,,,,,,,,,,,,,,,,,,,,,,,,,,1,13,,,,,,,,,,1,,,,,,,,,,2,,,,,,,,,,,,,,,,,,,,,,,,,,,,,,,,,,,,,,,,,,,,,,,2,,,,,,,,,,,,,,,,,,,,,,,,,2,,,,,,,,,,,,,,,,,,,,,,,,,,,,,1,,,,,,,,,,,,,,,,,,,,,,,,,,,,,,,,,,,,,,,,,,,,,,,,,,,,,,,,,,1,,,,,,,,,,,,,,,,,,,,,,,,,,,,,,,,,,,,,,,,,,,,,,,,,,,,1,,,1,,,,,,,,,1,,,,,,,,,,,,,,,,,,,,,1,,,1,,,,,,,,,,,,,,,,,,,,,,,,,,,,,,,,,,,,,,,,,,,,,,,,,,,,,,,,,,,,,,,,,,,,,,,,,,,,,,,,,2,,,,,,,,,,,,,,1,,,,,,,,,,,,,,,,,,,,,,,,,,,,,,,,,,,,,,,,,,,,,,,,1,,,,,,,,,,1,,,,,,,,,,,,,,,,,,,,,,,,,,,,,,,,1,,,,,,,,,,,,,1,,,,,1,1,,,,,,,,,,,,,,,,,,,,,,,,,,,,,,,,,,,,,,,,,,,,,,,,,,,,,,,,,,,,,,,,,,,3,,,,,,,,,,,,,,,,,,,,,,,,,,,,,,,
Convection.idf,,,,,,,,,,,,1,,,,,5,,,,,,,,,3,,,,,1,,,,,,,1,,,,,,,,1,,1,,,,,,,,,,,,,,30,,,,,,,,,,,,,,,,,,,,,,,1,,,,1,,,,,,,,,,,,,3,,,,,,,,,,1,,,,,,2,,,,,,,,,,,,,,,,,,,,,,,,,,,,,,,,,,10,,,,,,,,,,,,,,,,,,,,,,,,,,,,,,,,,,,,,,,,,,,,,,,,,,,,,,,,,,,,,,,,,,,,,,,,,,,,,,,,,,,,,,,,1,,,,,,,,,,,,,,1,,,,,,,,,,,2,22,,,,,,,,,,,,,,,,,,,,,,,,1,,,,,,,,,,,,,,,5,,,,,,,,,,,1,,,,,,,,,,,,,,,,,18,,,,,,,,,,,,,,,,,,,,,,,,,15,1,,,,,,,,,,,,,,,,,,,,,,6,,,,,,6,,,,,,,,,,,,,,,,,,,,,,,,,,,,,,,,1,,,,,,,,3,,,,,1,,,,,,,,,,,,,1,,,,,,,,,,,1,3,,,,,,,,,,,,,1,,,,,,1,,,,,2,,,,,,,,,,,,3,,,,1,,,,,,,1,,,,,5,,,,,,,,,,,,,,,,,,,,,1,,,1,,,,,,,,,1,,,3,,,,,,,1,,,,1,,3,,1,,,,,,,,,,,,,,,1,,,,,,3,,,,,,,,,,,,,,,,,,,,,,,,,,,,,,,,,7,,,,,1,,,,,,,,,6,,,1,,,,,,1,,,,,,,,,,,,,,,,,,,,,,,20,,,,,,,,,,,,,,,3,1,,,,,,,,,,6,,,,,,,,,,,,,,,,,,3,,,,,,,,,,,,,,1,,3,,,,,,,,,,,1,,,,,2,5,,,,,,,,,,,,,,,,,,,,,,,,,,1,,,,,,,,,,,,,,,,,,,,,1,9,,,,,,,,,,,,,,,,,,,,,,,,1,,,,,,,,,,,,,1,,,,,,,,,,1,,,
ConvectionAdaptiveSmallOffice.idf,,,,,,,1,1,,,,,,,,,7,,,,,,,,,6,,,1,,,,,,,,2,,,1,,,,,,2,,,,,,,,,,,,,,,,13,5,,,,,,,,,,,,,5,5,,3,,,,1,,1,18,,,5,5,,,,,,,,,,,,5,,1,,,,,,,,,,,,2,,2,,,,,,1,,,,,,,,,,,,,,,,5,,,,,,,,,,1,,,,,,1,1,,,,,,,,,,,2,,,,,,,,,,,1,1,,,,,,,,,,,,,,,,,,,,,,,,,,,,,,,,,,,1,,5,,,,,,,,,,,,,,,,,,,,,,,5,5,,,,,,,,,,,,,,,,,,,,,,5,,1,30,,5,,,,,,,,,,,,,,,,,,,2,,,,,,,,,,,,,,,,,,7,,1,,,,,,5,,,1,,,,,,,,,,,,,,,,,22,,,,,,,,,,,,,,,,,,,,,,,,,5,,,,,,,,,,,,,,,,,,,,,,,10,,,,,,2,,,,,,,,,,,,,,,,,,,,,,1,,,,,,,,,,5,,,,,,,,5,,,,,1,,,,,,,,,,,,,1,,,,,,,,,5,,,5,,,,,,,1,5,,,,,,,,,,,5,1,2,,,5,,,1,,,,,,,,,5,,,,1,,,1,,,,5,,,,,1,,,,,,,,,,,,,,,,,,,,,1,4,,1,,,,,,,,,5,,,,,,,,,5,21,,,,,,,,1,,,,,,10,,,,,,,,,,,,,,,,,,5,,,,,3,,,,,,,,,,,,5,,,,,,,,,,,,,7,,,,,,,,,,,,,,2,,,,,,,,,1,,,,,,,,,,,,,,,,,,,,,,,43,,,,,,,,,5,,,,,,,1,,,,,,,,,,2,,,,,5,,,1,,,,,,,,,,5,,,,,,,,,,,,,,1,,5,,,,,,,,,,,1,,3,,,1,1,,,,,,,,,,,,1,,,,,,,,,,,,,,1,,,,5,,,,,,,,,,,,,1,,,,1,14,,,15,,,,,,,,,,,,,,,,1,,,,,,,,,,,,,,,,1,,5,,,,,,1,,,,5,,,
CoolingCoilFreezingPrevention.idf,,,,,,,,,,,,,,,,,5,,,,,,,,,3,,,,,,,,,,,,,,,,,,,,1,,,,,,,,,,,,,,,,1,,,,,,,,,,,,,,,1,,4,,,,,,1,,,,,1,,,,,,,,,,,,3,,,,,1,,,,,1,,,1,,,2,,,,,,,,,,,,,,,,,,,,,,3,,,,,,,,,,,,12,,,,,,,,,,,,,,,,,,,,,,,,,,,,,,,,,,,,,,,,,,,,,,,,,,,,,,,,,,,,,,,,,1,,,,,,,,,,,,,,,,,,,,,,,1,1,,,,,,,,,,,,,1,,,,,,,,,,,,33,,1,,,,,,,,,,,,,,,,,,,2,,,,,,,,,,,,,,,,,,5,,,,,,,,,,,1,,,,,1,,,,,,,,,,,,15,,,,,,,,,,,,,,,,,,,,,,,,,,,,,,,,,,,,,,,,,,,,,,,,7,,,,,,,,,,,,,,,,,,,,,,,,,,,,,,,,,,,,,,1,,,,,,,,3,,,,,1,,,,,,,,,,,,,1,,,,,,,,,,,,3,,,,,,,1,3,,,,,,,,,,,1,,,,,2,,,,,,,,,,,,3,,,,1,,,,,,,1,,,,,,,,,,,,,,,,,,,,,,,,,,1,,,1,,,,,,,,,2,,,,,,,,,3,1,,,,2,,,,1,,,,,,,,,,,,,,,,,,,,,,,,,,,,,,,,,,,,,,,,,1,,,,,,,,,,,,,1,,,,,,,,,,,,,,,,,1,,,,,,1,,,,,,,,,,,,,,,,,,,,,,,20,,,,,,,,,1,,,,,,,,,,,,,,,,,,,,,,,,,,,,,,,,,,,3,,,,,,,,,,1,,,,1,,3,,,,,,,,,,,1,,,,,,,,,,,,,,,,,,,,,,,,,,,,,,,,1,3,,,1,,,,,,,,,,,,,,,,,1,9,,,1,,,,,,,,,,,,,,,,,,,,,,,,,,,,,,,,,,1,,,,,,1,,,,1,,,
CoolingTower.idf,,,,,,,,,,,,1,,,,,5,,,,,,,,,3,,,,,1,,,,,,,2,,,,,,,,2,,1,,,,,,,,,,,,,,30,,,,,,,,,,,,,,,,,,,,,,,1,,,,1,,,,,,,,,,,,,3,,,,,,,,,,1,,,,,,2,,,,,,,,,,,,,,,,,,,,,,,,,,,,,,,,,,10,,,,,,,,,,,,,,,,,,,,,,,,,,,,,,,,,,,,,,,,,,,,,,,,,,,,,,,,,,,,,,,,,,,,,,,,,,,,,,,,,,,,,,,,1,,,,,,,,,,,,,,1,,,,,,,,,,,2,24,,,,,,,,,,,,,,,,,,,,,,,,1,,,,,,,,,,,,,,,5,,,,,,,,,,,1,,,,,,,,,,,,,,,,,18,,,,,,,,,,,,,,,,,,,,,,,,,15,1,,,,,,,,,,,,,,,,,,,,,,6,,,,,,6,,,,,,,,,,,,,,,,,,,,,,,,,,,,,,,,1,,,,,,,,3,,,,,,,,,,,,,,,,,,1,,,,,,,,,,,1,3,,,,,,,,,,,,,1,,,,,,1,,,,,2,,,,,,,,,,,,3,,,,1,,,,,,,1,,,,,6,,,,,,,,,,,,,,,,,,,,,1,,,1,,,,,,,,,1,,,3,,,,,,,1,,,,1,,3,,1,,,,,,,,,,,,,,,1,,,,,,3,,,,,,,,,,,,,,,,,,,,,,,,,,,,,,,,,7,,,,,1,,,,,,,,,6,,,1,,,,,,1,,,,,,,,,,,,,,,,,,,,,,,20,,,,,,,,,,,,,,,3,1,,,,,,,,,,6,,,,,,,,,,1,,,,,,,,3,,,,,,,,,,,,,,1,,3,,,,,,,,,,,1,,,,,2,5,,,,,,,,,,,,,,,,,,,,,,,,,,1,,,,,,,,,,,,,,,,,,,,,1,9,,,,,,,,,,,,,,,,,,,,,,,,1,,,,,,,,,,,,,1,,,,,,1,,,,1,,,
CoolingTowerDryBulbRangeOp.idf,,,,,,,3,,,,,,5,,,,6,,,,,,,,,6,,,,,1,,,,,,4,2,,,,,,,,2,,,,,,,,,,,,,,,,31,,,,,,,,,,,,,,5,,1,6,,1,,,,1,,,,,1,,,,,,,,,,,,5,,,,,,2,,,,4,,,,,,2,,,,,,1,,,,,,,,,,,,,,,,5,,,,,,1,,,,,,14,,,,,,,,,,,,,,,,,,,,,,,,,,,,,,,,,,,,,,,,,,,,,,,,,,,,,,,,,,,,,,,,,1,,,,,,,,,,,,2,,,,,,,,,,,1,1,,,,,,,,,,,,,2,,,,,,,,,,,2,20,,1,,,,,,,,,,,,,,,,,,,,,,1,,,,,,,,,,,,,,,7,,,,,,1,,,,,1,,,,,,,,,,,,,,,,,20,,,,,,,,,,,,,,,,,,,,,,,,,15,2,,,,,,,,,,,,,,,,,,,,,,10,,,,,,6,,,,,,,,,,,,,,,,,,,,,,,,,,,,,,,,2,,,,,,,,5,,,,,1,,,,,,,,,,,,,1,1,,,,,,,,,,1,5,,,,,,,,,,,,,,,,,,,,,,,,5,,,1,,,,,,,,,5,,,,1,,,,,,,1,,,,,2,,,,,,,,,,,,,,,,,,,,,1,,,1,,,,,,,,,1,,,3,,,,,,5,6,,,,1,,,,1,,,,,,,,,,,,,,,,,,,,,1,,,,,,,,,,,,,,,,,,,,1,,,,,,,,,,,,,7,,3,,,2,,,,,,,,,6,,,2,,,,,,1,,,,,,,,,,,,,,,,,,,,,,,40,,,,,,,,,1,,,,,,6,1,,,,,,,,,,6,,,,,1,,,,,,,,,,,,,5,,,,,,,,,,,,,,1,,5,,,,,,,,,,,1,,,,,2,5,,,,,,,,,,,,,,,,,,,,,,,,,,1,,,,,,,,,,,,,,,,,,,1,,1,10,,,1,,,,,,,,,,,,,,,,,,,,,,,,,,,,,,,,,,1,,,,,,1,,,,1,,,
CoolingTowerNomCap.idf,,,,,,,,,,,,1,,,,,5,,,,,,,,,3,,,,,1,,,,,,,2,,,,,,,,2,,1,,,,,,,,,,,,,,30,,,,,,,,,,,,,,,,,,,,,,,1,,,,1,,,,,,,,,,,,,3,,,,,,,,,,1,,,,,,2,,,,,,,,,,,,,,,,,,,,,,,,,,,,,,,,,,10,,,,,,,,,,,,,,,,,,,,,,,,,,,,,,,,,,,,,,,,,,,,,,,,,,,,,,,,,,,,,,,,,,,,,,,,,,,,,,,,,,,,,,,,1,,,,,,,,,,,,,,1,,,,,,,,,,,2,24,,,,,,,,,,,,,,,,,,,,,,,,1,,,,,,,,,,,,,,,5,,,,,,,,,,,1,,,,,,,,,,,,,,,,,18,,,,,,,,,,,,,,,,,,,,,,,,,15,1,,,,,,,,,,,,,,,,,,,,,,6,,,,,,6,,,,,,,,,,,,,,,,,,,,,,,,,,,,,,,,1,,,,,,,,3,,,,,,,,,,,,,,,,,,1,,,,,,,,,,,1,3,,,,,,,,,,,,,1,,,,,,1,,,,,2,,,,,,,,,,,,3,,,,1,,,,,,,1,,,,,6,,,,,,,,,,,,,,,,,,,,,1,,,1,,,,,,,,,1,,,3,,,,,,,1,,,,1,,3,,1,,,,,,,,,,,,,,,1,,,,,,3,,,,,,,,,,,,,,,,,,,,,,,,,,,,,,,,,7,,,,,1,,,,,,,,,6,,,1,,,,,,1,,,,,,,,,,,,,,,,,,,,,,,20,,,,,,,,,,,,,,,3,1,,,,,,,,,,6,,,,,,,,,,,,,,,,,,3,,,,,,,,,,,,,,1,,3,,,,,,,,,,,1,,,,,2,5,,,,,,,,,,,,,,,,,,,,,,,,,,1,,,,,,,,,,,,,,,,,,,,,1,9,,,,,,,,,,,,,,,,,,,,,,,,1,,,,,,,,,,,,,1,,,,,,1,,,,1,,,
CoolingTowerRHRangeOp.idf,,,,,,,3,,,,,,5,,,,6,,,,,,,,,6,,,,,1,,,,,,4,2,,,,,,,,2,,,,,,,,,,,,,,,,31,,,,,,,,,,,,,,5,,1,6,,1,,,,1,,,,,1,,,,,,,,,,,,5,,,,,,2,,,,4,,,,,,2,,,,,,1,,,,,,,,,,,,,,,,5,,,,,,1,,,,,,14,,,,,,,,,,,,,,,,,,,,,,,,,,,,,,,,1,,,,,,,,,,,,,,,,,,,,,,,,,,,,,,,,,1,,,,,,,,,,,,2,,,,,,,,,,,1,1,,,,,,,,,,,,,2,,,,,,,,,,,2,20,,1,,,,,,,,,,,,,,,,,,,,,,1,,,,,,,,,,,,,,,7,,,,,,1,,,,,1,,,,,,,,,,,,,,,,,20,,,,,,,,,,,,,,,,,,,,,,,,,15,2,,,,,,,,,,,,,,,,,,,,,,10,,,,,,6,,,,,,,,,,,,,,,,,,,,,,,,,,,,,,,,2,,,,,,,,5,,,,,1,,,,,,,,,,,,,1,1,,,,,,,,,,1,5,,,,,,,,,,,,,,,,,,,,,,,,5,,,1,,,,,,,,,5,,,,1,,,,,,,1,,,,,2,,,,,,,,,,,,,,,,,,,,,1,,,1,,,,,,,,,1,,,3,,,,,,5,6,,,,1,,,,1,,,,,,,,,,,,,,,,,,,,,1,,,,,,,,,,,,,,,,,,,,1,,,,,,,,,,,,,7,,3,,,2,,,,,,,,,6,,,2,,,,,,1,,,,,,,,,,,,,,,,,,,,,,,40,,,,,,,,,1,,,,,,6,1,,,,,,,,,,6,,,,,1,,,,,,,,,,,,,5,,,,,,,,,,,,,,1,,5,,,,,,,,,,,1,,,,,2,5,,,,,,,,,,,,,,,,,,,,,,,,,,1,,,,,,,,,,,,,,,,,,,,,1,10,,,1,,,,,,,,,,,,,,,,,,,,,,,,,,,,,,,,,,1,,,,,,1,,,,1,,,
CoolingTowerWetBulbRangeOp.idf,,,,,,,3,,,,,,5,,,,6,,,,,,,,,6,,,,,1,,,,,,4,2,,,,,,,,2,,,,,,,,,,,,,,,,31,,,,,,,,,,,,,,5,,1,6,,1,,,,1,,,,,1,,,,,,,,,,,,5,,,,,,2,,,,4,,,,,,2,,,,,,1,,,,,,,,,,,,,,,,5,,,,,,1,,,,,,14,,,,,,,,,,,,,,,,,,,,,,,,,,,,,,,,,,,,,,,,,,,,,,,,,,,,,,,,,,,,,,,,,1,,,,,,,,,,,,2,,,,,,,,,,,1,1,,,,,,,,,,,,,2,,,,,,,,,,,2,20,,1,,,,,,,,,,,,,,,,,,,,,,1,,,,,,,,,,,,,,,7,,,,,,1,,,,,1,,,,,,,,,,,,,,,,,20,,,,,,,,,,,,,,,,,,,,,,,,,15,2,,,,,,,,,,,,,,,,,,,,,,10,,,,,,6,,,,,,,,,,,,,,,,,,,,,,,,,,,,,,,,2,,,,,,,,5,,,,,1,,,,,,,,,,,,,1,1,,,,,,,,,,1,5,,,,,,,,,,,,,,,,,,,,,,,,5,,,1,,,,,,,,,5,,,,1,,,,,,,1,,,,,2,,,,,,,,,,,,,,,,,,,,,1,,,1,,,,,,,,,1,,,3,,,,,,5,6,,,,1,,,,1,,,,,,,,,,,,,,,,,,,,,1,,,,,,,,,,,,,,,,,,,,1,,,,,,,,,,,,,7,,3,,,2,,,,,,,,,6,,,2,,,,,,1,,,,,,,,,,,,,,,,,,,,,,,40,,,,,,,,,1,,,,,,6,1,,,,,,,,,,6,,,1,,1,,,,,,,,,,,,,5,,,,,,,,,,,,,,1,,5,,,,,,,,,,,1,,,,,2,5,,,,,,,,,,,,,,,,,,,,,,,,,,1,,,,,,,,,,,,,,,,,,,,,1,10,,,1,,,,,,,,,,,,,,,,,,,,,,,,,,,,,,,,,,1,,,,,,1,,,,1,,,
CoolingTowerWithDBDeltaTempOp.idf,,,,,,,3,,,,,,5,,,,6,,,,,,,,,6,,,,,1,,,,,,4,2,,,,,,,,2,,,,,,,,,,,,,,,,31,,,,,,,,,,,,,,5,,1,5,,1,,,,1,,,,,1,,,,,,,,,,,,5,,,,,,2,,,,4,,,,,,2,,,,,,1,,,,,,,,,,,,,,,,5,,,,,,1,,,,,,14,,,,,,,,,,,,,,,,,,,,,,,,,,,,,,,,,,,,,,,,,,,,,,,,,,,,,,,,,,,,,,,,,1,,,,,,,,,,,,2,,,,,,,,,,,1,1,,,,,,,,,,,,,2,,,,,,,,,,,2,20,,1,,,,,,,,,,,,,,,,,,,,,,1,,,,,,,,,,,,,,,7,,,,,,,,,,,1,,,,,,,,,,,,,,,,,20,,,,,,,,,,,,,,,,,,,,,,,,,15,2,,,,,,,,,,,,,,,,,,,,,,10,,,,,,6,,,,,,,,,,,,,,,,,,,,,,,,,,,,,,,,2,,,,,,,,5,,,,,1,,,,,,,,,,,,,1,1,,,,,,,,,,1,5,,,,,,,,,,,,,,,,,,,,,,,,5,,,1,,,,,,,,,5,,,,1,,,,,,,1,,,,,2,,,,,,,,,,,,,,,,,,,,,1,,,1,,,,,,,,,1,,,3,,,,,,5,6,,,,1,,,,1,,,,,,,,,,,,,,,,,,,,,1,,,,,,,,,,,,,,,,,1,,,1,,,,,,,,,,,,,7,,3,,,2,,,,,,,,,6,,,2,,,,,,1,,,,,,,,,,,,,,,,,,,,,,,40,,,,,,,,,1,,,,,,6,1,,,,,,,,,,6,,,,,1,,,,,,,,,,,,,5,,,,,,,,,,,,,,1,,5,,,,,,,,,,,1,,,,,2,5,,,,,,,,,,,,,,,,,,,,,,,,,,1,,,,,,,,,,,,,,,,,,,,,1,10,,,1,,,,,,,,,,,,,,,,,,,,,1,,,,,,,,,,,,,1,,,,,,1,,,,1,,,
CoolingTowerWithWBDeltaTempOp.idf,,,,,,,,,,,,1,,,,,5,,,,,,,,,3,,,,,1,,,,,,,4,,,,,,,,2,,1,,,,,,,,,,,,,,31,,,,,,,,,,,,,,,,,,,,,,,1,,,,1,,,,,,,,,,,,,3,,,,,,,,,,1,,,,,,10,,,,,,,,,,,,,,,,,,,,,,,,,,,,,,,,,,10,,,,,,,,,,,,,,,,,,,,,,,,,,,,,,,,,,,,,,,,,,,,,,,,,,,,,,,,,,,,,,,,,,,,,,,,,,,,,,,,,,,,,,,,1,,,,,,,,,,,,,,1,,,,,,,,,,,2,24,,,,,,,,,,,,,,,,,,,,,,,,1,,,,,,,,,,,,,,,5,,,,,,,,,,,1,,,,,,,,,1,,,,,,,,18,,,,,,,,,,,,,,,,,,,,,,,,,15,2,,,,,,,,,,,,,,,,,,,,,,6,,,,,,6,,,,,,,,,,,,,,,,,,,,,,,,,,,,,,,,1,,,,,,,,3,,,,,,,,,,,,,,,,,,1,,,,,,,,,,,1,3,,,,,,,,,,,,,1,,,,,,1,,,,,2,,,,,,,,,,,,3,,,,1,,,,,,,1,,,,,6,,,,,,,,,,,,,,,,,,,,,1,,,1,,,,,,,,,1,,,3,,,,,,,1,,,,1,,3,,1,,,,,,,,,,,,,,,1,,,,,,2,,,,,,,,,,,,,,,,,,,,,,,,,,,,,,,,,7,,,,,1,,,,,,,,,6,,,1,,,,,,1,,,,,,,,,,,,,,,,,,,,,,,20,,,,,,,,,,,,,,,3,1,,,,,,,,,,6,,,,,,,,,,,,,,,,,,3,,,,,,,,,,,,,,1,,3,,,,,,,,,,,1,,,,,2,5,,,,,,,,,,,,,,,,,,,,,,,,,,1,,,,,,,,,,,,,,,,,,,,,1,9,,,,,,,,,,,,,,,,,,,,,,,,1,,,,,,,,,,,,,1,,,,,,1,,,,1,,,
CoolingTower_FluidBypass.idf,,,,,,,4,,,,,,16,,,,7,,,,,,,,,19,,,1,,1,,,,,,8,1,,,,,,,,1,,,,,,,,,,,,,,,,60,,,,,,,,,,,,,,16,,4,1,,1,,,,1,18,,,,4,,,,,,,,,,,,16,,,,,,,,,,4,,,,,,2,,,,,,1,,,,,,,,,,,,,,,,16,,,,,,3,,,,,,,,,,1,1,,,,,,,,,,,2,,,,,,,,75,,,1,,,,,,,,,,,,,,,,,,,,,,,,,,,,,,,,,,,,1,,4,,,,,,,,,,,,,,,,,,,,,,,4,4,,,,,,,,,,,,,,,,,,,,,,16,,3,25,,4,,,,,,,,,,,,,,,,,,,2,,,1,,,,,,,,,,,,,,,12,,1,,,,,,4,,,1,,,,,,,,,,,,,,,,,35,,,,,,,,,,,,,,,,,,,,,,,,,20,1,,,,,,,,,,,,,,,,,,,,,,20,,,,,,8,,,,,,,,,,,,,,,,,,,,,,,,,,,,,,,,8,,,,,,,,16,,,,,1,,,,,,,,,,,,,1,4,,,,,,,,,,1,16,,,,,,,1,,,,,,,,,,,,4,3,4,,,16,,,1,,,,,,,,,16,,,,1,,,,,,,4,,,,,3,,,,,,,,,,,,,,,,,,,,,1,,,1,,,,,,,,,4,,,3,,,,,,16,12,,,,,,,,1,,,,,,10,,,,,,,,,,,,,,,2,,,1,,,,,3,,,,,,,,,,,,4,,,,,,,,,,1,,,12,,,,,8,,,,,,,,,8,,,,,,,,,1,,,,,,,,,,,,,,,,,,,,,,,130,,,,,,,,,4,,,,,,20,2,,,,,,,,,,8,,,,,16,,,3,,,,,,,,,,16,,,,,,,,,,,,,,1,,16,,,,,,,,,,,1,,3,,,3,9,,,,,,,,,,,,1,,,,,,,,,,,,,,1,,,,,,,,,,,,,,,,,,,,,1,22,,,12,,,,,,,,,,,,,,,,1,,,,,,,,,,,,,,,,,,4,,,,,,1,,,,4,,,
CoolingTower_MerkelVariableSpeed.idf,,,,,,,4,1,,,,,16,,,,7,,,,,,,,,19,,,1,,1,,,,,,2,,,,,,,,,1,,,,,,,,,,,,,,,,63,,,,,,,,,,,,,,15,,4,2,,1,,,,1,18,,,,4,5,,,,,,,,,,,16,,1,,,,,,,,,,,,,,2,,,,,,1,,,,,,,,,,,,,,,,16,,,,,,3,,,,,,,,,,1,1,,,2,,,,,,,,2,,,,,,,,,,,1,,,,,,,,,,,,,,,,,,,,,,,,,,,,,,,,,,,,1,,4,,,,,,,,,,,,,,,,,,,,,,,4,4,,,,,,,,,,,,,,,,,,,,,,16,,3,35,,4,,,,,,,,,,1,,,,,,,,,2,,,1,,,,,,,,,,,,,,,10,,1,,,,,,4,,,1,,,,,,,,,,,,,,,,,26,,,,,,,,,,,,,,,,,,,,,,,,,20,1,,,,,,,2,,,,,,,,,,,,,,,20,,,,1,,8,,,,,,,,,,,,,,,,,,,,,,,3,,,,,,,,,8,,,,,,,,16,,,,,1,,,1,,,,,,,,,,1,4,,,,,,,,,,1,16,,,,,,,1,,,,,,,,,,,,4,3,2,,,16,,,1,,,,,,,,,16,,,,1,,,1,,,,4,,,,,3,,,,,,,,,,,,,,,,,,,,,1,9,1,1,,,,,,,,,4,,,3,,,,,,16,12,,,,,,,,1,,,,,,10,,,,,,,,,,,,,,,2,,,1,,,,,3,,,,,,,,,,,,4,,,,,,,,,,,,,12,,,,,8,,,,,,,,,8,,,,,,,,,1,,,,,,,,,,,,,,,,,,,,,,,130,,,,,,,,,4,,,,,,20,2,,,,,,,,,,8,,,,,16,,,3,,,,,,,,,,16,,,,,,,,,,,,,,1,,16,,,,,,,,,,,1,,3,,,3,10,,,,,,,,,,,,1,,,1,,,,,,,,,,,1,1,,,,,,,,,,,,,,,,1,,,,1,15,,,12,,,,,,,,,,,,,,,,1,,,,,,,,,,,,,,,,,,4,,,,,,1,,,,4,,,
CoolingTower_SingleSpeed_MultiCell.idf,,,,,,,4,,,,,,16,,,,7,,,,,,,,,19,,,1,,1,,,,,,8,1,,,,,,,,1,,,,,,,,,,,,,,,,60,,,,,,,,,,,,,,16,,4,1,,1,,,,1,18,,,,4,,,,,,,,,,,,16,,,,,,,,,,4,,,,,,2,,,,,,1,,,,,,,,,,,,,,,,16,,,,,,3,,,,,,,,,,1,1,,,,,,,,,,,2,,,,,,,,75,,,1,,,,,,,,,,,,,,,,,,,,,,,,,,,,,,,,,,,,1,,4,,,,,,,,,,,,,,,,,,,,,,,4,4,,,,,,,,,,,,,,,,,,,,,,16,,3,27,,4,,,,,,,,,,,,,,,,,,,2,,,1,,,,,,,,,,,,,,,12,,1,,,,,,4,,,1,,,,,,,,,,,,,,,,,35,,,,,,,,,,,,,,,,,,,,,,,,,20,1,,,,,,,,,,,,,,,,,,,,,,20,,,,,,8,,,,,,,,,,,,,,,,,,,,,,,,,,,,,,,,8,,,,,,,,16,,,,,1,,,,,,,,,,,,,1,4,,,,,,,,,,1,16,,,,,,,1,,,,,,,,,,,,4,3,4,,,16,,,1,,,,,,,,,16,,,,1,,,,,,,4,,,,,3,,,,,,,,,,,,,,,,,,,,,1,,,1,,,,,,,,,4,,,3,,,,,,16,12,,,,,,,,1,,,,,,10,,,,,,,,,,,,,,,2,,,1,,,,,3,,,,,,,,,,,,4,,,,,,,,,,1,,,12,,,,,8,,,,,,,,,8,,,,,,,,,1,,,,,,,,,,,,,,,,,,,,,,,130,,,,,,,,,4,,,,,,20,2,,,,,,,,,,8,,,,,16,,,3,,,,,,,,,,16,,,,,,,,,,,,,,1,,16,,,,,,,,,,,1,,3,,,3,9,,,,,,,,,,,,1,,,,,,,,,,,,,,1,,,,,,,,,,,,,,,,,,,,,1,22,,,12,,,,,,,,,,,,,,,,1,,,,,,,,,,,,,,,,,,4,,,,,,1,,,,4,,,
CoolingTower_TwoSpeed.idf,,,,,,,,,,,,1,,,,,5,,,,,,,,,3,,,,,,,,,,,,,,,,,,,,2,,1,,,,,,,,,,,,,,30,,,,,,,,,,,,,,,,,,,,,,,1,,,,1,,,,,,,,,,,,,3,,,,,,,,,,1,,,,,,2,,,,,,,,,,,,,,,,,,,,,,,,,,,,,,,,,,10,,,,,,,,,,,,,,,,,,,,,,,,,,,,,,,,,,,,,,,,,,,,,,,,,,,,,,,,,,,,,,,,,,,,,,,,,,,,,,,,,,,,,,,,1,,,,,,,,,,,,,,1,,,,,,,,,,,2,24,,,,,,,,,,,,,,,,,,,,,,,,1,,,,,,,,,,,,,,,5,,,,,,,,,,,1,,,,,,,,,,,,,,,,,19,,,,,,,,,,,,,,,,,,,,,,,,,15,1,,,,,,,,,,,,,,,,,,,,,,7,,,,,,6,,,,,,,,,,,,,,,,,,,,,,,,,,,,,,,,1,,,,,,,,3,,,,,,,,,,,,,,,,,,1,,,,,,,,,,,1,3,,,,,,,,,,,,,1,,,,,,1,,,,,2,,,,,,,,,,,,3,,,,1,,,1,,,,1,,,,,6,,,,,,,,,,,,,,,,,,,,,1,,,1,,,,,,,,,1,,,3,,,,,,,1,,,,1,,3,,1,,,,,,,,,,,,,,,1,,,,,,3,,,,,,,,,,,,,,,,,,,,,,,,,,,,,,,,,7,,,,,1,,,,,,,,,6,,,1,,,,,,1,,,,,,,,,,,,,,,,,,,,,,,20,,,,,,,,,,,,,,,3,1,,,,,,,,,,6,,,,,,,,,,,,,,,,,,3,,,,,,,,,,,,,,1,,3,,,,,,,,,,,1,,,,,2,6,,,,,,,,,,,,,,,,,,,,,,,,,,1,,,,,,,,,,,,,,,,,,,,,1,9,,,,,,,,,,,,,,,,,,,,,,,,1,,,,,,2,,,,,,,1,,,,,,1,,,,1,,,
CoolingTower_TwoSpeed_CondEntTempReset.idf,,,,,,,,,,,,1,,,,,5,,,,,,,,,3,,,,,,,,,,,,,,,,,,,,2,,1,,,,,,,,,,,,,,30,,,,,,,,,,,,,,,,,,,,,,,1,,,,1,,,,,,,,,,,,,3,,,,,,,,,,1,,,,,,2,,,,,,,,,,,,,,,,,,,,,,,,,,,,,,,,,,10,,,,,,,,,,,,,,,,,,,,,,,,,,,,,,,,,,,,,,,,,,,,,,,,,,,,,,,,,,,,,,,,,,,,,,,,,,,,,,,,,,,,,,,,1,,,,,,,,,,,,,,1,,,,,,,,,,,2,24,,,,,,,,,,,,,,,,,,,,,,,,1,,,,,,,,,,,,,,,5,,,,,,,,,,,1,,,,,,,,,,,,,,,,,19,,,,,,,,,,,,,,,,,,,,,,,,,15,1,,,,,,,,,,,,,,,,,,,,,,7,,,,,,6,,,1,,,,,,,,,,,,,,,,,,,,,,,,,,,,,1,,,,,,,,3,,,,,,,,,,,,,,,,,,1,,,,,,,,,,,1,3,,,,,,,,,,,,,1,,,,,,1,,,,,2,,,,,,,,,3,,,3,,,,1,,,,,,,1,,,,,6,,,,,,,,,,,,,,,,,,,,,1,,,1,,,,,,,,,1,,,3,,,,,,,1,,,,1,,3,,1,,,,,,,,,,,,,,,1,,,,,,3,,,,,,,,,,,,,,,,,,,,,,,,,,,,,,,,,7,,,,,1,,,,,,,,,6,,,1,,,,,,1,,,,,,,,,,,,,,,,,,,,,,,20,,,,,,,,,,,,,,,3,1,,,,,,,,,,6,,,,,,,,,,,,,,,,,,3,,,,,,,,,,,,,,1,,3,,,,,,,,,,,1,,,,,2,5,,,,,,,,,,,,,,,,,,,,,,,,,,1,,,,,,,,,,,,,,,,,,,,,1,9,,,,,,,,,,,,,,,,,,,,,,,,1,,,,,,1,,,,,,,1,,,,,,1,,,,1,,,
CoolingTower_TwoSpeed_MultiCell.idf,,,,,,,4,,,,,,16,,,,7,,,,,,,,,19,,,1,,1,,,,,,8,,,,,,,,,1,,,,,,,,,,,,,,,,60,,,,,,,,,,,,,,16,,4,1,,1,,,,1,18,,,,4,,,,,,,,,,,,16,,,,,,,,,,4,,,,,,2,,,,,,1,,,,,,,,,,,,,,,,16,,,,,,3,,,,,,,,,,1,1,,,,,,,,,,,2,,,,,,,,75,,,1,,,,,,,,,,,,,,,,,,,,,,,,,,,,,,,,,,,,1,,4,,,,,,,,,,,,,,,,,,,,,,,4,4,,,,,,,,,,,,,,,,,,,,,,16,,3,28,,4,,,,,,,,,,,,,,,,,,,2,,,1,,,,,,,,,,,,,,,12,,1,,,,,,4,,,1,,,,,,,,,,,,,,,,,35,,,,,,,,,,,,,,,,,,,,,,,,,20,1,,,,,,,,,,,,,,,,,,,,,,20,,,,,,8,,,,,,,,,,,,,,,,,,,,,,,,,,,,,,,,8,,,,,,,,16,,,,,1,,,,,,,,,,,,,1,4,,,,,,,,,,1,16,,,,,,,1,,,,,,,,,,,,4,3,4,,,16,,,1,,,,,,,,,16,,,,1,,,,,,,4,,,,,3,,,,,,,,,,,,,,,,,,,,,1,,,1,,,,,,,,,4,,,3,,,,,,16,12,,,,,,,,1,,,,,,10,,,,,,,,,,,,,,,2,,,1,,,,,3,,,,,,,,,,,,4,,,,,,,,,,1,,,12,,,,,8,,,,,,,,,8,,,,,,,,,1,,,,,,,,,,,,,,,,,,,,,,,130,,,,,,,,,4,,,,,,20,2,,,,,,,,,,8,,,,,16,,,3,,,,,,,,,,16,,,,,,,,,,,,,,1,,16,,,,,,,,,,,1,,3,,,3,9,,,,,,,,,,,,1,,,,,,,,,,,,,,1,,,,,,,,,,,,,,,,,,,,,1,22,,,12,,,,,,,,,,,,,,,,1,,,,,,,,,,,1,,,,,,,4,,,,,,1,,,,4,,,
CoolingTower_VariableSpeed.idf,,,,,,,3,,,,,,5,,,,7,,,,,,,,,6,,,,,,,,,,,4,,,,,,,,,2,,,,,,,,,,,,,,,,30,,,,,,,,,,,,,,5,,,1,,1,,,,1,,,,,1,,1,,,,,,,,,,5,,,,,,2,,,,4,,,,,,2,,,,,,1,,,,,,,,,,,,,,,,5,,,,,,1,,,,,,14,,,,,,,,,,,,,,,,,,,,,,,,,,,,,,,,,,,,,,,,,,,,,,,,,,,,,,,,,,,,,,,,,1,,,,,,,,,,,,2,,,,,,,,,,,1,1,,,,,,,,,,,,,2,,,,,,,,,,,2,40,,1,,,,,,,,,,,,,,,,,,,,,,1,,,,,,,,,,,,,,,7,,,,,,,,,,,1,,,,,,,,,,,,,,,,,22,,,,,,,,,,,,,,,,,,,,,,,,,15,1,,,,,,,,,,,,,,,,,,,,,,10,,,,,,6,,,,,,,,,,,,,,,,,,,,,,,,,,,,,,,,2,,,,,,,,5,,,,,1,,,,,,,,,,,,,1,1,,,,,,,,,,1,5,,,,,,2,,,,,,,,,,,,,,,,,,5,,,,,,,,,,,,5,,,,1,,,,,,,1,,,,,2,,,,,,,,,,,,,,,,1,,,,,1,,,1,,,,,,,,,1,,,3,,,,1,,5,6,,,,1,,,,1,,,,,1,,,,,,,,,,1,,,,,,2,,,,,,,,,,,,,,,,,,,,1,,,,1,,,,,,,,,7,,3,,,2,,,,,,,,,6,,,2,,,,,,1,,,,,,,,,,,,,,,,,,,,,,,40,,,,,1,,,,1,,,,,,6,1,,,,,,,,,,6,,,,,1,,,,,,,,,,,,,5,,,,,,,,,,,,,,1,,5,,,,,,,,,,,1,,,,,2,6,,,,,,,,,,,,,,,,,,,,,,,,,,1,1,,,,,,,,,,,,,,,1,,,,,1,10,,,1,,,,,,,,,,,,,,,,,,,,,1,,,,,,,,,,,,,1,,,,,,1,,,,1,,,
CoolingTower_VariableSpeed_CondEntTempReset.idf,,,,,,,3,,,,,,5,,,,7,,,,,,,,,6,,,,,,,,,,,4,,,,,,,,,2,,,,,,,,,,,,,,,,30,,,,,,,,,,,,,,5,,,1,,1,,,,1,,,,,1,,1,,,,,,,,,,5,,,,,,2,,,,4,,,,,,2,,,,,,1,,,,,,,,,,,,,,,,5,,,,,,1,,,,,,14,,,,,,,,,,,,,,,,,,,,,,,,,,,,,,,,,,,,,,,,,,,,,,,,,,,,,,,,,,,,,,,,,1,,,,,,,,,,,,2,,,,,,,,,,,1,1,,,,,,,,,,,,,2,,,,,,,,,,,2,40,,1,,,,,,,,,,,,,,,,,,,,,,1,,,,,,,,,,,,,,,7,,,,,,,,,,,1,,,,,,,,,,,,,,,,,22,,,,,,,,,,,,,,,,,,,,,,,,,15,1,,,,,,,,,,,,,,,,,,,,,,10,,,,,,6,,,1,,,,,,,,,,,,,,,,,,,,,,,,,,,,,2,,,,,,,,5,,,,,1,,,,,,,,,,,,,1,1,,,,,,,,,,1,5,,,,,,1,,,,,,,,,,,,,,,,,,5,,,,,,,,,3,,,5,,,,1,,,,,,,1,,,,,2,,,,,,,,,,,,,,,,1,,,,,1,,,1,,,,,,,,,1,,,3,,,,1,,5,6,,,,1,,,,1,,,,,1,,,,,,,,,,1,,,,,,2,,,,,,,,,,,,,,,,,,,,1,,,,1,,,,,,,,,7,,3,,,2,,,,,,,,,6,,,2,,,,,,1,,,,,,,,,,,,,,,,,,,,,,,40,,,,,1,,,,1,,,,,,6,1,,,,,,,,,,6,,,,,1,,,,,,,,,,,,,5,,,,,,,,,,,,,,1,,5,,,,,,,,,,,1,,,,,2,5,,,,,,,,,,,,,,,,,,,,,,,,,,1,1,,,,,,,,,,,,,,,1,,,,,1,10,,,1,,,,,,,,,,,,,,,,,,,,,1,,,,,,,,,,,,,1,,,,,,1,,,,1,,,
CoolingTower_VariableSpeed_CondEntTempReset_MultipleTowers.idf,,,,,,,3,,,,,,5,,,,7,,,,,,,,,6,,,,,,,,,,,4,,,,,,,,,2,,,,,,,,,,,,,,,,31,,,,,,,,,,,,,,5,,,1,,1,,,,1,,,,,1,,1,,,,,,,,,,5,,,,,,2,,,,4,,,,,,2,,,,,,1,,,,,,,,,,,,,,,,5,,,,,,1,,,,,,14,,,,,,,,,,,,,,,,,,,,,,,,,,,,,,,,,,,,,,,,,,,,,,,,,,,,,,,,,,,,,,,,,1,,,,,,,,,,,,2,,,,,,,,,,,1,1,,,,,,,,,,,,,2,,,,,,,,,,,2,41,,1,,,,,,,,,,,,,,,,,,,,,,1,,,,,,,,,,,,,,,7,,,,,,,,,,,1,,,,,,,,,,,,,,,,,22,,,,,,,,,,,,,,,,,,,,,,,,,15,1,,,,,,,,,,,,,,,,,,,,,,10,,,,,,6,,,1,,,,,,,,,,,,,,,,,,,,,,,,,,,,,2,,,,,,,,5,,,,,1,,,,,,,,,,,,,1,1,,,,,,,,,,1,5,,,,,,2,,,,,,,,,,,,,,,,,,5,,,,,,,,,3,,,5,,,,1,,,,,,,1,,,,,2,,,,,,,,,,,,,,,,1,,,,,1,,,1,,,,,,,,,1,,,3,,,,1,,5,6,,,,1,,,,1,,,,,1,,,,,,,,,,1,,,,,,2,,,,,,,,,,,,,,,,,,,,1,,,,,,,,,,,,,7,,3,,,2,,,,,,,,,6,,,2,,,,,,1,,,,,,,,,,,,,,,,,,,,,,,40,,,,,1,,,,1,,,,,,6,1,,,,,,,,,,6,,,,,1,,,,,,,,,,,,,5,,,,,,,,,,,,,,1,,5,,,,,,,,,,,1,,,,,2,5,,,,,,,,,,,,,,,,,,,,,,,,,,1,1,,,,,,,,,,,,,,,1,,,,,1,10,,,1,,,,,,,,,,,,,,,,,,,,,1,,,,,,,,,,,,,1,,,,,,1,,,,1,,,
CoolingTower_VariableSpeed_IdealCondEntTempSetpoint.idf,,,,,,,3,,,,,,5,,,,7,,,,,,,,,6,,,,,,,,,,,4,,,,,,,,,2,,,,,,,,,,,,,,,,30,,,,,,,,,,,,,,5,,,1,,1,,,,1,,,,,1,,1,,,,,,,,,,5,,,,,,2,,,,4,,,,,,2,,,,,,1,,,,,,,,,,,,,,,,5,,,,,,1,,,,,,14,,,,,,,,,,,,,,,,,,,,,,,,,,,,,,,,,,,,,,,,,,,,,,,,,,,,,,,,,,,,,,,,,1,,,,,,,,,,,,2,,,,,,,,,,,1,1,,,,,,,,,,,,,2,,,,,,,,,,,2,43,,1,,,,,,,,,,,,,,,,,,,,,,1,,,,,,,,,,,,,,,7,,,,,,,,,,,1,,,,,,,,,,,,,,,,,22,,,,,,,,,,,,,,,,,,,,,,,,,15,1,,,,,,,,,,,,,,,,,,,,,,10,,,1,,,6,,,,,,,,,,,,,,,,,,,,,,,,,,,,,,,,2,,,,,,,,5,,,,,1,,,,,,,,,,,,,1,1,,,,,,,,,,1,5,,,,,,1,,,,,,,,,,,,,,,,,,5,,,,,,,,,3,,,5,,,,1,,,,,,,1,,,,,2,,,,,,,,,,,,,,,,1,,,,,1,,,1,,,,,,,,,1,,,3,,,,1,,5,6,,,,1,,,,1,,,,,1,,,,,,,,,,1,,,,,,2,,,,,,,,,,,,,,,,,,,,1,,,,1,,,,,,,,,7,,3,,,2,,,,,,,,,6,,,2,,,,,,1,,,,,,,,,,,,,,,,,,,,,,,40,,,,,1,,,,1,,,,,,6,1,,,,,,,,,,6,,,,,1,,,,,,,,,,,,,5,,,,,,,,,,,,,,1,,5,,,,,,,,,,,1,,,,,2,5,,,,,,,,,,,,,,,,,,,,,,,,,,1,1,,,,,,,,,,,,,,,1,,,,,1,10,,,1,,,,,,,,,,,,,,,,,,,,,1,,,,,,,,,,,,,1,,,,,,1,,,,1,,,
CoolingTower_VariableSpeed_IdealCondEntTempSetpoint_MultipleTowers.idf,,,,,,,3,,,,,,5,,,,7,,,,,,,,,6,,,,,,,,,,,4,,,,,,,,,1,,,,,,,,,,,,,,,,31,,,,,,,,,,,,,,5,,,1,,1,,,,1,,,,,1,,1,,,,,,,,,,5,,,,,,2,,,,4,,,,,,2,,,,,,1,,,,,,,,,,,,,,,,5,,,,,,1,,,,,,14,,,,,,,,,,,,,,,,,,,,,,,,,,,,,,,,,,,,,,,,,,,,,,,,,,,,,,,,,,,,,,,,,1,,,,,,,,,,,,2,,,,,,,,,,,1,1,,,,,,,,,,,,,2,,,,,,,,,,,2,42,,1,,,,,,,,,,,,,,,,,,,,,,1,,,,,,,,,,,,,,,7,,,,,,,,,,,1,,,,,,,,,,,,,,,,,22,,,,,,,,,,,,,,,,,,,,,,,,,15,1,,,,,,,,,,,,,,,,,,,,,,11,,,1,,,6,,,,,,,,,,,,,,,,,,,,,,,,,,,,,,,,2,,,,,,,,5,,,,,1,,,,,,,,,,,,,1,1,,,,,,,,,,1,5,,,,,,2,,,,,,,,,,,,,,,,,,5,,,,,,,,,,,,5,,,,1,,,,,,,1,,,,,2,,,,,,,,,,,,,,,,1,,,,,1,,,1,,,,,,,,,1,,,3,,,,1,,5,6,,,,1,,,,1,,,,,1,,,,,,,,,,1,,,,,,2,,,,,,,,,,,,,,,,,,,,1,,,,,,,,,,,,,7,,3,,,2,,,,,,,,,6,,,2,,,,,,1,,,,,,,,,,,,,,,,,,,,,,,40,,,,,1,,,,1,,,,,,6,1,,,,,,,,,,6,,,,,1,,,,,,,,,,,,,5,,,,,,,,,,,,,,1,,5,,,,,,,,,,,1,,,,,2,5,,,,,,,,,,,,,,,,,,,,,,,,,,1,1,,,,,,,,,,,,,,,1,,,,,1,10,,,1,,,,,,,,,,,,,,,,,,,,,1,,,,,,,,,,,,,1,,,,,,1,,,,1,,,
CoolingTower_VariableSpeed_MultiCell.idf,,,,,,,4,,,,,,16,,,,7,,,,,,,,,19,,,1,,1,,,,,,8,,,,,,,,,1,,,,,,,,,,,,,,,,60,,,,,,,,,,,,,,16,,4,1,,1,,,,1,18,,,,4,,,,,,,,,,,,16,,,,,,,,,,4,,,,,,2,,,,,,1,,,,,,,,,,,,,,,,16,,,,,,3,,,,,,,,,,1,1,,,,,,,,,,,2,,,,,,,,75,,,1,,,,,,,,,,,,,,,,,,,,,,,,,,,,,,,,,,,,1,,4,,,,,,,,,,,,,,,,,,,,,,,4,4,,,,,,,,,,,,,,,,,,,,,,16,,3,27,,4,,,,,,,,,,,,,,,,,,,2,,,1,,,,,,,,,,,,,,,12,,1,,,,,,4,,,1,,,,,,,,,,,,,,,,,35,,,,,,,,,,,,,,,,,,,,,,,,,20,1,,,,,,,,,,,,,,,,,,,,,,20,,,,,,8,,,,,,,,,,,,,,,,,,,,,,,,,,,,,,,,8,,,,,,,,16,,,,,1,,,,,,,,,,,,,1,4,,,,,,,,,,1,16,,,,,,1,1,,,,,,,,,,,,4,3,4,,,16,,,1,,,,,,,,,16,,,,1,,,,,,,4,,,,,3,,,,,,,,,,,,,,,,,,,,,1,,,1,,,,,,,,,4,,,3,,,,,,16,12,,,,,,,,1,,,,,,10,,,,,,,,,,,,,,,2,,,1,,,,,3,,,,,,,,,,,,4,,,,,,,,,,1,,,12,,,,,8,,,,,,,,,8,,,,,,,,,1,,,,,,,,,,,,,,,,,,,,,,,130,,,,,,,,,4,,,,,,20,2,,,,,,,,,,8,,,,,16,,,3,,,,,,,,,,16,,,,,,,,,,,,,,1,,16,,,,,,,,,,,1,,3,,,3,9,,,,,,,,,,,,1,,,,,,,,,,,,,,1,,,,,,,,,,,,,,,,,,,,,1,22,,,12,,,,,,,,,,,,,,,,1,,,,,,,,,,,,,,,,,,4,,,,,,1,,,,4,,,
CooltowerSimpleTest.idf,,,,,,,,,,,,,,,,,2,,,,,,,,,3,,,,,,,,,,,,,,,,,,,,1,,,,,,,,,,,,,,,,,,,,,,,,,,,,,,,,,,,,,,,1,,,,,,,,,,,,,,,,,,,,,,,,,,,1,,,,,,2,,,,,,,,,,,,,,,,,,,,,,,,,,,,,,,,,,6,,,,,,,,,,,,,,,,,,,,,,,,,,,,,,,,,,,,,,,,,,,,,,,,,,,,,,,,,,,,,,,,,,,,,,,,,,,,,21,,,,,,,,,,,,,,,,,,,,,,,,,,,,,,,,,,,,,18,,,,,,,,,,,,,,,,,,,,,,,,,,,,,,,,,,,,,,,4,,,,,,,,,,,1,,,,,,,,,,,,,,,,,5,,,,,,,,,,,,,,,,,,,,,,,,,,,,,,,,,,,,,,,,,,,,,,,,,,,,,,,,,,,,,,,,,,,,,,,,,,,,,,,,,,,,,,,,,,,,,,3,,,,,1,,,,,,,,,,,,,1,,,,,,,,,,,,,,,,,,,,,,,,,,,,,,,,,,,,3,,,,,,,,,,,,3,,,,1,,,,,,,,,,,,,,,,,,,,,,,,,,,,,,,,,1,1,,1,,,,,,,,,,,,,,,,,,,24,,,,,,,,,,,,,,,,,,,,,,,,,,,,,,,,,,,,,,,,,,,,,,,,,,,,,,,,,,,,,,,,,,,,,,,,,,,,,,,,,,,,,1,,,,,,,,,,,,,,,,,,,,,,,54,,,,,,,,,,,,,,,,,,,,,,,,,,,,,,,,,,,,,,,,,,,,,3,,,,,,,,,,,,,1,,,,,,,,,,,,,1,,,,,,,,,,,,,,,,,,,,,,,,,,,,,,,,1,,,,,,,,,,,,,,,,,,,,,1,10,,,,,,,,,,,,,,,,,,,,,,,,,,,,,,,,,,,,,,,,,,,1,,,,,,,
CooltowerSimpleTestwithVentilation.idf,,,,,,,,,,,,,,,,,2,,,,,,,,,3,,,,,,,,,,,,,,,,,,,,1,,,,,,,,,,,,,,,,,,,,,,,,,,,,,,,,,,,,,,,1,,,,,,,,,,,,,,,,,,,,,,,,,,,1,,,,,,2,,,,,,,,,,,,,,,,,,,,,,,,,,,,,,,,,,6,,,,,,,,,,,,,,,,,,,,,,,,,,,,,,,,,,,,,,,,,,,,,,,,,,,,,,,,,,,,,,,,,,,,,,,,,,,,,21,,,,,,,,,,,,,,,,,,,,,,,,,,,,,,,,,,,,,23,,,,,,,,,,,,,,,,,,,,,,,,,,,,,,,,,,,,,,,4,,,,,,,,,,,1,,,,,,,,,,,,,,,,,6,,,,,,,,,,,,,,,,,,,,,,,,,,,,,,,,,,,,,,,,3,,,,,,,,,,,,,,,,,,,,,,,,,,,,,,,,,,,,,,,,,,,,,,,,,,,,,,3,,,,,1,,,,,,,,,,,,,1,,,,,,,,,,,,,,,,,,,,,,,,,,,,,,,,,,,,3,,,,,,,,,,,,3,,,,1,,,1,,,,,,,,,,,,,,,,,,,,,,,,,,,,,,1,1,,1,,,,,,,,,,,,,,,,,,,24,,,,,,,,,,,,,,,,,,,,,,,,,,,,,,,,,,,,,,,,,,,,,,,,,,,,,,,,,,,,,,,,,,,,,,,,,,,,,,,,,,,,,1,,,,,,,,,,,,,,,,,,,,,,,54,,,,,,,,,,,,,,,,,,,,,,,,,,,,,,,,,,,,,,,,,,,,,2,,,,,,,,,,,,,1,,,,,,,,,,,,,1,,,,,,,,,,,,,,,,,,,,,,,,,,,,,,,,1,,,,,,,,,,,,,,,,,,,,,1,10,,,,,,,,,,,,,,,,,,,,,,,,,,,,,,,,,,,,,,,,,,,1,,,,,,,
CrossVent_1Zone_AirflowNetwork.idf,,,,,,,,,,,,,,,,,2,,,,,,,,,1,,,,,,,,,,,,,,,,,,,,2,,,,,,,,,,,,,,,,,,,,,,,,,2,,,,,,,,,,,,,,1,,,,,,,,,,,,,,,,,,,,,,,5,,,,5,,,,,,2,,,,,,,,,,,2,,,,,,,,,,,,,,,,,,,,,,,6,,,,,,,,,,,,,,,,,,,,,,,,,,,,,,,,,,,,,,,,,,,,,,,,,,,,,,,,,,1,,,,,,,,,,,,,,,,,,,,,,,,,,,,,,,,,,,,,,,,,,,,,,,,,,,,,,,,16,,,,,,,,,,,,,,,,,,,,,,,,,,,,,,,,,,,,,,,4,,1,,,,,,,,,1,,,,,,,,,,,1,,,,,,2,,,,,,,,,,,,,,,,,,,,,,,,,,,,,,,,,,2,,,,,,,,,,,,,,,,,,,,,,,,,,,,,,,,,,,,,,,,,,,,1,,,,,,,,,1,,1,,,,,1,,,,,,,,,,,,,,,,,,1,,,,,,,,,,,,,,,,,,,,,,,,,,,,,,,,,,,,1,,,,,,,,,,,,,,,,1,,,,,,,,,,,,,,,,,,,,,,,,,,,,,,,,,1,,,1,,,,,1,,,,,,,,,,,,,,2,,,,,,,,1,,,,,,,,,,,,,,,,,,,,,,,,,,,,,,,,,,,,,,,,,,,,,,,,,,,,,,,,3,,,,,,,,,,,,,,,,,,,,,1,,,,,,,,,,,,,,,,,,,2,,,,6,,,,,,,,,,,,,,,,,,,,,,,,,,,,,,,,,,,,,,,,,,,,,,,,,,,,,,,,,,1,,,,,,,,,,,,,1,,,,,,,,,,,,,,,,,,,,,,,,,,,,,,,,1,,,,,,,,,,,,,,,,,,,,,1,37,,,,,,,1,,,,,,,,,,,,,,,,,,,,,,,,,,,,,,,,,,,,1,,,,,,,
CrossVent_1Zone_AirflowNetwork_with2CrossflowJets.idf,,,,,,,,,,,,,,,,,2,,,,,,,,,1,,,,,,,,,,,,,,,,,,,,2,,,,,,,,,,,,,,,,,,,,,,,,,4,,,,,,,,,,,,,,1,,,,,,,,,,,,,,,,,,,,,,,5,,,,5,,,,,,2,,,,,,,,,,,2,,,,,,,,,,,,,,,,,,,,,,,6,,,,,,,,,,,,,,,,,,,,,,,,,,,,,,,,,,,,,,,,,,,,,,,,,,,,,,,,,,1,,,,,,,,,,,,,,,,,,,,,,,,,,,,,,,,,,,,,,,,,,,,,,,,,,,,,,,,18,,,,,,,,,,,,,,,,,,,,,,,,,,,,,,,,,,,,,,,4,,1,,,,,,,,,1,,,,,,,,,,,1,,,,,,4,,,,,,,,,,,,,,,,,,,,,,,,,,,,,,,,,,4,,,,,,,,,,,,,,,,,,,,,,,,,,,,,,,,,,,,,,,,,,,,1,,,,,,,,,1,,1,,,,,1,,,,,,,,,,,,,,,,,,1,,,,,,,,,,,,,,,,,,,,,,,,,,,,,,,,,,,,1,,,,,,,,,,,,,,,,1,,,,,,,,,,,,,,,,,,,,,,,,,,,,,,,,,1,,,1,,,,,1,,,,,,,,,,,,,,4,,,,,,,,1,,,,,,,,,,,,,,,,,,,,,,,,,,,,,,,,,,,,,,,,,,,,,,,,,,,,,,,,3,,,,,,,,,,,,,,,,,,,,,1,,,,,,,,,,,,,,,,,,,2,,,,6,,,,,,,,,,,,,,,,,,,,,,,,,,,,,,,,,,,,,,,,,,,,,,,,,,,,,,,,,,1,,,,,,,,,,,,,1,,,,,,,,,,,,,,,,,,,,,,,,,,,,,,,,1,,,,,,,,,,,,,,,,,,,,,1,37,,,,,,,1,,,,,,,,,,,,,,,,,,,,,,,,,,,,,,,,,,,,1,,,,,,,
CustomSolarVisibleSpectrum_RefBldgSmallOfficeNew2004_Chicago.idf,,,,,,,1,1,,,,,,,,,7,,,,,,,,,6,,,1,,,,,,,,2,,,,,,,,,1,,,,,,,,,,,,,,,,13,5,,,,,,,,,,,,,6,5,,1,,,,,,1,18,,,5,5,5,,,,,,,,,,,5,,,,,,,,,,1,,,,,,2,,,,,,1,,,,,,,,,,,,,,,,5,,,,,,,,,,,,,,,,1,1,,,,,,,,,,,2,,,,,,,,,,,1,,,,,,,,,,,,,,,,,,,,,,,,,,,,,,,,,,,,1,,5,,,,,,,,,,,,,,,,,,,,,,,5,5,,,,,,,,,,,,,,,,,,,,,,5,,1,10,,5,,,,,,,,,,1,,,,,,,,,2,,,,,,,,,,,,,,,,,,7,,1,,,,,,5,,,1,,,,,,,,,,,,,,,,,22,,,,,,,,,,,,,,,1,,,,,,,,,,5,,,,,,,,,,,,,,,,,2,,,,,,10,,,,,,2,,,,,,,,,,,,,,1,,,,,,,,,3,,,,,,,,,5,,,,,,,,5,,,,,1,,,1,,,,,,,,,,1,,,,,,,,,5,,,5,,,,,,,1,5,,,,,,,,,,,5,1,2,,,5,,,1,,,,,,,,,5,,,,1,,,1,,,,5,,,,,1,,,,,,,,,,,,,,,,,,,,,1,9,1,1,,,,,,,,,5,,,,,,,,,5,21,,,,,,,,1,,,,,,10,,,,,,,,,,,,,,,,,,5,,,,,3,,,,,,,,,,,,5,,,,,,,,,,,,,7,,,,,,,,,,,,,,2,,,,,,,,,1,,,,,,,,,,,,,,,,,,,,,,,43,,,,,,,,,5,,,,,,,1,,,,,,,,,,2,,,,,5,,,1,,,,,,,,,,5,,,,,,,,,,,,,,1,,5,,,,,,,,,,,1,,3,,,1,1,,,,,,,,,,,,1,,,,,,,,,,,,,,1,1,,,5,,,,,,,,,,,,,,,,,1,14,,,15,,,,,,,,,,,,,,,,1,,,,,,,,,,,,,,,,,,5,,,,,,1,,,,5,,,
CVRhMinHum.idf,,,,,,,,,,,,1,,,,,6,,,,,,,,,3,,,,,1,,,,,,,1,,,,,,,,,,1,,,,,,,,,,,,,,30,,,,,,,,,,,,,,,,,,,,,,,1,,,,1,1,,,,,,,,,,,,3,,,,,,,,,,1,,,,,,2,,,,,,,,,,,,,,,,,,,,,,,,,,,,,,,,,,10,,,,,,,,,,,,,,,,,,,,,,,,,,,,,,,,,,,,,,,,,,,,,,,,,,,,,,,,,,,,,,,,,1,,,,,,,,,,,,,,,,,,,,,,,1,,,,,,,,,,,,,,1,,,,,,,,,,,2,34,,1,,,,,,,,,,,,,,,,,,,,,,1,,,,,,,,,,,,,,,5,,,,,,,,,,,1,,,,,,,,,,,,,,,,,20,,,,,,,,,,,,,,,,,,,,,,,,,15,1,,,,,,,,,,,,,,,,,,,,,,8,,,,,,6,,,,,,,,,,,,,,,,,,,,,,,,,,,,,,,,2,,,,,,,,3,,,,,,,,,,,,,,,,,,1,,,,,,,,,,,1,3,,,,,,,,,,,,,1,,,,,,1,,,,,2,,,,,,,,,,,,3,,,,1,,,,,,,1,,,,,5,,,,,,,,,,,,,,,,1,,,,,1,,,1,,,,,,,,,1,,,3,,,,1,,,1,,,,1,,3,,1,,,,,,,,,,,,,,,1,,,,,,3,,,,,,,,,,,,,,,,,,,,1,,,,,,,,,,,,,7,,,,,1,,,,,,,,,6,,,1,,,,,,1,,,,,,,,,,,,,,,,,,,,,,,20,,,,,1,,,,1,,,,,,3,1,,,,,,,,,,6,,,,,,,,,,,,,,,,,,3,,,,,,,,,,,,,,1,,3,,,,,,,,,,,1,,,,,2,6,,,,,,,,,,,,,,,,,,,,,,,,,,1,,,,,,,,,,,,,,,,,,,,,1,9,,,,,,,,,,,,,,,,,,,,,,,,1,,,,,,,,,,,,,1,,,,,,1,,,,1,,,
DaylightingDeviceShelf.idf,,,,,,,,,,,,,,,,,1,,,,,,,,,2,,,,,,,,,,,,,,,,,,,,1,,,,,,,,,,,,,,,,,,,,,,,,,,,,,,,,,,,,,,,1,,,,,,,,,,,,,,,,,,,,,,,,,,,1,,,,,,2,,,,,,,,,,,,,,,,,,,,,,,,,,,,,,,,,,6,,,,,,,,,,,,,,,,,,,,,,,,,,,,,,,,,,,,,,,,,,,,,,,,,,,,,,,,,,,,,,,,,,,,,,,,,,,,,1,,,,,,,,,,,,,,,,,,,,,,,,,,,,,,,,,,,,,16,,,,,,,,,,,,,,,,,,,,,,,,,,,,,,,,,,,,,,,5,,1,,,,,,,,1,1,,,,,,,,,,,,,,,,,1,,,,,,,,,,,,,,,,,,,,,,,,,,,,,,,,,,,,,,,,,,,,,,,,,,,,,,,,,,,,,,,,,,,,,,,,,,,,,,,,,,,,,,,,,,,4,,,,,,,,1,,,,,,,,,,,,,1,,,,,,,,,,,,,,,,,,,1,,,,,,,,,,,,,,,,,2,,,1,,,,,,,,,,,,,1,,,,,,,,,,,,,,,,,,,,,,,,,,,,,,,,,1,,,1,,,,,,,,,,,,,,,,,,,4,,,,,,,,1,,,,,,,,,,,,,,,,,,,,,,,,,,,,,,,,,,,,,,,,,,,,,,,,,,,,,,,,,,,,,,,,,,,,,,,,,,,,,1,,,,,,,,,,,,,,,,,,,,,,,13,,,,,,,,,,,,,3,,,,,,,,,,,,,,,,,,,,,,,,,,,,,,,,,,,,,,,,,,,,,1,,,,,,,,,,,,2,1,,,,,,,,,,,,,,,,,,,,,,,,,,,,,,,,1,,,,,,,,,,,,,,,,,,,,,1,12,,,,,,,,,,,,,,,,,,,,,,,,,,,,,,,,,,,,,,,,,,,,,,,,,,
DaylightingDeviceTubular.idf,,,,,,,,,,,,,,,,,3,,,,,,,,,4,,,,,,,,,,,,,,,,,,,,1,,,,,,,,,,,,,,,,,,,,,,,,,,,,,,,,,,,,,,,1,,,,,,,,,,,,,,,,,2,,,,,,,,,,2,,,,,,2,,,,,,,,,,,,,,,,,,,,,1,,,,,,,,,,,,,6,,,,,,,,,,,,,,,,,,,,,,,,,,,,,,,,,,,,,,,,,,,,,,,,,,,,,,,,,,,,,,,,,,,,,,,,,,,,,,,,,,,,,,,,,,,,,,,,,,,,,,,,,,,,,,,,,,28,,,,,,,,,,,,,,,,,,,,,,,,,,,,,,,,,,,,,,,8,,1,,,,,,,,,1,,,,,,,,,,,,,,,,,3,,,,,,,,,,,,,,,,,,,,,,,,,,,,,2,,,,,,,,,,,,,,,,,,,2,,,,,,,,,,,,,,,,,,,,,,,,,,,,,,,,,,,2,,,,,,,,2,,,,,,,,1,,,,,,,,,,,,,1,,,,,,,,,,,,,,,,,,,1,,,,,,,,,,,,,,,,,2,,,1,,,,,,,,,,,,,1,,,1,,,,,,,,,,,,,,,,,,,,,,,,,,,,,,1,2,,1,,,,,,,,,,,,,,,,,,,4,,,,,,,,1,,,,,,,,,,,,,,,,,,,,1,,,,,,,,,,,,,,,,,,,,,,,,,,,,,,,,,,,,,,,,,,,,,,,,,,,,,,,,,1,,,,,,,,,,,,,,,,,,,,,,,24,,,,,,,,,,,,,1,,,,,,,,,,,,,,,,,,,,,,,,,,,,,,,2,,,,,,,,,,,,,,1,,2,,,,,,,,,,1,1,,,,,,,,,,,,,,,,,,,,,,,,,,,,,,,,1,,,,,,,,,,,,,,,,,,,,,1,13,,,,,,,,,,,,,,,,,,,,,,,,,,,,,,,,,,,,,,,,,,,,,,,,,,
DDAutoSize.idf,,,,,,,3,,,,,,,,,,4,,,,,,,,,3,,,,,1,,,,,,,1,,,,,,,,2,,1,,,,,,,,,,,,,,27,,,,,,,,,,,,,,,,1,,,,,,,1,,,,1,,,,,,,,,,,,,3,,,,,,,,,,1,,,,,,2,,,,,,1,,,,,,,,,,,,,,,1,3,,,,,,,,,,,,10,,,,,,,,,,,,,,,,,,,,,,,,,,,,,,,,,,,,,3,,,,,,,,,,,,,,,,,,,,,,,,,,,,,,,,,,,,,,,,,,,,,,,,,,,2,1,,,,,,,,,,,,,,,,,,,,,,,,2,15,,,,,,,,,,,,,,,,,,,,,,,,1,,,,,,,,,,,,,,,5,,,,,,,,,,,1,,,,,,,,,,,,,,,,,17,,,,,,,,,,,,,,,,,,,,,,,,,15,1,,,,,,,,,,,,,,,,,,,,,,9,,,,,,7,,,,,,,,,,,,,,,,,,,,,2,,,,,,,,,,,1,,,,,,,,3,,,,,1,,,,,,,,,,,,,1,,,,,,,,,,,1,3,,,,,,,1,,,,,,,,,,,,1,,,,,2,,,,,,,,,,,,3,,,,1,,,,,,,1,,,,,2,,,,,,,,,,,,,,,,,,,,,1,,,1,,,,,,,,,1,,,3,,,,,,3,1,,,,1,,,,1,,,,,,,,,,,,,,,,,,,,,2,,,,,,,,,,,,,,,,,,,,,,,,,,,,,,,,,7,,,,,2,,,,,,,,,6,,,,,,,,,1,,,,,,,,,,,,,,,,,,,,,,,20,,,,,,,,,,,,,,,1,1,,,,,,,,,,7,,,,,,,,,,,,,,,,,,3,,,,,,,,,,,,,,1,,3,,,,,,,,,,,1,,,,,2,5,,,,,,,,,,,,,,,,,,,,,,,,,,1,,,,,,,,,,,,,,,,,,,,,1,9,,,,,,,,,,,,,,,,,,,,,,,,1,,,,,,,,,,,,,1,,,,,,1,,,,2,,,
DElight-Detailed-Comparison.idf,,,,,,,,,,,,,,,,,3,,,,,,,,,2,,,,,,,,,,,1,,,,,,,,,1,,,,,,,,,,,,,,,,,,,,,,,,,,,,,,,,,,,,,,,1,,,,,,,,,,,,,,,,,2,,,,,,,,,,1,,,,,,2,,,,,,,,,,,,,,,,,,,,,,,,,,,,,,,,,,6,,,,,,,,,,,,,,,,,,,,,,,,,,,,,,,,,,,,,,,,,,,,,,,,,,,,,,,,,,,,,,,,,,,,,,,,,,,,,,,,,,,,,,,,,,,,,,,,,,,,,,1,,,,,,,,,,,,4,,,,,,,,,,,,,,,,,,,,,,,,,,,,,,,,,,,,,,,5,,1,,,,,,,,,1,,,,,,,,,,,,,,,,,4,,,,,,,,,,,,,,,,,,,,,,,,,,,,,2,,,,,,,,,,,,,,,,,,,2,,,,,,,,,,,,,,,,,,,,,,,,,,,,,,,,,,,,,,,,,,,4,,,,,,,,1,,,,,,,,,,,,,1,,,,,,,,,,,,,,,,,,,,,,,,,,,,,,,,,,,,2,,,,,,,,,,,,,,,,1,,,,,,,,,,,,,,,,,,,,,,,,,,,,,,,,,1,,,1,,,,,,,,,,,,,,,,,,,2,,,,,,,,1,,,,,,,,,,,,,,,,,,,,,,,,,,,,,,,,,,,,,,,,,,,,,,,,,,,,,,,,1,,,,,,,,,,,,,,,1,,,,,,1,,,,,,,,,,,,,,,,,,,,,,,12,,,,,,,,,,,,,,,,,,,,,,,,,,,,,,,,,,,,,,,,,,,,2,,,,,,,,,,,,,,1,,2,,,,,,,,,,2,1,,,,,,,,,,,,,,,,,,,,,,,,,,,,,,,,1,,,,,,,,,,,,,,,,,,,,,1,8,,,,,,,,,,,,,,,,,,,,,,,,,,,,,,,,,,,,,,,,,,,1,,,,,,,
DElightCFSLightShelf.idf,,,,,,,,,,,,,,,,,3,,,,,,,,,2,,,,,,,,,,,1,,,,,,,,,1,,,,,,,,,,,,,,,,,,,,,,,,,,,,,,,,,,,,,,,1,,,,,,,,,,,,,,,,,2,,,,,,,,,,1,,,,,,2,,,,,,,,,,,,,,,,,,,,,,,,,,,,,,,,,,6,,,,,,,,,,,,,,,,,1,,,,,,,,,,,,,,,,,,,,,,,,,,,,,,,,,,,,,,,,,,,,,,,,,,,,,,,,,,,,,,,,,,,,,,,,,,,,,,,,,,,,,1,,,,,,,,,,,,4,,,,,,,,,,,,,,,,,,,,,,,,,,,,,,,,,,,,,,,5,,1,,,,,,,,,1,,,,,,,,,,,,,,,,,4,,,,,,,,,,,,,,,,,,,,,,,,,,,,,2,,,,,,,,,,,,,,,,,,,2,,,,,,,,,,,,,,,,,,,,,,,,,,,,,,,,,,,,,,,,,,,4,,,,,,,,1,,,,,,,,,,,,,1,,,,,,,,,,,,,,,,,,,,,,,,,,,,,,,,,,,,2,,,,,,,,,,,,,,,,1,,,,,,,,,,,,,,,,,,,,,,,,,,,,,,,,,1,,,1,,,,,,,,,,,,,,,,,,,2,,,,,,,,1,,,,,,,,,,,,,,,,,,,,,,,,,,,,,,,,,,,,,,,,,,,,,,,,,,,,,,,,1,,,,,,,,,,,,,,,1,,,,,,1,,,,,,,,,,,,,,,,,,,,,,,12,,,,,,,,,,,,,,,,,,,,,,,,,,,,,,,,,,,,,,,,,,,,2,,,,,,,,,,,,,,1,,2,,,,,,,,,,2,1,,,,,,,,,,,,,,,,,,,,,,,,,,,,,,,,1,,,,,,,,,,,,,,,,,,,,,1,8,,,,,,,,,,,,,,,,,,,,,,,,,,,,,,,,,,,,,,,,,,,1,,,,,,,
DElightCFSWindow.idf,,,,,,,,,,,,,,,,,3,,,,,,,,,2,,,,,,,,,,,1,,,,,,,,,1,,,,,,,,,,,,,,,,,,,,,,,,,,,,,,,,,,,,,,,1,,,,,,,,,,,,,,,,,2,,,,,,,,,,1,,,,,,2,,,,,,,,,,,,,,,,,,,,,,,,,,,,,,,,,,6,,,,,,,,,,,,,,,,,1,,,,,,,,,,,,,,,,,,,,,,,,,,,,,,,,,,,,,,,,,,,,,,,,,,,,,,,,,,,,,,,,,,,,,,,,,,,,,,,,,,,,,1,,,,,,,,,,,,4,,,,,,,,,,,,,,,,,,,,,,,,,,,,,,,,,,,,,,,5,,1,,,,,,,,,1,,,,,,,,,,,,,,,,,4,,,,,,,,,,,,,,,,,,,,,,,,,,,,,2,,,,,,,,,,,,,,,,,,,2,,,,,,,,,,,,,,,,,,,,,,,,,,,,,,,,,,,,,,,,,,,4,,,,,,,,1,,,,,,,,,,,,,1,,,,,,,,,,,,,,,,,,,,,,,,,,,,,,,,,,,,2,,,,,,,,,,,,,,,,1,,,,,,,,,,,,,,,,,,,,,,,,,,,,,,,,,1,,,1,,,,,,,,,,,,,,,,,,,2,,,,,,,,1,,,,,,,,,,,,,,,,,,,,,,,,,,,,,,,,,,,,,,,,,,,,,,,,,,,,,,,,1,,,,,,,,,,,,,,,1,,,,,,1,,,,,,,,,,,,,,,,,,,,,,,12,,,,,,,,,,,,,,,,,,,,,,,,,,,,,,,,,,,,,,,,,,,,2,,,,,,,,,,,,,,1,,2,,,,,,,,,,2,1,,,,,,,,,,,,,,,,,,,,,,,,,,,,,,,,1,,,,,,,,,,,,,,,,,,,,,1,8,,,,,,,,,,,,,,,,,,,,,,,,,,,,,,,,,,,,,,,,,,,1,,,,,,,
DesiccantCVRh.idf,,,,,,,,,,,,1,,,,,5,,,,,,,,,3,,,,,1,,,,,,,1,,,,,,,,2,,1,,,,,,,,,,,,,,30,,,,,,,,,,,,,,,1,,,,,,,,1,,,,1,1,,1,,,,,,,,,,3,,,,,,,,,,1,,,,,,2,,,,,,,,,,,,,,,,,,,,,,,,,,,,,,,,,,14,,,,,,,,,,,,,,,,,,,,,,,,,,,,,,,,,,,,,,,,,,,,,,,,,,,,,,,,,,,,,,,,,1,,,,,,,,,,,,,,,,,,,,,,,1,,,,,,,,,,,,,,1,,,,,,,,,,,2,62,,1,,,,,,,,,,,,,,,,,,,,,,1,,,,,,,,,,,,,,,5,,,,,,,,,,,1,,,,,,,,,,,,,,,,,19,,,,,,,,,,,,,,,,,,,,,,,,,15,1,,,,,,,,,,,,,,,,,,,,,,8,,,,,,6,,,,,,,,,,,,,,,,,,,,,,,,,,,,,,,,2,,,,,,,,3,,,,,,,,,,,,,,,,,,1,1,,,,,,,,,,1,3,,,,,,,,,,,,,1,,,,,,1,,,,,2,,,,,,,,,,,,3,,,,1,,,,,,,1,,,,,5,,,,,,,,,,,,,,,,,,,,,1,,,1,,,,,,,,,1,,,3,,,,,,,1,,,,1,,3,,1,,,,,,,,,,,,,,,1,,,,,,3,,,,,,,,,1,,,,,,,,,,,1,,,,,,,,,,,,,7,,,,,1,,,,,,,,,6,,,1,,,,,,1,,,,,,,,,,,,,,,,,,,,,,,20,,,,,,,,,1,,,,,,3,1,,,,,,,,,,6,,,,,,,,,,,,,,,,,,3,,,,,,,,,,,,,,1,,3,,,,,,,,,,,1,,,,,2,6,,,,,,,,,,,,,,,,,,,,,,,,,,1,,,,,,,,,,,,,,,,,,,,,1,9,,,,,,,,,,,,,,,,,,,,,,,,1,,,,,,,,,,,,,1,,,,,,1,,,,1,,,
DesiccantCVRhZoneRHCtrl.idf,,,,,,,,,,,,1,,,,,5,,,,,,,,,3,,,,,1,,,,,,,1,,,,,,,,2,,1,,,,,,,,,,,,,,30,,,,,,,,,,,,,,,1,,,,,,,,1,,,,1,1,,1,,,,,,,,,,3,,,,,,,,,,1,,,,,,2,,,,,,,,,,,,,,,,,,,,,,,,,,,,,,,,,,14,,,,,,,,,,,,,,,,,,,,,,,,,,,,,,,,,,,,,,,,,,,,,,,,,,,,,,,,,,,,,,,,,1,,,,,,,,,,,,,,,,,,,,,,,1,,,,,,,,,,,,,,1,,,,,,,,,,,2,66,,1,,,,,,,,,,,,,,,,,,,,,,1,,,,,,,,,,,,,,,5,,,,,,,,,,,1,,,,,,,,,,,,,,,,,21,,,,,,,,,,,,,,,,,,,,,,,,,15,1,,,,,,,,,,,,,,,,,,,,,,8,,,,,,6,,,,,,,,,,,,,,,,,,,,,,,,,,,,,,,,2,,,,,,,,3,,,,,,,,,,,,,,,,,,1,1,,,,,,,,,,1,3,,,,,,,,,,,,,1,,,,,,1,,,,,2,,,,,,,,,,,,3,,,,1,,,,,,,1,,,,,5,,,,,,,,,,,,,,,,1,,,,,1,,,1,,,,,,,,,1,,,3,,,,1,,,1,,,,1,,3,,1,,,,,,,,,,,,,,,1,,,,,,3,,,,,,,,,1,1,,,,,,,,,,1,,,,,,,,,,,,,7,,,,,1,,,,,,,,,6,,,1,,,,,,1,,,,,,,,,,,,,,,,,,,,,,,20,,,,,1,,,,1,,,,,,3,1,,,,,,,,,,6,,,,,,,,,,,,,,,,,,3,,,,,,,,,,,,,,1,,3,,1,,,,,,,,,1,,,,,2,6,,,,,,,,,,,,,,,,,,,,,,,,,,1,,,,,,,,,,,,,,,,,,,,,1,9,,,,,,,,,,,,,,,,,,,,,,,,1,,,,,,,,,,,,,1,,,,,,1,,,,1,,,
DesiccantCVRhZoneRHCtrl_AddedAutosize.idf,,,,,,,,,,,,1,,,,,5,,,,,,,,,3,,,,,1,,,,,,,1,,,,,,,,2,,1,,,,,,,,,,,,,,30,,,,,,,,,,,,,,,1,,,,,,,,1,,,,1,1,,1,,,,,,,,,,3,,,,,,,,,,1,,,,,,2,,,,,,,,,,,,,,,,,,,,,,,,,,,,,,,,,,14,,,,,,,,,,,,,,,,,,,,,,,,,,,,,,,,,,,,,,,,,,,,,,,,,,,,,,,,,,,,,,,,,1,,,,,,,,,,,,,,,,,,,,,,,1,,,,,,,,,,,,,,1,,,,,,,,,,,2,66,,1,,,,,,,,,,,,,,,,,,,,,,1,,,,,,,,,,,,,,,5,,,,,,,,,,,1,,,,,,,,,,,,,,,,,21,,,,,,,,,,,,,,,,,,,,,,,,,15,1,,,,,,,,,,,,,,,,,,,,,,8,,,,,,6,,,,,,,,,,,,,,,,,,,,,,,,,,,,,,,,2,,,,,,,,3,,,,,,,,,,,,,,,,,,1,1,,,,,,,,,,1,3,,,,,,,,,,,,,1,,,,,,1,,,,,2,,,,,,,,,,,,3,,,,1,,,,,,,1,,,,,5,,,,,,,,,,,,,,,,1,,,,,1,,,1,,,,,,,,,1,,,3,,,,1,,,1,,,,1,,3,,1,,,,,,,,,,,,,,,1,,,,,,3,,,,,,,,,1,1,,,,,,,,,,1,,,,,,,,,,,,,7,,,,,1,,,,,,,,,6,,,1,,,,,,1,,,,,,,,,,,,,,,,,,,,,,,20,,,,,1,,,,1,,,,,,3,1,,,,,,,,,,6,,,,,,,,,,,,,,,,,,3,,,,,,,,,,,,,,1,,3,,1,,,,,,,,,1,,,,,2,6,,,,,,,,,,,,,,,,,,,,,,,,,,1,,,,,,,,,,,,,,,,,,,,,1,9,,,,,,,,,,,,,,,,,,,,,,,,1,,,,,,,,,,,,,1,,,,,,1,,,,1,,,
DesiccantDehumidifierWithAirToAirCoil.idf,,,,,,,,,,,,,4,,,,7,,,,2,,,,,6,,,,,,,,,,,4,,,,,,,,,1,,,,,,,,,,,,,,,,2,2,,,,,,,,,,,,,5,8,,4,,,,,,1,,,,2,2,,1,,,,,,,1,,,5,,,,,1,2,,,,4,,,1,,,2,,,,,,,,,,,,,,,,,,,,,,,,,,,,1,,,,,,10,,,,,,,,,,,,,,,,,,,,,,,,,,,,,,,,,,,,,,,,,,,,,,,,,,,,,,,,,,,,,,,,,2,,,,,,,,,,,,2,,,,,,,2,,,,2,,,,,,,,,,,,,,2,,,,,,,,,,,,56,,4,,,,,,,,,,,,,,,,,,,8,,,,,,,,,,,,,,,,,,7,,,,,,,,,,,1,,,,,,,,,,,,,,,,,17,,,,,,,,,,,,,,,,,,,,,,,,,,,,,,,,,,,,,,1,,,,,,,,,,10,,,,,,,,,,,,,,,,,,,,,,,,,,,,,,,,,,,,,,2,,,,,,,,5,,,,,1,,,,,,,,,,,,,1,1,,,,,,,,,,,5,,,,,,,,1,,,,,,,,,,,1,,,,,5,,,,,,,,,,,,5,,,,1,,,,,,,2,,,,,,,,,,,,,,,,,,,,,,,,,,1,3,,1,,,,,,,,,3,,,,,,,,,,6,,,,3,,,,1,,,,,,,,,,,,,,,,,,,,,,,,1,,,,,,,1,,1,,,,,,,,2,,,,,,,,,,,,,2,,3,,,,,,,,,,,,,,,2,,,,,,1,,,,,,,,,,,,,,,,,,,,,,,40,,,,,2,,,,2,,,,,,,,,,,,,,,,,,,,,,1,,2,,,,,,,,,,,5,,,,,,,,,,,,,,1,,5,,2,,,,,,,,,1,,,,,,1,,,,,,,,,,,,,,,,,,,,,,,,,,1,4,,,,,,,,,,,,,,,,,,,,1,10,,,2,,,,,,,,,,,,,,,,,,,,,,,,,,,,,,,,,,2,,,,,,1,,,,2,,,
DesiccantDehumidifierWithCompanionCoil.idf,,,,,,,,,,,,,4,,,,7,,,,2,,,,,6,,,,,,,,,,,4,,,,,,,,,1,,,,,,,,,,,,,,,,2,2,,,,,,,,,,,,,5,8,,4,,,,,,1,,,,1,2,,1,,,,,,,1,,,5,,,,,,2,,,,4,,,1,,,2,,,,,,,,,,,,,,,,,,,,,,,,,,,,1,,,,,,10,,,,,,,,,,,,,,,,,,,,,,,,,,,,,,,,,,,,,,,,,,,,,,,,,,,,,,,,,,,,,,,,,2,,,,,,,,,,,,2,,,,,,,2,,,,2,,,,,,,,,,,,,,2,,,,,,,,,,,,56,,4,,,,,,,,,,,,,,,,,,,6,,,,,,,,,,,,,,,,,,7,,,,,,,,,,,1,,,,,,,,,,,,,,,,,17,,,,,,,,,,,,,,,,,,,,,,,,,,,,,,,,,,,,,,1,,,,,,,,,,10,,,,,,,,,,,,,,,,,,,,,,,,,,,,,,,,,,,,,,2,,,,,,,,5,,,,,1,,,,,,,,,,,,,1,1,,,,,,,,,,,5,,,,,,,,1,,,,,,,,,,,1,,,,,5,,,,,,,,,,,,5,,,,1,,,,,,,2,,,,,,,,,,,,,,,,,,,,,,,,,,1,3,,1,,,,,,,,,3,,,,,,2,,,,6,,,,3,,,,1,,,,,,,,,,,,,,,,,,,,,,,,1,,,,,,,1,,,,,,,,,,2,,,,,,,,,,,,,2,,3,,,,,,,,,,,,,,,2,,,,,,1,,,,,,,,,,,,,,,,,,,,,,,40,,,,,2,,,,2,,,,,,,,,,,,,,,,,,,,,,1,,2,,,,,,,,,,,5,,,,,,,,,,,,,,1,,5,,2,,,,,,,,,1,,,,,,1,,,,,,,,,,,,,,,,,,,,,,,,,,1,3,,,1,,,,,,,,,,,,,,,,,1,10,,,2,,,,,,,,,,,,,,,,,,,,,,,,,,,,,,,,,,2,,,,,,1,,,,2,,,
DirectIndirectEvapCoolers.idf,,,,,,,,,,,,,,,,,7,,,,,,,,,4,,,,,,,,,,,1,,,,,,,,,2,,,,,,,,,,,,,,,,4,,,,,,,,,,,,,,,4,,12,,,,,,1,,,,,4,5,,,,,,,,,,,4,,,,,4,1,,,,63,,,4,,,2,,,,,,1,,,,,,,,,,,,,,,,4,,,,,,,,,,,,,,,,1,,,,,,,,,,,,,,,,,,,,20,,,,,,,,,,,,,,,,,,,,,,,,,,,,,,,,,,,,,,,,,4,,,,,,,,,,,,,,,,,,,,,,,4,4,,,,,,,,,,,,,,,,,,,,,,4,,,17,,4,,,,,,,,,,,1,,,,,,,,8,,,,,,,,,,,,,,,,,,6,,1,,,,,,,,,1,,,,,,,,,,,,,,,,,15,,,,,,,,,,,,,,,,,,,,,,,,,,,,,,,,,,,,,,,,,,,,,,,,8,,,,,,,,,,,,,,,,,,,,,,,,,,,,,,,,,,,,,,4,,,,,,,,8,,,,,1,,,,,,,,,,,,,1,,,,,4,,,,,,,4,,,,,,,1,4,,,,,,,,,,,4,,,,,4,,,1,,,,,,,,,4,,,,1,,,,,,,4,,,,,,2,,,,,,,,,,,,,,,,,,,,1,5,,1,,,,,,2,,,4,,,,,,,,,4,12,,,,4,,,,1,,,,,,,,,,,,,,,,,,,,,,,,4,,,,,,,,,,,,,,,,,4,,,,,,,,,,,,,4,,17,,,,,,,,,,,,,,,,,,,,,1,,,,,,,,,,,,,,,,,,,,,,,35,,,,,,,,,4,,,,,,,,,,,,,,,,3,,,,,,4,,,,,,,,,,,,,4,,,,,,,,,,,,,,1,,4,,,,,,,,,,,1,,,,,,,,,,,,,,,,,,,,,,,,,,,,,,,,1,,,,4,,,,,,,,,,,,,,,,,1,41,,,8,,,,,,,,,,,,,,,,,,,,,,,,,,,,,,,,,,4,,,,,,1,4,,,4,,,
DirectIndirectEvapCoolersVSAS.idf,,,,,,,,,,,,,,,,,7,,,,,,,,,4,,,,,,,,,,,1,,,,,,,,,2,,,,,,,,,,,,,,,,4,,,,,,,,,,,,,,,4,,12,,,,,,1,,,,,4,,,,,,,,,,,,4,,,,,4,1,,,,63,,,4,,,2,,,,,,1,,,,,,,,,,,,,,,,4,,,,,,,,,,,,,,,,1,1,,,,,,,,,,,,,,,,,,,20,,,,,,,,,,,,,,,,,,,,,,,,,,,,,,,,,,,,,,,,,4,,,,,,,,,,,,,,,,,,,,,,,4,4,,,,,,,,,,,,,,,,,,,,,,4,,,16,,4,,,,,,,,,,,1,,,,,,,,8,,,,,,,,,,,,,,,,,,6,,1,,,,,,,,,1,,,,,,,,,,,,,,,,,15,,,,,,,,,,,,,,,,,,,,,,,,,,,,,,,,,,,,,,,,,,,,,,,,8,,,,,,,,,,,,,,,,,,,,,,,,,,,,,,,,,,,,,,4,,,,,,,,8,,,,,1,,,,,,,,,,,,,1,,,,,4,,,,,,,4,,,,,,,1,4,,,,,,,,,,,4,,,,,4,,,1,,,,,,,,,4,,,,1,,,,,,,4,,,,,,2,,,,,,,,,,,,,,,,,,,,1,5,,1,,,,,,2,,,4,,,,,,,,,4,12,,,,4,,,,1,,,,,,,,,,,,,,,,,,,,,,,,4,,,,,,,,,4,,,,,,,,4,,,,,,,,,,,,,4,,17,,,,,,,,,,,,,,,,,,,,,1,,,,,,,,,,,,,,,,,,,,,,,35,,,,,,,,,4,,,,,,,,,,,,,,,,3,,,,,,4,,,,,,,,,,,,,4,,,,,,,,,,,,,,1,,4,,,,,,,,,,,1,,,,,,,,,,,,,,,,,,,,,,,,,,,,,,,,1,,,,,,,,,,,,,,,,,,,,,1,41,,,8,,,,,,,,,,,,,,,,,,,,,,,,,,,,,,,,,,4,,,,,,1,4,,,4,,,
DisplacementVent_1ZoneOffice.idf,,,,,,,3,,,,,,1,,,,4,,,,,,,,,1,,,,,,,,,,,5,1,,,,,,,,1,,,,,,,,,,,,1,,,,25,,,,,,,,,,,,,,5,,1,1,,1,,,,1,,,,,1,,,,,,,,,,,,1,,,,,,2,,,,5,,,,,,2,,,,,,1,,,,,,,,,,,,,,,,1,,,,,,,,,,,,,,,,,1,,,,,,,,,,,,,,,,,,,,,,,,,,,,,,,,,,,,,,,,,,,,,,,,,,,,,,,,,,,,1,,,,,,,,,,,,,,,,,,,,,,,1,1,,,,,,,,,,,,,,,,,,,,,,5,,2,15,,1,,,,,,,,,,,,,,,,,,,,,,1,,,,,,,,,,,,,,,5,,,,,,,,,,,1,,,,,,,,,,,,,,,,,18,,,,,,,,,,,,,,,,,,,,,,,,,15,1,,,,,,,,,,,,,,,,,,,,,,8,,,,,,6,,,,,,,,,,,,,,,,,,,,,,,,,,,,,,,,2,,,1,,,,,5,,,,,1,,,,,,,,,,,,,1,2,,,,,,,,,,1,1,,,,,,,,,,,,,,,,,,,1,,,,,5,,,,,,,,,,,,5,,,,1,,,,,,,1,,,,,2,,,,,,,,,,,,,,,,,,,,,1,14,,1,,,,,,,,,1,,,3,,,,,,1,4,,,,1,,,,1,,,,,,,,,,,,,,,,,,,,,2,,,,,,,,,,,,,,,,,,,,1,,,,,,,,,,,,,7,,2,,,1,,,,,,,,,6,,,,,,,,,1,,,,,,,,,,,,,,,,,,,,,,,6,,,,,,,,,1,,,,,,1,1,,,,,,,,,,6,,,,,1,,,,,,,,,,,,,1,,,,,,,,,,,,,,1,,1,,,,,,,,,,,1,,,,,2,6,,,,,,,,,,,,,,,,,,,,,,,,,,1,,,,,,,,,,,,,,,,,,,,,1,10,,,1,,,,,,,,,,,,,,,,,,,,,1,,,,,,,,,,,,,1,,,,,,1,,,,1,,,
DisplacementVent_Nat_AirflowNetwork.idf,,,,,,,,,,,,,,,,,3,,,,,,,,,1,,,,,,,,,,,,,,,,,,,,1,,,,,,,,,,,,1,,,,,,,,,,,,,2,,,,,,,,,,,,,,1,,,,,,,,,,,,,,,,,,,,,,,2,,,,1,,,,,,2,,,,,,,,,,,1,,,,,,,,,,,,,,,,,,,,,,,4,,,,,,,,,,,,,,,,,,,,,,,,,,,,,,,,,,,,,,,,,,,,,,,,,,,,,,,,,,,,,,,,,,,,,,,,,,,,,1,,,,,,,,,,,,,,,,,,,,,,,,,,,,,,,,,,,,,11,,,,,,,,,,,,,,,,,,,,,,,,,,,,,,,,,,,,,,,4,,1,,,,,,,,,1,,,,,,,,,,,1,,,,,,4,,,,,,,,,,,,,,,,,,,,,,,,,,,,,,,,,,3,,,,,,,,,,,,,,,,,,,,,,,,,,,,,,,,,,,,,,,,,,,,1,,,,,,,,,1,,1,,,,,1,,,,,1,,,1,,,,,,,,,,1,,,,,,,,,,,,,,,,,,,,,,,,,,,,,,,,,,,,,,,1,,,,,,,,,1,,,,1,,,,,,,,,,,,,,,,,,,,,,,,,,,,,,,,,1,,,1,,,,,1,,,,,,,,,,,,,,4,,,,,,,,1,,,,,,,,,,,,,,,,,,,,,,,,,,,,,,,,,,,,,,,,,,,,,,,,,,,,,,,,1,,,,,,,,,,,,,,,,,,,,,1,,,,,,,,,,,,,,,,,,,2,,,,6,,,,,,,,,,,,,,,,,,,,,,,,,,,,,,,,,,,,,,,,,,,,,,,,,,,,,,,,,,1,,,,,,,,,,,,,1,,,,,,,,,,,,,,,,,,,,,,,,,,,,,,,,1,,,,,,,,,,,,,,,,,,,,,1,2,,,,,,,3,,,,,,,,,,,,,,,,,,,,,,,,,,,,,,,,,,,,1,,,,,,,
DisplacementVent_Nat_AirflowNetwork_AdaptiveComfort.idf,,,,,,,,,,,,,,,,,3,,,,,,,,,1,,,,,,,,,,,,,,,,,,,,1,,,,,,,,,,,,1,,,,,,,,,,,,,2,,,,,,,,,,,,,,1,,,,,,,,,,,,,,,,,,,,,,,2,,,,1,,,,,,2,,,,,,,,,,,1,,,,,,,,,,,,,,,,,,,,,,,4,,,,,,,,,,,,,,,,,,,,,,,,,,,,,,,,,,,,,,,,,,,,,,,,,,,,,,,,,,,,,,,,,,,,,,,,,,,,,1,,,,,,,,,,,,,,,,,,,,,,,,,,,,,,,,,,,,,15,,,,,,,,,,,,,,,,,,,,,,,,,,,,,,,,,,,,,,,4,,1,,,,,,,,,1,,,,,,,,,,,1,,,,,,8,,,,,,,,,,,,,,,,,,,,,,,,,,,,,,,,,,3,,,,,,,,,,,,,,,,,,,,,,,,,,,,,,,,,,,,,,,,,,,,1,,,,,,,,,1,,1,,,,,1,,,,,1,,,1,,,,,,,,,,1,,,,,,,,,,,,,,,,,,,,,,,,,,,,,,,,,,,,,,,1,,,,,,,,,1,,,,1,,,,,,,,,,,,,,,,,,,,,,,,,,,,,,,,,1,,,1,,,,,1,,,,,,,,,,,,,,4,,,,,,,,1,,,,,,,,,,,,,,,,,,,,,,,,,,,,,,,,,,,,,,,,,,,,,,,,,,,,,,,,1,,,,,,,,,,,,,,,,,,,,,1,,,,,,,,,,,,,,,,,,,2,,,,6,,,,,,,,,,,,,,,,,,,,,,,,,,,,,,,,,,,,,,,,,,,,,,,,,,,,,,,,,,1,,,,,,,,,,,,,1,,,,,,,,,,,,,,,,,,,,,,,,,,,,,,,,1,,,,,,,,,,,,,,,,,,,,,1,2,,,,,,,3,,,,,,,,,,,,,,,,,,,,,,,,,,,,,,,,,,,,1,,,,,,,
DisplacementVent_VAV.idf,,,,,,,,,,,,,1,,,,6,,,,,,,,,1,,,,,,,,,,,,,,,,,,,,1,,,,,,,,,,,,1,,,,1,1,,,,,,,,,,,,,1,2,,3,,,,,,1,,,,,1,,,,,,,,,,,,1,,,,,,,,,,1,,,,,,2,,,,,,1,,,,,,,,,,,,,,,1,1,,,,,,,,,,,,10,,,,,,,,,,,,,,,,,,,,,,,,,,,,,,,,,,,,,,,,,,,,,,,,,,,,,,,,,,,,,,,,,1,,,,,,,,,,,,1,,,,,,,,,,,1,1,,,,,,,,,,,,,,,,,,,,,,,,,11,,1,,,,,,,,,,,,,,,,,,,2,,,,,,,,,,,,,,,,,,4,,1,,,,,,,,,1,,,,,,,,,,,,,,,,,15,,,,,,,,,,,,,,,,,,,,,,,,,,,,,,,,,,,,,,1,,,,,,,,,,4,,,,,,,,,,,,,,,,,,,,,,,,,,,,,,,,,,,,,,1,,,1,,,,,1,,,,,1,,,,,,,,,,,,,1,1,,,,,,,,,,,1,,,,,,,,,,,,,,,,,,,1,,,,,,,,1,,,,,,,,,1,,,,1,,,,,,,1,,,,,,,,,,,,,,,,,,,,,,,,,,1,,,1,,,,,,,,,1,,,,,,,,,1,3,,,,1,,,,1,,,,,,,,,,,,,,,,,,,,,,,,1,,,,,,,,,,,,,,,,,1,,,,,,,,,,,,,1,,1,,,,,,,,,,,,,,,,,,,,,1,,,,,,,,,,,,,,,,,,,,,,,6,,,,,,,,,1,,,,,,,,,,,,,,,,,,,,,,1,,,,,,,,,,,,,1,,,,,,,,,,,,,,1,,1,,,,,,,,,,,1,,,,,,1,,,,,,,,,,,,,,,,,,,,,,,,,,1,,,,,,,,,,,,,,,,,,,,,1,2,,,1,,,,,,,,,,,,,,,,,,,,,,,,,,,,,,,,,,1,,,,,,1,,,,1,,,
DOASDualDuctSchool.idf,,,,,,,3,,,,,,,,,,7,,,,,,,,,11,,,1,,,,,,,,9,,,,,,,,,2,,,,,,,,,,,,,,,,47,,,,,,,,,,,,,,11,,5,1,,1,,,,1,,,,,2,,,,,,,,,,,,11,,4,,,5,,,,,2,,,,,,3,,,,,,1,,,,,,,,,,,,,,,,11,,,,,,,,,,,,14,,,,1,1,,,,,,,,,,,,,,,,,,,,,,1,,,,,,,,,,,,,,,,,,,,,,,11,,,,,,,,,,,,,,,2,,,,,,,,,,,,42,,,,,,,,,,,3,2,,,,,,,,,,,,,,,,,,,,,,11,,3,10,,2,,,,,,,,,,,,,,,,,,,2,,,,,,,,,,,,,,,,,,11,,1,,,,,,,,,1,,,,,,,,,,,,,,,,,33,,,,,,,,,,,,,,,,,,,,,,,,,15,,,,,,,,,,,,,,,,,,,,,,,23,,,,,,7,,6,,,,,,,,,,,,,,,,,,,,1,,,,,,,,,,4,,,,,,,,6,,,,,1,,,1,,,,,,,,,,1,3,,,,,,,,,,,11,,,,,,,1,,,,,,,,,,,,2,1,,,,11,,,1,,,,,,,,,6,,,,1,,,,,,,2,,,,,3,,,,,,,,,,,,,,,,,,,,,1,,1,1,,,,,,,,,,,,3,,,,,1,22,145,,,,,,,,1,,,,,,10,,,,,,,,,3,,,,,,1,,,6,,,,,,,,,,,,,,,,,2,,,,,,,,,,1,,,8,,,,,5,,,,,,,,,6,,,,,,,,,1,,,,,,,,,,,,,,,,,,,,,,,75,,,,,,,,,7,,,,,,7,2,,,,,,,,1,,7,5,,,,11,,,1,,,,,,,,,,11,,,,,,,,,,,,,,1,,11,,,,,,,,,,,1,,,,,3,7,,,,,,,,,,,,1,,,,,,,,,,,,,,1,,,,,,,,,,,,,,,,,,,,,1,19,,,6,,,,,,,,,,,,,,,,,,,,,,,,,,,,,,,,,,2,,,,,,1,,,,3,,,
DOASDXCOIL_wADPBFMethod.idf,,,,,,,,,,,,,,,,,7,,,,,,,,,6,,,,,,,,,,,2,,,,,,,,,2,,,,,,,,,,,,,,,,1,1,,,,,,,,,,,,,5,1,,4,,,,,,1,,,,,1,,,5,,,,,,,,,5,,,,,5,2,,,,4,,,,,,2,,,,,,1,,,,,,,,,,,,,,,,5,,,,,,,,,,,,8,,,,,,,,,,,,,,,,,,,,,,,,,,,,,,,,,,,,,,,,,,,,,,,5,,,,,,,,,,,,,,,,,,1,,,,,,,,,,,,2,,,,,,,,5,,,1,1,,,,,,,,,,,,,,,,,,,,,,,,,44,,2,,,,,,,,,,,,,,,,,,,15,,,,,,,,,,,,,,,,,,7,,,,,,,,,,,1,,,,,,,,,,,,,,,,,17,,,,,,,,,1,,,,,,,,,,,1,,,,,,,1,,,,,,,,,,,,,,,,,,,,,14,,,,,,,,,,,,,,,,,,,5,,,,,,,,,1,,,,,,,,,,1,,,,,,,,5,,,,,1,,,,,,,,,,,,,1,1,,,,,,,,,,,5,,,,,,,,,,,,,,,,,,,1,,,,,5,,,1,,,,,,,,,5,,,,1,,,,,,,1,,,,,,,,,,,,,,,,,,,,,,,,,,1,,,1,,,,,,,,,1,,,,,,,,,5,6,,,,1,,,,1,,,,,,,,,,,,,,,,,,,,,,,,,,,,,,,,,,,,,,,,,1,,,,,,,,,,,,,1,,3,,,,,,,,,,,,,,,,,,,,,1,,,,,,,,,,,,,,,,4,,,,,,,40,,,,,5,,,,6,,,,,,,,,,,,,,,,,,,,,,1,1,,,,,,,,1,,,,5,,,,,,,,,,,,,,1,,5,,,,,,,,,,,1,,,,,,1,,,,,,,,,,,5,,,,,,,,,1,,,,,,1,12,,,,,,,,,,,,,,,,,,,,1,10,,,,,,,,,,,,,,,,,,,,,,,,,,,,,,,,,,,,,1,,,,,,1,,,,1,,,
DOASDXCOIL_wADPBFMethod_NoReturnPath.idf,,,,,,,,,,,,,,,,,7,,,,,,,,,6,,,,,,,,,,,2,,,,,,,,,2,,,,,,,,,,,,,,,,1,1,,,,,,,,,,,,,5,1,,4,,,,,,1,,,,,,,,5,,,,,,,,,5,,,,,5,2,,,,4,,,,,,2,,,,,,1,,,,,,,,,,,,,,,,5,,,,,,,,,,,,8,,,,,,,,,,,,,,,,,,,,,,,,,,,,,,,,,,,,,,,,,,,,,,,5,,,,,,,,,,,,,,,,,,,,,,,,,,,,,,2,,,,,,,,5,,,1,1,,,,,,,,,,,,,,,,,,,,,,,,,47,,2,,,,,,,,,,,,,,,,,,,15,,,,,,,,,,,,,,,,,,7,,,,,,,,,,,1,,,,,,,,,,,,,,,,,17,,,,,,,,,1,,,,,,,,,,,1,,,,,,,1,,,,,,,,,,,,,,,,,,,,,14,,,,,,,,,,,,,,,,,,,5,,,,,,,,,1,,,,,,,,,,,,,,,,,,5,,,,,1,,,,,,,,,,,,,1,1,,,,,,,,,,,5,,,,,,,,,,,,,,,,,,,,,,,,5,,,1,,,,,,,,,5,,,,1,,,,,,,,,,,,,,,,,,,,,,,,,,,,,,,,,1,,,1,,,,,,,,,1,,,,,,,,,5,6,,,,1,,,,1,,,,,,,,,,,,,,,,,,,,,,,,,,,,,,,,,,,,,,,,,,,,,,,,,,,,,,1,,3,,,,,,,,,,,,,,,,,,,,,1,,,,,,,,,,,,,,,,4,,,,,,,40,,,,,5,,,,5,,,,,,,,,,,,,,,,,,,,,,1,1,,,,,,,,1,,,,5,,,,,,,,,,,,,,1,,5,,,,,,,,,,,1,,,,,,1,,,,,,,,,,,5,,,,,,,,,1,,,,,,1,12,,,,,,,,,,,,,,,,,,,,1,10,,,,,,,,,,,,,,,,,,,,,,,,,,,,,,,,,,,,,1,,,,,,1,,,,1,,,
DOAS_wNeutralSupplyAir_wFanCoilUnits.idf,,,,,,,3,,,,,,,,,,20,,,,,,,,,6,,,,,2,,,,,,2,1,,5,,,,,,1,,,,,,,,,,,,,,,,38,,,,,,,,,,,,,,5,,6,2,,1,,,,1,,,,,1,,,,,,,,,,,,5,2,,,,5,2,,,,4,,,,,,2,,,,,,1,,,1,,,,,,,,,,,,,5,,,,,,,,,,,,2,,,,,,,1,,,,,,,,,,,,,,,,,,,,,,,,,,,,,,,,,,,,,,,,5,,,,,,,,,,,,,,,,,,1,,,,,,,,,,,,2,,,,,,,,5,,,1,1,,,,,,,,,,,,,,,,,,,,,,,,3,8,,6,,,,,,,,,,,,,,,,,,1,4,,,,,,,,,,,,,,,,,6,7,,1,,,,,,,,,,,,,,,,,,,,,,,,,,15,,,,,,,,,1,,,,,,,,,,,,,,,,18,,,,,,,,,,,,,,,,,,,,,,,18,,,,,,6,,,,,,,,,,,,,,,,,,,,,,,,,,,,,,,,2,,,,,,,,5,,,,,,,,1,,,,,,,,,,1,1,,,,,,,,,,,5,,,,,,,,,,,,,,,,,,,1,,,,,5,,,,1,,,,,,,,5,,,2,1,,,1,,,,1,,,,,3,,,,,,,,,,,,,,,,,,,,,1,,,1,,,,,,,,,2,,,3,,,,,,5,6,,,,2,,,,1,,,,,,,,,,,,,,,,,,,,,2,,,1,,,,,,,,,,,,,,,,,1,,,,,,,,,,1,,,7,,3,,,2,,,,,,,,,6,,,,,,,,,1,,,,,,,,,,,,,,,,,,,,,,,40,,,,,5,,,,6,,,,,,6,1,,,,,,,,,,6,5,,,,5,,,,,,,,,,,,,5,,,,,,,,,,,,,,1,,5,,,,,,,,,,,1,,,,,3,2,,,,,,,,,,,,,,,,,,,,,,,,,,1,6,,,,,2,,,,,,1,,,,,,,,,,10,,,4,,,,,,,,,,,,,,,,,,,,,,,,,,,,,,,,,,1,,,,,,1,,,,1,,,
DOAToFanCoilInlet.idf,,,,,,,3,,,,,,,,,,7,,,,,,,,,6,,,,,,,,,,,4,1,,,,,,,,2,,,,,,,,,,,,,,,,35,,,,,,,,,,,,,,5,,6,2,,1,,,,1,,,,5,1,,,,,,,,,,,,5,2,,,,,2,,,,4,,,,,,2,,,,,,1,,,1,,,,,,,,,,,,,5,,,,,,,,,,,,,,,,,,,,,,,,,,,,,,,,,,,,,,,,,,,,,,,,,,,,,,,,,,,1,,,,,,,,,,,,,,,,,,1,,,,,,,,5,,,,2,,,,,,,,,,,1,1,,,,,,,,,,,,,,,,,,,,,,,,2,13,,1,,,,,,,,,,,,,,,,,,,2,,,1,,,,,,,,,,,,,,,7,,,,,,,,,,,1,,,,,,,,,,,,,,,,,14,,,,,,,,,,,,,,,,,,,,,,,,,15,1,,,,,,,,,,,,,,,,,,,,,,5,,,,,,6,,,,,,,,,,,,,,,,,,,,,,1,,,,,,,,,,2,,,,,,,,5,,,,,,,,,,,,,,,,,,1,1,,,,,,,,,,1,5,,,,,,,,,,,,,,,,,,,1,,,,,5,,,,1,,,,,,,,5,,,,,,,,,,,1,,,,,2,,,,,,,,,,,,,,,,,,,,,1,,,1,,,,,,,,,1,,,1,2,,,,,5,6,,,,1,,,,1,,,,,,,,,,,,,,,,,,,,,2,,,1,,,,,,,,,,,,,,,,,1,,,,,,,,,,1,,,7,,3,,,2,,,,,,,,,6,,,,,,,,,1,,,,,,,,,,,,,,,,,,,,,,,40,,,,,,,,,1,,,,,,6,1,,,,,,,,,,6,5,,,,1,,,,,,,,,,,,,5,,,,,,,,,,,,,,1,,5,,,,,,,,,,,1,,,,,2,3,,,,,,,,,,,,,,,,,,,,,,,,,,1,,,,,,,,,,,,1,,,,,,,,,1,10,,,4,,,,,,,,,,,,,,,,2,,,,,,,,,,,,,,,,,,1,,,,,,1,,,,1,,,
DOAToFanCoilSupply.idf,,,,,,,3,,,,,,,,,,7,,,,,,,,,6,,,,,,,,,,,4,1,,,,,,,,2,,,,,,,,,,,,,,,,35,,,,,,,,,,,,,,5,,6,2,,1,,,,1,,,,5,1,,,,,,,,,,,,5,2,,,,,2,,,,4,,,,,,2,,,,,,1,,,1,,,,,,,,,,,,,5,,,,,,,,,,,,,,,,,,,,,,,,,,,,,,,,,,,,,,,,,,,,,,,,,,,,,,,,,,,1,,,,,,,,,,,,,,,,,,1,,,,,,,,5,,,,2,,,,,,,,,,,1,1,,,,,,,,,,,,,,,,,,,,,,,,2,14,,1,,,,,,,,,,,,,,,,,,,2,,,1,,,,,,,,,,,,,,,7,,,,,,,,,,,1,,,,,,,,,,,,,,,,,14,,,,,,,,,,,,,,,,,,,,,,,,,15,1,,,,,,,,,,,,,,,,,,,,,,5,,,,,,6,,,,,,,,,,,,,,,,,,,,,,1,,,,,,,,,,2,,,,,,,,5,,,,,,,,,,,,,,,,,,1,1,,,,,,,,,,1,5,,,,,,,,,,,,,,,,,,,1,,,,,5,,,,1,,,,,,,,5,,,,,,,,,,,1,,,,,2,,,,,,,,,,,,,,,,,,,,,1,,,1,,,,,,,,,1,,,1,2,,,,,5,6,,,,1,,,,1,,,,,,,,,,,,,,,,,,,,,2,,,1,,,,,,,,,,,,,,,,,1,,,,,,,,,,1,,,7,,3,,,2,,,,,,,,,6,,,,,,,,,1,,,,,,,,,,,,,,,,,,,,,,,40,,,,,,,,,1,,,,,,6,1,,,,,,,,,,6,5,,,,1,,,,,,,,,,,,,5,,,,,,,,,,,,,,1,,5,,,,,,,,,,,1,,,,,2,3,,,,,,,,,,,,,,,,,,,,,,,,,,1,,,,,,,,,,,,1,,,,,,,,,1,10,,,4,,,,,,,,,,,,,,,,2,,,,,,,,,,,,,,,,,,1,,,,,,1,,,,1,,,
DOAToPTAC.idf,,,,5,,,,,,,,,,,,,7,,,,,,,,,6,,,,,,,,,,,4,,,,,,,,,2,,,,,,,,,,,,,,,,1,,,,,,,,,,,,,,5,5,,3,,,,,,1,,,,,1,,,,,,,,,,,,5,2,,,,5,2,,,,4,,,,,,2,,,,,,1,,,1,,,,,,,,,,,,,5,,,,,,,,,,,,,,,,,,,,,,,,,,,,,,,,,,,,,,,,,,,,,,,,,,,,,,,,,,,1,,,,,,,,,,,,,,,,,,1,,,,,,,,5,,,,2,,,,,,,,,,,1,1,,,,,,,,,,,,,,,,,,,,,,,,,70,,1,,,,,,,,,,,,,,,,,,,2,,,,,,,,,,,,,,,,,,7,,,,,,,,,,,1,,,,,,,,,,,,,,,,,14,,,,,,,,,,,,,,,,,,,,,,,,,,,,,,,,,,,,,,,,,,,,,,,,5,,,,,,,,,,,,,,,,,,,,,,,,,,,,1,,,,,,,,,,1,,,,,,,,5,,,,,,,,,,,,,,,,,,1,1,,,,,,,,,,,5,,,,,,,,,,,,,,,,,,,1,,,,,5,,,,1,,,,,,,,5,,,,1,,,,,,,1,,,,,,,,,,,,,,,,,,,,,,,,,,1,,,1,,,,,,,,,1,,,,,,,,,5,6,,,,1,,,,1,,,,,,,,,,,,,,,,,,,,,,,,,,,,,,,,,,,,,,,,,1,,,,,,,,,,,,,1,,3,,,,,,,,,,,,,,,,,,,,,1,,,,,,,,,,,,,,,,,,,,,,,40,,,,,,,,,1,,,,,,,,,,,,,,,,,,,,,,1,,,,,,,,,,,,,5,,,,,,,,,,,,,,1,,5,,,,,,,,,,,1,,,,,,1,,,,,,,,,,,,1,,,,,,,,,,,,,,1,1,,,5,,,,,,,,1,,,,,,,,,1,10,,,,,,,,,,,,,,,,,,,,,,,,,,,,,,,,,,,,,1,,,,,,1,,,,1,,,
DOAToPTAC_DrawReturnAir.idf,,,,5,,,,,,,,,,,,,7,,,,,,,,,6,,,,,,,,,,,4,,,,,,,,,2,,,,,,,,,,,,,,,,1,,,,,,,,,,,,,,5,5,,3,,,,,,1,,,,,1,,,,,,,,,,,,5,,,,,5,2,,,,1,,,,,,2,,,,,,1,,,,,,,,,,,,,,,,5,,,,,,1,,,,,,,,,,,,,,,,,,,,,,,,,,,,,,,,,,,,,,,,,,,,,,,,,,,,,1,,,,,,,,,,,,,,,,,,1,,,,,,,,4,,,,2,,,,,,,,,,,1,1,,,,,,,,,,,,,,,,,,,,,,,,,10,,1,,,,,,,,,,,,,,,,,,,2,,,,,,,,,,,,,,,,,,6,,,,,,,,,,,1,,,,,,,,,,,,,,,,,14,,,,,,,,,,,,,,,,,,,,,,,,,,,,,,,,,,,,,,,,,,,,,,,,6,,,,,,,,,,,,,,,,,,,,,,,,,,,,,,,,,,,,,,1,,,,,,,,5,,,,,,,,,,,,,,,,,,1,1,,,,,,,,,,,5,,,,,,,,1,,,,,,,,,,,,,,,,5,,,,,,,,,,,,5,,,,1,,,,,,,1,,,,,,,,,,,,,,,,,,,,,,,,,,1,,,1,,,,,,,,,1,,,,,,,,,5,6,,,,1,,,,1,,,,,,,,,,,,,,,,,,,,,,,,,,,,,,,,,,,,,,,,,1,,,,,,,,,,,,,1,,,,,,,,,,,,,,,,,,,,,,,1,,,,,,,,,,,,,,,,,,,,,,,40,,,,,,,,,1,,,,,,,,,,,,,,,,,,,,,,1,,,,,,,,,,,,,5,,,,,,,,,,,,,,1,,5,,,,,,,,,,,1,,,,,,1,,,,,,,,,,,,1,,,,,,,,,,,,,,1,1,,,5,,,,,,,,,,,,,,,,,1,10,,,,,,,,,,,,,,,,,,,,,,,,,,,,,,,,,,,,,1,,,,,,1,,,,1,,,
DOAToPTHP.idf,,,,,,,,,,,,,,,,,7,,,,,,,,,6,,,,,,,,,,,4,,,1,,,,,,2,,,,,,,,,,,,,,,,1,,,,,,,,,,,,,,5,5,,5,,,,,,1,,,,,1,,,,,,,,,,,,5,2,,,,5,2,,,,4,,,,,,2,,,,,,1,,,1,,,,,,,,,,,,,5,,,,,,,,,,,,,,,,,,,,,,,,,,,,,,,,,,,,,,,,,,,,,,,,,,,,,,,,,,,1,,,,,,,,,,,,,,,,,,1,,,,,,,,5,,,,2,,,,,,,,,,,1,1,,,,,,5,,,,,,,,,,,,,,,,,,,73,,1,,,,,,,,,,,,,,,,,,2,2,,,,,,,,,,,,,,,,,,7,,,,,,,,,,,1,,,,,,,,,,,,,,,,,14,,,,,,,,,,,,,,,,,,,,,,,,,,,,,,,,,,,,,,,,,,,,,,,,5,,,,,,,,,,,,,,,1,,,,,,,,,,,,,1,,,,,,,,,,1,,,,,,,,5,,,,,,,,,,,,,,,,,,1,1,,,,,,,,,,,5,,,,,,,,,,,,,,,,,,,1,,,,,5,,,,1,,,,,,,,5,,,,1,,,,,,,1,,,5,,,,,,,,,,,,,,,,,,,,,,,1,,,1,,,,,,,,,1,,,,,,,,,5,6,,,,1,,,,1,,,,,,,,,,,,,,,,,,,,,,,,,,,,,,,,,,,,,,,,,1,,,,,,,,,,,,,1,,3,,,,,,,,,,,,,,,,,,,,,1,,,,,,,,,,,,,,,,,,,,,,,40,,,,,,,,,1,,,,,,,,,,,,,,,,,,,,,,1,,,,,,,,,,,,,5,,,,,,,,,,5,,,,1,,5,,,,,,,,,,,1,,,,,,1,,,,,,,,,,,,1,,,,,,,,,,,,,,1,4,,,5,,,,,,,,1,,,,,,,,,1,10,,,,,,,,,,,,,,,,,,,,,,,,,,,,,,,,,,,,,1,,,,,,1,,,,1,,,
DOAToUnitarySystem.idf,,,,,,,,,,,,,,,,,7,,,,,,,,,6,,,,,,,,,,,4,,,,,,,,,2,,,,,,,,,,,,,,,,1,,,,,,,,,,,,,,5,5,,3,,,,,,1,,,,,1,,,,,,,,,,,,5,2,,,,5,2,,,,4,,,,,,2,,,,,,1,,,1,,,,,,,,,,,,,5,,,,,,,,,,,,,,,,,,,,,,,,,,,,,,,,,,,,,,,,,,,,,,,,,,,,,,,,,,,1,,,,,,,,,,,,,,,,,,1,,,,,,,,5,,,,2,,,,,,,,,,,1,1,,,,,,,,,,,,,,,,,,,,,,,,,71,,1,,,,,,,,,,,,,,,,,,2,2,,,,,,,,,,,,,,,,,,7,,,,,,,,,,,1,,,,,5,,,,,,,,,,,,17,,,,,,,,,,,,,,,,,,,,,,,,,,,,,,,,,,,,,,,,,,,,,,,,5,,,,,,,,,,,,,,,1,,,,,,,,,,,,,,,,,,,,,,,1,,,,,,,,5,,,,,,,,,,,,,,,,,,1,1,,,,,,,,,,,5,,,,,,,,,,,,,,,,,,,1,,,,,5,,,,1,,,,,,,,5,,,,1,,,,,,,1,,,5,,,,,,,,,,,,,,,,,,,,,,,1,,,1,,,,,,,,,1,,,,,,,,,5,6,,,,1,,,,1,,,,,,,,,,,,,,,,,,,,,,,,,,,,,,,,,,,,,,,,,1,,,,,,,,,,,,,1,,3,,,,,,,,,,,,,,,,,,,,,1,,,,,,,,,,,,,,,,,,,,,,,40,,,,,,,,,1,,,,,,,,,,,,,,,,,,,,,,1,,,,,,,,,,,,,5,,,,,,,,,,,,,,1,,5,,,,,,,,,,,1,,,,,,1,,,,,,,,,,,,1,,,,,,,,,,,,,,1,1,,,5,,,,,,,,1,,,,,,,,,1,10,,,,,,,,,,,,,,,,,,,,,,,,,,,,,,,,,,,,,1,,,,,,1,,,,1,,,
DOAToUnitVentilator.idf,,,,,,,2,,,,,1,,,,,5,,,,,,,,,6,,,,,,,,,,,4,,,,,,,,,2,,1,,,,,,,,,,,,,,20,,,,,,,,,,,,,,,1,2,,,,,,,1,,,,5,1,,,,,,,,,,,,5,2,,,,,2,,,,4,,,,,,2,,,,,,,,,1,5,,,,,,,,,,,,5,,,,,,,,,,,,,,,,,,,,,,,,,,,,,,,,,,,,,,,,,,,,,,,,,,,,,,,,,,,,,,,,,,,,,,,,,,,,,1,,,,,,,,5,,,,2,,,,,,,,,,,1,1,,,,,,,,,,,,,1,,,,,,,,,,,2,36,,,,,,,,,,,,,,,,,,,,,,,,,,,,,,,,,,,,,,,7,,,,,,,,,,,1,,,,,,,,,,,,,,,,,19,,,,,,,,,,,,,,,,,,,1,,,,,,10,,,,,,,,,,,,,,,,,,,,,,,17,,,,,,4,,,,,,,,,,,,,,,,,,,,,,,,,,,,,,,,1,,,,,,,,5,,,,,,,,,,,,,,,,,,1,1,,,,,,,,,,,5,,,,,,,,,,,,,,,,,,,1,,,,,5,,,,1,,,,,,,,5,,,,1,,,,,,,1,,,,,2,,,,,,,,,,,,,,,,,,,,,1,,,1,,,,,,,,,1,,,2,,,,,,5,6,,,,1,,,,1,,,,,,,,,,,,,,,,,,,,,1,,,1,,,,,,,,,,,,,,,,,1,,,,,,,,,,,,,5,,3,,,,,,,,,,,,4,,,1,,,,,,1,,,,,,,,,,,,,,,,,,,,,,,40,,,,,,,,,1,,,,,,3,1,,,,,,,,,,4,,,,,1,,,,,,,,,,,,,5,,,,,,,,,,,,,,1,,5,,,,,,,,,,,1,,,,,2,2,,,,,,,,,,,,,,,,,,,,,,,,,,1,,,,,,,,,,,,1,,,,,,,,,1,10,,,,,,,,,,,,,,,,,,,,,,,,,,,,,,,,,,,,,1,,,,,,1,,,,1,,,
DOAToVRF.idf,,,,,,,,,,,,,,,,,7,,,,,,,,,6,,,,,,,,,,,4,,,,,,,,,2,,,,,,,,,,,,,,,,1,,,,,,,,,,,,,,5,,,4,,,,,,1,,,,5,1,,,5,,,,,,,,,5,2,,,,,2,,,,4,,,,,,2,,,,,,1,,,1,,,,,,,,,,,,,5,,,,,,,,,,,,6,,,,,,,,,,,,,,,,,,,,,,,,,,,,,,,,,,,,,,,,,,,,,,,1,,,,,,,,,,,,,,,,,,1,,,,,,,,5,,,,2,,,,,,,,,,,1,1,,,,,,,,,,,,,2,,,,,,,,,,,,74,,1,,,,,,,,,,,,,,,,,,,13,,,,,,,,,,,,,,,,,,7,,,,,,,,,,,1,,,,,,,,,,,,,,,,,16,,,,,,,,,,,,,,,,,,,,,,,,,,,1,,,,,,,,,,,,,,,,,,,,,6,,,,,,,,,,,,,,,,,,,5,,,,,,,,,1,,,,,,,,,,1,,,,,,,,5,,,,,1,,,1,,,,,,,,,,1,1,,,,,,,,,,,5,,,,,,,,,,,,,,,,,,,1,,,,,5,,,,1,,,,,,,,5,,,,1,,,,,,,1,,,,,,,,,,,,,,,,,,,,,,,,,,1,12,,1,,,,,,,,,1,,,,,,,,,5,6,,,,1,,,,1,,,,,,,,,,,,,,,,,,,,,,,,,,,,,,,,,,,,,,,,,1,,,,,,,,,,,,,1,,3,,,,,,,,,,,,,,,2,,,,,,1,,,,,,,,,,,,,,,,,,,,,,,40,,,,,,,,,1,,,,,,,,,,,,,,,,,,,,,,1,,,,,,,,,1,,,,5,,,,,,,,,,,,,,1,,5,,,,,,,,,,,1,,,,,,,,,,,,,,,,,5,,,,,,,,,1,,,,,,1,10,,,,,,,,,,,1,,,,,2,,,,1,10,,,,,,,,,,,,,,,,,,,,,,,,,,,,,,,,,,,,,1,,,,,,1,,,,1,,,
DOAToWaterToAirHPInlet.idf,,,,,,,1,,,,,,,,,,7,,,,,,,,,6,,,,,,,,,,,4,,,,,,,,,2,,,,,,,,,,,,,,,,18,,,,,,,,,,,,,,5,5,,2,,,,,,1,,,,,1,,,,,,,,,,,,5,2,,,,5,2,,,,4,,,,,,2,,,,,,1,,,1,,,,,,,,,,,,,5,,,,,,,,,,,,,,,,,,,,,,,,,,,,,,,,,,,,,,,,,,,,,,,,,,,,,,,,,,,1,,,,,,,,,,,,,,,,,,1,,,,,,,,5,,,,2,,,,,,,,,,,1,1,,1,,,,,,,,,,,,,,1,,,,,,,,,45,1,1,,,,,,,,,,,,,,5,,,,,,,,1,,,,,,,,,,,,,,,7,,,,,,,,,,,1,1,,,,,,,,,,,,,,,,13,,,,,,,,,,,,,,,,,,,,,,,,,5,1,,,,,,,,,,,,,,,,,,,,,,5,,5,,,,2,,,,,,,,,,,,,,,,,,,,,,1,,,,,,,,,,1,,,,,,,,5,,,,,,,,,,,,,,,,,,1,1,,,,,,,,,,1,5,,,,,,,,,,,,,,,,,,,1,,,,,5,,,,1,,1,,,4,,,5,,,,1,,,,,,,1,,,,,,,,,,,,,,,,,1,,,,,,,,,1,,,1,,,,,,,,,1,,,1,,,,,,5,6,,,,1,,,,1,,,,,,,,,,,,,,,,,,,,,,,,,,,,,,,,,,,,,,,,,1,,,,,,,,,,,,,3,,3,,,,,,,1,,,,,2,,,,,,,,,1,,,,,,,,,,,,,,,,,,,,,,,40,,,,,,,,,1,,,,,,,,,,,,,,,,,2,,,,,1,,,,,,,,,,,1,,5,,,,,,,,,,,,,,1,,5,,,,,,,,,,,1,,,,,,1,,,,,,,,,,,,,,,,,,,,,,,,,,1,,,5,,,,,,,,,1,,,,,,,,,1,10,,,,,,,,,,,,,,,,,,,,,,,,,,,,,,,,,,,,,1,,,,,,1,,,,1,,,
DOAToWaterToAirHPInlet_MultispeedFan.idf,,,,,,,1,,,,,,,,,,7,,,,,,,,,6,,,,,,,,,,,4,,,,,,,,,2,,,,,,,,,,,,,,,,18,,,,,,,,,,,,,1,5,5,,11,1,,,,,1,,,,,1,,,,,,,,,,,,5,2,,,,4,2,,,,4,,,,,,2,,,,,,1,,,1,,,,,,,,,,,,,5,,,,,,,,,,,,,,,,,,,,,,,,,,,,,,,,,,,,,,,,,,,,,,,,,,,,,,,,,,,1,,,,,,,,,,,,,,,,,,1,,,,,,,,5,,,,2,,,,,,,,,,,1,1,,1,,,,,,,,,,,,,,1,,,,,,,,,118,1,1,,,,,,,,,,,,,,4,,,,,6,,,1,,,,,,,,,,,,,,,7,,,,,,,,,,,1,1,,,,,,,,,,,,,,,,13,,,,,,,,,,,,,,,,,,,,,,,,,5,1,,,,,,,,,,,,,,,,,,,,,,5,,4,,,,2,,,,,,,,,,,,,,,,,,,,,,1,,,,,,,,,,1,,,,,,,,5,,,,,,,,,,,,,,,,,,1,1,,,,,,,,,,1,5,,,,,,,,,,,,,,,,,,,1,,,,,5,,,,1,,1,,,4,,,5,,,,1,,,,,,,1,,,,,,,,,,,,,,,,,1,,,,,,,,,1,,,1,,,,,,,,,1,,,1,,,1,,,5,6,,,,1,,,,1,,,,,,,,,,,,,,,,,,,,,,,,,,,,,,,,,,,,,,,,,1,,,,,,,,,,,,,3,,3,,,,,,,1,,,,,2,,,,,,,,,1,,,,,,,,,,,,,,,,,2,,,,,,40,,,,,,,,,1,,,,,,,,,,,,,,,,,2,,,,,1,,,,,,,,,,,1,,5,,,,,,,,,,,,,,1,,5,,,,,,,,,,,1,,,,,,1,,,,,,,,,,,,,,,,,,,,,,,,,,1,,,5,,,,,,,,,1,,,,,,,,,1,10,,,,,,,,,,,,,,,,,,,,,,,,,,,,,,,,,,,,,1,,,,,,1,,,,1,,,
DOAToWaterToAirHPSupply.idf,,,,,,,1,,,,,,,,,,7,,,,,,,,,6,,,,,,,,,,,4,,,,,,,,,2,,,,,,,,,,,,,,,,18,,,,,,,,,,,,,,5,5,,2,,,,,,1,,,,,1,,,,,,,,,,,,5,2,,,,5,2,,,,4,,,,,,2,,,,,,1,,,1,,,,,,,,,,,,,5,,,,,,,,,,,,,,,,,,,,,,,,,,,,,,,,,,,,,,,,,,,,,,,,,,,,,,,,,,,1,,,,,,,,,,,,,,,,,,1,,,,,,,,5,,,,2,,,,,,,,,,,1,1,,1,,,,,,,,,,,,,,1,,,,,,,,,53,1,1,,,,,,,,,,,,,,5,,,,,,,,1,,,,,,,,,,,,,,,7,,,,,,,,,,,1,1,,,,,,,,,,,,,,,,13,,,,,,,,,,,,,,,,,,,,,,,,,5,1,,,,,,,,,,,,,,,,,,,,,,5,,5,,,,2,,,,,,,,,,,,,,,,,,,,,,1,,,,,,,,,,1,,,,,,,,5,,,,,,,,,,,,,,,,,,1,1,,,,,,,,,,1,5,,,,,,,,,,,,,,,,,,,1,,,,,5,,,,1,,1,,,4,,,5,,,,1,,,,,,,1,,,,,,,,,,,,,,,,,1,,,,,,,,,1,,,1,,,,,,,,,1,,,1,,,,,,5,6,,,,1,,,,1,,,,,,,,,,,,,,,,,,,,,,,,,,,,,,,,,,,,,,,,,1,,,,,,,,,,,,,3,,3,,,,,,,1,,,,,2,,,,,,,,,1,,,,,,,,,,,,,,,,,,,,,,,40,,,,,,,,,1,,,,,,,,,,,,,,,,,2,,,,,1,,,,,,,,,,,1,,5,,,,,,,,,,,,,,1,,5,,,,,,,,,,,1,,,,,,1,,,,,,,,,,,,,,,,,,,,,,,,,,1,,,5,,,,,,,,,1,,,,,,,,,1,10,,,,,,,,,,,,,,,,,,,,,,,,,,,,,,,,,,,,,1,,,,,,1,,,,1,,,
DualDuctConstVolDamper.idf,,,,,,,,,,,,1,,,,,5,,,,,,,,,3,,,,,1,,,,,,,1,,,,,,,,2,,1,,,,,,,,,,,,,,30,,,,,,,,,,,,,,,,,,,,,,,1,,,,1,,,,,,,,,,,,,3,,,,,,,,,,1,,,,,,2,,,1,,,,,,,,,,,,,,,,,,1,,,,,,,,,,,,,10,,,,,,,,,,,,,,,,,,,,,,,,,,,,,,,,,,,,,3,,,,,,,,,,,,,,,,,,,,,,,,,,,,,,,,,,,,,,,,,,,,,,,,,,,2,,,,,,,,,,,,,,,,,,,,,,,,,2,22,,,,,,,,,,,,,,,,,,,,,,,,1,,,,,,,,,,,,,,,5,,,,,,,,,,,1,,,,,,,,,,,,,,,,,16,,,,,,,,,,,,,,,,,,,,,,,,,15,1,,,,,,,,,,,,,,,,,,,,,,9,,,,,,7,,,,,,,,,,,,,,,,,,,,,,,,,,,,,,,,1,,,,,,,,3,,,,,1,,,,,,,,,,,,,1,,,,,,,,,,,1,3,,,,,,,1,,,,,,1,,,,,,1,,,,,2,,,,,,,,,,,,3,,,,1,,,,,,,1,,,,,5,,,,,,,,,,,,,,,,,,,,,1,,,1,,,,,,,,,1,,,3,,,,,,,1,,,,1,,,,1,,,,,,,,,,,,,,,1,,,,,,3,,,,,,,,,,,,,,,,,,,,,,,,,,,,,,,,,7,,,,,2,,,,,,,,,6,,,,,,,,,1,,,,,,,,,,,,,,,,,,,,,,,20,,,,,,,,,,,,,,,1,1,,,,,,,,,,7,,,,,,1,,,,,,,,,,,,3,,,,,,,,,,,,,,1,,3,,,,,,,,,,,1,,,,,2,4,,,,,,,,,,,,,,,,,,,,,,,,,,1,,,,,,,,,,,,,,,,,,,,,1,9,,,,,,,,,,,,,,,,,,,,,,,,1,,,,,,,,,,,,,1,,,,,,1,,,,2,,,
DualDuctConstVolGasHC.idf,,,,,,,,,,,,1,,,,,5,,,,,,,,,3,,,,,1,,,,,,,1,,,,,,,,2,,,,,,,,,,,,,,,,22,,,,,,,,,,,,,,,1,,,,,,,,1,,,,1,,,,,,,,,,,,,3,,,,,,,,,,1,,,,,,2,,,,,,,,,,,,,,,,,,,,,1,,,,,,,,,,,,,14,,,,,,,,,,,,,,,,,,,,,,,,,,,,,,,,,,,,,3,,,,,,,,,,,,,,,,,,,,,,,,,,,,,,,,,,,,,,,,,,,,,,,,,,,2,,,,,,,,,,,,,,,,,,,,,,,,,1,18,,,,,,,,,,,,,,,,,,,,,,,,1,,,,,,,,,,,,,,,5,,,,,,,,,,,1,,,,,,,,,,,,,,,,,17,,,,,,,,,,,,,,,,,,,,,,,,,10,1,,,,,,,,,,,,,,,,,,,,,,8,,,,,,5,,,,,,,,,,,,,,,,,,,,,,,,,,,,,,,,1,,,,,,,,3,,,,,1,,,,,,,,,,,,,1,,,,,,,,,,,1,3,,,,,,,1,,,,,,1,,,,,,1,,,,,2,,,,,,,,,,,,3,,,,1,,,,,,,1,,,,,4,,,,,,,,,,,,,,,,,,,,,1,,,1,,,,,,,,,1,,,2,,,,,,,1,,,,1,,,,1,,,,,,,,,,,,,,,1,,,,,,3,,,,,,,,,,,,,,,,,,,,,,,,,,,,,,,,,5,,,,,1,,,,,,,,,4,,,,,,,,,1,,,,,,,,,,,,,,,,,,,,,,,20,,,,,,,,,,,,,,,,,,,,,,,,,,5,,,,,,,,,,,,,,,,,,3,,,,,,,,,,,,,,1,,3,,,,,,,,,,,1,,,,,1,5,,,,,,,,,,,,,,,,,,,,,,,,,,1,,,,,,,,,,,,,,,,,,,,,1,9,,,,,,,,,,,,,,,,,,,,,,,,1,,,,,,,,,,,,,1,,,,,,1,,,,2,,,
DualDuctVarVolDamper.idf,,,,,,,,,,,,1,,,,,5,,,,,,,,,3,,,,,1,,,,,,,1,,,,,,,,2,,1,,,,,,,,,,,,,,30,,,,,,,,,,,,,,,,,,,,,,,1,,,,,,,,,,,,,,,,,3,,,,,,,,,,1,,,,,,2,,,,,,,,,,,,,,,,,,,,,1,,,,,,,,,,,,,10,,,,,,,,,,,,,,,,,,,,,,,,,,,,,,,,,,,,,,,,,,,,,,,,,,,,,,,,,,,,,,,,,,,,,,,,,,,,,,,,,,,,,,,,2,,,,,,,,,,,,,,,,,,,,,,,,,2,23,,,,,,,,,,,,,,,,,,,,,,,,1,,,,,,,,,,,,,,,5,,,,,,,,,,,1,,,,,,,,,,,,,,,,,18,,,,,,,,,,,,,,,,,,,,,,,,,15,1,,,,,,,,,,,,,,,,,,,,,,9,,,,,,7,,,,,,,,,,,,,,,,,,,,,,,,,,,,,,,,1,,,,,,,,3,,,,,1,,,,,,,,,,,,,1,1,,,,,,,,,,1,3,,,,,,,1,,,,,,1,,,,,,1,,,,,2,,,,,,,,,,,,3,,,,1,,,,,,,1,,,,,5,,,,,,,,,,,,,,,,,,,,,1,,,1,,,,,,,,,1,,,3,,,,,,,1,,,,1,,,,1,,,,,,,,,,,,,,,1,,,,,,3,,,,,,,,,,,,,,,,,,,,,,,,,,,,,,,,,7,,,,,2,,,,,,,,,6,,,,,,,,,1,,,,,,,,,,,,,,,,,,,,,,,20,,,,,,,,,,,,,,,1,1,,,,,,,,,,7,,,,,,,,,,,,,,,,,,3,,,,,,,,,,,,,,1,,3,,,,,,,,,,,1,,,,,2,6,,,,,,,,,,,,,,,,,,,,,,,,,,1,,,,,,,,,,,,,,,,,,,,,1,9,,,,,,,,,,,,,,,,,3,,,,,,,1,,,,,,,,,,,,,1,,,,,,1,,,,2,,,
DualDuctWaterCoils.idf,,,,,,,,,,,,1,,,,,5,,,,,,,,,3,,,,,1,,,,,,,1,,,,,,,,2,,1,,,,,,,,,,,,,,30,,,,,,,,,,,,,,,,1,,,,,,,1,,,,1,,,,,,,,,,,,,3,,,,,,,,,,1,,,,,,2,,,,,,,,,,,,,,,,,,,,,1,,,,,,,,,,,,,10,,,,,,,,,,,,,,,,,,,,,,,,,,,,,,,,,,,,,3,,,,,,,,,,,,,,,,,,,,,,,,,,,,,,,,,,,,,,,,,,,,,,,,,,,2,,,,,,,,,,,,,,,,,,,,,,,,,2,15,,,,,,,,,,,,,,,,,,,,,,,,1,,,,,,,,,,,,,,,5,,,,,,,,,,,1,,,,,,,,,,,,,,,,,18,,,,,,,,,,,,,,,,,,,,,,,,,15,1,,,,,,,,,,,,,,,,,,,,,,9,,,,,,7,,,,,,,,,,,,,,,,,,,,,,,,,,,,,,,,1,,,,,,,,3,,,,,1,,,,,,,,,,,,,1,,,,,,,,,,,1,3,,,,,,,1,,,,,,1,,,,,,1,,,,,2,,,,,,,,,,,,3,,,,1,,,,,,,1,,,,,5,,,,,,,,,,,,,,,,,,,,,1,,,1,,,,,,,,,1,,,3,,,,,,,1,,,,1,,,,1,,,,,,,,,,,,,,,,,,,,,3,,,,,,,,,,,,,,,,,,,,,,,,,,,,,,,,,7,,,,,2,,,,,,,,,6,,,,,,,,,1,,,,,,,,,,,,,,,,,,,,,,,20,,,,,,,,,,,,,,,1,1,,,,,,,,,,7,,,,,,,,,,,,,,,,,,3,,,,,,,,,,,,,,1,,3,,,,,,,,,,,1,,,,,2,6,,,,,,,,,,,,,,,,,,,,,,,,,,1,,,,,,,,,,,,,,,,,,,,,1,9,,,,,,,,,,,,,,,,,,,,,,,,1,,,,,,,,,,,,,1,,,,,,1,,,,2,,,
DuctLoss_House.idf,,,,,,,,,,,4,,,,,,5,,,,,,,5,,3,,,,,,,,,,,2,,,,,,,,,2,,,,,,1,,,,,,,,,,1,,,,,,,,,,,,,,,1,,5,,,,,,1,,,,,,,,,,,,,,,,,1,,,,,1,,,,,1,,,,,,2,,,,,,,,,,,,,,,,,,,,,,,,,4,,,,,,,,,12,,,,,,,,,,,,,,,,,,,,,,,,,,,,,,,,,,,,,,,,,,,,,,,,,,,,,,,,,,,,,,,,,,,,,,,,,,,,,,,,,,,,,,,,1,,,,,,,,,,,,,,,,,,,,,,,,,,19,,1,,,,,,,,,,,,,,,,,,,2,,,,,,,,,,,,,,,,,,12,,,,,,,,,,,1,,,,,,,,,,,,,,,,,14,,,,,,,,,,,,,,,,,,,,,,,,,,,,,,,,,,,,,,,,,,,,,,,,3,,,,,,,,,,,,,,,,,,,,,,,,,,,,,,,,,,,,,,,,,,,,,,1,,,,,1,,,,,,,,,,,,,1,,,,,,,,,,,,1,,,,,,,,1,,,,,,,1,,,,1,,,,,1,,,,,,,,,,,,1,,,,1,,,,,,,1,,,,,,,,,,,,,,,,,,,,,,,,,,1,,,1,,,9,,,,,,1,,,,,,,,,,4,,,,1,,,,1,,,,,,,,,,,6,,,,,,,,,,,,,,,,,,,,,,,,,,,,,,,,,,,,,,,,,,,1,,1,,,,,,,,,,,,,,,,,,,,,1,,,,,,,,1,,,,,,,,,,,,,,,25,,,,,,,,,,,,,,,,,,,,,,,,,,,,,,,1,,,,,,,,,,,,,1,,,,,,,,,,1,,9,,1,,1,,,,,,,,,,,1,,,,,,,,,,,,,,,,,,,,,,,,,,,,,,,,1,3,,,1,,,,,,,,,,,,,,,,,1,8,,,,,,,,,,,,,,,,,,,,,,,,,,,,,,,,,,,,,1,,,,,,1,,,,1,,,
DXCoilSystemAuto.idf,,,,,,,,,,,,,,,,,5,,,,,,,,,3,,,,,,,,,,,,,,,,,,,,2,,,,,,,,,,,,,,,1,1,1,,,,,,,,,,,,,,1,,4,,,,,,1,,,,1,1,,,,,,,,,,,,3,,,,,,,,,,1,,,,,,2,,,,,,,,,,,,,,,,,,,,,,3,,,,,,,,1,,,,12,,,,,,,,,,,,,,,,,,,,,,,,,,,,,,,,,,,,,,,,,,,,,,,,,,,,,,,,,,,,,,,,,1,,1,,,,,1,,,,,,,,,,,,,,,,1,1,,,,,,,,,,,,,1,,,,,,,,,,,,17,,1,,,,,,,,,,,,,,,,,,,2,,,,,,,,,,,,,,,,,,5,,,,,,,,,,,1,,,,,,,,,,,,,,,,,14,,,,,,,,,,,,,,,,,,,,,,,,,,,,,,,,,,,,,,,,,,,,,,,,8,,,,,,,,,,,,,,,,,,,,,,,,,,,,,,,,,,,,,,1,,,,,,,,3,,,,,1,,,,,,,,,,,,,1,,,,,,,,,1,,,3,,,,,,,1,3,,,,,,,,,,,1,,,,,2,,,,,,,,,,,,3,,,,1,,,,,,,1,,,,,,,,,,,,,,,,,,,,,,,,,,1,,,1,,,,,,,,,2,,,,,,,,,3,1,,,,2,,,,1,,,,,,,,,,,,,,,,,,,,,,,,1,,,,,,,,,,,,,,,,,1,,,,,,,,,,,,,1,,,,,,,,,,,,,,,,,1,,,,,,1,,,,,,,,,,,,,,,,,,,,,,,20,,,,,,,,,1,,,,,,,,,,,,,,,,,,,,,,1,,,,,,,,,,,,,3,,,,,,,,,,1,,,,1,,3,,,,,,,,,,,1,,,,,,,,,,,,,,,,,,,,,,,,,,,,,,,,1,3,,,,,,,,,,,,,,,,,,,,1,9,,,,,,,,,,,,,,,,,,,,,,1,,,,,,,,,,,,,,,1,,,,,,1,,,,1,,,
DynamicClothing.idf,,,,,,,,,,,,1,,,,,5,,,,,,,,,3,,,,,1,,,,,,,1,,,,,,,,1,,1,,,,,,,,,,,,,,30,,,,,,,,,,,,,,,,,,,,,,,1,,,,1,,,,,,,,,,,,,3,,,,,,,,,,1,,,,,,2,,,,,,,,,,,,,,,,,,,,,,,,,,,,,,,,,,10,,,,,,,,,,,,,,,,,,,,,,,,,,,,,,,,,,,,,,,,,,,,,,,,,,,,,,,,,,,,,,,,,,,,,,,,,,,,,,,,,,,,,,,,1,,,,,,,,,,,,,,1,,,,,,,,,,,2,26,,,,,,,,,,,,,,,,,,,,,,,,1,,,,,,,,,,,,,,,5,,,,,,,,,,,1,,,,,,,,,,,,,,,,,19,,,,,,,,,,,,,,,,,,,,,,,,,15,1,,,,,,,,,,,,,,,,,,,,,,6,,,,,,6,,,,,,,,,,,,,,,,,,,,,,,,,,,,,,,,1,,,,,,,,3,,,,,,,,,,,,,,,,,,1,,,,,,,,,,,1,3,,,,,,,,,,,,,1,,,,,,1,,,,,2,,,,,,,,,,,,3,,,,1,,,,,,,1,,,,,5,,,,,,,,,,,,,,,,,,,,,1,,,1,,,,,,,,,1,,,3,,,,,,,1,,,,1,,3,,1,,,,,,,,,,,,,,,1,,,,,,3,,,,,,,,,,,,,,,,,,,,,,,,,,,,,,,,,7,,,,,1,,,,,,,,,6,,,1,,,,,,1,,,,,,,,,,,,,,,,,,,,,,,20,,,,,,,,,,,,,,,3,1,,,,,,,,,,6,,,,,,,,,,,,,,,,,,3,,,,,,,,,,,,,,1,,3,,,,,,,,,,,1,,,,,2,5,,,,,,,,,,,,,,,,,,,,,,,,,,1,,,,,,,,,,,,,,,,,,,,,1,9,,,,,,,,,,,,,,,,,,,,,,,,1,,,,,,,,,,,,,1,,,,,,1,,,,1,,,
EarthTubeSimpleTest.idf,,,,,,,,,,,,,,,,,2,,,,,,,,,3,,,,,,,,,,,,,,,,,,,,1,,,,,,,,,,,,,,,,,,,,,,,,,,,,,,,,,,,,,,,1,,,,,,,,,,,,,,,,,,,,,,,,,,,1,,,,,,3,,,,,,,,,,,,,,,,,,,,,,,,,,,,,,,,,,6,,,,,,,,,,,,,,,,,,,,,,,,,,,,,,,,,,,,,,,,,,,,,,,,,,,,,,,,,,,,,,,,,,,,,,,,,,,,,21,,,,,,,,,,,,,,,,,,,,,,,,,,,,,,,,,,,,,16,,,,,,,,,,,,,,,,,,,,,,,,,,,,,,,,,,,,,,,4,,,,,,,,,,,1,,,,,,,,,,,,,,,,,5,,,,,,,,,,,,,,,,,,,,,,,,,,,,,,,,,,,3,,,,,,,,,,,,,,,,,,,,,,,,,,,,,,,,,,,,,,,,,,,,,,,,,,,,,,,,,,,3,,,,,1,,,,,,,,,,,,,1,,,,,,,,,,,,,,,,,,,,,,,,,,,,,,,,,,,,3,,,,,,,,,,,,3,,,,1,,,,,,,,,,,,,,,,,,,,,,,,,,,,,,,,,1,1,,1,,,,,,,,,,,,,,,,,,,24,,,,,,,,,,,,,,,,,,,,,,,,,,,,,,,,,,,,,,,,,,,,,,,,,,,,,,,,,,,,,,,,,,,,,,,,,,,,,,,,,,,,,,,,,,,,,,,,,,,,,,,,,,,,54,,,,,,,,,,,,,,,,,,,,,,,,,,,,,,,,,,,,,,,,,,,,,,,,,,,,,,,,,,1,,,,,,,,,,,,,1,,,,,,,,,,,,,,,,,,,,,,,,,,,,,,,,,,,,,,,,,,,,,,,,,,,,,1,10,,,,,,,,,,,,,,,,,,,,,,,,,,,,,,,,,,,,,,,,,,,1,,,,,,,
EarthTubeVerticalTest.idf,,,,,,,,,,,,,,,,,2,,,,,,,,,3,,,,,,,,,,,,,,,,,,,,1,,,,,,,,,,,,,,,,,,,,,,,,,,,,,,,,,,,,,,,1,,,,,,,,,,,,,,,,,,,,,,,,,,,1,,,,,,3,,,,,,,,,,,,,,,,,,,,,,,,,,,,,,,,,,6,,,,,,,,,,,,,,,,,,,,,,,,,,,,,,,,,,,,,,,,,,,,,,,,,,,,,,,,,,,,,,,,,,,,,,,,,,,,,21,,,,,,,,,,,,,,,,,,,,,,,,,,,,,,,,,,,,,60,,,,,,,,,,,,,,,,,,,,,,,,,,,,,,,,,,,,,,,4,,,,,,,,,,,1,,,,,,,,,,,,,,,,,5,,,,,,,,,,,,,,,,,,,,,,,,,,,,,,,,,,,3,,,,,,,,,,,,,,,,,,,,,,,,,,,,,,,,,,,,,,,,,,,,,,,,,,,,,,,,,,,3,,,,,1,,,,,,,,,,,,,1,,,,,,,,,,,,,,,,,,,,,,,,,,,,,,,,,,,,3,,,,,,,,,,,,3,,,,1,,,,,,,,,,,,,,,,,,,,,,,,,,,,,,,,,1,1,,1,,,,,,,,,,,,,,,,,,,24,,,,,,,,,,,,,,,,,,,,,,,,,,,,,,,,,,,,,,,,,,,,,,,,,,,,,,,,,,,,,,,,,,,,,,,,,,2,,,,,,,,,,,,,,,,,,,,,,,,,,,,,,,,,,54,,,,,,,,,,,,,,,,,,,,,,,,,,,,,,,,,,,,,,,,,,,,,,,,,,,,,,,,,,1,,,,,,,,,,,,,1,,,,,,,,,,,,,,,,,,,,,,,,,,,,,,,,,,,,,,,,,,,,,,,,,,,,,1,10,,,,,,,,,,,,,,,,,,,,,,,,,,,,,,,,,,,,,,,,,,,1,,,,,,,
EcoroofOrlando.idf,,,,,,,3,1,,,,,10,,,,7,,,,,,,,,10,,,1,,1,,,,,,3,1,,,,,,,,1,,,,,,,,,,,,,,,,35,,,,,,,,,,,,,,10,,1,1,,1,,,,1,18,,,,1,1,,,,,,,,,,,10,,,,,,,,,,5,,,,,,2,,,,,,1,,,,,,,,,,,,,,,,10,,,,,,,,,,,,12,,,,,,,,,,,,,,,,5,,,,,,,,11,,,,,,,,,,,,1,,,,,,,,,,,,,,,,,,,,,,,,,,,1,,1,,,,,,,,,,,,,,,,,,,,,,,1,1,,,,,,,,,,,,,,,,,,,,,,10,,2,21,,1,,,,,,,,,,1,,,,,,,,,,,,1,,,,,,,,,,,,,,,11,,1,,,,,,,,,1,,,,,,,,,,,,,,,,,23,,,,,,,,,,,,,,,,,,,,,,,,,15,1,,,,,,,,,,,,,,,,,,,,,,12,,,,,,6,,,,,,,,,,,,,,,,,,,,,,,,,,,,,,,,2,,,,,8,,,10,,,,,1,,,,,,,,,,,,,1,1,,,,,,,,,,1,10,,,,,,,1,,,,,,,,,,,,1,,2,,,10,,,3,,,,,,,,,10,,,,1,,,,,,,1,,,,,2,,,,,,,,,,,,,,,,,,1,,,1,,,1,,,,,,,,,1,,3,2,,,,,,10,8,,,,1,,,,1,,,,,,10,,,,,,,,,,,,,,,2,,,,,,,,4,,,,,,,,,,,,1,,,,,,,,,,,,,7,,,,,2,,,1,,,,,,6,,,,,,,,,1,,,,,,,,,,,,,,,,,,,,,,,60,,,,,,,,,1,,,,,,11,1,,,,,,,,,,6,,,,,10,,,,,,,,,,,,,10,,,,,,,,,,,,,,1,,10,,,,,,,,,,8,1,,4,,,2,5,,,,,,,,,,,,1,,,,1,,,,,,,,,,1,,,,,,,,,,,,,,,,,,,,,1,11,,,2,,,,,,,,,,,,,,,,1,,,,,1,,,,,,,,,,,,,1,,,,,,1,,,,1,,,
EcoroofOrlando_NoSitePrec.idf,,,,,,,3,1,,,,,10,,,,7,,,,,,,,,10,,,1,,1,,,,,,3,1,,,,,,,,1,,,,,,,,,,,,,,,,35,,,,,,,,,,,,,,10,,1,1,,1,,,,1,18,,,,1,1,,,,,,,,,,,10,,,,,,,,,,5,,,,,,2,,,,,,1,,,,,,,,,,,,,,,,10,,,,,,,,,,,,12,,,,,,,,,,,,,,,,5,,,,,,,,11,,,,,,,,,,,,,,,,,,,,,,,,,,,,,,,,,,,,,,,1,,1,,,,,,,,,,,,,,,,,,,,,,,1,1,,,,,,,,,,,,,,,,,,,,,,10,,2,21,,1,,,,,,,,,,1,,,,,,,,,,,,1,,,,,,,,,,,,,,,11,,1,,,,,,,,,1,,,,,,,,,,,,,,,,,22,,,,,,,,,,,,,,,,,,,,,,,,,15,1,,,,,,,,,,,,,,,,,,,,,,12,,,,,,6,,,,,,,,,,,,,,,,,,,,,,,,,,,,,,,,2,,,,,8,,,10,,,,,1,,,,,,,,,,,,,1,1,,,,,,,,,,1,10,,,,,,,1,,,,,,,,,,,,1,,2,,,10,,,3,,,,,,,,,10,,,,1,,,,,,,1,,,,,2,,,,,,,,,,,,,,,,,,1,,,1,,,1,,,,,,,,,1,,3,2,,,,,,10,8,,,,1,,,,1,,,,,,10,,,,,,,,,,,,,,,2,,,,,,,,4,,,,,,,,,,,,1,,,,,,,,,,,,,7,,,,,2,,,1,,,,,,6,,,,,,,,,1,,,,,,,,,,,,,,,,,,,,,,,60,,,,,,,,,1,,,,,,11,1,,,,,,,,,,6,,,,,10,,,,,,,,,,,,,10,,,,,,,,,,,,,,1,,10,,,,,,,,,,8,1,,4,,,2,5,,,,,,,,,,,,1,,,,1,,,,,,,,,,1,,,,,,,,,,,,,,,,,,,,,1,11,,,2,,,,,,,,,,,,,,,,1,,,,,1,,,,,,,,,,,,,1,,,,,,1,,,,1,,,
ElectricChiller.idf,,,,,,,,,,,,1,5,,,,6,,,,,,,,,6,,,,,1,,,,,,4,1,,,,,,,,2,,1,,,,,,,,,,,,,,33,,,,,,,,,,,,,,5,,1,,,,,,,1,,,,,1,,,,,,,,,,,,5,,,,,,2,,,,4,,,,,,2,,,,,,1,,,,,,,,,,,,,,,,5,,,,,,1,,,,,,10,,,,,,,,,,,,,,,,,,,,,,,,,,,,,,,,,,,,,,,,,,,,,,,,,,,,,,,,,,,,,,,,,1,,,,,,,,,,,,2,,,,,,,,,,,1,1,,,,,,,,,,,,,2,,,,,,,,,,,2,14,,1,,,,,,,,,,,,,,,,,,,,,,1,,,,,,,,,,,,,,,7,,,,,,,,,,,1,,,,,,,,,,,,,,,,,21,,,,,,,,,,,,,,,,,,,,,,,,,15,1,,,,,,,,,,,,,,,,,,,,,,4,,,,,,6,,,,,,,,,,,,,,,,,,,,,,,,,,,,,,,,2,,,,,,,,5,,,,,,,,,,,,,,,,,,1,1,,,,,,,,,,1,5,,,,,,,,,,,,,1,,,,,,,,,,,5,,,,,,,,,,,,5,,,,1,,,,,,,1,,,,,6,,,,,,,,,,,,,,,,,,,,,1,,,1,,,,,,,,,1,,,3,,,,,,5,6,,,,1,,,,1,,,,,,,,,,,,,,,,,,,,,3,,,,,,,,,,,,,,,,,,,,1,,,,,,,,,,,,,7,,3,,,2,,,,1,,,,,6,,,2,,,,,,1,,,,,,,,,,,,,,,,,,,,,,,40,,,,,,,,,1,,,,,,6,1,,,,,,,,,,6,,,,,1,,,,,,,,,,,,,5,,,,,,,,,,,,,,1,,5,,,,,,,,,,,1,,,,,2,5,,,,,,,,,,,,,,,,,,,,,,,,,,1,,,,,,,,,,,,,,,,,,,,,1,10,,,1,,,,,,,,,,,,,,,,,,,,,1,,,,,,,,,,,,,1,,,,,,1,,,,1,,,
ElectricEIRChiller.idf,,,,,,,,,,,,1,,,,,5,,,,,,,,,3,,,,,,,,,,,,1,,,,,,,,2,,1,,,,,,,,,,,,,,30,,,,,,,,,,,,,,,,,2,,,,,,1,,,,1,,,,,,,,,,,,,3,,,,,,,,,,1,,,,,,2,,,,,,,,,,,,,,,,,,,,,,,,,,,,,,,,,,10,,,,,,,,,,,,,,,,,,,,,,,,,,,,,,,,,,,,,,,,,,,,,,,,,,,,,,,,,,,,,,,,,,,,,,,,,,,,,,,,,,,,,,,,1,,,,,,,,,,,,,,1,,,,,,,,,,,2,27,,,,,,,,,,,,,,,,,,,,,4,,,1,,,,,,,,,,,,,,,5,,,,,,,,,,,1,,,,,,,,,,,,,,,,,19,,,,,,,,,,,,,,,,,,,,,,,,,15,1,,,,,,,,,,,,,,,,,,,,,,7,,,,,,6,,,,,,,,,,,,,,,,,,,,,,,,,,,,,,,,1,,,,,,,,3,,,,,,,,,,,,,,,,,,1,,,,,,,,,,,1,3,,,,,,,,,,,,,1,,,,,,1,,,,,2,,,,,,,,,,,,3,,,,1,,,,,,,1,,,,,6,,,,,,,,,,,,,,,,,,,,,1,,,1,,,,,,,,,1,,,3,,,,,,,1,,,,1,,3,,1,,,,,,,,,,,,,,,1,,,,,,3,,,,,,,,,,,,,,,,,,,,,,,,,,,,,,1,,,7,,,,,1,,,,,,,,,6,,,1,,,,,,1,,,,,,,,,,,,,,,,,,,,,,,20,,,,,,,,,,,,,,,3,1,,,,,,,,,,6,,,,,,,,,,,,,,,,,,3,,,,,,,,,,,,,,1,,3,,,,,,,,,,,1,,,,,2,5,,,,,,,,,,,,,,,,,,,,,,,,,,1,,,,,,,,,,,,,,,,,,,,,1,9,,,,,,,,,,,,,,,,,,,,,,,,,,,,,,,,,,,,,1,,,,,,1,,,,1,,,
ElectricEIRChillerHeatRecoveryAuto.idf,,,,,,,4,,,,,1,,,,,5,,,,,,,,,3,,,,,1,,,,,,,1,,,,,,,,2,,,,,,,,,,,,,,,,37,,,,,,,,,,,,,,,,,2,,,,,,1,,,,1,,,,,,,,,,,,,3,,,,,,,,,,1,,,,,,2,,,,,,1,,,,,,,,,,,,,,,,3,,,,,,,,,,,,10,,,,,,,,,,,,,,,,,,,,,,,,,,,1,,,,,,,,,,,,,,,,,,,,,,,,,,,,,,,,,,,,,,,,,,,,,,,,,,,,,,,,,,,,,1,1,,,,,,,,,,,,,,,,,,,,,,,,3,16,,,,,,,,,,,,,,,,,,,,1,4,,,1,,,,,,,,,,,,,,,5,,,,,,,,,,,1,,,,,,,,,,,,,,,,,22,,,,,,,,,,,,,,,,,,,,,,,,,19,1,,,,,,,,,,,,,,,,,,,,,,7,,,,,,8,,,,,,,,,,,,,,,,,,,,,,,,,,,,,,,,1,,,,,,,,3,,,,,,,,,,,,,,,,,,1,,,,,,,,,,,1,3,,,,,,,,,,,,,,,,,,,1,,,,,2,,,,,,,,,,,,3,,,,1,,,1,,,,1,,,,,6,,,,,,,,,,,,,,,,,,,,,1,,,1,,,,,,,,,1,,,4,,,,,,3,1,,,,1,,3,,1,,,,,,,,,,,,,,,1,,,,,,4,,,,,,,,,,,,,,,,,,,,,,,,,,,,,,1,,,9,,,,,1,,,,,,,,,8,,,,,,,,,1,,,,,,,,,,,,,,,,,,,,,,,20,,,,,,,,,,,,,,,3,1,,,,,,,,,,8,,,,,1,,,,,,,,,,,,,3,,,,,,,,,,,,,,1,,3,,,,,,,,,,,1,,,,,2,7,,,,,,,,,,,,,,,,,,,,,,,,,,1,,,,,,,,,,,,,,,,,,,,,1,9,,,,,,,,,,,,,,,,,,,,,,,,1,,,,,,,,,,,,,1,,,,,,1,,,,1,,,
ElectricEIRChiller_EvapCooledCondenser.idf,,,,,,,,,,,,1,,,,,5,,,,,,,,,3,,,,,,,,,,,,,,,,,,,,2,,1,,,,,,,,,,,,,,21,,,,,,,,,,,,,,,,,2,,,,,,1,,,,1,,,,,,,,,,,,,3,,,,,,,,,,1,,,,,,2,,,,,,,,,,,,,,,,,,,,,,,,,,,,,,,,,,10,,,,,,,,,,,,,,,,,,,,,,,,,,,,,,,,,,,,,,,,,,,,,,,,,,,,,,,,,,,,,,,,,,,,,,,,,,,,,,,,,,,,,,,,1,,,,,,,,,,,,,,1,,,,,,,,,,,2,27,,,,,,,,,,,,,,,,,,,,,4,,,,,,,,,,,,,,,,,,5,,,,,,,,,,,1,,,,,,,,,,,,,,,,,18,,,,,,,,,,,,,,,,,,,,,,,,,10,,,,,,,,,,,,,,,,,,,,,,,6,,,,,,4,,,,,,,,,,,,,,,,,,,,,,,,,,,,,,,,1,,,,,,,,3,,,,,,,,,,,,,,,,,,1,,,,,,,,,,,,3,,,,,,,,,,,,,1,,,,,,1,,,,,2,,,,,,,,,,,,3,,,,1,,,,,,,1,,,,,6,,,,,,,,,,,,,,,,,,,,,1,,,1,,,,,,,,,1,,,2,,,,,,,1,,,,1,,3,,1,,,,,,,,,,,,,,,1,,,,,,2,,,2,,,,,,,,,,,,,,,,,,,,,,,,,,,1,,,5,,,,,1,,,,,,,,,4,,,1,,,,,,1,,,,,,,,,,,,,,,,,,,,,,,20,,,,,,,,,,,,,,,3,1,,,,,,,,,,4,,,,,,,,,,,,,,,,,,3,,,,,,,,,,,,,,1,,3,,,,,,,,,,,1,,,,,2,4,,,,,,,,,,,,,,,,,,,,,,,,,,1,,,,,,,,,,,,,,,,,,,,,1,9,,,,,,,,,,,,,,,,,,,,,,,,,,,,,,,,,,,,,1,,,,,,1,,,,1,,,
EMPD5ZoneWaterCooled_HighRHControl.idf,,,,,,,3,,,,,,5,,,,7,,,,,,,,,6,,,,,1,,,,,,2,1,,,,,,,,2,,,,,,,,,,,,,,,,30,,,,,,,,,,,,,,5,,1,1,,1,,,,1,,,,,1,,,,,,,,,,,,5,,,,,,2,,,,4,,,,,,2,,,,,,1,,,,,,,,,,,,,,,,5,,,,,,1,,,,,,14,,,,,,,,,,,,,,,,,,,,,,,,,,,,,,,,,,,,,,,,,,,,,,,,,,,,,,,,,,,,,,,,,1,,,,,,,,,,,,2,,,,,,,,,,,1,1,,,,,,,,,,,,,,,,,,,,,,,,2,28,,1,,,,,,,,,,,,,,,,,,,,,,1,,,,,,,,,,,,,,,7,,,,,,,,,,,1,,,,,,,,,,,,,,,,,19,5,,,,,,,,,,,,,,,,,,,,,,,,15,1,,,,,,,,,,,,,,,,,,,,,,10,,,,,,6,,,,,,,,,,,,,,,,,,,,,,1,,,,,,,,,,2,,,,,,,,5,,,,,1,,,,,,,,,,,,,1,1,,,,,,,,,,1,5,,,,,,,2,,,,,,,,,,,,,,,,,5,,,,,,,,,,,,5,,,,1,,,,,,,1,,,,,2,,,,,,,,,,,,,,,,,,,,,1,,,1,,,,,,,,,1,,,3,,,,,,5,6,,,,1,,,,1,,,,,,,,,,,,,,,,,,,,,2,,,,,,,,,,,,,,,,,,,,1,,,,,,,,,,,,,7,,3,,,2,,,,,,,,,6,,,,,,,,,1,,,,,,,,,,,,,,,,,,,,,,,40,,,,,1,,,,1,,,,,,6,1,,,,,,,,,,6,,,,,1,,,,,,,,,,,,,5,,,,,,,,,,,,,,1,,5,,1,,,,,,,,,1,,,,,2,5,,,,,,,,,,,,,,,,,,,,,,,,,,1,,,,,,,,,,,,,,,,,,,,,1,12,,,1,,,,,,,,,,,,,,,,,,,,,1,,,,,,,,,,,,,1,,,,,,1,,,,1,,,
EMSAirflowNetworkOpeningControlByHumidity.idf,,,,,,,,,,,,,,,,,6,,,,,1,,6,,4,,,,,,,,,,,,,,,,,,,,1,,,,,,,,,,1,,,,,,1,1,,,,,,,,5,,,,,,3,,3,,,,,,1,,2,,1,1,,,,,,,,,,,,3,,,,,,,,,,3,,,,,,2,,,,,,,,,,,2,,,,,,,,,,,,,,,,,,,,,,,12,,,,,,,,,,,,,,,,,,,,,,,,,,,,,,,,,,,,,,,,,,,,,,,,,,,1,,,,,,,,1,,,,,,1,,,,,,,,,,,,,,,,,1,,,,,,1,,,,1,,,,,,,,,,,,,,,,,,1,,,,18,,1,,,,,,,,,,,,,,,,,,,2,,,,,,,,,,,,,,,,,,9,,,,,,,,,,,1,,1,,,,,,,,,1,,,,,,18,,,,,,,,,,,,1,,,1,,,,,,,,,,,,,,,,,,,21,,,,,,,,,,,,,,5,1,,,,,,,,,,,,,,,,,,,,,,,,,,,,,1,,,,,,,,1,1,,,,1,,,3,,,,,1,,2,,,,,,,,,,1,1,,,,,,,,,1,,,3,,,,,,,,1,1,,,,,,1,,,,1,,,,,3,,,,,,,,,,,,3,,,,1,,,,,,,1,,,,,,,,,,,,,,,,,,,1,,,,,,,1,,,1,,,39,,4,,,,1,,,,,,,,,,7,,,,1,,2,,1,,,,,,,,,,,13,,,,,,,,,,,,,,,1,,,,,,,,,,,,,,,1,,,,,,,,,,,,,1,,1,,,,,,,,,,,,,,,,,,,,,1,,,,,,,,,,,,,,,,,,,5,,,,34,,,,,1,,,,1,,,,,,,,,,,,,,,1,,,,,,,1,,,,,,,,,,,,,3,,,,,,,,,,,,28,,1,,3,,,,,,,,,,1,1,,,,,,,,,,,,,,,,,,,,,,,,,,,,,,,,1,,,,1,,,,,,,,,,,,,,,,,1,10,,,,,,,1,,,,,,,,,,,,,,,,,,,,,,,,,,,,,,1,,,,,,1,,,,1,,,
EMSConstantVolumePurchasedAir.idf,,,,,,,,,,,,,,,,,4,,,,,,,,,3,,,,,,,,,,,,,,,,,,,,1,,,,,,,,,,6,,,,,,,,,,,,,,,,,,,,,,,,,,,,,1,,,,,,,,,,,,,,,,,3,,,,,,,,,,1,,,,,,2,,,,,,,,,,,,,,,,,,,,,,,,,,,,,,,,,,6,,,,,1,,,,,,,,,,,,,,,,,,,,,,,,,,,,,,,,,,,,,,,,,,,,,,1,,,,,,,,1,,,,,,,,,,,,,,,,,,,,,1,,,,,,,,,,,,10,,,,,,,,,,1,,,,,,,,4,,,,32,,,,,,,,,,,,,,,,,,,,,,,,,,,,,,,,,,,,,,,6,,,,,,,,,,,1,,,,,,,,,,,,,,,,,10,,,,,,,,,,,,3,,,,,,,,,,,,,,,,,3,,,,,,,,,,,,,,,,,,,3,,,,,,,,,,,,,,,,,,,,,,,,,,,,,,,,,,,,,,,,,,,,,,3,,,,,,,,,,,,,,,,,,1,,,,,,,,,,,,,,,,2,,,1,,,,,,,,,,,,,,,,,2,,,,,,,,,,,,3,,,,1,,,,,,,,,,,,,,,,,,,,,,,,,,,,,,,,,1,,,1,,,,,,,,,,,,,,,,,,,1,,,,,,,,1,,,,,,,,,,,,,,,,,,,,,,,,,,,,,,,,,,,,,,,,,,,,,,,,,,,,,,,,,,,,,,,,,,,,,,,1,,,,,,1,,,,,,,,,,,13,,,,,,,,,,,,20,,,,,,,,,,,,,,,,,,,,,,,,,,,,,,,,,,,,,,,,,,,,3,,,,,,,,,,,,,,1,,3,,,,,,,,,,,1,,,,,,,,,,,,,,,,,,,,,,,,,,,,,,,,1,,,,,,,,,,,,,,,,,,,,,1,9,,,,,,,,,,,,,,,,,,,,,,,,,,,,,,,,,,,,,,,,,,,1,,,,,,,
EMSCurveOverride_PackagedTerminalHeatPump.idf,,,,,,,1,,,,,,,,,,5,,,,,,,,,3,,,,,,,,,,,1,,,1,,,,,,2,,,,,,,,,,5,,,,,,,,,,,,,,,,,,,,3,,,5,,,,,,1,,,,1,,,,,,,,,,,,,3,,,,,2,,,,,1,,,,,,2,,,,,,1,,,,,,,,,,,,,,,,3,,,,,,,,,,,,,,,,,,,,,,,,,,,,,,,,,,,,,,,,,,,,,,,,,,,,,,,,,,,,,,,,,,,,,,,1,,,,,,,,,,,,,,,,,,,,,,,,,,,,,,,,,1,,,3,,,,,,,1,,,,,,,,1,,,,13,,1,,,,,,,,,,,,,,,,,,,2,,,,,,,,,,,,,,,,,,5,,,,,,,,,,,1,,,,,,,,,,,,,,,,,17,,,,,,,,,,,,1,,,,,,,3,,,,,,,,,,,,,,,,,,,,,,,,,,,,,7,,,,,,,,,,,,,,,,,,,,,,,,,,,,,,,,,,,,,,,,,,,,,,3,,,,,,,,,,,,,,,,,,1,,,,,,,,,,,,,,,,3,,,1,,,,,,,,,,,,,,,,,3,,,,,,,,,,,,3,,,,1,,,,,,,,,,,,,,,,,,,,,,,,,,,,,,,,,1,,,1,,,,,,,,,,,,,,,,,,3,1,,,,,,,,1,,,,,,,,,,,,,,,,,,,,,,,,,,,,,,,,,,,,,,,,,,,,,,,,,,,,,,,,,,,,,,,,,,,,,,,1,,,,,,1,,,,,,,,,,,1,,,,,,,,,,,,20,,,,,,,,,3,,,,,,,,,,,,,,,,,,,,,,1,,,,,,,,,,,,,3,,,,,,,,,,3,,,,1,,3,,,,,,,,,,,1,,,,,,,,,,,,,,,,,,1,,,,,,,,,,,,,,1,4,,,3,,,,,,,,,,,,,,,,,1,10,,,,,,,,,,,,,,,,,,,,,,,,,,,,,,,,,,,,,,,,,,,1,,,,,,,
EMSCustomOutputVariable.idf,,,,,,,1,1,,,,,,,,,7,,,,,,,,,6,,,1,,,,,,,,8,,,,,,,,,1,,,,,,,,,,5,,,,,,13,5,,,,,,,,,,,,,5,5,,15,,,,,,1,18,,,5,5,17,,,,,,,,,,,5,,,,,,,,,,5,,,,,,2,,,,,,1,,,,,,,,,,,,,,,,5,,,,,,,,,,,,,,,,1,1,,,,,,,,,,,2,,,,,,,,31,,,1,,,,,,,,,,,,,,,,,,,,,,,,,,,,,,,,1,,,,1,,5,,,,,,,,,,,,,,,,,,,,,,,5,5,,,,,,,,,,,,,,,,,,,,,1,5,,1,2,,5,,,,,,,,,,1,,,,,,,,,10,,,,,,,,,,,,,,,,,,12,,1,,,,,,5,,,1,,,,,,,,,,,,,,,,,23,,,,,,,,,,,,1,,,,,,,,,,,,,5,,,,,,,,,,,,,,,,,,,,,,,10,,,,,,2,,,,,,,,,,,,,,,,,,,,,,,,,,,,,,,,5,,,,,,,,5,,,,,1,,,,,,,,,,,,,1,,,,,,,,,5,,,5,,,,1,,,1,5,,,,,,,,,,,5,1,4,,,5,,,1,,,,,,,,,5,,,,1,,,,,,,5,,,,,1,,,,,,,,,,,,,,,,,,,,,1,,,1,,,,,,,,,5,,,,,,,,,5,21,,,,,,,,1,,,,,,10,,,,,,,,,,,,,,,,,,5,,,,,3,,,,,,,,,,,,5,,,,,,,,,,,,,7,,,,,,,,,,,,,,2,,,,,,,,,1,,,,,,,,,,,1,,,,,,,,,,,,43,,,,,,,,,5,,,,,,,1,,,,,,,,,,2,,,,,5,,,1,,,,,,,,,,5,,,,,,,,,,,,,,1,,5,,,5,,,,,,,,1,,3,,,1,1,,,,,,,,,,,,1,,,,,,,,,,,,,,1,,,,5,,,,,,,,,,,,,,,,,1,27,,,15,,,,,,,,,,,,,,,,1,,,,,,,,,,,,,,,,,,5,,,,,,1,,,,5,,,
EMSCustomSchedule.idf,,,,,,,1,1,,,,,,,,,7,,,,,,,,,6,,,1,,,,,,,,8,,,,,,,,,1,,,,,,,,,,5,,,,,,13,5,,,,,,,,,,,,,5,5,,15,,,,,,1,18,,,5,5,17,,,,,,,,,,,5,,,,,,,,,,5,,,,,,2,,,,,,1,,,,,,,,,,,,,,,,5,,,,,,,,,,,,,,,,1,1,,,,,,,,,,,2,,,,,,,,31,,,1,,,,,,,,,,,,,,,,,,,,,,,,,,,,,,,,1,,,,1,,5,,,,,,,,,,,,,,,,,,,,,,,5,5,,,2,,,,,,,,,,,,,,,,,,3,5,,1,4,,5,,,,,,,,,,1,,,,,,,,2,10,,,,,,,,,,,,,,,,,,12,,1,,,,,,5,,,1,,,,,,,,,,,,,,,,,21,,,,,,,,,,,,2,,,,,,,,,,,,,5,,,,,,,,,,,,,,,,,,,,,,,10,,,,,,2,,,,,,,,,,,,,,,,,,,,,,,,,,,,,,,,5,,,,,,,,5,,,,,1,,,,,,,,,,,,,1,,,,,,,,,5,,,5,,,,1,,,1,5,,,,,,,,,,,5,1,4,,,5,,,1,,,,,,,,,5,,,,1,,,,,,,5,,,,,1,,,,,,,,,,,,,,,,,,,,,1,,,1,,,,,,,,,5,,,,,,,,,5,21,,,,,,,,1,,,,,,10,,,,,,,,,,,,,,,,,,5,,,,,3,,,,,,,,,,,,5,,,,,,,,,,,,,7,,,,,,,,,,,,,,2,,,,,,,,,1,,,,,,,,,,,1,,,,,,,,,,,,43,,,,,,,,,5,,,,,,,1,,,,,,,,,,2,,,,,5,,,1,,,,,,,,,,5,,,,,,,,,,,,,,1,,5,,,5,,,,,,,,1,,3,,,1,1,,,,,,,,,,,,1,,,,,,,,,,,,,,1,,,,5,,,,,,,,,,,,,,,,,1,27,,,15,,,,,,,,,,,,,,,,1,,,,,,,,,,,,,,,,,,5,,,,,,1,,,,5,,,
EMSDemandManager_LargeOffice.idf,,,,,,,4,1,,,,,16,,,,7,,,,,,,,,19,,,1,,1,,,,,,8,1,,,,,,,,1,,,,,,,,,,33,,,,,,60,,,,,,,,,,,,,,16,,4,1,,1,,,,1,34,,2,,4,17,,,,,,,,,,,16,,,,,,,,,,5,,,,,,2,,,,,,1,,,,,,,,,,,,,,,,16,,,,,,,,,,,,,,,,1,1,,,,,,,,,,,4,,,,,,,,75,,,1,,,,,,,,,,,,,,,,,,,,,,,,,,,,,,,,1,,,,1,,4,,,,,,,,,,,,,,,,,,,,,,,4,4,,,41,,,,,,,,,,,,,,,,,,17,16,,3,8,,4,,,,,,,,,,1,,,,,,,,,2,,,1,,,,,,,,,,,,,,,12,,1,,,,,,,,,1,,,,,,,,,,,,,,,,,38,,,,,,,,,,,,2,,,,,,,,,,,,,20,1,,,,,,,,,,,,,,,,,,,,,,20,,,,,,8,,,,,,,,,,5,,,,,,,,,,,,,,,,,,,,,,8,,,,,,,,16,,,,,1,,,,,,,,,,,,,1,4,,,,,,,,,,1,16,,,,1,,,1,,,,,,,,,,,,4,3,4,,,16,,,1,,,,,,,,,16,,,,1,,,,,,,4,,,,,3,,,,,,,,,,,,,,,,,,,,,1,2,,1,,,,,,,,,,,,3,,,,,,16,12,,,,,,,,1,,,,,,10,,,,,,,,,,,,,,,2,,,1,,,,,4,,,,,,,,,,,,4,,,,,,,,,,1,,,12,,,,,8,,,,,,,,,8,,,,,,,,,1,,,,,,,,,,,4,,,,,,,,,,,,130,,,,,,,,,4,,,,,,20,2,,,,,,,,,,8,,,,,16,,,3,,,,,,,,,,16,,,,,,,,,,,,,,1,,16,,,16,,,,,,,,1,,,,,3,1,,,,,,,,,,,,1,,,,,,,,,,,,,,1,,,,,,,,,,,,,,,,,,,,,1,22,,,,,,,,,,,,,,,,,,,1,,,,,,,,,,,,,,,,,,4,,,,,,1,,,,4,,,
EMSDiscreteAirSystemSizes.idf,,,,,,,,1,,,,,,,,,7,,,,,,,,,10,,,1,,,,,,,,9,,,,,,,,,1,,,,,,,,,,,,,,,,10,,,,,,,,,,,,,,10,10,,30,,,,,,1,18,,,,10,17,,,,,,,,,,,10,,,,,10,,,,,5,,,,,,2,,,,,,1,,,,,,,,,,,,,,,,10,,,,,,,,,,,,,,,,1,1,,,,,,,,,,,2,,,,,,,,47,,,,,,,,,,,,,,,,,,,,,,,,,,,,,,,,,,,1,,,,1,,10,,,,,,,,,,,,,,,,,,,,,,,10,10,,,10,,,,,,,,,,,,,,,,,,1,10,,,6,,10,,,,,,,,,,1,,,,,,,,,20,,,,,,,,,,,,,,,,,,7,,1,,,,,,10,,,1,,,,,,,,,,,,,,,,,14,,,,,,,,,,,,1,,,,,,,,,,,,,,,,,,,,,,,,,,,,,,,,,,,,20,,,,,,,,,,,,,,,,1,,,,,,,,,,,,,,,,,,,,,,10,,,,,,,,10,,,,,1,,,,,,,,,,,,,1,,,,,,,,,10,,,10,,,,,,,1,10,,,,,,,,,,,10,,4,,,10,,,1,,,,,,,,,10,,,,1,,,,,,,10,,,,,,,,,,,,,,,,,,,,,,,,,,1,5,,1,,,,,,,,,10,,,,,,,,,10,48,,,,,,,,1,,,,,,10,,,,,,,,,,,,,,,,,,,,,,,3,,,,,,,,,,,,10,,,,,,,,,,,,,10,,,,,,,,,,,,,,,,,,,,,,,1,,,,,,,,,,,2,,,,,,,,,,,,60,,,,,,,,,10,,,,,,,,,,,,,,,,,,,,,,10,,,,,,,,,,,,,10,,,,,,,,,,,,,,1,,10,,,10,,,,,,,,1,,3,,,,,,,,,,,,,,,,1,,,,,,,,,,,,,,1,,,,10,,,,,,,,,,,,,,,,,1,23,,,10,,,,,,,,,,,,,,,,,,,,,,,,,,,,,,,,,,10,,,,,,1,10,,,10,,,
EMSLoadBasedMultiSpeedDXCoilOverrideControl.idf,,,,,,,,,,,,,,,,,7,,,,,,,,,6,,,,,,,,,,,2,,,,,,,,,2,,,,,,,,,,2,,,,,5,5,,,,,,,,,,,,,,5,2,,9,,,,,,1,,,,,5,,,,,,,,,,,,5,,,,,,2,,,,4,,,5,,,2,,,,,,1,,,,,,,,,,,,,,,,5,,,,,,,,,,,,10,,,,,,,,,,,,,,,,,,,,,,,,,,,,,,,,,,,,,,,,,,,,,,,5,,,,,,,,,,,,1,,,,,,5,,17,,,,,5,,,,,2,,,,,,,,,,,5,5,,,1,,,,,,,,,,,,,,,,,,1,,,,9,,5,,,,,,,,,,,,,,,,,,,19,,,,,,,,,,,,,,,,,,7,,,,,,,,,,,1,,,,,5,,1,,,,,,,,,,12,,,,,,,,,,,,1,,,,,,,3,,,,,,,,,,,,,,,,,,,,,,,,,2,,,,,,,,,,,,,,,,,,,,,,,,,,,,,,,,,,,,,,,,,,5,,,,,,,,5,,,,,,,,,,,,,,,,,,1,5,,,,,,,,,,,5,,,,1,,,,5,,,,,,,,,,,5,,,,,5,,,,,,,,,,,,5,,,,1,,,,,,,5,,,,,,,,,,,,,,,,,,,,,,,,,,1,,,1,,,,,,,,,5,,,,,,,,,5,6,,,,5,,,,1,,,,,,,,,,,,,,,,,,,,,,,,7,,,,,,,,,,,,,,,,,5,,,,,,,,,,,,,5,,3,,,,,,,,,,,,,,,,,,,,,1,,,,,,,,,,,1,,,,,,5,,,,,,40,,,,,,,,,5,,,,,,,,,,,,,,,,,,,,,,1,,,,,,,,,,,,,5,,,,,,,,,,,,,,1,,5,,,,,,,,,,,1,,,,,,,,,,,,,,,,,,,,,,,,,,,,,,,,1,18,,,,,,,,,,,,,,,,,,,,1,10,,,5,,,,,,,,,,,,,,,,,,,5,,,,,,,,,,,,,,,5,,,,,,1,,,,5,,,
EMSMultiSpeedHeatPumpOverrideControl.idf,,,,,,,,,,,,,,,,,5,,,,,,,,,3,,,,,,,,,,,2,,,,,,,,,2,,,,1,,,,,,3,,,,,,1,,,,,,,,,,,,,,3,1,,16,,,,,,1,,,,,,,,,,,,,,,,,1,,,,,1,,,,,1,,,,,,2,,,,,,,,,,,,,,,,,,,,,,,,,,,,,,,,,,12,,,,,,,,,,,,,,,,,,,,,,,,,,,,,,,,,,,,,,,,,,,,,,,,,,,,,,,,,,,1,,,,,,,,,,,,,,,,,,,,,,,,,,,,,1,,,,1,,,,,,,,,,,,,,,,,,1,,,,9,,,,,,,,,,,,,,,,,,,,,15,,,,,,,,,,,,,,,,,,12,,,,,,,,,,,1,,,,,,,,,,,,,,,,,14,,,,,,,,,,,,1,,,,,,,,,,,,,,,,,,,,,,,,,,,,1,,,,1,,,,2,,,,,,,,,,,,,,,,,,,,,,,,,,,,,,,,,,,,,,,,,,,,,,1,,,,,1,,,,,,,,,,,,,1,,,,,,,,,,,,1,,,,1,,,,1,,,,,,,1,,,,1,,,,,1,,,,,,,,,,,,1,,,,1,,,,,,,1,,,,,,,,,,,1,,,,,,,,,,,,,,,1,,,1,,,,,,,,,1,,,,,,,,,,4,,,,1,,,,1,,,,,,,,,,,,,,,,,,,,,,,,1,,,,,,,,,,,,,,,,,,,,,,,,,,,,,,1,,1,,,,,,,,,,,,,,,,,,,,,1,,,,,,,,,,,1,,,,,,,,,,,,25,,,,,,,,,,,,,,,,,,,,,,,,,,,,,,,1,,,,,,,,,,,,,1,,,,,,,,,,,,,,1,,1,,,,,,,,,,,1,,,,,,,,,,,,,,,,,,,,,,,,,,,,,,,,1,3,,,,,,,,,,,,,,,,,,,,1,8,,,,,,,,,,,,,,,,,,,,,,,,,,,,,,,,,,,,,1,,,,,,1,,,,1,,,
EMSPlantLoopOverrideControl.idf,,,,,,,3,1,,,,,10,,,,7,,,,,,,,,10,,,1,,1,,,,,,3,1,,,,,,,,1,,,,,,,,,,1,,,,,,35,,,,,,,,,,,,,,10,,1,1,,1,,,,1,18,,,,1,1,,,,,,,,,,,10,,,,,,,,,,5,,,,,,2,,,,,,1,,,,,,,,,,,,,,,,10,,,,,,,,,,,,12,,,,,1,,,,,,,,,,,5,,,,,,,,11,,,,,,,,,,,,1,,,,,,,,,,,,,,,,,,,,,,,,,,,1,,1,,,,,,,,,,,,,,,,,,,,,,,1,1,,,2,,,,,,,,,,,,,,,,,,1,10,,2,20,,1,,,,,,,,,,1,,,,,,,,,,,,1,,,,,,,,,,,,,,,11,,1,,,,,,,,,1,,,,,,,,,,,,,,,,,23,,,,,,,,,,,,1,,,,,,,,,,,,,15,1,,,,,,,,,,,,,,,,,,,,,,12,,,,,,6,,,,,,,,,,,,,,,,,,,,,,,,,,,,,,,,2,,,,,8,,,10,,,,,1,,,1,,,,,,,,,,1,1,,,,,,,,,,1,10,,,,1,,,1,,,,,,,,,,,,1,,2,,,10,,,2,,,,,,,,,10,,,,1,,,1,,,,1,,,,,2,,,,,,,,,,,,,,,,,,1,,,1,,,1,,,,,,,,,1,,3,2,,,,,,10,8,,,,1,,,,1,,,,,,10,,,,,,,,,,,,,,,2,,,,,,,,4,,,,,,,,,,,,1,,,,,,,,,,,,,7,,,,,2,,,1,,,,,,6,,,,,,,,,1,,,,,,,,,,,1,,,,,,,,,,,,60,,,,,,,,,1,,,,,,11,1,,,,,,,,,,6,,,,,10,,,,,,,,,,,,,10,,,,,,,,,,,,,,1,,10,,,,,,,,,,8,1,,4,,,2,5,,,,,,,,,,,,1,,,,1,,,,,,,,,,1,,,,,,,,,,,,,,,,,,,,,1,11,,,2,,,,,,,,,,,,,,,,1,,,,,1,,,,,,,,,,,,,1,,,,,,1,,,,1,,,
EMSPlantOperation_largeOff.idf,,,,,,,4,1,,,,,16,,,,7,,,,,,,,,19,,,1,,1,,,,,,2,1,,,,,,,,1,,,,,,,,,,,,,,,,62,,,,,,,,,,,,,,15,,4,,,1,,,,1,18,,,,4,5,,,,,,,,,,,16,,1,,,,,,,,,,,,,,2,,,,,,1,,,,,,,,,,,,,,,,16,,,,,,3,,,,,,,,,,1,1,,,2,,,,,,,,2,,,,,,,,,,,1,,,,,,,,,,,,,,,,,,,,,,,,,,,,,,,,1,,,,1,,4,,,,,,,,,,,,,,,,,,,,,,,4,4,,,4,,,,,,,,3,,,,,,,,,,4,16,,3,27,,4,,,,,,,,,,1,,,,,,,,,2,,,1,,,,,,,,,,,,,,,10,,1,,,,,,4,,,1,,,,,,,,,,,,,,,,,26,,,,,,,,,,,,4,,,,,,,,,,,,,20,,,,,,,,,,,,,,,,,,,,,,,20,,,,1,,8,,,,,,,,,,,,,,,,,,,,,,,3,,,,,,,,,8,,,,,,,,16,,,,,1,,,1,,,,,,,,,,1,4,,,,,,,,,,1,16,,,,,,,1,,,,,,,,,,,,4,3,2,,,16,,,1,,,,,,,,,16,,,,1,,,1,,,,4,,,,,1,,,,,,,,,,,,,,,,,,,,,1,9,1,1,,,,,,,,,4,,,3,,,,,,16,12,,,,,,,,1,,,,,,10,,,,,,,,,,,,,,,,,,1,,,,,3,,,,,,,,,,,,4,,,,,,,,,,,,,12,,,,,8,,,,,,,,,8,,,,,,,,,1,,,,,,,,,,,1,,,,,,,,,,,,130,,,,,,,,,4,,,,,,20,1,,,,,,,,,,8,,,,,16,,,3,,,,,,,,,,16,,,,,,,,,,,,,,1,,16,,,5,,,,,,,,1,,3,,,3,10,,,,,,,,,,,,1,,,1,,,,,,,,,,,1,,,,,,,,,,,,,,,,,,,,,1,15,,,12,,,,,,,,,,,,,,,,1,,,,,,,,,,,,,,,,,,4,,,,,,1,,,,4,,,
EMSReplaceTraditionalManagers_LargeOffice.idf,,,,,,,4,1,,,,,16,,,,7,,,,,,,,,19,,,1,,1,,,,,,8,1,,,,,,,,1,,,,,,,,,,30,,,,,,60,,,,,,,,,,,,,,16,,4,1,,1,,,,1,18,,,,4,17,,,,,,,,,,,16,,,,,,,,,,5,,,,,,2,,,,,,1,,,,,,,,,,,,,,,,16,,,,,,,,,,,,,,,,1,1,,,,,,,,,,,2,,,,,,,,75,,,1,,,,,,,,,,,,,,,,,,,,,,,,,,,,,,,,1,,,,1,,4,,,,,,,,,,,,,,,,,,,,,,,4,4,,,24,,,,,,,,,,,,,,,,,,15,16,,3,6,,4,,,,,,,,,,1,,,,,,,,,2,,,1,,,,,,,,,,,,,,,12,,1,,,,,,,,,1,,,,,,,,,,,,,,,,,35,,,,,,,,,,,,1,,,,,,,,,,,,,20,1,,,,,,,,,,,,,,,,,,,,,,20,,,,,,8,,,,,,,,,,,,,,,,,,,,,,,,,,,,,,,,8,,,,,,,,16,,,,,1,,,,,,,,,,,,,1,4,,,,,,,,,,1,16,,,,,,,1,,,,,,,,,,,,4,3,4,,,16,,,1,,,,,,,,,16,,,,1,,,,,,,4,,,,,3,,,,,,,,,,,,,,,,,,,,,1,5,,1,,,,,,,,,,,,3,,,,,,16,12,,,,,,,,1,,,,,,10,,,,,,,,,,,,,,,2,,,1,,,,,3,,,,,,,,,,,,4,,,,,,,,,,1,,,12,,,,,8,,,,,,,,,8,,,,,,,,,1,,,,,,,,,,,,,,,,,,,,,,,130,,,,,,,,,4,,,,,,20,2,,,,,,,,,,8,,,,,16,,,3,,,,,,,,,,16,,,,,,,,,,,,,,1,,16,,,,,,,,,,,1,,3,,,3,1,,,,,,,,,,,,1,,,,,,,,,,,,,,1,,,,,,,,,,,,,,,,,,,,,1,22,,,,,,,,,,,,,,,,,,,1,,,,,,,,,,,,,,,,,,4,,,,,,1,,,,4,,,
EMSSetpointBasedMultiSpeedDXCoilOverrideControl.idf,,,,,,,1,,,,,,5,,,,9,,,,,,,,,6,,,,,,,,,,,4,,,,,,,,,4,,,,,,,,,,2,,,,,1,8,,,,,,,,,,,,,,5,7,1,2,,,,,,1,,,,,1,,,,,,,,,,,,5,,,,,,2,,,,4,,,,,,2,,,,,,1,,,,,,,,,,,,,,,,5,,,,,,1,,,,,,,,,,,,,,,,,,,,,,,,,,,,,,,,,,,,,,,,,,,,,,,,,,,,,,,,,,,,,,,,,1,,,,,,1,,2,,,,,1,,,,,2,,,,,,,,,,,1,1,,,1,,,,,,,,,,2,,,,,,,,1,,,1,9,,1,,,,,,,,,,,,,,,,,,1,7,,,,,,,,,,,,,,,,,,7,,,,,,,,,,,1,,,,,1,,1,,,,,,,,,,17,,,,,,,,,1,,,1,,,,,,,,,,,,,4,,,,,,,,,,,,,,,,,,,,,,,8,,,,,,2,,,,,,,,,,,,1,,,,,,,,,,,,,,,,,,,,1,,,,,,,,5,,,,,1,,,,,,,,,,,,,1,,,,,,,,,,,,5,,,,1,,,,,,,,,,,,,,,,,,,,5,,,,,,,,,,,,5,,,,1,,,,,,,1,,,,,1,,,,,,,,,,,,,,,,,,,,,1,,,1,,,,,,,,,1,,,1,2,,1,,,1,6,,,,1,,,,1,,,,,,,,,,,,,,,,,,,,,1,,,1,,,,,,,,,,,,,,,,1,1,,,,,,,,,,,,,3,,3,,,,,,,,,,,,2,,,2,,,,,,1,,,,,,,,,,,1,,,,,,1,,,,,,40,,,,,5,,,,1,,,,,,,,,,,,,,,,,2,,,,,1,,,,,,,,,,,,,5,,,,,,,,,,,,,,1,,5,,,,,,,,,,,1,,,,,1,,,,,,,,,,,,,1,,,,,,,,,,,,,,1,4,,,,,,,,,,,,,,,,,,,,1,10,,,1,,,,,,,,,,,,,,,,,,,1,,,,,,,,1,,,,,,,1,,,,,,1,,,,1,,,
EMSTestMathAndKill.idf,,,,,,,1,1,,,,,,,,,7,,,,,,,,,6,,,1,,,,,,,,8,,,,,,,,,1,,,,,,,,,,6,,,,,,13,5,,,,,,,,,,,,,5,5,,16,,,,,,1,18,,2,5,5,17,,,,,,,,,,,5,1,,,,,,,,,5,,,,,,2,,,,,,1,,,,,,,,,,,,,,,,5,,,,,,,,,,,,,,,,1,1,,,,,,,,,,,2,,,,,,,,31,,,1,,,,,,,,,,,,,,,,,,,,,,,,,,,,,,,,1,,,,1,,5,,,,,,,,,,,,,,,,,,,,,,,5,5,,,,,,,,,,,,,,,,,,,,,4,5,,1,4,,5,,,,,,,,,,1,,,,,,,,,10,,,,,,,,,,,,,,,,,,12,,1,,,,,,5,,,1,,,,,,,,,,,,,,,,,38,,,,,,,,,,,,3,,,,,,,,,,,,,5,,,,,,,,,,,,,,,,,,,,,,,10,,,,,,2,,,,,,,,,,6,,,,,,,,,,,,,,,,,,,,,,5,,,,,,,,5,,,,,1,,,,,,,,,,,,,1,,,,,,,,,5,,,5,,,,2,,,1,5,,,,,,,,,,,5,1,4,,,5,,,1,1,,,,,,,,5,,,,1,,,,,,,5,,,,,1,,,,,,,,,,,,,,,,,,,,,1,,,1,,,,,,,,,5,,,,,,,,,5,21,,,,,,,,1,,,,,,10,,,,,,,,,,,,,,,,,,5,,,,,3,,,,,,,,,,,,5,,,,,,,,,,,,,7,,,,,,,,,,,,,,2,,,,,,,,,1,,,,,,,,,,3,7,,,,,,,,,,,,43,,,,,,,,,5,,,,,,,1,,,,,,,,,,2,,,,,5,,,1,,,,,,,,,,5,,,,,,,,,,,,,,1,,5,,,,,,,,,,,1,,3,,,1,1,,,,,,,,,,,,1,,,,,,,,,,,,,,1,,,,5,,,,,,,,1,,,,,,,,,1,27,,,15,,,,,,,,,,,,,,,,1,,,,,,,,,,,,,,,,,,5,,,,,,1,,,,5,,,
EMSThermochromicWindow.idf,,,,,,,1,1,,,,,,,,,7,,,,,,,,,6,,,1,,,,,,,,8,,,,,,,,,1,,,,,,,,,,1,,,,,,13,5,,,,,,,,,,,,,5,5,,15,,,,,,1,30,,,5,5,,,,,,,,,,,,5,,,,,,,,,,25,,,,,,2,,,,,,1,,,,,,,,,,,,,,,,5,,,,,,,,,,,,,,,,1,1,,,,,,,,,,,9,,,,,,,,31,,,1,,,,,,,,,,,,,,,,,,,,,,,,,,,,,,,,1,,,,1,,5,,,,,,,,,,,,,,,,,,,,,,,5,5,,,1,,,,,,,,,,,,,,,,,,1,5,,1,5,,5,,,,,,,,,,,,,,,,,,,10,,,,,,,,,,,,,,,,,,31,,1,,,,,,5,,,1,,,,,,,,,,,,,,,,,25,,,,,,,,,,,,1,,,21,,,,,,,,,,5,,,,,,,,,,,,,,,,,,,,,,,10,,,,,,2,,,,,,,,,,,,,,,,,,,,,,1,,,,,,,,,,5,,,,,,,,5,,,,,1,,,,,,,,,,,,,1,,,,,,,,,5,,,5,,,,,,,1,5,,,,,,,,,,,5,1,4,,,5,,,1,,,,,,,,,5,,,,1,,,,,,,5,,,,,1,,,,,,,,,,,,,,,,,,,,,1,,,1,,,,,,,,,5,,,,,,,,,5,21,,,,,,,,1,,,,,,10,,,,,,,,,,,,,,,,,,5,,,,,5,,,,,,,,19,,,,5,,,,,,,,,,,,,7,,2,,,,,,,,,,,,2,,,,,,,,,1,,,,,,,,,,,,,,,,,,,,,,,43,,,,,,,,,5,,,,,,,1,,,,,,,,,,2,,,,,5,,,1,,,,,,,,,,5,,,,,,,,,,,,,,1,,5,,,,,,,,,,,1,,,,,1,1,,,,,,,,,,,,1,,,,,,,,,,,,,,1,,,,5,,,,,,,,,,,,,,,,,1,27,,,15,,,,,,,,,,,,,,,,1,,,,,,,,,,,,,,,,,,5,,,,,,1,,,,5,,,
EMSUserDefined5ZoneAirCooled.idf,,,,,,,2,,,,,,,,,,6,,,,,,,,,6,,,,,,,,,,,4,,,,,,,,,2,,,,,,,,,,25,,,,,,24,,,,,,,,,,,,,,5,,,1,,1,,,,1,,,,,1,,,,,,,,,,,,5,,,,,,2,,,,4,,,,,,2,,,,,,1,,,,,,,,,,,,,,,,5,,,,,,1,,,,,,20,,,,,,,,,4,,,,,,,,,,,,,,,,,,,,,,1,,,,,,,,,,,,,,,,,,,,,,,,,,,,1,,,,,,1,1,,,3,,,,,,,,2,,,,,,,,,,,1,1,,,77,,,,,,,,,,2,,,,,,,,29,,,2,42,,1,,,,,,,,,,,,,,,,,,,,,,,,,,,,,,,,,,,,,7,,,,,,,,,,,1,,,,,,,,,,,,,,,,,23,,,,,,,,,,,,18,,,,,,,,,,,,,10,,,,,,,,,,,,,,,,,,,,,,,1,,,,,,4,,,,,,,,,,,,,,,,,,,,,,,,,,,,,,,,1,,,,,,,,5,,,,,1,,,,,,,,,,,,,1,1,,,,,,,,,,,5,,,,8,,,,,,,,,,,,,,,,,,,,5,,,1,,,,,,,,,5,,,,1,,,1,,,,1,,,,,2,,,5,,,,,,,,,,,,,,,,,,1,,,1,,,,,,,,,2,,,2,,,,,,5,6,,,,1,,,,1,,,,,,,,,,,,,,,,,,2,,,1,,,1,,,,,,,,,,,,,,,,,1,,,,,,,,,,,,,5,,3,,,1,,,,,,,,,4,,,2,,,,,,1,,,,,,,,,,,2,,,,,,,,,,,,40,,,,,,,,,1,,,,,,1,1,,,,,,,,,,4,,,,,1,,,,,,,,,,,,,5,,,,,,,,,,,,,,1,,5,,,99,,,,,,,,1,,,,,2,8,,,,,,,,,,,,,,,,,,,,,,,,,,1,,,,,,,,,,,1,,,,,,,,,,1,10,,,3,,,,,,,,,,,,,,,,,,,,,,,,,,,,,,,,,,1,,,,,,1,,,,1,,,
EMSUserDefinedWindACAuto.idf,,,,,,,1,,,,,,,,,,5,,,,,,,,,3,,,,,,,,,,,,,,,,,,,,2,,1,,,,,,,,5,,,,,,10,,,,,,,,,,,,,,,,,3,,,,,,1,,,,,,,,,,,,,,,,,3,,,,,,,,,,1,,,,,,2,,,,,,1,,,,,,,,,,,,,,,,3,,,,,,,,,,,,10,,,,,,,,,2,,,,,,,,,,,,,,,,,,,,,,,,,,,,,,,,,,,,,,,,,,,,,,,,,,1,,,,,,,,,,,,,,,,,,,,,,,,,,,,,,,,,15,,,,,,,,,,1,,,,,,,,10,,,1,29,,1,,,,,,,,,,,,,,,,,,,2,,,,,,,,,,,,,,,,,,5,,,,,,,,,,,1,,,,,,,,,,,,,,,,,16,,,,,,,,,,,,6,,,,,,,,,,,,,5,,,,,,,,,,,,,,,,,,,,,,,8,,,,,,2,,3,,,,,,,,,,,,,,,,,,,,,,,,,,,,,,,,,,,,,,3,,,,,,,,,,,,,,,,,,1,,,,,,,,,,,,,,,,6,,,,,,,,,,,,,,,,,,,,2,,,,,,,,,,,,3,,,,1,,,1,,,,,,,,,1,,,,,,,,,,,,,,,,,,,,,1,,,1,,,,,,,,,,,,1,,,,,,3,1,,,,,,,,1,,,,,,,,,,,,,,,,,,,,,,,,,,,,,,,,,,,,,,,,,,,,,,,,,,,,3,,2,,,,,,,,,,,,,,2,,,1,,,,,,1,,,,,,,,,,5,1,,,,,,,,,,,,20,,,,,,,,,,,,,,,,1,,,,,,,,,,2,,,,,,,,,,,,,,,,,,3,,,,,,,,,,,,,,1,,3,,,30,,,,,,,,1,,,,,1,1,,,,,,,,,,,,,,,,,,,,,,,,,,1,,,,,,,,,,,,,,,,,,,,,1,9,,,,,,,,,,,,,,,,,,,,,,,,,,,,,,,,,,,,,,,,,,,1,,,,,,,
EMSWindowShadeControl.idf,,,,,,,,,,,,,,,,,4,,,,,,,,,3,,,,,,,,,,,,,,,,,,,,1,,,,,,,,,,2,,,,,,,,,,,,,,,,,,,,,,,,,,,,,1,,,,,,,,,,,,,,,,,3,,,,,,,,,,1,,,,,,2,,,,,,,,,,,,,,,,,,,,,,,,,,,,,,,,,,6,,,,,,,,,,,,,,,,,,,,,,,,,,,,,,,,,,,,,,,,,,,,,,,,,,,1,,,,,,,,1,,,,,,,,,,,,,,,,,,,,,1,,,,,,,,,,,,1,,,,,,,,,,1,,,,,,,,2,,,,22,,,,,,,,,,,,,,,,,,,,,,,,,,,,,,,,,,,,,,,6,,,,,,,,,,,1,,,,,,,,,,,,,,,,,10,,,,,,,,,,,,2,,,,,,,,,,,,,,,,,3,,,,,,,,,,,,,,,,,,,3,,,,,,,,,,,,,,,,,,,,,,,,,,,,,,,,,,,,,,,,,,,,,,3,,,,,1,,,,,,,,,,,,,1,,,,,,,,,,,,,,,,2,,,1,,,,,,,,,,,,,,,,,2,,,,,,,,,,,,3,,,,1,,,,,,,,,,,,,,,,,,,,,,,,,,,,,,,,,1,,,1,,,,,,,,,,,,,,,,,,,1,,,,,,,,1,,,,,,,,,,,,,,,,,,,,,,,,,,,,,,,,,,,,,,,,,,,,,,,,,,,,,,,,,,,,,,,,,,,,,,,1,,,,,,1,,,,,,,,,,,10,,,,,,,,,,,,20,,,,,,,,,,,,,,,,,,,,,,,,,,,,,,,,,,,,,,,,,,,,3,,,,,,,,,,,,,,1,,3,,,,,,,,,,,1,,,,,,,,,,,,,,,,,,,,,,,,,,,,,,,,1,,,,,,,,,,,,,,,,,,,,,1,9,,,,,,,,,,,,,,,,,,,,,,,,,,,,,,,,,,,,,,,,,,,1,,,,,,,
EngineChiller.idf,,,,,,,,,,,,1,,,,,5,,,,,,,,,3,,,,,1,,,,,,,1,,,,,,,,2,,1,,,,,,,,,,,,,,30,,,,,,,,,,,,,,,,,5,,,,,,1,,,,1,,,,,,,,,,,,,3,,,,,,,,,,1,,,,,,2,,,,,,,,,,,,,,,,,,,,,,,,,,,,,,,,,,10,,,,,,,,,,,,,,,,,,,,,,,,,,,,,,,,,,,,,,,,,,,,,,,,,,,,,,,,,,,,,,,,,,,,,,,,,,,,,,,,,,,,,,,,1,,,,,,,,,,,,,,1,,,,,,,,,,,2,26,,,,,,,,,,,,,,,,,,,,,,,,1,,,,,,,,,,,,,,,5,,,,,,1,,,,,1,,,,,,,,,,,,,,,,,18,,,,,,,,,,,,,,,,,,,,,,,,,15,1,,,,,,,,,,,,,,,,,,,,,,6,,,,,,6,,,,,,,,,,,,,,,,,,,,,,,,,,,,,,,,1,,,,,,,,3,,,,,,,,,,,,,,,,,,1,,,,,,,,,,,1,3,,,,,,,,,,,,,,,,,,,1,,,,,2,,,,,,,,,,,,3,,,,1,,,,,,,1,,,,,3,,,,,,,,,,,,,,,,,,,,,1,,,1,,,,,,,,,1,,,3,,,,,,,1,,,,1,,3,,1,,,,,,,,,,,,,,,1,,,,,,3,,,,,,,,,,,,,,,,,,,,,,,,,,,,,,,,,7,,,,,1,,,,,,,,,6,,,1,,,,,,1,,,,,,,,,,,,,,,,,,,,,,,20,,,,,,,,,,,,,,,3,1,,,,,,,,,,6,,,,,,,,,,,,,,,,,,3,,,,,,,,,,,,,,1,,3,,,,,,,,,,,1,,,,,2,5,,,,,,,,,,,,,,,,,,,,,,,,,,1,,,,,,,,,,,,,,,,,,,,,1,9,,,,,,,,,,,,,,,,,,,,,,,,1,,,,,,,,,,,,,1,,,,,,1,,,,1,,,
EquivalentLayerWindow.idf,,,,,,,,,,,,,,,,,3,,,,,,,,,1,,,,,,,,,,,,,,,,,,,,1,,,,,,,,,,,,,,,,,,,,,,,,,,,,,,,,,,,,,,,1,,,,,,,,,,,,,,,,,1,,,,,,,,,,,,,,,,2,,,,,,,,,,,,,1,,,,,,,,,1,,,,,,,,,,,,2,,,,,,,,,,,,,,,,,,,,,,,,,,,,,,,,,,,,,,,,,,,,,,,,,,,,,,,,,,,,,,,,,,,,,,,,,,,,,,,,,,,,,,,,,,,,,,,,,,,,,,,,,,,,,,,1,,,19,,,,,,,,,,,,,,,,,,,,,,,,,,,,,,4,,,,,,,,,4,,,,,,,,,,,1,,,,,,,,,,,,,,,,,2,,,,,,,,,,,,,,,,,,,,,,,,,,,,,1,,,,,,,,,,,,,,,,,,,,,,,,,,,,,,,,,,,,,,,,,,,,,,,,,,,,,,,,,,,,,,,,,,,,,,1,,,,,,,,,,,,,1,,,,,,,,,,,,,,,,,,,1,,,,,,,,,,,,,,,,,,,,1,,,,,,,,,,,,,1,,,,,,,,,,,,,,,,,,,,,,,,,,,,,,,,,1,,,1,,,,,,,,,,,,,,,,,,1,3,,,,,,,,1,,,,,,,,,,,,,,,,,,,,,,,,,,,,,,,,,,,,,,,,,,,,,,,,,,,,,,,,,,,,,,,,,,,,,,,,,,,,,1,,1,,,,,,,,,,,,,,,,,,,3,,6,,,,,,,,,,,,,,8,,,,,,,,,,,,,,,,,1,,,,,,,,,,,,,1,,,,,,,2,,,,,,,1,,1,,,,,,,,,,,1,,,,,,,,,,,,,,,,,,,,,,,,,,,,,,,,1,,,,,,,,,,,,,,,,,,,,,1,10,,,,,,,,,,,,,,,,,,,,,,,,,,,,,,,,,,,,,,,,,,,1,,,,,,,
EvaporativeFluidCooler.idf,,,,,,,,,,,,1,,,,,5,,,,,,,,,3,,,,,1,,,,,,,,,,,,,,,2,,1,,,,,,,,,,,,,,30,,,,,,,,,,,,,,,,,,,,,,,1,,,,1,,,,,,,,,,,,,3,,,,,,,,,,1,,,,,,2,,,,,,,,,,,,,,,,,,,,,,,,,,,,,,,,,,10,,,,,,,,,,,,,,,,,,,,,,,,,,,,,,,,,,,,,,,,,,,,,,,,,,,,,,,,,,,,,,,,,,,,,,,,,,,,,,,,,,,,,,,,1,,,,,,,,,,,,,,1,,,,,,,,,,,2,24,,,,,,,,,,,,,,,,,,,,,,,,1,,,,,,,,,,,,,,,5,,,,,,,,,,,1,,,,,,,,,,,,,,,,,18,,,,,,,,,,,,,,,,,,,,,,,,,15,1,,,,,,,,,,,,,,,,,,,,,,6,,,,,,6,,,,,,,,,,,,,,,,,,,,,,,,,,,,,,,,1,,,,,,,,3,,,,,,,,,,,,,,,,,,1,,,,,,,,,,,1,3,,,,,,,,,,,,,1,,,,,,1,,,,,2,,,,,,,,,,,,3,,,,1,,,,,,,1,,,,,6,,,,,,,,,,,,,,,,,,,,,1,,,1,,,,,,,,,1,,,3,,,,,,,1,,,,1,,3,,1,,,,,,,,,,,,,,,1,,,,,,3,,,,,,,,,,,,,,,,,,,,,,,,,,,,,,,,,7,,,,,1,,,,,,,,,6,,,1,,,,,,1,,,,,,,,,,,,,,,,,,,,,,,20,,,,,,,,,,,,,,,3,1,,,,,,,,,,6,,,,,,,,,,,,,,,,,,3,,,,,,,,,,,,,,1,,3,,,,,,,,,,,1,,,,,2,5,,,,,,,,,,,,,,,,,,,,,1,,,,,1,,,,,,,,,,,,,,,,,,,,,1,9,,,,,,,,,,,,,,,,,,,,,,,,1,,,,,,,,,,,,,1,,,,,,1,,,,1,,,
EvaporativeFluidCooler_TwoSpeed.idf,,,,,,,1,,,,,1,,,,,5,,,,,,,,,3,,,,,1,,,,,,,,,,,,,,,2,,1,,,,,,,,,,,,,,30,,,,,,,,,,,,,,,,,,,,,,,1,,,,1,,,,,,,,,,,,,3,,,,,,,,,,1,,,,,,2,,,,,,,,,,,,,,,,,,,,,,,,,,,,,,,,,1,10,,,,,,,,,,,,,,,,,,,,,1,,,,,,,,,,,,,,,,,,,,,,,,,,,,,,,,,,,,,,,,,,,,,,,,,,,,,,,,,,,,,,,,,,,1,,,,,,,,,,,,,,1,,,,,,,,,,,2,15,,,,,,,,,,,,,,,,,,,,,,,,1,,,,,,,,,,,,,,,5,,,,,,,,,,,1,,,,,,,,,,,,,,,,,18,,,,,,,,,,,,,,,,,,,,,,,,,15,1,,,,,,,,,,,,,,,,,,,,,,6,,,,,,6,,,,,,,,,,,,,,,,,,,,,,,,,,,,,,,,1,,,,,,,,3,,,,,,,,,,,,,,,,,,1,,,,,,,,,,,1,3,,,,,,,,,,,,,1,,,,,,1,,,,,2,,,,,,,,,,,,3,,,,1,,,,,,,1,,,,,6,,,,,,,,,,,,,,,,,,,,,1,,,1,,,,,,,,,1,,,3,,,,,,,1,,,,1,,3,,1,,,,,,,,,,,,,,,1,,,,,,3,,,,,,,,,,,,,,,,,,,,,,,,,,,,,,,,,7,,,,,1,,,,,,,,,6,,,1,,,,,,1,,,,,,,,,,,,,,,,,,,,,,,20,,,,,,,,,,,,,,,3,1,,,,,,,,,,6,,,,,,,,,,,,,,,,,,3,,,,,,,,,,,,,,1,,3,,,,,,,,,,,1,,,,,2,5,,,,,,,,,,,,,,,,,,,,,,,,,,1,,,,,,,,,,,,,,,,,,,,,1,9,,,,,,,,,,,,,,,,,,,,,,,,1,,,,,,,,,,,,,1,,,,,,1,,,,1,,,
ExhFiredAbsorptionChiller.idf,,,1,,,,,,,,,,,,,,5,,,,,,,,,3,,,,,1,,,,,,,1,,,1,,,,,1,,,,,,,,,,,,,1,,,27,,,,,,,,,,,,,,,,,6,,,,,,1,,,,1,,,,,,,,,,,,,3,,,,,,,,,,1,,,,,,2,,,,,,,,,,,,,,,,,,,,,,,,,,,,,,,,,,18,,,,,,,,,,,,,,,,,,,,,,,,,,,,,,1,,,,,,,,,,,,,,,,,,,,,,,,,,,,,,,,,,,,,,,,,,,,,,,,,,,,,,,,,,1,,,,,,,,,,,,,,1,,,,,,,,,,,2,24,,,,,,,,,,,,,,,,,,,,,2,,,1,,,,,,,,,,,,,,,5,,,,,,,,,,,1,,,,,,,,,,,,,,,,,18,,,,,,,,,,,,,,,,,,,,,,,,,15,1,,,,,,,,,,,,,,,,,,,,,,6,,,,,,6,,,,,,,,,,,,,,,,,,,,,,,,,,,,,,,2,1,,,,,,,,3,,,,,,,,,,,,,,,,,,1,,,,,,,,,,,1,3,,,,,,,,,,,,,,,,,,,1,,,,,2,,,,,,,,,,,,3,,,,1,,,,,,,1,,,,,2,,,,,,,,,,,,,,,,,,,,,1,,,1,,,,,,,,,1,,,3,,,,,,,1,,,,1,,3,,1,,,,,,,,,,,,,,,1,,,,,,3,,,1,,,,,,,,,,,,,,,,,,,,,,,,,,,,,,7,,,,,1,,,,,,,,,6,,,1,,,,,,1,,,,,,,,,,,,,,,,,,,,,,,20,,,,,,,,,,,,,,,3,1,,,,,,,,,,6,,,,,,,,,,,,,,,,,,3,,,,,,,,,,,,,,1,,3,,,,,,,,,,,1,,,,,2,5,,,,,,,,,,,,,,,,,,,,,,,,,,1,3,,,,,,,,,,,,,,,,,,,,1,9,,,,,,,,,,,,,,,,,,,,,,,,,,,,,,,,,,,,,1,1,,,,,1,,,,1,,,
ExteriorLightsAndEq.idf,,,,,,,,,,,,,,,,,1,,,,,,,,,,,,2,,,,,,,,,,,,,,,,,1,,,,,,,,,,,,,,,,,,,,,,,,,,,,,,,,,,,,,,,1,,,,,,,,,,,,,,,,,,,,,,,,,,,,,,,,,2,,,,,,,,,,,,,,,,,,,,,,,,,,,,,,,,,,15,,,,,,,,,,,,,,,,,,,,,,,,,,,,,,,,,,,,,,,,,,,,,,,,,,,,,,,,,,,,,,,,,,,,,,,,,,,,,,,,,,,,,,,,,,,,,,,,,,,,,,,,,,1,,,,,,,,10,,,,,,,,,,,,,,,,,,,,,,1,,,,,,,,,,,,,,,,,,,,,,,,,,,,,,,,,,,,,,,,,,,,,1,,,,,,,,,,,,,,,,,,,,,,,,,,,,,,,,,,,,,,,,,,,,,,,,,,,,,,,,,,,,,,,,,,,,,,,,,,,,,,,,,,,,,,,,,,,,,,,,,,,,,,,,,,,,,,,,1,,,,,,,,,,,,,,,,,,,,,,,,,,,,,,,,,,,,,,,,,,,,,,,,,,,,1,,,,,,,,,,,,,,,,,,,,,,,,,,,,,,,,,1,3,,1,,,,,,,,,,,,,,,,,,,,,,,,,,,,,,,,,,,,,,,,,,,,,14,,,,,,,,,,,,,,,,,,,,,,,,,,,,,,,,,,,,,,,,,,,,,,,,,,,,,,,,,,,1,,,,,,,,,,,,,,,,,,,,,,,,,,,,,,,,,,,,,,,,,,,,,,,,,,,,,,,,,,,,,,,,,,,,,,,,,,,,,,,,,1,,,,,,,,,,,,,1,,,,,,,,,,,,,,,,,,,,,14,,,,,,,,,,,1,,,,,,,,,,,,,,,,,,,,,,,,,,,,,,,,,,,,,,,,,,,,,,,,,,,,,,,,,,,,,,,,,,,,,,,,
FanCoilAutoSize.idf,,,,,,,2,,,,,1,,,,,6,,,,,,,,,3,,,,,,,,,,,,,,,,,,,,2,,1,,,,,,,,,,,,,,20,,,,,,,,,,,,,,,,3,,,,,,,1,,,,3,,,,,,,,,,,,,3,,,,,,,,,,1,,,,,,2,,,,,,,,,,,,,,,,,,,,,,3,,,,,,,,,,,,10,,,,,,,,,,,,,,,,,,,,,,,,,,,,,,,,,,,,,,,,,,,,,,,,,,,,,,,,,,,,,,,,,,,,,,,,,,,,,,,,,,,,,,,,,,,,,,,,,,,,,,1,,,,,,,,,,,2,24,,1,,,,,,,,,,,,,,,,,,,,,,,,,,,,,,,,,,,,,5,,,,,,,,,,,1,,,,,,,,,,,,,,,,,15,,,,,,,,,,,,,,,,,,,,,,,,,10,,,,,,,,,,,,,,,,,,,,,,,9,,,,,,4,,,,,,,,,,,,,,,,,,,,,,,,,,,,,,,,,,,,,,,,3,,,,,,,,,,,,,,,,,,1,,,,,,,,,,,,,,,,,,,,,,,,,,,,,,,,,,,,2,,,,,,,,,,,,3,,,,1,,,,,,,,,,,,2,,,,,,,,,,,,,,,,,,,,,1,,,1,,,,,,,,,,,,2,,,,,,3,1,,,,,,,,1,,,,,,,,,,,,,,,,,,,,,1,,,,,,,,,,,,,,,,,,,,,,,,,,,,,,,,,4,,,,,,,,,,,,,,4,,,1,,,,,,1,,,,,,,,,,,,,,,,,,,,,,,20,,,,,,,,,3,,,,,,3,1,,,,,,,,,,4,3,,,,,,,,,,,,,,,,,3,,,,,,,,,,,,,,1,,3,,,,,,,,,,,1,,,,,2,2,,,,,,,,,,,,,,,,,,,,,,,,,,1,,,,,,,,,,,,,,,,,,,,,1,9,,,,,,,,,,,,,,,,,,,,,,,,,,,,,,,,,,,,,,,,,,,1,,,,,,,
FanCoilAutoSizeScalableSizing.idf,,,,,,,2,,,,,1,,,,,6,,,,,,,,,3,,,,,,,,,,,,,,,,,,,,2,,1,,,,,,,,,,,,,,20,,,,,,,,,,,,,,,,3,,,,,,,1,,,,3,,,,,,,,,,,,,3,,,,,,,,,,1,,,,,,2,,,,,,,,,,,,,,,,,,,,,,3,,,,,,,,,,,,10,,,,,,,,,,,,,,,,,,,,,,,,,,,,,,,,,,,,,,,,,,,,,,,,,,,,,,,,,,,,,,,,,,,,,,,,,,,,,,,,,,,,,,,,,,,,,,,,,,,,,,1,,,,,,,,,,,2,24,,1,,,,,,,,,,,,,,,,,,,,,,,,,,,,,,,,,,,,,5,,,,,,,,,,,1,,,,,,,,,,,,,,,,,15,,,,,,,,,,,,,,,,,,,,,,,,,10,,,,,,,,,,,,,,,,,,,,,,,9,,,,,,4,,,,,,,,,,,,,,,,,,,,,,,,,,,,,,,,,,,,,,,,3,,,,,,,,,,,,,,,,,,1,,,,,,,,,,,,,,,,,,,,,,,,,,,,,,,,,,,,2,,,,,,,,,,,,3,,,,1,,,,,,,,,,,,2,,,,,,,,,,,,,,,,,,,,,1,,,1,,,,,,,,,,,,2,,,,,,3,1,,,,,,,,1,,,,,,,,,,,,,,,,,,,,,1,,,,,,,,,,,,,,,,,,,,,,,,,,,,,,,,,4,,,,,,,,,,,,,,4,,,1,,,,,,1,,,,,,,,,,,,,,,,,,,,,,,20,,,,,,,,,3,,,,,,3,1,,,,,,,,,,4,3,,,,,,,,,,,,,,,,,3,,,,,,,,,,,,,,1,,3,,,,,,,,,,,1,,,,,2,2,,,,,,,,,,,,,,,,,,,,,,,,,,1,,,,,,,,,,,,,,,,,,,,,1,9,,,,,,,,,3,,,,,,,,,,,,,,,,,,,,,,,,,,,,,,,,,,1,,,,,,,
FanCoilAutoSize_ASHRAE90VariableFan.idf,,,,,,,2,,,,,1,,,,,6,,,,,,,,,3,,,,,,,,,,,,,,,,,,,,2,,1,,,,,,,,,,,,,,19,,,,,,,,,,,,,,,,3,,,,,,,1,,,,,,,,,,,,,,,,,3,,,,,,,,,,1,,,,,,2,,,,,,,,,,,,,,,,,,,,,,3,,,,,,,,,,,,10,,,,,,,,,,,,,,,,,,,,,,,,,,,,,,,,,,,,,,,,,,,,,,,,,,,,,,,,,,,,,,,,,,,,,,,,,,,,,,,,,,,,,,,,,,,,,,,,,,,,,,1,,,,,,,,,,,2,30,,1,,,,,,,,,,,,,,,,,,,,,,,,,,,,,,,,,,,,,5,,,,,,,,,,,1,,,,,,,,,,,,,,,,,15,,,,,,,,,,,,,,,,,,,1,,,,,,10,,,,,,,,,,,,,,,,,,,,,,,9,,,,,,4,,,,,,,,,,,,,,,,,,,,,,,,,,,,,,,,,,,,,,,,3,,,,,,,,,,,,,,,,,,1,,,,,,,,,,,,,,,,,,,,,,,,,,,,,,,,,,,,2,,,,,,,,,,,,3,,,,1,,,,,,,,,,,,2,,,,,,,,,,,,,,,,,,,,,1,,,1,,,,,,,,,,,,2,,,3,,,3,1,,,,,,,,1,,,,,,,,,,,,,,,,,,,,,1,,,,,,,,,,,,,,,,,,,,,,,,,,,,,,,,,4,,,,,,,,,,,,,,4,,,1,,,,,,1,,,,,,,,,,,,,,,,,,,,,,,20,,,,,,,,,3,,,,,,2,1,,,,,,,,,,4,3,,,,,,,,,,,,,,,,,3,,,,,,,,,,,,,,1,,3,,,,,,1,,,,,1,,,,,2,2,,,,,,,,,,,,,,,,,,,,,,,,,,1,,,,,,,,,,,,,,,,,,,,,1,9,,,,,,,,,,,,,,,,,,,,,,,,,,,,,,,,,,,,,,,,,,,1,,,,,,,
FanCoilAutoSize_MultiSpeedFan.idf,,,,,,,2,,,,,1,,,,,6,,,,,,,,,3,,,,,,,,,,,,,,,,,,,,2,,1,,,,,,,,,,,,,,20,,,,,,,,,,,,,,,,3,,,,,,,1,,,,,,,,,,,,,,,,,3,,,,,,,,,,1,,,,,,2,,,,,,,,,,,,,,,,,,,,,,3,,,,,,,,,,,,10,,,,,,,,,,,,,,,,,,,,,,,,,,,,,,,,,,,,,,,,,,,,,,,,,,,,,,,,,,,,,,,,,,,,,,,,,,,,,,,,,,,,,,,,,,,,,,,,,,,,,,1,,,,,,,,,,,2,31,,1,,,,,,,,,,,,,,,,,,,,,,,,,,,,,,,,,,,,,5,,,,,,,,,,,1,,,,,,,,,,,,,,,,,16,,,,,,,,,,,,,,,,,,,,,,,,,10,,,,,,,,,,,,,,,,,,,,,,,9,,,,,,4,,,,,,,,,,,,,,,,,,,,,,,,,,,,,,,,,,,,,,,,3,,,,,,,,,,,,,,,,,,1,,,,,,,,,,,,,,,,,,,,,,,,,,,,,,,,,,,,2,,,,,,,,,,,,3,,,,1,,,,,,,,,,,,2,,,,,,,,,,,,,,,,,,,,,1,,,1,,,,,,,,,,,,2,,,3,,,3,1,,,,,,,,1,,,,,,,,,,,,,,,,,,,,,1,,,,,,,,,,,,,,,,,,,,,,,,,,,,,,,,,4,,,,,,,,,,,,,,4,,,1,,,,,,1,,,,,,,,,,,,,,,,,,,,,,,20,,,,,,,,,3,,,,,,3,1,,,,,,,,,,4,3,,,,,,,,,,,,,,,,,3,,,,,,,,,,,,,,1,,3,,,,,,,,,,,1,,,,,2,2,,,,,,,,,,,,,,,,,,,,,,,,,,1,,,,,,,,,,,,,,,,,,,,,1,9,,,,,,,,,,,,,,,,,,,,,,,,,,,,,,,,,,,,,,,,,,,1,,,,,,,
FanCoil_HybridVent_VentSch.idf,,,,,,,2,,,,,1,,,,,6,,,,,,,,,3,,,,,,,,,,,,,,,,,,,,2,,1,,,,,,,,,,,,,,20,,,,,,,,,,,,,,,,3,1,,,,,,1,,,,3,,,,,,,,,,,,,3,,,,,,,,,,1,,,,,,2,,,,,,,,,,,,,,,,,,,,,,3,,,,,,,,,,,,,,,,,,,,,,,,,,,,,,,,,,,,,,,,,,,,,,,,,,,,,,,,,,,,,,,,,,,,,,,,,,,,,,,,,,,,,,,,,,,,,,,,,,,,,,,,,,,,,,,,,,2,,,,,,,,,,,2,19,,1,,,,,,,,,,,,,,,,,,,,,,,,,,,,,,,,,,,,,5,,,,,,,,,,,1,,,,,,,,,,,,,,,,,28,,,,,,,,,,,,,,,,,,,,,,,,,10,,,,,,,,,,,,,,,1,,,,,,,,9,1,,,,,4,,,,,,,,,,,,,,,,,,,,,,1,,,,,,,,,,,,,,,,,,3,,,,,,,,,,,,,,,,,,1,,,,,,1,,,,,,,,,,,,,,,,,,,,,,,,,,,,,,2,,,,,,,,,,,,3,,,,,,,,,,,,,,,,2,,,,,,,,,,,,,,,,,,,,,1,,,1,,,,,,,,,,,,2,,,,,,3,1,,,,,,,,1,,,,,,,,,,,,,,,,,,,,,1,,,,,,,,,,,,,,,,,,,,,,,,,,,,,,,,,4,,,,,,,,,,,,,,4,,,2,,,,,,,,,,,,,,,,,,,,,,,,,,,,,20,,,,,,,,,3,,,,,,3,1,,,,,,,,,,4,3,,,,,,,,,,,,,,,,,3,,,,,,,,,,,,,,1,,3,,,,,,,,,,,1,,,,,2,2,,,,,,,,,,,,,,,,,,,,,,,,,,,,,,,,,,,,,,,,,,,,,,,1,9,,,,,,,,,,,,,,,,,,,,,,,,,,,,,,,,,,,,,,,,,,,1,,,,,,,
Fault_ChillerSWTSensorOffset_RefBldgLargeOfficeNew2004.idf,,,,,,,4,1,,,,,16,,,,7,,,,,,,,,19,,,1,,1,,,,,,2,1,,,,,,,,1,,,,,,,,,,,,,,,,62,,,,,,,,,,,,,,15,,4,,,1,,,,1,18,,,,4,5,,,,,,,,,,,16,,1,,,,,,,,,,,,,,2,,,,,,1,,,,,,,,,,,,,,,,16,,,,,,3,,,,,,,,,,1,1,,,2,,,,,,,,2,,,,,,,,,,,1,,,,,,,,,,,,,,,,,,,,,,,,,,,,,,,,,,,,1,,4,,,,,,,,,,,,,,,,,,,,,,,4,4,,,,,,,,,,,,,,,,,,,,,,16,,3,35,,4,,,,,,,,,,1,,,,,,,,,2,,,1,,,,,,,,,,,,,,,10,,1,,,,,,4,,,1,,,,,,,,,,,,,,,,,26,,,,,,,,,,,,,,,,,,,,,,,,,20,1,,,,,,,,,,,,,,,,,,,,,,20,,,,1,,8,,,,,,,,,,,,,,,,,,,,,,,3,,,,,,,,,8,,,,,,,,16,,,,,1,,,1,,,,,,,,,,1,4,,,,,,,,,,1,16,,,,,,,1,,,,,,,,,,,,4,3,2,,,16,,,1,,,,,,,,,16,,,,1,,,1,,,,4,,,,,3,,,,,,,,,,,,,,,,,,,,,1,9,1,1,,,,,,,,,4,,,3,,,,,,16,12,,,,,,,,1,,,,,,10,,,,,,,,,,,,,,,2,,,1,,,,,3,,,,,,,1,,,,,4,,,,,,,,,,,,,12,,,,,8,,,,,,,,,8,,,,,,,,,1,,,,,,,,,,,,,,,,,,,,,,,130,,,,,,,,,4,,,,,,20,2,,,,,,,,,,8,,,,,16,,,3,,,,,,,,,,16,,,,,,,,,,,,,,1,,16,,,,,,,,,,,1,,3,,,3,10,,,,,,,,,,,,1,,,1,,,,,,,,,,,1,,,,,,,,,,,,,,,,,,,,,1,15,,,12,,,,,,,,,,,,,,,,1,,,,,,,,,,,,,,,,,,4,,,,,,1,,,,4,,,
Fault_CoilSATSensorOffset.idf,,,,,,,2,,,,,,5,,,,6,,,,,,,,,6,,,,,,,,,,,4,,,,,,,,,2,,,,,,,,,,,,,,,,24,,,,,,,,,,,,,,5,,2,1,,1,,,,1,,,,,1,,,,,,,,,,,,5,,,,,,2,,,,4,,,,,,2,,,,,,1,,,,,,,,,,,,,,,,5,,,,,,1,,,,,,20,,,,,,,,,,1,,,,,,,,,,,,,,,,,,,,,1,,,,,,,,,,,,,,,,,,,,,,,,,,,,,,,,,,1,1,,,,,,,,,,,2,,,,,,,,,,,1,1,,,,,,,,,,,,,2,,,,,,,,,,,2,45,,1,,,,,,,,,,,,,,,,,,,,,,,,,,,,,,,,,,,,,7,,,,,,,,,,,1,,,,,,,,,,,,,,,,,22,,,,,,,,,,,,,,,,,,,,,,,,,10,,,,,,,,,,,,,,,,,,,,,,,2,,,,,,4,,,,,,,,,,,,,,,,,,,,,,,,,,,,,,,,2,,,,,,,,5,,,,,1,,,,,,,,,,,,,1,1,,,,,,,,,,,5,,,,,,,,,,,,,,,,,,,,,,,,5,,,1,,,,,,,,,5,,,,1,,,,,,,1,,,,,2,,,,,,,,,,,,,,,,,,,,,1,,,1,,,,,,,,,2,,,2,,,,,,5,6,,,,1,,,,1,,,,,,,,,,,,,,,,,,2,,,1,,,1,,,,,,,,,,,,,,,,,1,,,,,,,,,,,,,5,,3,,,4,,,,,,,,,4,,,2,,,,,,1,,,,,,,,,,,,,,,,,,,,,,,40,,,,,,,,,1,,,,,,7,1,,,,,,,,,,4,,,,,1,,,,,,,,,,,,,5,,,,,,,,,,,,,,1,,5,,,,,,,,,,,1,,,,,2,7,,,,,,,,,,,,,,,,,,,,,,,,,,1,,,,,,,,,,,,,,,,,,,,,1,10,,,1,,,,,,,,,,,,,,,,,,,,,1,,,,,,,,,,,,,1,,,,,,1,,,,1,,,
Fault_CondenserSWTSensorOffset.idf,,,,,,,,,,,,1,,,,,5,,,,,,,,,3,,,,,,,,,,,,,,,,,,,,1,,1,,,,,,,,,,,,,,30,,,,,,,,,,,,,,,,,,,,,,,1,,,,1,,,,,,,,,,,,,3,,,,,,,,,,1,,,,,,2,,,,,,,,,,,,,,,,,,,,,,,,,,,,,,,,,,10,,,,,,,,,,,,,,,,,,,,,,,,,,,,,,,,,,,,,,,,,,,,,,,,,,,,,,,,,,,,,,,,,,,,,,,,,,,,,,,,,,,,,,,,1,,,,,,,,,,,,,,1,,,,,,,,,,,2,24,,,,,,,,,,,,,,,1,,,,,,,,,1,,,,,,,,,,,,,,,5,,,,,,,,,,,1,,,,,,,,,,,,,,,,,19,,,,,,,,,,,,,,,,,,,,,,,,,15,1,,,,,,,,,,,,,,,,,,,,,,7,,,,,,6,,,,,,,,,,,,,,,,,,,,,,,,,,,,,,,,1,,,,,,,,3,,,,,,,,,,,,,,,,,,1,,,,,,,,,,,1,3,,,,,,,,,,,,,1,,,,,,1,,,,,2,,,,,,,,,,,,3,,,,1,,,1,,,,1,,,,,6,,,,,,,,,,,,,,,,,,,,,1,,,1,,,,,,,,,1,,,3,,,,,,,1,,,,1,,3,,1,,,,,,,,,,,,,,,1,,,,,,3,,,,,,,,,,,,,,,,,,,,,,,,,,,,,,,,,7,,,,,1,,,,,,,,,6,,,1,,,,,,1,,,,,,,,,,,,,,,,,,,,,,,20,,,,,,,,,,,,,,,3,1,,,,,,,,,,6,,,,,,,,,,,,,,,,,,3,,,,,,,,,,,,,,1,,3,,,,,,,,,,,1,,,,,2,6,,,,,,,,,,,,,,,,,,,,,,,,,,1,,,,,,,,,,,,,,,,,,,,,1,9,,,,,,,,,,,,,,,,,,,,,,,,1,,,,,,2,,,,,,,1,,,,,,1,,,,1,,,
Fault_FoulingAirFilter_RefBldgMediumOfficeNew2004.idf,,,,,,,1,1,,,,,15,,,,7,,,,,,,,,18,,,1,,,,,,,,2,,,,,,,,,1,,,,,,,,,,,,,,,,13,3,,,,,,,,,,,,,15,3,,3,,,,,,1,18,,,,3,6,,,,,,,,,,,15,,1,,,,,,,,,,,,,,2,,,,,,1,,,,,,,,,,,,,1,,,15,,,,,,3,,,,,,,,,,1,1,,,,,,,,,,,2,,,,,,,,,,,1,,,,,,,,,,,,,,,,,,,,,,,,,,,,,,,,,,,,1,,3,,,,,,,,,,,,,,,,,,,,,,,3,3,,,,,,,,,,,,,,,,,,,,,,15,,1,21,,3,,,,,,,,,,1,,,,,,,,,4,,,,,,,,,,,,,,,,,,9,,1,,,,,,3,,,1,,,,,,,,,,,,,,,,,25,,,,,,,,,,,,,,,,,,,15,,,,,,5,,,,,,,,,,,,,3,,,,,,,,,,18,,,,,,2,,,,,,,,,,,,,,,,,,,,,,,3,,,,,,,,,3,,,,,,,,16,,,,,1,,,1,,,,,,,,,,1,3,,,,,,,,,,,15,,,,,,,1,,,,,,,,,,,,3,3,2,,,15,,,1,,,,,,,,,15,,,,1,,,1,,,,3,,,,,1,,,,,,,,,,,,,,,,,,,,,1,9,1,1,,,,,,,,,3,,,,,,,,,15,12,,,,,,,,1,,,,,,10,,,,,,,,,,,,,,,,,,6,,,,,3,,,,,,,,,,,,3,,,,,,,,,,,,,5,,,,,,,,,,,,,,2,,,,,,,,,1,,,,,,,,,,,,,,,,,,,,,,,128,,,,,,,,,3,,,,,,,1,,,,,,,,,,2,,,,,15,,,3,,,,,,,,,,15,,,,,,,,,,,,,,1,,15,,,,,,,,,,,1,,3,,,1,4,,,,,,,,,,,,1,,,,,,,,,,,,,,1,1,,,,,,,,,,,,,,,,,,,,1,14,,,9,,,,,,,,,,,,,,,,1,,,,,,,,,,,,,,,,,,3,,,,,,1,,,,3,,,
Fault_FoulingChillerBoiler_RefBldgLargeOfficeNew2004.idf,,,,,,,4,1,,,,,16,,,,7,,,,,,,,,19,,,1,,1,,,,,,2,1,,,,,,,,2,,,,,,,,,,,,,,,,62,,,,,,2,,,,,,,,15,,4,,,1,,,,1,18,,,,4,5,,,,,,,,,,,16,,1,,,,,,,,,,,,,,2,,,,,,1,,,,,,,,,,,,,,,,16,,,,,,3,,,,,,,,,,1,1,,,2,,,,,,,,2,,,,,,,,,,,1,,,,,,,,,,,,,,,,,,,,,,,,,,,,,,,,,,,,1,,4,,,,,,,,,,,,,,,,,,,,,,,4,4,,,,,,,,,,,,,,,,,,,,,,16,,3,25,,4,,,,,,,,,,1,,,,,,,,,2,,,1,,,,,,,,,,,,,,,10,,1,,,,,,4,,,1,,,,,,,,,,,,,,,,,26,,,,,,,,,,,,,,,,,,,,,,,,,20,1,,,,,,,,,,,,,,,,,,,,,,20,,,,1,,8,,,,,,,,,,,,,,,,,,,,,,,3,,1,,,,,,,8,,,,,,,,16,,,,,1,,,1,,,,,,,,,,1,4,,,,,,,,,,1,16,,,,,,,1,,,,,,,,,,,,4,3,2,,,16,,,1,,,,,,,,,16,,,,1,,,1,,,,4,,,,,3,,,,,,,,,,,,,,,,,,,,,1,9,1,1,,,,,,,,,4,,,3,,,,,,16,12,,,,,,,,1,,,,,,10,,,,,,,,,,,,,,,2,,,1,,,,,3,,,,,,,,,,,,4,,,,,,,,,,,,,12,,,,,8,,,,,,,,,8,,,,,,,,,1,,,,,,,,,,,,,,,,,,,,,,,130,,,,,,,,,4,,,,,,20,2,,,,,,,,,,8,,,,,16,,,3,,,,,,,,,,16,,,,,,,,,,,,,,1,,16,,,,,,,,,,,1,,3,,,3,10,,,,,,,,,,,,1,,,1,,,,,,,,,,,1,,,,,,,,,,,,,,,,,,,,,1,15,,,12,,,,,,,,,,,,,,,,1,,,,,,,,,,,,,,,,,,4,,,,,,1,,,,4,,,
Fault_FoulingCoil.idf,,,,,,,2,,,,,,5,,,,7,,,,,,,,,6,,,,,,,,,,,2,,,,,,,,,2,,,,,,,,,,,,,,,,22,,,,,,,,,,,,,,5,,1,1,,1,,,,1,,,,,1,,,,,,,,,,,,5,,,,,,2,,,,2,,,,,,2,,,,,,1,,,,,,,,,,,,,,,,5,,,,,,1,,,,,,,,,,,,,,,,,,,,,,,,,,,,,,,2,,,,,,1,,,,,,,,,,,,,,,,,,,,,,,,,,,,,,,,,,1,,,,,,,,,,,,2,,,,,,,,,,,1,1,,,,,,,,,,,,,2,,,,,,,,,,,2,11,,1,,,,,,,,,,,,,,,,,,1,,,,,,,,,,,,,,,,,,,7,,,,,,,,,,,1,,,,,,,,,,,,,,,,,17,,,,,,,,,,,,,,,,,,,,,,,,,10,,,,,,,,,,,,,,,,,,,,,,,2,,,,,,4,,,,,,,,,,,,,,,,,,,,,,,,,,,,,,,,2,,,,,,,,5,,,,,,,,,,,,,,,,,,1,1,,,,,,,,,,,5,,,,,,,,,,,,,,,,,,,,,,,,5,,,,,,,,,,,,5,,,,1,,,1,,,,1,,,,,2,,,,,,,,,,,,,,,,,,,,,1,,,1,,,,,,,,,2,,,2,,,,,,5,6,,,,1,,,,1,,,,,,,,,,,,,,,,,,,,,1,,,1,,,,,,,,,,,,,,,,,1,,,,,,,,,,,,,5,,1,,,2,,,,,,,,,4,,,2,,,,,,1,,,,,,,,,,,,,,,,,,,,,,,40,,,,,,,,,1,,,,,,6,1,,,,,,,,,,4,,,,,1,,,,,,,,,,,,,5,,,,,,,,,,,,,,1,,5,,,,,,,,,,,1,,,,,2,5,,,,,,,,,,,,,,,,,,,,,,,,,,1,,,,,,,,,,,,,,,,,,,,,1,10,,,1,,,,,,,,,,,,,,,,,,,,,1,,,,,,,,,,,,,1,,,,,,1,,,,1,,,
Fault_FoulingCoolingTower.idf,,,,,,,,,,,,1,,,,,5,,,,,,,,,3,,,,,1,,,,,,,2,,,,,,,,1,,1,,,,,,,,,,,,,,30,,,,,,,,,,,,,,,,,,,,,,,1,,,,1,,,,,,,,,,,,,3,,,,,,,,,,1,,,,,,2,,,,,,,,,,,,,,,,,,,,,,,,,,,,,,,,,,10,,,,,,,,,,,,,,,,,,,,,,,,,,,,,,,,,,,,,,,,,,,,1,,,,,,,,,,,,,,,,,,,,,,,,,,,,,,,,,,,,,,,,,,,,1,,,,,,,,,,,,,,1,,,,,,,,,,,2,24,,,,,,,,,,,,,,,,,,,,,,,,1,,,,,,,,,,,,,,,5,,,,,,,,,,,1,,,,,,,,,,,,,,,,,18,,,,,,,,,,,,,,,,,,,,,,,,,15,1,,,,,,,,,,,,,,,,,,,,,,6,,,,,,6,,,,,,,,,,,,,,,,,,,,,,,,,,,,,,,,1,,,,,,,,3,,,,,,,,,,,,,,,,,,1,,,,,,,,,,,1,3,,,,,,,,,,,,,1,,,,,,1,,,,,2,,,,,,,,,,,,3,,,,1,,,,,,,1,,,,,6,,,,,,,,,,,,,,,,,,,,,1,,,1,,,,,,,,,1,,,3,,,,,,,1,,,,1,,3,,1,,,,,,,,,,,,,,,1,,,,,,3,,,,,,,,,,,,,,,,,,,,,,,,,,,,,,,,,7,,,,,1,,,,,,,,,6,,,1,,,,,,1,,,,,,,,,,,,,,,,,,,,,,,20,,,,,,,,,,,,,,,3,1,,,,,,,,,,6,,,,,,,,,,1,,,,,,,,3,,,,,,,,,,,,,,1,,3,,,,,,,,,,,1,,,,,2,5,,,,,,,,,,,,,,,,,,,,,,,,,,1,,,,,,,,,,,,,,,,,,,,,1,9,,,,,,,,,,,,,,,,,,,,,,,,1,,,,,,,,,,,,,1,,,,,,1,,,,1,,,
Fault_FoulingEvapCooler_StripMallZoneEvapCooler.idf,,,,,,,,1,,,,,,,,,7,,,,,,,,,10,,,1,,,,,,,,3,,,,,,,,,1,,,,,,,,,,,,,,,,,,,,,,,,,,,,,,10,,,,,,,,,1,9,,,4,,,,,,,,,,,,,10,,1,,,1,,,,,,,,,,,2,,,,,,1,,1,,,,,,,,,,,,,,10,,,,,,,,,,,,,,,,1,1,,,,,,,,,,,2,,,,2,,,,,,,,,,,,,,,,,,,,,,,,,,,,,,,,,,,,,,,,,,,,,,,,,,,,,,,2,,,,,,,,5,,,,,,,,,,,,,,,2,,,,,,,,,,,,,10,,,20,,,,,,,,,,,,,,,,,,,,,,,,,,,,,,,,,,,,,,,7,,1,,,,,,10,,,1,,,,,,,,,,,,,,,,,13,,,,,,,,,,,,,,,,,,,,,,,,,,,,,,,,,,,,,,,,,,,,,,,,,,,,,,,,,,,,,,,,,,,,,,,,,,,,1,,,,,,,,,,,,,,,,,,10,,,,,,,,1,,,,,,,,,,1,4,,,,3,,,,,,,,,,1,,,,,,,,,,,,,,,,,,1,,,10,,,,,,,,,,,,10,,,,1,,,1,,,,,,,,,,,,,,,,,,,,2,,,,,,,,,,1,1,1,1,,,,,,,,,10,,,,,,,,,10,48,,,,,,,,1,,,,,,10,,,,,,,,,,,,,,,,,,15,,,,,2,,,,,,4,,,,,,,,,,,,,,,,,,,,,,,,,,,,,,,,,,,,,,,,,,1,,,,,,,10,,,,,,,,,,,,,,,,60,,1,,,,,,,,,,,,,,,,,,,,,,,2,,,,,,10,,,,,,,,,,,,,10,,,,,,,,,,,,,,1,,10,,,,,,1,1,,,,1,,,,,,,,,,,,,,,,,,1,10,,,,,,,,,,,,,1,,,,,,,,,,,,,,,,,1,,,,1,14,,,,,,,,,,,,,,,,,,1,,,,,,,,,,,,,,,,,,,,,,,,,1,,,,,,,
Fault_HumidistatOffset_Supermarket.idf,,,,,,,,,,,,,,,,,7,,,,,,,,,2,,,,,,,,,,,1,,,,,,,,,1,,,,,,,,,,,,,,,,1,,,,,,,,,,1,,,,,2,,7,,,,,,1,,,,,1,2,,,,,,3,,,,,2,,,,,1,1,,,,1,,,,,,2,,,,,,,,,,,,,,,,,,,,,,,,,,,,,,,,,,9,,,,,,,,,,,,,,,,,,,,,,,,,,,,,,,,,,,,,,,,,,,,,,,,1,,,,,,,,,,,,,,,,,1,,,,,,,,,,,,,,,,,,,,,,,1,,,,,,,,,,,,,,,,,,,,,,,4,,,52,,1,,7,,,,,,,,,,,,,,,,,2,,,,,,,,,,,,,,,,,,8,,,,,,,,,,,1,,,,,,,,,,,,,,,,,32,,,,,,,,,,,,,,,,,,,,,,,,,,,,,,,,,,,,,,,,,,,,,,,,3,,,,,,,,,,,,,,,,,,,,,2,,,,,,,,,,,,,,,,,1,,,,,,,,4,,,,,1,,,,,,,,,,,,,1,,,,,,,,,,,,2,,,,,,,1,2,,,,,,,,,,,1,,,,,2,,,1,,,,,,,,,2,,,,1,,,1,,,,1,,,,,,,,,,,,,,,,,,,,,,,,,,1,,,1,,,,,,,,,2,,,,,,,,,,3,,,,2,,,,1,,,,,,,,,,,,,,,,,,,,,,,,2,,,,,,,,,,,,,,,,,1,,,,,,,,,,,,,1,,1,,,,,,,,,,,,,,,,,,,,,1,,,,,,,,,,,,,,,,,,,,,,,12,,,,,1,,,,1,,,,,,,,,,,,,,,,,,,,,,1,,,,,,,1,,,,,,2,,,,,,,,,,,,,,1,,1,,,,,,,,,,,1,,,,,,,,,1,,,,,,,,,1,,,,,,,,,,,,,,1,7,,,1,,,,,,,,,,,,,,,,,1,13,,,,,,,,,,,,,,,,,,,,,,,,,,,,,,,,,,,,,1,,,,,,1,,,,1,,,
Fault_HumidistatOffset_ThermostatOffset_Supermarket.idf,,,,,,,,,,,,,,,,,7,,,,,,,,,2,,,,,,,,,,,1,,,,,,,,,1,,,,,,,,,,,,,,,,1,,,,,,,,,,1,,,,,2,,7,,,,,,1,,,,,1,2,,,,,,3,,,,,2,,,,,1,1,,,,1,,,,,,2,,,,,,,,,,,,,,,,,,,,,,,,,,,,,,,,,,9,,,,,,,,,,,,,,,,,,,,,,,,,,,,,,,,,,,,,,,,,,,,,,,,1,,,,,,,,,,,,,,,,,1,,,,,,,,,,,,,,,,,,,,,,,1,,,,,,,,,,,,,,,,,,,,,,,4,,,52,,1,,7,,,,,,,,,,,,,,,,,2,,,,,,,,,,,,,,,,,,8,,,,,,,,,,,1,,,,,,,,,,,,,,,,,32,,,,,,,,,,,,,,,,,,,,,,,,,,,,,,,,,,,,,,,,,,,,,,,,3,,,,,,,,,,,,,,,,,,,,,2,,,,,,,,,,,,,,,,,1,,,,,,,,4,,,,,1,,,,,,,,,,,,,1,,,,,,,,,,,,2,,,,,,,1,2,,,,,,,,,,,1,,,,,2,,,1,,,,,,,,,2,,,,1,,,1,,,,1,,,,,,,,,,,,,,,,,,,,,,,,,,1,,,1,,,,,,,,,2,,,,,,,,,,3,,,,2,,,,1,,,,,,,,1,,,,,,,,,,,,,,,,2,,,,,,,,,,,,,,,,,1,,,,,,,,,,,,,1,,1,,,,,,,,,,,,,,,,,,,,,1,,,,,,,,,,,,,,,,,,,,,,,12,,,,,1,,,,1,,,,,,,,,,,,,,,,,,,,,,1,,,,,,,1,,,,,,2,,,,,,,,,,,,,,1,,1,,,,,,,,,,,1,,,,,,,,,1,,,,,,,,,1,,,,,,,,,,,,,,1,7,,,1,,,,,,,,,,,,,,,,,1,13,,,,,,,,,,,,,,,,,,,,,,,,,,,,,,,,,,,,,1,,,,,,1,,,,1,,,
Fault_ThermostatOffset_RefBldgMediumOfficeNew2004.idf,,,,,,,1,1,,,,,15,,,,7,,,,,,,,,18,,,1,,,,,,,,2,,,,,,,,,1,,,,,,,,,,,,,,,,13,3,,,,,,,,,,,,,15,3,,3,,,,,,1,18,,,,3,6,,,,,,,,,,,15,,1,,,,,,,,,,,,,,2,,,,,,1,,,,,,,,,,,,,,,,15,,,,,,3,,,,,,,,,,1,1,,,,,,,,,,,2,,,,,,,,,,,1,,,,,,,,,,,,,,,,,,,,,,,,,,,,,,,,,,,,1,,3,,,,,,,,,,,,,,,,,,,,,,,3,3,,,,,,,,,,,,,,,,,,,,,,15,,1,21,,3,,,,,,,,,,1,,,,,,,,,4,,,,,,,,,,,,,,,,,,9,,1,,,,,,3,,,1,,,,,,,,,,,,,,,,,24,,,,,,,,,,,,,,,,,,,15,,,,,,5,,,,,,,,,,,,,3,,,,,,,,,,18,,,,,,2,,,,,,,,,,,,,,,,,,,,,,,3,,,,,,,,,3,,,,,,,,16,,,,,1,,,1,,,,,,,,,,1,3,,,,,,,,,,,15,,,,,,,1,,,,,,,,,,,,3,3,2,,,15,,,1,,,,,,,,,15,,,,1,,,1,,,,3,,,,,1,,,,,,,,,,,,,,,,,,,,,1,9,1,1,,,,,,,,,3,,,,,,,,,15,12,,,,,,,,1,,,,,,10,,15,,,,,,,,,,,,,,,,6,,,,,3,,,,,,,,,,,,3,,,,,,,,,,,,,5,,,,,,,,,,,,,,2,,,,,,,,,1,,,,,,,,,,,,,,,,,,,,,,,128,,,,,,,,,3,,,,,,,1,,,,,,,,,,2,,,,,15,,,3,,,,,,,,,,15,,,,,,,,,,,,,,1,,15,,,,,,,,,,,1,,3,,,1,4,,,,,,,,,,,,1,,,,,,,,,,,,,,1,,,,,,,,,,,,,,,,,,,,,1,14,,,9,,,,,,,,,,,,,,,,1,,,,,,,,,,,,,,,,,,3,,,,,,1,,,,3,,,
Fenestration_RefBldgSmallHotelNew2004_Chicago.idf,,,,35,,,1,1,,,,,,,,,7,,,,,,1,,,67,,,1,,,,,,,,2,,,,,,,,,1,,,,,,,,,,,,,,,,55,12,,,,,,,,,,,,,67,12,,6,,,,,,1,18,,,28,12,5,,,,,,,,,,,63,,2,,,35,,,,,9,,,,,,2,,,,,,1,,,,,,,,,,,,,,,,63,,,,,,,,,,,,,,,,1,1,,,,,,,,,,,2,,,,,,,,,,,1,,,,,,,,,,,,,,,,,,,,,,,,6,,,,,,2,,,,,,1,,12,,,,,,,,,,,,1,,,1,,,,,,,,12,12,,,,,,,,,,,,,,,,,,,,,,64,,1,10,,12,,,,,,,,,,1,5,,,,,,,,4,,,,,,,,,,,,,,,,,,9,,1,,,,,,12,,,1,,,,,,,,,,,,,,,,,50,,,,,,,,,,,,,,,,,,,51,,,,,,5,,,,,,,,,,,,,,,,,,,,,,,126,,,,,,2,,,,,,,,,,,,,,,,,,,,,,,3,,,,,,,,,12,,,,,,,,43,,,,,1,,,1,,,,,,,,,,1,,,,,,,,,12,,,12,,9,,,,,1,12,,,,,,,,,,,12,36,2,,,63,,,1,,,,,,,,,42,,,,1,,,1,,,,12,,,,,1,,,,,,,,,,,,,,,,,,,,,1,10,1,1,,,,,,,,,12,,,1,,,,,,63,103,,,,,,,,1,,,,,,10,,,,,,,,,,,,,,,,,,47,,7,,,3,,,,,,,,,,,,12,,,,,,,,,,,,,14,,4,,,,,,,,,,,,2,,,,,,,,,1,,,,,,,,,,,,,,,,,,,,,,,485,,,,,,,,,47,,,,,,,1,,,,,,,,,,2,,,,,63,,,36,,,,,,,,,,63,,,,,,,,16,,,,,,1,,63,,,,,,,,,,,1,,3,,,1,1,,,,,,,,,,,,1,,,,,,,,,,,,,,1,,,,47,,,,,,,,,,,,,,,,,1,14,,,36,,,,,,,,,,,,,,,,,,,,,,,,,,,,,,,,,,12,,,,,,1,,,,12,,,
Flr_Rf_8Sides.idf,,,,,,,,,,,,,,,,,4,,,,,,,,,1,,,,,,,,,,,,,,,,1,,,,1,,,,,,,,,,,,,,,,,,,,,,,,,,,,,,,,,,,,,,,1,,,,,,,,,,,,,,,,,1,,,,,,,,,,1,,,,,,2,,,,,,,,,,,,,,,,,,,,,,,,,,,,,,,,,,,,,,,,,,,,,,,,,,,,,,,,,,,,,,,,,,,,,,,,,,,,,,,,,,,,,,,,,,,,,,,,,,,,,,,,,,,,,,,,,,,,,,,,,,,,,,,,,,,,,,,,,,,,,,,,,,,,15,,,,,,,,,,,,,,,,,,,,,,,,,,,,,,,,,,,,,,1,4,,,,,,,,,,,1,,,,,,,,,,,,,,,,,2,,,,,,,,,,,,,,,,,,,,,,,,,,,,,1,,,,,,,,,,,,,,,,,,,1,,,,,,,,,,,,,,,,,,,,,,,,,,,,,,,,,,,,,,,,,,,,,,,,,,,2,,,,,,,,,,,,,1,,,,,,,,,,,,,,,,,,,,,,,,,,,,,,,,,,,,,,,1,,,,,,,,,,,,,2,,,,,,,,,,,,,,,,,,,,,,,,,,,,,,,,,1,2,,1,,,,,,,,,,,,,,,,,,,1,,,,,,,,1,,,,,,,,,,,,,,,,,,,,,,,,,,,,,,,,,,,,,,,,,,,,,,,,,,,,,,,,,,,,,,,,,,,,,,,,,,,,,1,,,,,,,,,,,,,,,,,,,,,,,10,,,,,,,,,,,,,,,,,,,,,,,,,,,,,,,1,,,,,,,,,,,,,1,,,,,,,,,,,,,,1,,1,,,,,,,,,,,1,,,,,,,,,1,,,,,,,,,,,,,,,,,,,,,,,1,,,,,,1,,,,,,,,,,,,,,,1,10,,,,,,,,,,,,,,,,,,,,,,,,,,,,,,,,,,,,,,,,,,,1,,,,,,,
FluidCooler.idf,,,,,,,,,,,,1,,,,,5,,,,,,,,,3,,,,,1,,,,,,,,,,,,,,,2,,1,,,,,,,,,,,,,,30,,,,,,,,,,,,1,,,,,,,,,,,1,,,,1,,,,,,,,,,,,,3,,,,,,,,,,1,,,,,,2,,,,,,,,,,,,,,,,,,,,,,,,,,,,,,,,,1,10,,,,,,,,,,,,,,,,,,,,,,,,,,,,,,,,,,,,,,,,,,,,,,,,,,,,,,,,,,,,,,,,,,,,,,,,,,,,,,,,,,,,,,,,1,,,,,,,,,,,,,,1,,,,,,,,,,,2,20,,,,,,,,,,,,,,,,,,,,,,,,1,,,,,,,,,,,,,,,5,,,,,,,,,,,1,,,,,,,,,,,,,,,,,18,,,,,,,,,,,,,,,,,,,,,,,,,15,1,,,,,,,,,,,,,,,,,,,,,,6,,,,,,6,,,,,,,,,,,,,,,,,,,,,,,,,,,,,,,,1,,,,,,,,3,,,,,,,,,,,,,,,,,,1,,,,,,,,,,,1,3,,,,,,,,,,,,,1,,,,,,1,,,,,2,,,,,,,,,,,,3,,,,1,,,,,,,1,,,,,6,,,,,,,,,,,,,,,,,,,,,1,,,1,,,,,,,,,1,,,3,,,,,,,1,,,,1,,3,,1,,,,,,,,,,,,,,,1,,,,,,3,,,,,,,,,,,,,,,,,,,,,,,,,,,,,,,,,7,,,,,1,,,,,,,,,6,,,1,,,,,,1,,,,,,,,,,,,,,,,,,,,,,,20,,,,,,,,,,,,,,,3,1,,,,,,,,,,6,,,,,,,,,,,,,,,,,,3,,,,,,,,,,,,,,1,,3,,,,,,,,,,,1,,,,,2,5,,,,,,,,,,,,,,,,,,,,,,,,,,1,,,,,,,,,,,,,,,,,,,,,1,9,,,,,,,,,,,,,,,,,,,,,,,,1,,,,,,,,,,,,,1,,,,,,1,,,,1,,,
FluidCoolerTwoSpeed.idf,,,,,,,1,,,,,1,,,,,5,,,,,,,,,3,,,,,1,,,,,,,,,,,,,,,2,,1,,,,,,,,,,,,,,30,,,,,,,,,,,,,,,,,,,,,,,1,,,,1,,,,,,,,,,,,,3,,,,,,,,,,1,,,,,,2,,,,,,,,,,,,,,,,,,,,,,,,,,,,,,,,,1,10,,,,,,,,,,,,,,,,,,,,,,,,,,,,,,,,,,,,,,,,,1,,,,,,,,,,,,,,,,,,,,,,,,,,,,,,,,,,,,,,,,,,,,,,,1,,,,,,,,,,,,,,1,,,,,,,,,,,2,11,,,,,,,,,,,,,,,,,,,,,,,,1,,,,,,,,,,,,,,,5,,,,,,,,,,,1,,,,,,,,,,,,,,,,,18,,,,,,,,,,,,,,,,,,,,,,,,,15,1,,,,,,,,,,,,,,,,,,,,,,6,,,,,,6,,,,,,,,,,,,,,,,,,,,,,,,,,,,,,,,1,,,,,,,,3,,,,,,,,,,,,,,,,,,1,,,,,,,,,,,1,3,,,,,,,,,,,,,1,,,,,,1,,,,,2,,,,,,,,,,,,3,,,,1,,,,,,,1,,,,,6,,,,,,,,,,,,,,,,,,,,,1,,,1,,,,,,,,,1,,,3,,,,,,,1,,,,1,,3,,1,,,,,,,,,,,,,,,1,,,,,,3,,,,,,,,,,,,,,,,,,,,,,,,,,,,,,,,,7,,,,,1,,,,,,,,,6,,,1,,,,,,1,,,,,,,,,,,,,,,,,,,,,,,20,,,,,,,,,,,,,,,3,1,,,,,,,,,,6,,,,,,,,,,1,,,,,,,,3,,,,,,,,,,,,,,1,,3,,,,,,,,,,,1,,,,,2,5,,,,,,,,,,,,,,,,,,,,,,,,,,1,,,,,,,,,,,,,,,,,,,,,1,9,,,,,,,,,,,,,,,,,,,,,,,,1,,,,,,,,,,,,,1,,,,,,1,,,,1,,,
FourPipeBeamLargeOffice.idf,,,,,,,6,1,,,,,1,,,,7,,,,,,,,,19,,,1,,1,,,,,,2,1,,,,,,,,1,15,,,,,,,,,,,,,,,93,,,,,,,,,,,,,,15,,4,,,1,,,,1,18,,,3,4,5,,,,,,,,,,,16,3,1,,,,,,,,,,,,,,2,,,,,,1,,,,,,,,,,,,,,,,16,,,,,,3,,,,,,,,,,1,1,,,2,,,,,,,,2,,,,,,,,,,,1,,,,,,,,,,,,,,,,,,,,,,,,,,,,,,,,,,,,1,,4,,,,,,,,,,,,,,,,,,,,,,,4,4,,,,,,,,,,,,,,,,,,,,,,16,,5,32,,4,,,,,,,,,,,,,,,,,,,2,,,1,,2,,,,,,,,,,,,,10,,1,,,,,,4,,,1,,,,,,,,,,,,,,,,,28,,,,,,,,,,,,,,,,,,,,,,,,,30,1,,,,,,,,,,,,,,,,,,,,,,22,,,,1,,12,,,,,,,,,,,,,,,,,,,,,,,3,,,,,,,,,8,,,,,,,,16,,,,,1,,,1,,,,,,,,,,1,1,,,,,,,,,,1,16,,,,,,,1,,,,,,,,,,,,4,3,2,,,16,,,1,3,,,,,,,,16,,,,1,,,1,,,,4,,,,,5,,,,,,,,,,,,,,,,,,,,,1,,1,1,,,,,,,,,4,,,5,,,,,,16,12,,,,,,,,1,,,,,,10,,,,,,,,,,,,,,,2,,,1,,,,,3,,,,,,,,,,,,4,,,,,,,,,,,,,16,,,,,8,,,,,,,,,12,,,,,,,,,1,,,,,,,,,,,,,,,,,,,,,,,130,,,,,,,,,4,,,,,,5,2,,,,,,,,,,12,,,,,16,,,3,,,,,,,,2,,16,,,,,,,,,,,,,,1,,16,,,,,,,,,,,1,,3,,,5,12,,,,,,,,,,,,1,,,1,,,,,,,,,,,1,,,,,,,,,,,,3,,,,,1,,,,1,15,,,12,,,,,,,,,,,,,,,,1,,,,,,,,,,,,,,,,,,4,,,,,,1,,,,4,,,
FreeCoolingChiller.idf,,,,,,,,,,,,,,,,,5,,,,,,,,,3,,,,,1,,,,,,,2,,,,,,,,1,,1,,,,,,,,,,,,,,29,,,,,,,,,,,,,,,,,,,,,,,1,,,,1,,,,,,,,,,,,,3,,,,,,,,,,1,,,,,,3,,,,,,,,,,,,,,,,,,,,,,,,,,,,,,,,,,10,,,,,1,,,,,,,,,,,,,,,,,,,,,,,,,,,,,,,,,,,,,,,,,,,,,,,,,,,,,,,,,,,,,,,,,,,,,,,,,,,,,,,,,,,1,,,,,,,,,,,,,,1,,,,,,,,,,,2,32,,,,,,,,,,,,,,,,,,,,,,,,1,,1,,,,,,,,,,,,,5,,,,,,,,,,,1,,,,,,,,,,,,,,,,,19,,,,,,,,,,,,,,,,,,,,,,,,,15,1,,,,,,,,,,,,,,,,,,,,,,6,,,,,,6,,,,,,,,,,,,,,,,,,,,,,,,,,,,,,,,1,,,,,,,,3,,,,,1,,,,,,,,,,,,,1,,,,,,,,,,,1,3,,,,,,,,,,,,,1,,,,,,1,,,,,2,,,,,,,,,,,,3,,,,1,,,,,,,1,,,,,4,,,,,,,,,,,,,,,,,,,,,1,,,1,,,,,,,,,1,,,3,,,,,,,4,,,,1,,3,,1,,,,,,,,,,,,,,,1,,,,,,3,,,,,,,,,,,,,,,,,,,,,,,,,,,,,,,,,7,,,,,1,,,,,,,,,6,,,1,,,,,,1,,,,,,,,,,,,,,,,,,,,,,,20,,,,,,,,,,,,,,,3,1,,,,,,,,,,6,,,,,,,,,,,,,,,,,,3,,,,,,,,,,,,,,1,,3,,,,,,,,,,,1,,,,,2,5,,,,,,,,,,,,,,,,,,,,,,,,,,1,,,,,,,,,,,,,,,,,,,,,1,9,,,,,,,,,,,,,,,,,,,,,,,,,,,,,,,,,,,,,1,,,,,,1,,,,1,,,
FreeCoolingChiller_wWaterSideEconomizer.idf,,,,,,,3,,,,,,,,,,5,,,,,,,,,3,,,,,1,,,,,,,2,,,,,,,,1,,1,,,,,,,,,,,,,,28,,,,,,,,,,,,,,,,,,,,,,,1,,,,1,,,,,,,,,,,,,3,,,,,,,,,,1,,,,,,3,,,,,,1,,,,,,,,,,,,,,,,3,,,,,,,,,,,,10,,,,,1,,,,,,,,,,,,,,,,,,,,,,,,,,,,,,,,,,,,,,,,,,,,,,,,,,,,,,,,,,,,,,,,,,,,,,,,,,,,,,,,,,,1,1,,,,,,,,,,,,,1,,,,,,,,,,,2,40,,,,,,,,,,,,,,,,,,,,,,,,1,,1,,,,,,,,,,,,,5,,,,,,,,,,,1,,,,,,,,,,,,,,,,,19,,,,,,,,,,,,,,,,,,,,,,,,,15,1,,,,,,,,,,,,,,,,,,,,,,6,,,,,,6,,,,,,,,,,,,,,,,,,,,,,,,,,,,,,,,1,,,,,,,,3,,,,,1,,,,,,,,,,,,,1,,,,,,,,,,,1,3,,,,,,,,,,,,,1,,,,,,1,,,,,2,,,,,,,,,,,,3,,,,1,,,,,,,1,,,,,4,,,,,,,,,,,,,,,,,,,,,1,,,1,,,,,,,,,1,,,3,,,,,,1,4,,,,1,,3,,1,,,,,,,,,,,,,,,1,,,,,,3,,,,,,,,,,,,,,,,,,,,,,,,,,,,,,,,,7,,,,,1,,,,,,,,,6,,,1,,,,,,1,,,,,,,,,,,,,,,,,,,,,,,20,,,,,,,,,,,,,,,3,1,,,,,,,,,,6,,,,,,,,,,,,,,,,,,3,,,,,,,,,,,,,,1,,3,,,,,,,,,,,1,,,,,2,5,,,,,,,,,,,,,,,,,,,,,,,,,,1,,,,,,,,,,,,,,,,,1,,,,1,9,,,,,,,,,,,,,,,,,,,,,,,,,,,,,,,,,,,,,1,,,,,,1,,,,1,,,
Furnace.idf,,,,,,,,,,,,,,,,,5,,,,,,,,,3,,,,,,,,,,,,,,,,,,,,1,,,,,,,,,,,,,,,,1,,,,,,,,,,,,,,,1,,,,,,,,1,,,,,,,,,,,,,,,,,3,,,,,1,,,,,1,,,,,,2,,,,,,,,,,,,,,,,,,,,,,,,,,,,,,,,,,12,,,,,,,,,,,,,,,,,,,,,,,,,,,,,,,,,,,,,,,,,,,,,,,,,,,,,,,,,,,,,,,,,,,,,,,,,,,,,,,,,,,,,,,,1,,,,,,,,,,,,,,1,,,,,,,,,,,,9,,,,,,,,,,,,,,,,,,,,,,,,,,,,,,,,,,,,,,,5,,,,,,,,,,,1,,,,,,,,,,,,,,,,,12,,,,,,,,,,,,,,,,,,,,,,,,,,,,,,,,,,,,,,,,,,,,,,,,3,,,,,,,,,,,,,,,,,,,,,,,,,,,,,,,,,,,,,,,,,,,,,,3,,,,,1,,,,,,,,,,,,,1,,,,,,,,,,,,3,,,,,,,1,3,,,,,,,1,,,,1,,,,,2,,,,,,,,,,,,3,,,,1,,,,,,,1,,,,,,,,,,,,,,,,,,,,,,,,,,1,,,1,,,,,,,,,1,,,,,,,,,,1,,,,1,,,,1,,,,,,,,,,,,,,,,,,,,,,,,,,,,,,,,,,,,,,,,,,,,,,,,,,,,,,1,,,,,,,,,,,,,,,,,1,,,,,,1,,,,,,,,,,,,,,,,,,,,,,,20,,,,,,,,,,,,,,,,,,,,,,,,,,,,,,,,,,,,,,,,,,,,3,,,1,,,,,,,,,,,1,,1,,,,,,,,,,,1,,,,,,,,,,,,,,,,,,,,,,,,,,,,,,,,1,,,,,,,,,,,,,,,,,,,,,1,9,,,,,,,,,,,,,,,,,,,,,,,,,,,,,,,,,,,,,1,,,,,,1,,,,1,,,
FurnaceFuelOil.idf,,,,,,,,,,,,,,,,,5,,,,,,,,,3,,,,,,,,,,,,,,,,,,,,1,,,,,,,,,,,,,,,,1,,,,,,,,,,,,,,,1,,,,,,,,1,,,,,,,,,,,,,,,,,3,,,,,1,,,,,1,,,,,,2,,,,,,,,,,,,,,,,,,,,,,,,,,,,,,,,,,12,,,,,,,,,,,,,,,,,,,,,,,,,,,,,,,,,,,,,,,,,,,,,,,,,,,,,,,,,,,,,,,,,,,,,,,,,,,,,,,,,,,,,,,,1,,,,,,,,,,,,,,1,,,,,,,,,,,,9,,,,,,,,,,,,,,,,,,,,,,,,,,,,,,,,,,,,,,,5,,,,,,,,,,,1,,,,,,,,,,,,,,,,,12,,,,,,,,,,,,,,,,,,,,,,,,,,,,,,,,,,,,,,,,,,,,,,,,3,,,,,,,,,,,,,,,,,,,,,,,,,,,,,,,,,,,,,,,,,,,,,,3,,,,,1,,,,,,,,,,,,,1,,,,,,,,,,,,3,,,,,,,1,3,,,,,,,1,,,,1,,,,,2,,,,,,,,,,,,3,,,,1,,,,,,,1,,,,,,,,,,,,,,,,,,,,,,,,,,1,,,1,,,,,,,,,1,,,,,,,,,,1,,,,1,,,,1,,,,,,,,,,,,,,,,,,,,,,,,,,,,,,,,,,,,,,,,,,,,,,,,,,,,,,1,,,,,,,,,,,,,,,,,1,,,,,,1,,,,,,,,,,,,,,,,,,,,,,,20,,,,,,,,,,,,,,,,,,,,,,,,,,,,,,,,,,,,,,,,,,,,3,,,1,,,,,,,,,,,1,,1,,,,,,,,,,,1,,,,,,,,,,,,,,,,,,,,,,,,,,,,,,,,1,,,,,,,,,,,,,,,,,,,,,1,9,,,,,,,,,,,,,,,,,,,,,,,,,,,,,,,,,,,,,1,,,,,,1,,,,1,,,
FurnacePLRHeatingCoil.idf,,,,,,,,,,,,,,,,,5,,,,,,,,1,3,,,,,,,,,,,1,,,,,,,,,1,,,,,,,,,,,,,,,,2,,,,,,,,,,,,,,3,2,,,,,,,,1,,,,,,,,,,,,,,,,,3,,,,,2,,,,,1,,,,,,2,,,,,,,,,,,,,,,,,,,,,,,,,,,,,,,,,,12,,,,,,,,,,,,,,,,,,,,,,,,,,,,,,,,,,,,,,,,,,,,,,,,,,,,,,,,,,,,,,,,,,,,,,,,,,,,,,,,,,,,,,,,2,,,,,,,,,,,,,,1,,,,,,,,,,,,24,,,,,,,,,,,,,,,,,,,,,,,,,,,,,,,,,,,,,,,5,,,,,,,,,,,1,,,,,,,,,,,,,,,,,13,,,,,,,,,,,,,,,,,,,,,,,,,,,,,,,,,,,,,,,,,,,,,,,,3,,,,,,,,,,,,,,,,,,,,,,,,,,,,,,,,,,,,,,,,,,,,,,3,,,,,1,,,,,,,,,,,,,1,,,,,,,,,,,,3,,,,,,,1,3,,,,,,,1,,,,2,,,,,2,,,,,,,,,,,,3,,,,1,,,,,,,2,,,,,,,,,,,,,,,,,,,,,,,,,,1,,,1,,,,,,,,,2,,,,,,,,,,1,,,,2,,,,1,,,,,,,,,,,,,,,,,,,,,,,,,,,,,,,,,,,,,,,,,,,,,,,,,,,,,,2,,1,,,,,,,,,,,,,,,1,,,,,,1,,,,,,,,,,,,,,,,,,,,,,,20,,,,,,,,,,,,,,,,,,,,,,,,,,,,,,,,,,,,,,,,,,,,3,,,1,,,,,,,,,,,1,,2,,,,,,,,,,,1,,,,,,,,,,,,,,,,,,,,,,,,,,,,,,,,1,2,,,,,,,,,,,,,,,,,,,,1,10,,,,,,,,,,,,,,,,,,,,,,,,,,,,,,,,,,,,,2,,,,,,1,,,,2,,,
FurnaceWithDXSystem.idf,,,,,,,,,,,,,,,,,5,,,,,,,,,3,,,,,,,,,,,,,,,,,,,,2,,,,,,,,,,,,,,,,1,,,,,,,,,,1,,,,,1,,3,,,,,,1,,,,,,,,,,,,,,,,,3,,,,,1,,,,,1,,,,,,2,,,,,,,,,,,,,,,,,,,,,,,,,,,,,,,,,,12,,,,,,,,,,,,,,,,,,,,,,,,,,,,,,,,,,,,,,,,,,,,,,,,,,,,,,,,,,,,,,,,,,,,,,,,,,,,,,,,,,,,,,,,1,,,,,,,,,,,,,,1,,,,,,,,,,,,16,,,,,,,,,,,,,,,,,,,,,2,,,,,,,,,,,,,,,,,,5,,,,,,,,,,,1,,,,,,,,,,,,,,,,,12,,,,,,,,,,,,,,,,,,,,,,,,,,,,,,,,,,,,,,,,,,,,,,,,3,,,,,,,,,,,,,,,,,,,,,,,,,,,,,,,,,,,,,,,,,,,,,,3,,,,,1,,,,,,,,,,,,,1,,,,,,,,,,,,3,,,,,,,1,3,,,,,,,1,,,,1,,,,,2,,,,,,,,,,,,3,,,,1,,,,,,,1,,,,,,,,,,,,,,,,,,,,,,,,,,1,,,1,,,,,,,,,1,,,,,,,,,,1,,,,1,,,,1,,,,,,,,,,,,,,,,,,,,,,,,,,,,,,,,,,,,,,,,,,,,,,,,,,,,,,1,,,,,,,,,,,,,,,,,1,,,,,,1,,,,,,,,,,,,,,,,,,,,,,,20,,,,,,,,,,,,,,,,,,,,,,,,,,,,,,,,,,,,,,,,,,,,3,,,,,,,,,,,,,,1,,1,,,,,,,,,,,1,,,,,,,,,,,,,,,,,,,,,,,,,,,,,,,,1,,,,1,,,,,,,,,,,,,,,,,1,9,,,,,,,,,,,,,,,,,,,,,,,,,,,,,,,,,,,,,1,,,,,,1,,,,1,,,
FurnaceWithDXSystemComfortControl.idf,,,,,,,,,,,,,,,,,6,,,,,,,,,3,,,,,,,,,,,,,,,,,,,,1,,,,,,,,,,,,,,,,1,,,,,,,,,,1,,,,,1,,3,,,,,,1,,,,,,,,,,,,,,,,,3,,,,,1,,,,,1,,,,,,2,,,,,,,,,,,,,,,,,,,,,,,,,,,,,,,,,,12,,,,,,,,,,,,,,,,,,,,,,,,,,,,,,,,,,,,,,,,,,,,,,,,,,,,,,,,,,,,,,1,,,,,,,,,,,,,,,,,,,,,,,,,,1,,,,,,,,,,,,,,1,,,,,,,,,,,,17,,,,,,,,,,,,,,,,,,,,,2,,,,,,,,,,,,,,,,,,5,,,,,,,,,,,1,,,,,,,,,,,,,,,,,18,,,,,,,,,,,,,,,,,,,,,,,,,,,,,,,,,,,,,,,,,,,,,,,,3,,,,,,,,,,,,,,,,,,,,,,,,,,,,,,,,,,,,,,,,,,,,,,3,,,,,1,,,,,,,,,,,,,1,,,,,,,,,,,,3,,,,,,,1,3,,,,,,,1,,,,1,,,,,2,,,,,,,,,,,,3,,,,1,,,,,,,1,,,,,,,,,,,,,,,,,,1,,,,,,,,1,,,1,,,,,,,,1,1,,,,,,,,,,1,,,,1,,,,1,,,,,,,,,,,,,,,,,,,,,,,,,,,,,,,,,,,,,,,,,,,,,,,,,,,,,,1,,1,,,,1,,,,,,,,,,,1,,,,,,1,,,,,,,,,,,,,,,,,,,,,,,20,,,,,,,,,,1,,,,,,,,,,,,,,,,,,,,,,,,,,,,,,,,,,3,,,,,,,,,,,,,,1,,1,,,,,,,,,,,1,,,,,,,,,,,,,,,,,,1,,,,,,,,,,,,,,1,,,,1,,,,,,,,,,,,,,,,,1,9,,,,,,,,,,,,,,,,,,,,,,,,,,,,,,,,,,,,,1,,,,,,1,,,,1,,,
FurnaceWithDXSystemRHcontrol.idf,,,,,,,,,,,,,,,,,6,,,,,,,,,3,,,,,,,,,,,,,,,,,,,,3,,,,,,,,,,,,,,,,1,,,,,,,,,,1,,,,,2,,3,,,,,,1,,,,,1,,,,,,,,,,,,3,,,,,1,,,,,1,,,1,,,2,,,,,,,,,,,,,,,,,,,,,,,,,,,,,,,,,,12,,,,,,,,,,,,,,,,,,,,,,,,,,,,,,,,,,,,,,,,,,,,,,,,,,,,,,,,,,,,,,,,,1,,,,,,,,,,,,,,,,,,,,,,,1,,,,,,,,,,,,,,,,,,,,,,,,,,29,,1,,,,,,,,,,,,,,,,,,,2,,,,,,,,,,,,,,,,,,5,,,,,,,,,,,1,,,,,,,,,,,,,,,,,16,,,,,,,,,,,,,,,,,,,,,,,,,,,,,,,,,,,,,,,,,,,,,,,,4,,,,,,,,,,,,,,,,,,,,,,,,,,,,,,,,,,,,,,1,,,,,,,,3,,,,,1,,,,,,,,,,,,,1,,,,,,,,,,,,3,,,,,,,1,3,,,,,,,1,,,,1,,,,,2,,,,,,,,,,,,3,,,,1,,,,,,,1,,,,,,,,,,,,,,,,,,,,,,,,,,1,,,1,,,,,,,,,2,,,,,,,,,,1,,,,2,,,,1,,,,,,,,,,,,,,,,,,,,,,,,,,,,,,,,,,,,,,,,,1,,,,,,,,,,,,,1,,,,,,,,,,,,,,,,,,,,,,,1,,,,,,,,,,,,,,,,,,,,,,,20,,,,,1,,,,1,,,,,,,,,,,,,,,,,,,,,,1,,,,,,,,,,,,,3,,,,,,,,,,,,,,1,,1,,,,,,,,,,,1,,,,,,,,,,,,,,,,,,1,,,,,,,,,,,,,,1,1,,,1,,,,,,,,,,,,,,,,,1,9,,,1,,,,,,,,,,,,,,,,,,,,,,,,,,,,,,,,,,1,,,,,,1,,,,1,,,
FurnaceWithDXSystemRHcontrol_cyclingfan.idf,,,,,,,,,,,,,,,,,6,,,,,,,,,3,,,,,,,,,,,1,,,,,,,,,2,,,,,,,,,,,,,,,,1,,,,,,,,,,1,,,,,2,,3,,,,,,1,,,,,1,,,,,,,,,,,,3,,,,,1,,,,,1,,,,,,2,,,,,,,,,,,,,,,,,,,,,,,,,,,,,,,,,,12,,,,,,,,,,,,,,,,,,,,,,,,,,,,,,,,,,,,,,,,,,,,,,,,,,,,,,,,,,,,,,,,,1,,,,,,,,,,,,,,,,,,,,,,,1,,,,,,,,,,,,,,,,,,,,,,,,,,31,,1,,,,,,,,,,,,,,,,,,,2,,,,,,,,,,,,,,,,,,5,,,,,,,,,,,1,,,,,,,,,,,,,,,,,15,,,,,,,,,,,,,,,,,,,,,,,,,,,,,,,,,,,,,,,,,,,,,,,,4,,,,,,,,,,,,,,,,,,,,,,,,,,,,,,,,,,,,,,1,,,,,,,,3,,,,,1,,,,,,,,,,,,,1,,,,,,,,,,,,3,,,,,,,1,3,,,,,,,1,,,,1,,,,,2,,,,,,,,,,,,3,,,,1,,,,,,,1,,,,,,,,,,,,,,,,,,,,,,,,,,1,,,1,,,,,,,,,2,,,,,,,,,,1,,,,2,,,,1,,,,,,,,,,,,,,,,,,,,,,,,,,,,,,,,,,,,,,,,,1,,,,,,,,,,,,,1,,,,,,,,,,,,,,,,,,,,,,,1,,,,,,,,,,,,,,,,,,,,,,,20,,,,,1,,,,1,,,,,,,,,,,,,,,,,,,,,,1,,,,,,,,,,,,,3,,,,,,,,,,,,,,1,,1,,,,,,,,,,,1,,,,,,,,,,,,,,,,,,1,,,,,,,,,,,,,,1,1,,,1,,,,,,,,,,,,,,,,,1,9,,,,,,,,,,,,,,,,,,,,,,,,,,,,,,,,,,,,,1,,,,,,1,,,,1,,,
FurnaceWithDXSystem_CoolingHXAssisted.idf,,,,,,,,,,,,,,,,,6,,,,,,,,,3,,,,,,,,,,,,,,,,,,,,1,,,,,,,,,,,,,,,,1,,,,,,,,,,1,,,,3,1,,3,,,,,,1,,,,,,,,,,,,,,,,,3,,,,,1,,,,,1,,,,,,2,,,,,,,,,,,,,,,,,,,,,,,,,,,,,,,,,,12,,,,,,,,,,,,,,,,,,,,,,,,,,,,,,,,,,,,,,,,,,,,,,,,,,,,,,,,,,,,,,,,,,,,,,,,,,,,,,,,,,,,1,,,,1,,,,,,,,,,,,,,1,,,,,,,,,,,,28,,,,,,,,,,,,,,,,,,,,,2,,,,,,,,,,,,,,,,,,5,,,,,1,,,,,,1,,,,,,,,,,,,,,,,,15,,,,,,,,,,,,,,,,,,,,,,,,,,,,,,,,,,,,,,,,,,,,,,,,3,,,,,,,,,,,,,,,,,,,,,,,,,,,,,,,,,,,,,,,,,,,,,,3,,,,,1,,,,,,,,,,,,,1,,,,,,,,,,,,3,,,,,,,1,3,,,,,,,1,,,,1,,,,,2,,,,,,,,,,,,3,,,,1,,,,,,,1,,,,,,,,,,,,,,,,,,,,,,,,,,1,,,1,,,,,,,,,1,,,,,,,,,,1,,,,1,,,,1,,,,,,,,,,,,,,,,,,,,,,,,,,,,,,,,,,,,,,,,,,,,,,,,,,,,,,1,,,,,,,,,,,,,,,,,1,,,,,,1,,,,,,,,,,,,,,,,,,,,,,,20,,,,,1,,,,,,,,,,,,,,,,,,,,,,,,,,,,1,,,,,,,,,,,3,,,,,,,,,,,,,,1,,1,,,,,,,,,,,1,,,,,,,,,,,,,,,,,,,,,,,,,,,,,,,,1,,,,1,,,,,,,,,,,,,,,,,1,9,,,,,,,,,,,,,,,,,,,,,,,,,,,,,,,,,,,,,1,,,,,,1,,,,1,,,
FurnaceWithDXSystem_CoolingHXAssisted_NewDXCoil.idf,,,,,,,,,,,,,,,,,6,,,,,,,,,3,,,,,,,,,,,,,,,,,,,,1,,,,,,,,,,,,,,,1,1,,,,,,,,,,1,,,,3,1,,3,,,,,,1,,,,,,,,,,,,,,,,,3,,,,,1,,,,,1,,,,,,2,,,,,,,,,,,,,,,,,,,,,,,,,,,,,,,,,,12,,,,,,,,,,,,,,,,,,,,,,,,,,,,,,,,,,,,,,,,,,,,,,,,,,,,,,,,,,,,,,,,,,,1,,,,,1,,,,,,,,,,,,1,,,,1,,,,,,,,,,,,,,1,,,,,,,,,,,,28,,,,,,,,,,,,,,,,,,,,,2,,,,,,,,,,,,,,,,,,5,,,,,1,,,,,,1,,,,,,,,,,,,,,,,,15,,,,,,,,,,,,,,,,,,,,,,,,,,,,,,,,,,,,,,,,,,,,,,,,3,,,,,,,,,,,,,,,,,,,,,,,,,,,,,,,,,,,,,,,,,,,,,,3,,,,,1,,,,,,,,,,,,,1,,,,,,,,,,,,3,,,,,,,1,3,,,,,,,1,,,,1,,,,,2,,,,,,,,,,,,3,,,,1,,,,,,,1,,,,,,,,,,,,,,,,,,,,,,,,,,1,,,1,,,,,,,,,1,,,,,,,,,,1,,,,1,,,,1,,,,,,,,,,,,,,,,,,,,,,,,1,,,,,,,,,,,,,,,,,,,,,,,,,,,,,,1,,,,,,,,,,,,,,,,,1,,,,,,1,,,,,,,,,,,,,,,,,,,,,,,20,,,,,1,,,,,,,,,,,,,,,,,,,,,,,,,,,,1,,,,,,,,,,,3,,,,,,,,,,,,,,1,,1,,,,,,,,,,,1,,,,,,,,,,,,,,,,,,,,,,,,,,,,,,,,1,,,,,,,,,,,,,,,,,,,,,1,9,,,,,,,,,,,,,,,,,,,,,,1,,,,,,,,,,,,,,,1,,,,,,1,,,,1,,,
gasAbsorptionChillerHeater.idf,,,,,,,,,,,,,,,,,5,,,,,,,,,3,,,,,1,,,,,,,1,,,,,,,,,,,,,,,,,,,,,,,,27,,,,,,,,,,,,,,,,,3,,,,,,1,,,,1,,,,,,,,,,,,,3,,,,,,,,,,1,,,,,,2,,,,,,,,,,,,,,,,,,,,,,,,,,,,,,,,,,14,,,,,,,,,,,,,,,,,,,,,,,,,,,,,,,,,,,,,,,,,,,,,,,,,,,,,,,,,,,,,,,,,,,,,,,,,,,,,,,,,,,,,,,,1,,,,,,,,,,,,,,1,,,,,,,,,,,2,47,,,,,,,,,,,,,,,,,,,,,1,,,1,,,,,,,,,,,,,,,5,,,,,,,,,,,1,,,,,,,,,,,,,,,,,18,,,,,,,,,,,,,,,,,,,,,,,,,15,1,,,,,,,,,,,,,,,,,,,,,,6,,,,,,6,,,,,,,,,,,,,,,,,,,,,,,,,,,,,,,,1,,,,,,,,3,,,,,,,,,,,,,,,,,,1,,,,,,,,,,,1,3,,,,,,,,,,,,,,,,,,,1,,,,,2,,,,,,,,,,,,3,,,,1,,,,,,,1,,,,,2,,,,,,,,,,,,,,,,,,,,,1,7,,1,,,,,,,,,1,,,3,,,,,,,1,,,,1,,3,,1,,,,,,,,,,,,,,,1,,,,,,3,,,,,,,,,,,,,,,,,,,,,,,,,,,,,,,,,7,,,,,1,,,,,,,,,6,,,1,,,,,,1,,,,,,,,,,,,,,,,,,,,,,,20,,,,1,,,,,,,,,,,3,1,,,,,,,,,,6,,,,,,,,,,,,,,,,,,3,,,,,,,,,,,,,,1,,3,,,,,,,,,,,1,,,,,2,5,,,,,,,,,,,,,,,,,,,,,,,,,,1,,,,,,,,,,,,,,,,,,,,,1,9,,,,,,,,,,,,,,,,,,,,,,,,,,,,,,,,,,,,,1,,,,,,1,,,,1,,,
GasTurbChiller.idf,,,,,,,,,,,,1,,,,,5,,,,,,,,,3,,,,,1,,,,,,,1,,,,,,,,2,,1,,,,,,,,,,,,,,30,,,,,,,,,,,,,,,,,,,,,,,1,,,,1,,,,,,,,,,,,,3,,,,,,,,,,1,,,,,,2,,,,,,,,,,,,,,,,,,,,,,,,,,,,,,,,,,14,,,,,,,,,,,,,,,,,,,,,,,,,,,,,,,,,,,,,,,,,,,,,,,,,,,,,,,,,,,,,,,,,,,,,,,,,,,,,,,,,,,,,,,,1,,,,,,,,,,,,,,1,,,,,,,,,,,2,23,,,,,,,,,,,,,,,,,,,,,,,,1,,,,,,,,,,,,,,,5,,,,,,,,,,,1,,,,,,,,,,,,,,,,,18,,,,,,,,,,,,,,,,,,,,,,,,,15,1,,,,,,,,,,,,,,,,,,,,,,6,,,,,,6,,,,,,,,,,,,,,,,,,,,,,,,,,,,,,,,1,,,,,,,,3,,,,,,,,,,,,,,,,,,1,,,,,,,,,,,1,3,,,,,,,,,,,,,,,,,,,1,,,,,2,,,,,,,,,,,,3,,,,1,,,,,,,1,,,,,6,,,,,,,,,,,,,,,,,,,,,1,,,1,,,,,,,,,1,,,3,,,,,,,1,,,,1,,3,,1,,,,,,,,,,,,,,,1,,,,,,4,,,,,,,,,,,,,,,,,,,,,,,,,,,,,,,,,7,,,,,1,,,,,,,,,6,,,1,,,,,,1,,,,,,,,,,,,,,,,,,,,,,,20,,,,,,,,,,,,,,,3,1,,,,,,,,,,6,,,,,,,,,,,,,,,,,,3,,,,,,,,,,,,,,1,,3,,,,,,,,,,,1,,,,,2,5,,,,,,,,,,,,,,,,,,,,,,,,,,1,,,,,,,,,,,,,,,,,,,,1,1,9,,,,,,,,,,,,,,,,,,,,,,,,1,,,,,,,,,,,,,1,,,,,,1,,,,1,,,
GasTurbChillerHeatRecoveryAuto.idf,,,,,,,4,,,,,1,,,,,5,,,,,,,,,3,,,,,1,,,,,,,1,,,,,,,,2,,,,,,,,,,,,,,,,37,,,,,,,,,,,,,,,,,,,,,,,1,,,,1,,,,,,,,,,,,,3,,,,,,,,,,1,,,,,,2,,,,,,1,,,,,,,,,,,,,,,,3,,,,,,,,,,,,14,,,,,,,,,,,,,,,,,,,,,,,,,,,1,,,,,,,,,,,,,,,,,,,,,,,,,,,,,,,,,,,,,,,,,,,,,,,,,,,,,,,,,,,,,1,1,,,,,,,,,,,,,,,,,,,,,,,,3,26,,,,,,,,,,,,,,,,,,,,,,,,1,,,,,,,,,,,,,,,5,,,,,,,,,,,1,,,,,,,,,,,,,,,,,22,,,,,,,,,,,,,,,,,,,,,,,,,19,1,,,,,,,,,,,,,,,,,,,,,,7,,,,,,8,,,,,,,,,,,,,,,,,,,,,,,,,,,,,,,,1,,,,,,,,3,,,,,,,,,,,,,,,,,,1,,,,,,,,,,,1,3,,,,,,,,,,,,,,,,,,,1,,,,,2,,,,,,,,,,,,3,,,,1,,,1,,,,1,,,,,6,,,,,,,,,,,,,,,,,,,,,1,,,1,,,,,,,,,1,,,4,,,,,,3,1,,,,1,,3,,1,,,,,,,,,,,,,,,1,,,,,,4,,,,,,,,,,,,,,,,,,,,,,,,,,,,,,,,,9,,,,,1,,,,,,,,,8,,,,,,,,,1,,,,,,,,,,,,,,,,,,,,,,,20,,,,,,,,,,,,,,,3,1,,,,,,,,,,8,,,,,1,,,,,,,,,,,,,3,,,,,,,,,,,,,,1,,3,,,,,,,,,,,1,,,,,2,6,,,,,,,,,,,,,,,,,,,,,,,,,,1,,,,,,,,,,,,,,,,,,,,1,1,9,,,,,,,,,,,,,,,,,,,,,,,,1,,,,,,,,,,,,,1,,,,,,1,,,,1,,,
Generators.idf,,,,,,,,,,,,1,,,,,5,,,,,,,,,3,,,,,1,,,,,,,1,,,1,,,,,2,,1,,,,,,,,,,,1,,,30,,,,,,,,,,,,,,,,,11,,,,,,1,,,,1,,,,,,,,,,,,,3,,,,,,,,,,1,,,,,,2,,,,,,,,,,,,,,,,,,,,,,,,,,,,,,,,,,14,,,,,,,,,,,,,,,,,,,,,,,,,,,,,,,,,,,,,,,,,,,,,,,,,,,,,,,,,,,,,,,,,,,,,,,,,,,,,,,,,,,,,,,,1,,,,,,,,,,,,,,1,,,,,,,,,,,2,23,,,,,,,,,,,,,,,,,,,,,1,,,1,,,,,,,,,,,,,,,5,,,,,,,,,,,1,,,,,,,,,,,,,,,,,21,,,,,,,,,,,,,,,,,,,,,,,,,15,1,,,,,,,,,,,,,,,,,,,,,,6,,,,,,6,,,,,,,,,,,1,,,,,,,,,,,,,,,,,,,,,1,,,,,,,,3,,,,,,,,,,,,,,,,,,1,,,,,,,,,,,1,3,,,,,,,,,,,,,1,,,,,,1,,,,,2,,,,,,,,,,,,3,,,,1,,,,,,,1,,,,,5,,,,,,,,,,,,,,,,,,,,,1,,,1,,,,,,,,,1,,,3,,,,,,,1,,,,1,,3,,1,,,,,,,,,,,,,,,1,,,,,,3,,,2,,,,,,,,,,,,,,,,,,,,,,,,,,,,,,7,,,,,1,,,,,,,,,6,,,1,,,,,,1,,,,,,,,,,,,,,,,,,,,,,,20,,,,,,,,,,,,,,,3,1,,,,,,,,,,6,,,,,,,,,,,,,,,,,,3,,,,,,,,,,,,,,1,,3,,,,,,,,,,,1,,,,,2,5,,,,1,,,,,,,,,,,,,,,,,,,,,,1,2,,,,,,,,,,,,,,,,,,,,1,9,,,,,,,,,,,,,,,,,,,,,,,,1,,,,,,,,,,,,,1,1,,,,,1,,,,1,,,
GeneratorswithPV.idf,,,,,,,,,,,,,,,,,3,,,,,,,,,1,,,,,,,,,,,1,,,,1,,,,,2,,,,,,,,,,,,,,,,,,,,,,,,,,,,,,,,,,,,,,,1,,,,,,,,,,,,,,,,,1,,,,,,,,,,,,,,,,2,,,,,,,,,,,,,,,,,,,,,,,,,,,,,,,,,,1,,,,,,,,,,,,,,,,,,,,,,1,,,,,,,,,,,,,,,,,,,,,,,,,,,,,,,,,,,,,,,,,,,,,,,,,,,,,,,,1,,,,,,,,,,,,,,,,,,,,,,,,1,,,,,,,,,,1,,7,,,,,,,,,,,,,,,,,,,,,,,,,,,,,,,,,,,,,,,4,,,,,,,,,,,,,,,,,,,,,,,,,,,,5,,,,,,,,,,,,,,,,,,,,,,,,,,,,,1,,,,,,,,,,,,,,,,,,,1,,,,,,,,,,,,,,,,,,,,,,,,3,,,,,,,,,,,,,,,,,,,,,,,,,,,1,,,,,,,,,,,,,1,,,,,,,,,,,,,,,,,,,,,,,,,,,,,,,,,,,,,,,1,,21,,,,,,,,,,,1,,,,,,,,,,,,,,,,,,,,,,,,,,,,,,,,,1,1,,1,,,,,,,,,,,,,,,,,,,,,,,,,,,,,,,,,,,,,,,,,,,,,,,,,,,,,,,,,,,,,,,,,,,,,,,,,,,,,,,,,,,,,,,,,,,,,,,,,,1,,,,,,1,,,,,,,,,,,,,,,,,,,,,,,10,,,,,,,,,,,,5,,,,,,,,,,,,,,,,,,,,,,,7,,,,,,,,,1,,,,,,,,,,,,,,1,,1,,,,,,,,,,,1,,,,,,,,,,,,1,,,,,,,,,,,,,,,,,,,,1,,,,,,,,,,,,,,,,,,,,,,8,,,,,,,,,,3,,,,,,,,,,,,,,,,1,,,,,,,,,,,,1,,,,,1,,,,,,,
Generators_Transformer.idf,,,,,,,,,,,,1,,,,,5,,,,,,,,,3,,,,,1,,,,,,,1,,,1,,,,,2,,1,,,,,,,,,,,1,,,30,,,,,,,,,,,,,,,,,11,,,,,,1,,,,1,,,,,,,,,,,,,3,,,,,,,,,,1,,,,,,2,,,,,,,,,,,,,,,,,,,,,,,,,,,,,,,,,,1,,,,,,,,,,,,,,,,,,,,,,,,,,,,,,,,,,,,,,,,,,,,,,,,,,,,,,,1,,,,,,,,,,,,,,,,,,,,,,,,,,,,,,,,,1,,,,,,,,,,,,,,1,,,,,,,,,,,2,13,,,,,,,,,,,,,,,,,,,,,1,,,1,,,,,,,,,,,,,,,5,,,,,,,,,,,1,,,,,,,,,,,,,,,,,22,,,,,,,,,,,,,,,,,,,,,,,,,15,1,,,,,,,,,,,,,,,,,,,,,,6,,,,,,6,,,,,,,,,,,1,,,,,,,,,,,,,,,,,,,,,1,,,,,,,,3,,,,,,,,,,,,,,,,,,1,,,,,,,,,,,1,3,,,,,,,,,,,,,1,,,,,,1,,,,,2,,,,,,,,,,,,3,,,,1,,,,,,,1,,,,,5,,,,,,,,,,,,,,,,,,,,,1,5,,1,,,,,,,,,1,,,3,,,,,,,1,,,,1,,3,,1,,,,,,,,,,,,,,,1,,,,,,3,,,2,,,,,,,,,,,,,,,,,,,,,,,,,,,,,,7,,,,,1,,,,,,,,,6,,,1,,,,,,1,,,,,,,,,,,,,,,,,,,,,,,20,,,,,,,,,,,,,,,3,1,,,,,,,,,,6,,,,,,,,,,,,,,,,,,3,,,,,,,,,,,,,,1,,3,,,,,,,,,,,1,,,,,2,5,,,,1,,,,,,,,,,,,,,,,,,,,,,1,2,,,,,,,,,,,,,,,,,,,,1,9,,,,,,,,,,,,,,,,,,,,,,,,1,,,,,,,,,,,,,1,1,,,,,1,,,,1,,,
GeneratorwithWindTurbine.idf,,,,,,,,,,,,,,,,,4,,,,,,,,,1,,,,,,,,,,,2,,,,1,,,,,2,,,,,,,,,,,,,,,,,,,,,,,,,,,,,,,,,,,,,,,1,,,,,,,,,,,,,,,,,1,,,,,,,,,,,,,,,,2,,,,,,,,,,,,,,,,,,,,,,,,,,,,,,,,,,,,,,,,,,,,,,,,,,,,,,,,,,,,,,,,,,,,,,,,,,,,,,,,,,,,,,,,,,,,,,,,,,,,,,,,,,,,,,,,,,,,,,,,,,,,,,,,,,,,,,,,1,,,,,,,,,,,,15,,,,,,,,,,,,,,,,,,,,,,,,,,,,,,,,,,,,,,,3,,,,,,,,,,,1,,,,,,,,,,,,,,,,,4,,,,,,,,,,,,,,,,,,,,,,,,,,,,,1,,,,,,,,,,,,,,,,,,,1,,,,,,,,,,,,,,,,,,,,,,,,,,,,,,,,,,,,,,,,,,,,,,1,,,,,1,,,,,,,,,,,,,1,,,,,,,,,,,,,,,,,,,1,,,,,,,,,,,,,,,,,1,,,,,,,,,,,,,,,,1,,,,,,,,,,,,,,,,,,,,,,,,,,,,,,,,,1,7,,1,,,,,,,,,,,,,,,,,,,,,,,,,,,1,,,,,,,,,,,,,,,,,,,,,,,,,,,,,,,,,,,,,,,,,,,,,,,,,,,,,,,,,,,,,,,,,,,,,,,1,,,,,,1,,,,,,,,,,,,,,,,,,,,,,,6,,,,,,,,,,,,,,,,,,,,,,,,,,,,,,,,,,,,,3,,,,,,,1,,,,,,,,,,,,,,1,,1,,,,,,,,,,,1,,,,,,,,,,,,,,,,,,,,,,,,,,,,,,,,1,,,,,,,,,,,,,,,,,,,,,1,1,,,,,,,,,,,,,,,,,,,,,,,,,,,,,,,,,,,,,,1,,,,,1,,,,,,,
Generator_PVWatts.idf,,,,,,,,,,,,,,,,,1,,,,,,,,,1,,,,,,,,,,,2,,,,1,,,,,1,,,,,,,,,,,,,,,,,,,,,,,,,,,,,,,,,,,,,,,1,,,,,,,,,,,,,,,,,,,,,,,,,,,,,,,,,2,,,,,,,,,,,,,,,,,,,,,,,,,,,,,,,,,,,,,,,,,,,,,,,,,,,,,,,,,,,,,,,,,,,,,,,,,,,,,,,,,,,,,,,,,,,,,,,,,,,,,,,,,,,,,,,,,,,,,,,,,,,,,,,,,,,,,,,,,,,,,,,,,,,,76,,,,,,,,,,,,,,,,,,,,,,,,,,,,,,,,,,,,,,,3,,,,,,,,,,,,,,,,,,,,,,,,,,,,,,,,,,,,,,,,,,,,,,,,,,,,,,,,,,,,,,,,,,,,,,,,,,,,,,,,,,,,,,,,,,,,,,,,,,,,,,,,,,,,,,,,,,,,,,,,,,,,,,,,,,,,,,,1,,,,,1,,,,,,,,,,,,,,,,,,,,,,,,,,,,,,,,,,,,,,,,,,,,,,,,,,,,1,,,,,,,,,,,,,,,,,,,,,,,,,,,,,,,,,1,,,1,,,,,,,,,,,,,,,,,,,,,,,,,,,,,,,,,,,,,,,,,,,,,,,,,,,,,,,,,,,,,,,,,,,,,,,,,,,,,,,,,,,,,,,,,,,,,,,,,,,,,,,,,,,,,,,,,,,,,,,,,,,,,,,6,,,,,,,,,,,,,,,,,,,,,,,,,,,,,,,,,,,3,,,,,,,,,,,,,,,,,,,,,,,1,,,,,,,,,,,,,1,,,,,,,,,,,,,,,,,,,,,,,,,,,,,,,,,,,,,,,,,3,,,,,,,,,,,,,1,,,,,,,,,,,,,,,,,,,,,,,,,,,,,,,,,,,,,,1,,,,,,,,,,,,
GeometryTest.idf,,,,,,,,,,,,,,,,,4,,,,,,3,,,5,,,,,,,,,,,,,,,,,,,,1,,,,,,,,,,,,,,,,,,,,,,,,,,,,,,3,,,,,,,,,1,,,,,,,,,,,1,,,,,,5,,,,,,1,,,,1,,,,,,2,,,,,,,,,,,,,,,,,,,,,,,,,,,,,,,,,,10,,,,,,,,,,,,,,,,,,,,,,,,,,,,,,,,,,,,,,,,,,,,,,,,,,,,,,,,,,,,,,,,,,,,,,,,,,,,,,,,,,,,,,,,,,,,,,,,,,,,,,,,,,,,,,,2,,,16,,,,,,,,,,,,,,,,,,,,,,,,,,,,,,,,,,,,,,,6,,,,,,,,,,,1,,,,,,,,,,,,,,,,,22,,,,,,,,,,,,,,,,,,,,,,,,,,,,,5,,,,,,,,,,,,,,,,,,,5,,,,,,,,,,,,,,,,,,,,,,,,,,,,,,,,,,,,,,,,,,,5,,,2,,,,,1,,,,,,,,,,,,,1,,,,,,,,,,,,,,,,,,,1,,,,,,,,,,,,,,,,,3,,,1,,,,,,,,,2,,,,1,,,,,,,,,,,,,,,,,,,,,,,,,,,,,,,,,1,1,,1,,,,,,,,,,,,,,,,,,,44,,,,,,,,1,,,,,,,,,,,,,,,,,,,,,,,,,,,,,,,,,,,,,,,,,,,,,,,,,,,,,,,,1,,,,,,,,,2,,,,,,,,,,,,1,,,,,,,,,,,,,,,,,,,,,,,34,,,,,,,,,,,,,,,,,,,,,,,,,,,,,,,5,,,,,,,,,,,,,5,,,,,,,,,,,,,,1,,5,,,,,,,,,,5,1,,,,,,,,,,,,,,,,,,,,,,,,,,,,,,,,1,,,,,,,,,,,,,,,,,,,,,1,10,,,,,,,,,,,,,,,,,,,,,,,,,,,,,,,,,,,,,,,,,,,1,,,,,,,
GroundTempOSCCompactSched.idf,,,,,,,,,,,,,,,,,4,,,,,,,,,1,,,,,,,,,,,,,,,,,,,,1,,,,,,,,,,,,,,,,,,,,,,,,,,,,,,1,,,,,,,,,1,,,,,,,,,,,,,,,,,1,,,,,,1,,,,1,,,,,,2,,,,,,,,,,,,,,,,,,,,,,,,,,,,,,,,,,6,,,,,,,,,,,,,,,,,,,,,,,,,,,,,,,,,,,,,,,,,,,,,,,,,,,,,,,,,,,,,,,,,,,,,,,,,,,,,,,,,,,,,,,,,,,,,,,,,,,,,,1,,,,,,,,,1,,,5,,,,,,,,,,,,,,,,,,,,,,,,,,,,,,,,,,,,,,,4,,,,,,,,,,,1,,,,,,,,,,,,,,,,,9,,,,,,,,,,,,,,,,,,,,,,,,,,,,,1,,,,,,,,,,,1,,,,,,,,1,,,,,,,,,,,,,,,,,,,,,,,,,,,,,,,,,,,,,,,,,,,,,,1,,,,,,,,,,,,,,,,,,1,,,,,,,,,,,,,,,,,,,,,,,,,,,,,,,,,,,,1,,,,,,,,,,,,1,,,,1,,,,,,,,,,,,,,,,,1,,,,,,,,,,,,,,,,,,,1,,,,,,,,,,,,,,,,,,,,,,,,,,,1,,,,,,,,,,,,,,,,,,,,,,,,,,,,,,,,,,,,,,,,,,,,,,,,,,,,,,,,,,,,,,,,,,,,,,,1,,,,,,1,,,,,,,,,,,,,,,,,,,,,,,6,,,,,,,,,,,,,,,,,,,,,,,,,,,,,,,,,,,,,,,,,,,,1,,,,,,,,,,,,,,1,,1,,,,,,,,,,,1,,,,,,,,,,,,,,,,,,,,,,,,,,,,,,,,1,,,,,,,,,,,,,,,,,,,,,1,12,,,,,,,,,,,,,,,,,,,,,,,,,,,,,,,,,,,,,,,,,,,1,,,,,,,
GSHP-GLHE-BoreholeFieldDesign.idf,,,,,,,1,,,,,,,,,,4,,,,,,,,,1,,,,,,,,,,,1,,,,,,,,,1,,,,,,,,,,,,,,,,8,,,,,,,,,,,,,,,,,2,,,,,,1,,,,,,,,,,,,,,,,,1,,,1,,1,,,,,,,,,,,,,,,,,,,,,,,,,,,,,,,,,1,,,,,,,,,,,1,,,,,,,,,,,,,,,,,,,,,,,,,,,,,,,,,,,,,,,,,,,,,,,,1,,,,,,,,,,,,,,,,,,,,,,,,,,,,,,,,,,,,,,,,,,,,1,,,,,,,,,,,,,,1,,,,,,,,1,23,1,,,,,,,,,,,,,,,1,,,,,,,,,,,,,,,,,,,,,,,3,,,,,,,,,,,,,,,,,,,,,,,,,,,,9,,,,,,,,,,,,,,,,,,,1,,,,,,4,,,,,,,,,,,,,,,,,,,,,,,1,,1,,,,2,,,,,,,,,,,,,,,,1,,,,,,,,,,,,,,,,,,,,,,,,,,,,,,,,,,,,,,,,,,1,,,,,,,,,,,,,,,,,,,,,,,,,,,,,,,,,,,,,,,,,,1,,,4,,,1,,,,1,,,1,,,,,,,,,1,,,,,,,,,,,,,,,,,,,,,1,,,1,,,,,,,,,,,,,,,,,,1,,,,,,1,,,,,,,,,,,,,,,,,,,,,,,,1,,,1,,,,,,,,,,,,,,,,,,,,,,,,,,,,,,2,,,,,,,,,,,,,,2,,,,,,,,,1,,,,,,,,,,,,,,,,,,,,,,,6,,,,,,,,,1,,,,,,,,,,,,,,,,,2,,,,,1,,,,,,,,,,,,,1,,,,,,,,,,,,,,1,,1,,,,,,,,,,,1,,,,,1,,,,,,,,,,1,,,,,,,,,,,,,,,,,1,,,1,,,,,,,,,,,,,,,,,,,5,,,,,,,,,,,,,,,,,,,1,,,,,,,,,,,,,,,1,,,,,,,,,1,,,,,,,
GSHP-GLHE-CalcGFunctions-cpg.idf,,,,,,,1,,,,,,,,,,4,,,,,,,,,1,,,,,,,,,,,1,,,,,,,,,1,,,,,,,,,,,,,,,,8,,,,,,,,,,,,,,,,,2,,,,,,1,,,,,,,,,,,,,,,,,1,,,,,1,,,,,,,,,,,2,,,,,,,,,,,,,,,,,,,,,,1,,,,,,,,,,,1,,,,,,,,,,,,,,,,,,,,,,,,,,,,,,,,,,,,,,,,,,,,,,,,1,,,,,,,,,,,,,,,,,,,,,,,,,,,,,,,,,,,,,,,,,,,,1,,,,,,,,,,,,,,1,,,,,,,,1,23,1,,,,,,,,,,,,,,,1,,,,,,,,,,,,,,,,,,,,,,,3,,,,,,,,,,,,,,,,,,,,,,,,,,,,9,,,,,,,,,,,,,,,,,,,1,,,,,,4,,,,,,,,,,,,,,,,,,,,,,,1,,1,,,,2,,,,,,,,,,,,,,,,1,,,,,,,,,,,,,,,,,,,,,,,,,,,,,,,,,,,,,,,,,,1,,,,,,,,,,,,,,,,,,,,,,,,,,,,,,,,,,,,,,,,,,1,,,4,,,1,,,,1,,,1,,,,,,,,,1,,,,,,,,,,,,,,,,,,,,,1,,,1,,,,,,,,,,,,,,,,,,1,,,,,,,,,,,,,,,,,,,,,,,,,,,,,,1,,,1,,,,,,,,,,,,,,,,,,,,,,,,,,,,,,2,,,,,,,,,,,,,,2,,,,,,,,,1,,,,,,,,,,,,,,,,,,,,,,,6,,,,,,,,,1,,,,,,,,,,,,,,,,,2,,,,,1,,,,,,,,,,,,,1,,,,,,,,,,,,,,1,,1,,,,,,,,,,,1,,,,,1,,,,,,,,,,,,,,,,,,,,,,,1,,,,1,,,1,,,,,,,,,,,,,,,,,,,5,,,,,,,,,,,,,,,,,,,1,,,,,,,,,,,,,,,1,,,,,,,,,1,,,,,,,
GSHP-GLHE-CalcGFunctions.idf,,,,,,,1,,,,,,,,,,4,,,,,,,,,1,,,,,,,,,,,1,,,,,,,,,1,,,,,,,,,,,,,,,,8,,,,,,,,,,,,,,,,,2,,,,,,1,,,,,,,,,,,,,,,,,1,,,,,1,,,,,,,,,,,2,,,,,,,,,,,,,,,,,,,,,,1,,,,,,,,,,,1,,,,,,,,,,,,,,,,,,,,,,,,,,,,,,,,,,,,,,,,,,,,,,,,1,,,,,,,,,,,,,,,,,,,,,,,,,,,,,,,,,,,,,,,,,,,,1,,,,,,,,,,,,,,1,,,,,,,,1,23,1,,,,,,,,,,,,,,,1,,,,,,,,,,,,,,,,,,,,,,,3,,,,,,,,,,,,,,,,,,,,,,,,,,,,9,,,,,,,,,,,,,,,,,,,1,,,,,,4,,,,,,,,,,,,,,,,,,,,,,,1,,1,,,,2,,,,,,,,,,,,,,,,1,,,,,,,,,,,,,,,,,,,,,,,,,,,,,,,,,,,,,,,,,,1,,,,,,,,,,,,,,,,,,,,,,,,,,,,,,,,,,,,,,,,,,1,,,4,,,1,,,,1,,,1,,,,,,,,,1,,,,,,,,,,,,,,,,,,,,,1,,,1,,,,,,,,,,,,,,,,,,1,,,,,,,,,,,,,,,,,,,,,,,,,,,,,,1,,,1,,,,,,,,,,,,,,,,,,,,,,,,,,,,,,2,,,,,,,,,,,,,,2,,,,,,,,,1,,,,,,,,,,,,,,,,,,,,,,,6,,,,,,,,,1,,,,,,,,,,,,,,,,,2,,,,,1,,,,,,,,,,,,,1,,,,,,,,,,,,,,1,,1,,,,,,,,,,,1,,,,,1,,,,,,,,,,,,,,,,,,,,,,,1,,,,1,,,1,,,,,,,,,,,,,,,,,,,5,,,,,,,,,,,,,,,,,,,1,,,,,,,,,,,,,,,1,,,,,,,,,1,,,,,,,
GSHP-GLHE.idf,,,,,,,,,,,,1,5,1,,,6,,,1,,,,,,6,,,,,,,,,,,4,,,,,,,,,2,,1,,,,,,,,,,,,,,33,,,,,,,,,,,,,,5,,1,,,,,,,1,,,,,1,,,,,,,,,,,,5,,,,,,2,,,,4,,,,,,2,,,,,,1,,,,,,,,,,,,,,,,5,,,,,,1,,,,,,10,,,,,,,,,,,,,,,,,,,,,,,,,,,,,,,,,,,,,,,,,,,,,,,,,136,,,,,,,,,,,,,,,,1,,,,,,,,,,,,2,,,,,,,,,,,1,1,,,,,,,,,,,,,2,,,1,,,,,,,,2,38,1,1,,,,,,,,,,,,,,,,,,,,,,1,,,,,,,,,,,,,,,7,,,,,,,,,,,1,1,,,,,,,,,,,,,,,,21,,,,,,,,,,,,,,,,,,,,,,,,,15,1,,,,,,,,,,,,,,,,,,,,,,4,,,,,,6,,,,,,,,2,,,,,,,,,,,,,,,,,,,,,,,,2,,,,,,,,5,,,,,,,,,,,,,,,,,,1,1,,,,,,,,,,1,5,,,,,,,,,,,,,,,,,,,,,,,,5,,,,,,1,,,,,7,5,,,,1,,,1,,,,1,,,,,4,,,,,,,,,,,,1,,,,,,,,,1,,,1,,,,,,,,,1,,,,,,,,,5,6,,,,1,,,,1,,,,,,,,,,,,,,,,,,,,,2,,,,,,,,,,,,,,,,,,,,1,,,,,,,,,,,,,7,,3,,,2,,,,1,,,,,6,,,2,,,,,,1,,,,,,,,,,,,,,,,,,,,,,,40,,,,,,,,,1,,,,,,6,2,,,,,,,,,,6,,,,,1,,,,,,,,,,,1,,5,,,,,,,,,,,,,,1,,5,,,,,,,,,,,1,,,,,2,3,,,,,,,,,,,,,,,,,,,,,,,,,,1,,,,,,,,,,,,,,,,,,,,,1,10,,,1,,,,,,,,,,,,,,,,3,,,,,,,,,,,,,,,1,,,1,,,,,,1,,,,1,,,
GSHP-Slinky.idf,,,,,,,,,,,,1,5,1,,,6,,,1,,,,,,6,,,,,,,,,,,4,,,,,,,,,2,,1,,,,,,,,,,,,,,33,,,,,,,,,,,,,,5,,1,,,,,,,1,,,,,1,,,,,,,,,,,,5,,,,,,2,,,,4,,,,,,2,,,,,,1,,,,,,,,,,,,,,,,5,,,,,,1,,,,,,10,,,,,,,,,,,,,,,,,,,,,,,,,,,,,,,,,,,,,,,,,,,,,,,,,136,,,,,,,,,,,,,,,,1,,,,,,,,,,,,2,,,,,,,,,,,1,1,,,,,,,,,,,,,2,,,,,,,,,,,2,38,,1,,,,,,,,,,,,,,,,,,,,,,1,,,,,,,,,,,,,,,7,,,,,,,,,,,1,,,,,,,,,,,,,,,,,21,,,,,,,,,,,,,,,,,,,,,,,,,15,1,,,,,,,,,,,,,,,,,,,,,,4,,,,,,6,,,,,,,,2,,,,,,,,,,,,,,,,,,,,,,,,2,,,,,,,,5,,,,,,,,,,,,,,,,,,1,1,,,,,,,,,,1,5,,,,,,,,,,,,,,,,,,,,,,,,5,,,,,,1,,,,,7,5,,,,1,,,,,,1,1,,,,,4,,,,,,,,,,,,1,,,,,,,,,1,,,1,,,,,,,,,1,,,,,,,,,5,6,,,,1,,,,1,,,,,,,,,,,,,,,,,,,,,2,,,,,,,,,,,,,,,,,,,,1,,,,,,,,,,,,,7,,3,,,2,,,,1,,,,,6,,,2,,,,,,1,,,,,,,,,,,,,,,,,,,,,,,40,,,,,,,,,1,,,,,,6,2,,,,,,,,,,6,,,,,1,,,,,,,,,,,1,,5,,,,,,,,,,,,,,1,,5,,,,,,,,,,,1,,,,,2,3,,,,,,,,,,,,,,,,,,,,,,,,,,1,,,,,,,,,,,,,,,,,,,,,1,10,,,1,,,,,,,,,,,,,,,,3,,,,,,,,,,,,,,,1,,,1,,,,,,1,,,,1,,,
GSHPSimple-GLHE.idf,,,,,,,,,,,,1,,,,,6,,,,,,,,,3,,,,,,,,,,,,,,,,,,,,2,,1,,,,,,,,,,,,,,30,,,,,,,,,,,,,,,,,,,,,,,1,,,,1,,,,,,,,,,,,,3,,,,,,,,,,1,,,,,,2,,,,,,,,,,,,,,,,,,,,,,,,,,,,,,,,,,10,,,,,,,,,,,,,,,,,,,,,,,,,,,,,,,,,,,,,,,,,,,,,,,,,,,,,,,,,,,,,,,,,,,,,,,,,,,,,,,,,,,,,,,,1,,,,,,,,,,,,,,1,,,1,,,,,,,,2,20,1,,,,,,,,,,,,,,,,,,,,,,,1,,,,,,,,,,,,,,,5,,,,,,,,,,,1,1,,,,,,,,,,,,,,,,18,,,,,,,,,,,,,,,,,,,,,,,,,15,1,,,,,,,,,,,,,,,,,,,,,,6,,,,,,6,,,,,,,,,,,,,,,,,,,,,,,,,,,,,,,,1,,,,,,,,3,,,,,,,,,,,,,,,,,,1,,,,,,,,,,,1,3,,,,,,,,,,,,,,,1,,,,1,,,,,2,,,,,,1,,,4,,,3,,,,1,,,,,,,1,,,,,4,,,,,,,,,,,,1,,,,,,,,,1,,,1,,,,,,,1,,1,,,,,,,,,,1,,,,1,,3,,1,,,,,,,,,,,,,,,1,,,,,,2,,,,,,,,,,,,,,,,,,,,,,,,,,,,,,,,,7,,,,,1,,,,1,,,,,6,,,1,,,,,,1,,,,,,,,,,,,,,,,,,,,,,,20,,,,,,,,,,,,,,,3,2,,,,,,,,,,6,,,,,,,,,,,,,,,,1,,3,,,,,,,,,,,,,,1,,3,,,,,,,,,,,1,,,,,2,3,,,,,,,,,,,,,,,,,,,,,,,,,,1,,,,,,,1,,,,,,,,,,,,,,1,9,,,,,,,,,,,,,,,,,,,3,,,,,,,,,,,,,,,,,,1,,,,,,,,,,1,,,
HAMT_DailyProfileReport.idf,,,,,,,,,,,,,,,,,6,,,,,,,,,1,,,,,,,,,,,,,,,,,,,,2,,,,,,,,,,,,,,,,,,,,,,,,,,,,,,1,,,,,,,,,1,,,,,,,,,,,,,,,1,,,,,,,,,,,,1,,,,6,,2,,,,,5,1,,,,,,,,,,,,,,,,,,,,,,,,,,,,10,,,,,,,,,,,1,,,,,,,,,,,,,,,,,,,,,,,,,,,,,,,,,,,,,,,,,,,,,,,,,,,,,,,,,,,,,,,,,,,,,,,,,,,,,,,,,,,,,,,,,,,,,,,,,,,,,,,103,,,,,6,,,,,,,,,5,,,,,,,,,,,,,,,,,,,,,,,5,,4,,,,5,,,,,,,1,,,,,,,,,,,,,1,,,,3,,,,,,,,,,,,,,,,,,,,,,,,,,,,,,,,,,,,,,,,,,,,,5,,,,,,,,,,,,,,,,,,,,,,,,,,,,,,,,,,,,,,,,,,,,,,,,,,,,,,1,1,,,,,,,,,,,,,,,,,,,,,,,,,,,,,,,2,,,,,,,,,,,,,,,,,,,,,,,,,,,,,,,,2,1,,,,,,,,1,,,,,,,,,,,,,,,,,,,,,,,,,1,,,1,,,,,,,,,,,,,,,,,,,2,,,,,,,,1,,,,,,,,,,,,,,,,,,,,,,,,,1,,,,,,,,,,,,,,,,,,,2,,,5,,,,,,,,,1,,,,,,,,,,,,,,,,,,,,,1,,,,,,,,,,,,,,,,,,,,,,,6,,,,,,,,,,,,,,,,,,,,,,,,,,,,,,,,,,,,,,,,,1,,,,,,,2,,,,,,,,,,1,,,,,,,,,,,,,1,,,,,,,,,,,,,,,,,,,,,,,,,,,,,,,,1,,,,,,2,,,,,,,,,1,,,,,,1,5,,,,,,,,,,,,,,,,,,,,,,,,,,,,,,,,,,,,,,,,,,,1,,,,,,,
HAMT_HourlyProfileReport.idf,,,,,,,,,,,,,,,,,6,,,,,,,,,1,,,,,,,,,,,,,,,,,,,,1,,,,,,,,,,,,,,,,,,,,,,,,,,,,,,1,,,,,,,,,1,,,,,,,,,,,,,,,1,,,,,,,,,,,,1,,,,6,,2,,,,,5,1,,,,,,,,,,,,,,,,,,,,,,,,,,,,10,,,,,,,,,,,,,,,,,,,,,,,,,,,,,,,,,,,,,,,,,,,,,,,,,,,,,,,,,,,,,,,,,,,,,,,,,,,,,,,,,,,,,,,,,,,,,,,,,,,,,,,,,,,,,,,,,,103,,,,,6,,,,,,,,,5,,,,,,,,,,,,,,,,,,,,,,,5,,4,,,,5,,,,,,,1,,,,,,,,,,,,,1,,,,3,,,,,,,,,,,,,,,,,,,,,,,,,,,,,,,,,,,,,,,,,,,,,5,,,,,,,,,,,,,,,,,,,,,,,,,,,,,,,,,,,,,,,,,,,,,,,,,,,,,,,1,,,,,,,,,,,,,,,,,,,,,,,,,,,,,,,,,,,,,,,,,,,,,,,,,,,,,,,,,,,,,,,2,1,,,,,,,,1,,,,,,,,,,,,,,,,,,,,,,,,,1,,,1,,,,,,,,,,,,,,,,,,,2,,,,,,,,1,,,,,,,,,,,,,,,,,,,,,,,,,1,,,,,,,,,,,,,,,,,,,2,,,5,,,,,,,,,1,,,,,,,,,,,,,,,,,,,,,1,,,,,,,,,,,,,,,,,,,,,,,6,,,,,,,,,,,,,,,,,,,,,,,,,,,,,,,,,,,,,,,,,1,,,,,,,2,,,,,,,,,,1,,,,,,,,,,,,,1,,,,,,,,,,,,,,,,,,,,,,,,,,,,,,,,1,,,,,,2,,,,,,,,,1,,,,,,1,5,,,,,,,,,,,,,,,,,,,,,,,,,,,,,,,,,,,,,,,,,,,1,,,,,,,
HeaderedPumpsConSpeed.idf,,,,,,,2,,,,,,5,,,,6,,,,,,,,,6,,,,,,,,,,,4,,,,,,,,,1,,,,,,,,,,,,,,,,22,,,,,,,,,,,,,,5,,1,1,,1,,,,1,,,,,1,,,,,,,,,,,,5,,,,,,2,,,,4,,,,,,2,,,,,,1,,,,,,,,,,,,,,,,5,,,,,,1,,,,,,14,,,,,,,,,,,,,,,,,,,,,,,,,,,,,,,,,,,,,,,,,,,,,,,,,,,,,,,,,,,,,,,,,1,,,,,,,,,,,,2,,,,,,,,,,,1,1,,,,,,,,,,,,,2,,,,,,,,,,,2,18,,1,,,,,,,,,,,,,,,,,,,,,,,,,,,,,,,,,,,,,7,,,,,,,,,,,1,,,,,,,,,,,,,,,,,20,,,,,,,,,,,,,,,,,,,,,,,,,10,,,,,,,,,,,,,,,,,,,,,,,2,,,,,,4,,,,,,,,,,,,,,,,,,,,,,,,,,,,,,,,2,,,,,,,,5,,,,,,,,,,,,,,,,,,1,1,,,,,,,,,,,5,,,,,,,,,,,,,,,,,,,,,,,,5,,,,,,,,,,,,5,,,,1,,,,,,,1,,,,,2,,,,,,,,,,,,,,,,,,,,,1,,,1,,,,,,,,,1,,,1,,,,,,5,6,,,,1,,,,1,,,,,,,,,,,,,,,,,,,,,1,,,1,,,,,,,,,,,,,,,,,1,,,,,,,,,,,,,5,,3,,,2,,1,,,,,,,4,,,2,,,,,,1,,,,,,,,,,,,,,,,,,,,,,,40,,,,,,,,,1,,,,,,6,1,,,,,,,,,,4,,,,,1,,,,,,,,,,,,,5,,,,,,,,,,,,,,1,,5,,,,,,,,,,,1,,,,,2,5,,,,,,,,,,,,,,,,,,,,,,,,,,1,,,,,,,,,,,,,,,,,,,,,1,10,,,1,,,,,,,,,,,,,,,,,,,,,1,,,,,,,,,,,,,1,,,,,,1,,,,1,,,
HeaderedPumpsVarSpeed.idf,,,,,,,2,,,,,,5,,,,6,,,,,,,,,6,,,,,,,,,,,4,,,,,,,,,1,,,,,,,,,,,,,,,,22,,,,,,,,,,,,,,5,,1,1,,1,,,,1,,,,,1,,,,,,,,,,,,5,,,,,,2,,,,4,,,,,,2,,,,,,1,,,,,,,,,,,,,,,,5,,,,,,1,,,,,,14,,,,,,,,,,,,,,,,,,,,,,,,,,1,,,,,,,,,,,,,,,,,,,,,,,,,,,,,,,,,,,,,,,1,,,,,,,,,,,,2,,,,,,,,,,,1,1,,,,,,,,,,,,,2,,,,,,,,,,,2,18,,1,,,,,,,,,,,,,,,,,,,,,,,,,,,,,,,,,,,,,7,,,,,,,,,,,1,,,,,,,,,,,,,,,,,20,,,,,,,,,,,,,,,,,,,,,,,,,10,,,,,,,,,,,,,,,,,,,,,,,2,,,,,,4,,,,,,,,,,,,,,,,,,,,,,,,,,,,,,,,2,,,,,,,,5,,,,,,,,,,,,,,,,,,1,1,,,,,,,,,,,5,,,,,,,,,,,,,,,,,,,,,,,,5,,,,,,,,,,,,5,,,,1,,,,,,,1,,,,,2,,,,,,,,,,,,,,,,,,,,,1,,,1,,,,,,,,,1,,,1,,,,,,5,6,,,,1,,,,1,,,,,,,,,,,,,,,,,,,,,1,,,1,,,,,,,,,,,,,,,,,1,,,,,,,,,,,,,5,,3,,,2,,,,,,,,,4,,,2,,,,,,1,,,,,,,,,,,,,,,,,,,,,,,40,,,,,,,,,1,,,,,,6,1,,,,,,,,,,4,,,,,1,,,,,,,,,,,,,5,,,,,,,,,,,,,,1,,5,,,,,,,,,,,1,,,,,2,5,,,,,,,,,,,,,,,,,,,,,,,,,,1,,,,,,,,,,,,,,,,,,,,,1,10,,,1,,,,,,,,,,,,,,,,,,,,,1,,,,,,,,,,,,,1,,,,,,1,,,,1,,,
HeatPump-ACCA-Sizing_PackagedTerminalHeatPump.idf,,,,,,,1,,,,,,,,,,5,,,,,,,,,3,,,,,,,,,,,1,,,1,,,,,,2,,,,,,,,,,,,,,,,,,,,,,,,,,,,,,3,,,5,,,,,,1,,,,,,,,,,,,,,,,,3,,,,,,,,,,1,,,,,,2,,,,,,1,,,,,,,,,,,,,,,,3,,,,,,,,,,,,8,,,,,,,,,,,,,,,,,,,,,,,,,,,,,,,,,,,,,,,,,,,,,,,,,,,,,,,,,,,,,,,,,,,,,,,,,,,,,,,,,,,,,,,,,,,,,,,3,,,,,,,1,,,,,,,,,,,,54,,1,,,,,,,,,,,,,,,,,,,2,,,,,,,,,,,,,,,,,,5,,,,,,,,,,,1,,,,,,,,,,,,,,,,,17,,,,,,,,,,,,,,,,,,,3,,,,,,,,,,,,,,,,,,,,,,,,,,,,,7,,,,,,,,,,,,,,,,,,,,,,,,,,,,,,,,,,,,,,,,,,,,,,3,,,,,,,,,,,,,,,,,,1,,,,,,,,,,,,,,,,,,,1,,,,,,,,,,,,,,,,,3,,,,,,,,,,,,3,,,,1,,,,,,,,,,,,,,,,,,,,,,,,,,,,,,,,,1,,,1,,,,,,,,,,,,,,,3,,,3,1,,,,,,,,1,,,,,,,,,,,,,,,,,,,,,,,,,,,,,,,,,,,,,,,,,,,,,,,,,,,,,,,,,,,,,,,,,,,,,,,1,,,,,,1,,,,,,,,,,,,,,,,,,,,,,,20,,,,,,,,,3,,,,,,,,,,,,,,,,,,,,,,1,,,,,,,,,,,,,3,,,,,,,,,,3,,,,1,,3,,,,,,,,,,,1,,,,,,,,,,,,,,,,,,1,,,,,,,,,,,,,,1,5,,,3,,,,,,,,,,,,,,,,,1,10,,,,,,,,,,,,,,,,,,,,,,,,,,,,,,,,,,,,,,,,,,,1,,,,,,,
HeatPump-ACCA-Sizing_UnitarySystem_HeatPumpAuto.idf,,,,,,,,,,,,,,,,,5,,,,,,,,,3,,,,,,,,,,,,,,,,,,,,2,,,,,,,,,,,,,,,1,1,,,,,,,,,,,,,,,1,,4,,,,,,1,,,,,1,,,,,,,,,,,,3,,,,,,,,,,1,,,,,,2,,,,,,,,,,,,,,,,,,,,,,3,,,,,,,,,,,,12,,,,,,,,,,,,,,,,,,,,,,,,3,,,,,,,,,,,,,,,,,,,,,,,,,,,,,,,,,,,,,,,,,1,,1,,,,,1,,,,,,,,,,,,,,,,1,1,,,,,,,,,,,,,1,,,,,,,,,,,,18,,1,,,,,,,,,,,,,,,,,,,2,,,,,,,,,,,,,,,,,,5,,,,,,,,,,,1,,,,,1,,,,,,,,,,,,14,,,,,,,,,,,,,,,,,,,,,,,,,,,,,,,,,,,,,,,,,,,,,,,,7,,,,,,,,,,,,,,,,,,,,,,,,,,,,,,,,,,,,,,1,,,,,,,,3,,,,,1,,,,,,,,,,,,,1,,,,,,,,,,,,3,,,,,,,1,3,,,,,,,,,,,1,,,,,2,,,,,,,,,,,,3,,,,1,,,,,,,1,,,,,,,,,,,,,,,,,,,,,,,,,,1,,,1,,,,,,,,,2,,,,,,1,,,3,1,,,,2,,,,1,,,,,,,,,,,,,,,,,,,,,,,,1,,,,,,,,,,,,,,,,,1,,,,,,,,,,,,,1,,,,,,,,,,,,,,,,,1,,,,,,1,,,,,,,,,,,,,,,,,,,,,,,20,,,,,,,,,1,,,,,,,,,,,,,,,,,,,,,,,,,,,,,,,,,,,3,,,,,,,,,,1,,,,1,,3,,,,,,,,,,,1,,,,,,,,,,,,,,,,,,,,,,,,,,,,,,,,1,3,,,,,,,,,,,,,,,,,,,,1,9,,,,,,,,,,,,,,,,,,,,,,1,,,,,,,,,,,,,,,1,,,,,,1,,,,1,,,
HeatPump.idf,,,,,,,,,,,,,,,,,5,,,,,,,,,3,,,,,,,,,,,,,,,,,,,,2,,,,,,1,,,,,,,,,,1,,,,,,,,,,,,,,,1,,4,,,,,,1,,,,,1,,,,,,,,,,,,3,,,,,1,,,,,1,,,,,,2,,,,,,,,,,,,,,,,,,,,,,,,,,,,,,,,,,12,,,,,,,,,,,,,,,,,,,,,,,,,,,,,,,,,,,,,,,,,,,,,,,,,,,,,,,,,,,,,,,,,1,,,,,,,,,,,,,,,,,,,,,,,1,,,,,,,,,,,,,,1,,,,,,,,,,,,20,,1,,,,,,,,,,,,,,,,,,,2,,,,,,,,,,,,,,,,,,5,,,,,,,,,,,1,,,,,,,,,,,,,,,,,14,,,,,,,,,,,,,,,,,,,,,,,,,,,,,,,,,,,,,,,,,,,,,,,,7,,,,,,,,,,,,,,,,,,,,,,,,,,,,,,,,,,,,,,1,,,,,,,,3,,,,,1,,,,,,,,,,,,,1,,,,,,,,,,,,3,,,,,,,1,3,,,,,,,,,,,1,,,,,2,,,,,,,,,,,,3,,,,1,,,,,,,1,,,,,,,,,,,,,,,,,,,,,,,,,,1,,,1,,,,,,,,,2,,,,,,,,,,1,,,,2,,,,1,,,,,,,,,,,,,,,,,,,,,,,,,,,,,,,,,,,,,,,,,1,,,,,,,,,,,,,1,,,,,,,,,,,,,,,,,1,,,,,,1,,,,,,,,,,,,,,,,,,,,,,,20,,,,,,,,,1,,,,,,,,,,,,,,,,,,,,,,,,,,,,,,,,,,,3,,,,,,,,,,1,,,,1,,1,,,,,,,,,,,1,,,,,,,,,,,,,,,,,,,,,,,,,,,,,,,,1,3,,,1,,,,,,,,,,,,,,,,,1,9,,,,,,,,,,,,,,,,,,,,,,,,,,,,,,,,,,,,,1,,,,,,1,,,,1,,,
HeatPumpAirToAirWithRHcontrol.idf,,,,,,,,,,,,,,,,,6,,,,,,,,,3,,,,,,,,,,,,,,,,,,,,3,,,,,,1,,,,,,,,,,1,,,,,,,,,,,,,,,1,,5,,,,,,1,,,,,1,,,,,,,,,,,,3,,,,,1,,,,,1,,,1,,,2,,,,,,,,,,,,,,,,,,,,,,,,,,,,,,,,,,12,,,,,,,,,,,,,,,,,,,,,,,,,,,,,,,,,,,,,,,,,,,,,,,,,,,,,,,,,,,,,,,,,1,,,,,,,,,,,,,,,,,,,,,,,1,,,,,,,,,,,,,,,,,,,,,,,,,,30,,1,,,,,,,,,,,,,,,,,,,2,,,,,,,,,,,,,,,,,,5,,,,,,,,,,,1,,,,,,,,,,,,,,,,,16,,,,,,,,,,,,,,,,,,,,,,,,,,,,,,,,,,,,,,,,,,,,,,,,4,,,,,,,,,,,,,,,,,,,,,,,,,,,,,,,,,,,,,,1,,,,,,,,3,,,,,1,,,,,,,,,,,,,1,,,,,,,,,,,,3,,,,,,,1,3,,,,,,,1,,,,1,,,,,2,,,,,,,,,,,,3,,,,1,,,,,,,1,,,,,,,,,,,,,,,,,,,,,,,,,,1,,,1,,,,,,,,,2,,,,,,,,,,1,,,,2,,,,1,,,,,,,,,,,,,,,,,,,,,,,,,,,,,,,,,,,,,,,,,1,,,,,,,,,,,,,1,,,,,,,,,,,,,,,,,,,,,,,1,,,,,,,,,,,,,,,,,,,,,,,20,,,,,1,,,,1,,,,,,,,,,,,,,,,,,,,,,1,,,,,,,,,,,,,3,,,,,,,,,,1,,,,1,,1,,,,,,,,,,,1,,,,,,,,,,,,,,,,,,1,,,,,,,,,,,,,,1,4,,,1,,,,,,,,,,,,,,,,,1,9,,,1,,,,,,,,,,,,,,,,,,,,,,,,,,,,,,,,,,1,,,,,,1,,,,1,,,
HeatPumpAuto.idf,,,,,,,,,,,,,,,,,5,,,,,,,,,3,,,,,,,,,,,,,,,,,,,,2,,,,,,1,,,,,,,,,,1,,,,,,,,,,,,,,,1,,4,,,,,,1,,,,,1,,,,,,,,,,,,3,,,,,1,,,,,1,,,,,,2,,,,,,,,,,,,,,,,,,,,,,3,,,,,,,,,,,,12,,,,,,,,,,,,,,,,,,,,,,,,,,,,,,,,,,,,,,,,,,,,,,,,,,,,,,,,,,,,,,,,,1,,,,,,,,,,,,,,,,,,,,,,,1,1,,,,,,,,,,,,,1,,,,,,,,,,,,18,,1,,,,,,,,,,,,,,,,,,,2,,,,,,,,,,,,,,,,,,5,,,,,,,,,,,1,,,,,,,,,,,,,,,,,14,,,,,,,,,,,,,,,,,,,,,,,,,,,,,,,,,,,,,,,,,,,,,,,,7,,,,,,,,,,,,,,,,,,,,,,,,,,,,,,,,,,,,,,1,,,,,,,,3,,,,,1,,,,,,,,,,,,,1,,,,,,,,,,,,3,,,,,,,1,3,,,,,,,,,,,1,,,,,2,,,,,,,,,,,,3,,,,1,,,,,,,1,,,,,,,,,,,,,,,,,,,,,,,,,,1,,,1,,,,,,,,,2,,,,,,,,,3,1,,,,2,,,,1,,,,,,,,,,,,,,,,,,,,,,,,,,,,,,,,,,,,,,,,,1,,,,,,,,,,,,,1,,,,,,,,,,,,,,,,,1,,,,,,1,,,,,,,,,,,,,,,,,,,,,,,20,,,,,,,,,1,,,,,,,,,,,,,,,,,,,,,,,,,,,,,,,,,,,3,,,,,,,,,,1,,,,1,,3,,,,,,,,,,,1,,,,,,,,,,,,,,,,,,,,,,,,,,,,,,,,1,3,,,1,,,,,,,,,,,,,,,,,1,9,,,,,,,,,,,,,,,,,,,,,,,,,,,,,,,,,,,,,1,,,,,,1,,,,1,,,
HeatPumpCycFanWithEcono.idf,,,,,,,,,,,,,,,,,5,,,,,,,,,3,,,,,,,,,,,,,,,,,,,,,,,,,,1,,,,,,,,,,1,,,,,,,,,,,,,,,1,,4,,,,,,1,,,,,1,,,,,,,,,,,,3,,,,,1,,,,,1,,,,,,3,,,,,,,,,,,,,,,,,,,,,,,,,,,,,,,,,,12,,,,,,,,,,,,,,,,,,,,,,,,,,,,,,,,,,,,,,,,,,,,,,,,,,,,,,,,,,,,,,,,,1,,,,,,,,,,,,,,,,,,,,,,,1,,,,,,,,,,,,,,1,,,,,,,,,,,,24,,1,,,,,,,,,,,,,,,,,,,2,,,,,,,,,,,,,,,,,,5,,,,,,,,,,,1,,,,,,,,,,,,,,,,,14,,,,,,,,,,,,,,,,,,,,,,,,,,,,,,,,,,,,,,,,,,,,,,,,7,,,,,,,,,,,,,,,,,,,,,,,,,,,,,,,,,,,,,,1,,,,,,,,3,,,,,1,,,,,,,,,,,,,1,,,,,,,,,,,,3,,,,,,,1,3,,,,,,,1,,,,1,,,,,2,,,,,,,,,,,,3,,,,1,,,,,,,1,,,,,,,,,,,,,,,,,,,,,,,,,,,,,1,,,,,,,,,2,,,,,,,,,,1,,,,2,,,,1,,,,,,,,,,,,,,,,,,,,,,,,,,,,,,,,,,,,,,,,,1,,,,,,,,,,,,,1,,,,,,,,,,,,,,,,,1,,,,,,1,,,,,,,,,,,,,,,,,,,,,,,20,,,,,,,,,1,,,,,,,,,,,,,,,,,,,,,,,,,,,,,,,,,,,3,,,,,,,,,,1,,,,1,,1,,,,,,,,,,,1,,,,,,,,,,,,,,,,,,,,,,,,,,,,,,,,1,3,,,1,,,,,,,,,,,,,,,,,1,9,,,,,,,,,,,,,,,,,,,,,,,,,,,,,,,,,,,,,1,,,,,,1,,,,1,,,
HeatPumpIAQP_DCV.idf,,,,,,,,,,,,,,,,,5,,,,,,,,,3,,,,,,,,,,,,,,,,,,,,1,,,,,,1,,,,,,,,,,1,,,,,,,,,,,,,,3,1,,4,,,,,,1,,,,,1,,,,,,1,,,,,,3,,,,,1,,,,,1,,,,,,2,,,,,,,,,,,,,,,,,,,,,,,,,,,,,,,,,,12,,,,,,,1,,,,,,,,,,,,,,,,,,,,,,,,,,,,,,,,,,,,,,,,2,,,,,,,,,,,,,,,,,,1,,,,,,,,,,,,,,,,,,,,,,,1,,,,,,,,,,,,,,1,,,,,,,,,,,,23,,1,,,,,,,,,,,,,,,,,,,2,,,,,,,,,,,,,,,,,,5,,,,,,,,,,,1,,,,,,,,,,,,,,,,,21,,,,,,,,,,,,,,,,,,,,,,,,,,,,,,,,,,,,,,,,,,,,,,,,7,,,,,,,,,,,,,,,1,,,,,,,,,,,,,,,,,,,,,,,1,,,,,,,,3,,,,,1,,,,,,,,,,,,,1,,,,,,,,,,,,3,,,,,,,1,3,,,,,,,,,,,1,,,,,2,,,,,,,,,,,,3,,,,1,,,,,,,1,,,1,,,,,,,,,,,,,,,,,,,,,,,1,,,1,,,,,,,,,2,,,,,,,,,2,1,,,,2,,,,1,1,,,,,,,,,,,,,,,,,,,,,,,,,,,,,,,,,,,,,,,,1,,,,,,,,,,,,,1,,,,,,,,,,,,,,,,,1,,,,,,1,,,,,,,,,,,,,,,,,,,,,,,20,,,,,,,,,1,,,,,,,,,,,,,,,,,,,,,,,,,,,,,,,,,,,3,,,,,,,,,,1,,,,1,,1,,,,,,,,,,,1,,,,,,,,,,,,,,,,,,,,,,,,,,,,,,,,1,3,,,1,,,,,,,,,,,,,,,,,1,9,,,,,,,,,,,,,,,,,,,,,,,,,,,,,,,,,,,,,1,,,,,,1,,,,1,,,
HeatPumpIAQP_GenericContamControl.idf,,,,,,,,,,,,,,,,,5,,,,,,,,,3,,,,,,,,,,,,,,,,,,,,1,,,1,,,1,,,,,,,,,,1,,,,,,,,,,,,,,3,1,,4,,,,,,1,,,,,1,,,,,,1,,,,,,3,,,,,1,,,,,1,,,,,,2,,,,,,,,,,,,,,,,,,,,,,,,,,,,,,,,,,12,,,,,,,1,,,,,,,,,,,,,,,,,,,,,,,,,,,,,,,,,,,1,,,,,2,,,,,,,,,,,,,,,,,1,1,,,,,,,,,,,,,,,,,,,,,,,1,,,,,,,,,,,,,,1,,,,,,,,,,,,40,,1,,,,,,,,,,,,,,,,,,,2,,,,,,,,,,,,,,,,,,5,,,,,,,,,,,1,,,,,,,,,,,,,,,,,26,,,,,,,,,,,,,,,,,,,,,,,,,,,,,,,,,,,,,,,,,,,,,,,,7,,,,,,,,,,,,,,,1,,,,,,,,,,,,,,,,,,,,,,,1,,,,,,,,3,,,,,1,,,,,,,,,,,,,1,,,,,,,,,,,,3,,,,,,,1,3,,,,,,,,,,,1,,,,,2,,,,,,,,,,,,3,,,,1,,,,,,,1,,,1,,,,,,,,,,,,,,,,,,,,,,,1,,,1,,,,,,,,,2,,,,,,,,,2,1,,,,2,,,,1,1,,,,,,,,,,,,,,,,,,,,,,,,,,,,,,,,,,,,,,,,1,,,,,,,,,,,,,1,,,,,,,,,,,,,,,,,1,,,,,,1,,,,,,,,,,,,,,,,,,,,,,,20,,,,,,,,,1,,,,,,,,,,,,,,,,,,,,,1,,,,,,,,,,,,,,3,,,,,,,,,,1,,,,1,,1,,,,2,,,,,,,1,,,,,,,,,,,,,,,,,,,,,,,,,,,,,,3,,1,3,,,1,,,,,,,,,,,,,,,,,1,9,,,,,,,,,,,,,,,,,,,,,,,,,,,,,,,,,,,,,1,,,,,,1,,,,1,,,
HeatPumpProportionalControl_DCV.idf,,,,,,,,,,,,,,,,,5,,,,,,,,,3,,,,,,,,,,,,,,,,,,,,1,,,,,,1,,,,,,,,,,1,,,,,,,,,,,,,,3,1,,4,,,,,,1,,,,,1,,,,,,1,,,,,,3,,,,,1,,,,,1,,,,,,2,,,,,,,,,,,,,,,,,,,,,,,,,,,,,,,,,,12,,,,,,,1,,,,,,,,,,,,,,,,,,,,,,,,,,,,,,,,,,,,,,,,2,,,,,,,,,,,,,,,,,,1,,,,,,,,,,,,,,,,,,,,,,,1,,,,,,,,,,,,,,1,,,,,,,,,,,,23,,1,,,,,,,,,,,,,,,,,,,2,,,,,,,,,,,,,,,,,,5,,,,,,,,,,,1,,,,,,,,,,,,,,,,,21,,,,,,,,,,,,,,,,,,,,,,,,,,,,,,,,,,,,,,,,,,,,,,,,7,,,,,,,,,,,,,,,1,,,,,,,,,,,,,,,,,,,,,,,1,,,,,,,,3,,,,,1,,,,,,,,,,,,,1,,,,,,,,,,,,3,,,,,,,1,3,,,,,,,,,,,1,,,,,2,,,,,,,,,,,,3,,,,1,,,,,,,1,,,1,,,,,,,,,,,,,,,,,,,,,,,1,,,1,,,,,,,,,2,,,,,,,,,2,1,,,,2,,,,1,1,,,,,,,,,,,,,,,,,,,,,,,,,,,,,,,,,,,,,,,,1,,,,,,,,,,,,,1,,,,,,,,,,,,,,,,,1,,,,,,1,,,,,,,,,,,,,,,,,,,,,,,20,,,,,,,,,1,,,,,,,,,,,,,,,,,,,,,,,,,,,,,,,,,,,3,,,,,,,,,,1,,,,1,,1,,,,,,,,,,,1,,,,,,,,,,,,,,,,,,,,,,,,,,,,,,,,1,3,,,1,,,,,,,,,,,,,,,,,1,9,,,,,,,,,,,,,,,,,,,,,,,,,,,,,,,,,,,,,1,,,,,,1,,,,1,,,
HeatPumpProportionalControl_DCVDesignOccAllZones.idf,,,,,,,,,,,,,,,,,5,,,,,,,,,3,,,,,,,,,,,,,,,,,,,,1,,,,,,1,,,,,,,,,,1,,,,,,,,,,,,,,3,1,,4,,,,,,1,,,,,1,,,,,,1,,,,,,3,,,,,1,,,,,1,,,,,,2,,,,,,,,,,,,,,,,,,,,,,,,,,,,,,,,,,12,,,,,,,1,,,,,,,,,,,,,,,,,,,,,,,,,,,,,,,,,,,,,,,,2,,,,,,,,,,,,,,,,,,1,,,,,,,,,,,,,,,,,,,,,,,1,,,,,,,,,,,,,,1,,,,,,,,,,,,24,,1,,,,,,,,,,,,,,,,,,,2,,,,,,,,,,,,,,,,,,5,,,,,,,,,,,1,,,,,,,,,,,,,,,,,24,,,,,,,,,,,,,,,,,,,,,,,,,,,,,,,,,,,,,,,,,,,,,,,,7,,,,,,,,,,,,,,,1,,,,,,,,,,,,,,,,,,,,,,,1,,,,,,,,3,,,,,1,,,,,,,,,,,,,1,,,,,,,,,,,,3,,,,,,,1,3,,,,,,,,,,,1,,,,,2,,,,,,,,,,,,3,,,,1,,,,,,,1,,,3,,,,,,,,,,,,,,,,,,,,,,,1,,,1,,,,,,,,,2,,,,,,,,,2,1,,,,2,,,,1,1,,,,,,,,,,,,,,,,,,,,,,,,,,,,,,,,,,,,,,,,1,,,,,,,,,,,,,1,,,,,,,,,,,,,,,,,1,,,,,,1,,,,,,,,,,,,,,,,,,,,,,,20,,,,,,,,,1,,,,,,,,,,,,,,,,,,,,,,,,,,,,,,,,,,,3,,,,,,,,,,1,,,,1,,1,,,,,,,,,,,1,,,,,,,,,,,,,,,,,,,,,,,,,,,,,,,,1,3,,,1,,,,,,,,,,,,,,,,,1,9,,,,,,,,,,,,,,,,,,,,,,,,,,,,,,,,,,,,,1,,,,,,1,,,,1,,,
HeatPumpProportionalControl_DCVDesignRate.idf,,,,,,,,,,,,,,,,,5,,,,,,,,,3,,,,,,,,,,,,,,,,,,,,1,,,,,,1,,,,,,,,,,1,,,,,,,,,,,,,,3,1,,4,,,,,,1,,,,,1,,,,,,1,,,,,,3,,,,,1,,,,,1,,,,,,2,,,,,,,,,,,,,,,,,,,,,,,,,,,,,,,,,,12,,,,,,,1,,,,,,,,,,,,,,,,,,,,,,,,,,,,,,,,,,,,,,,,2,,,,,,,,,,,,,,,,,,1,,,,,,,,,,,,,,,,,,,,,,,1,,,,,,,,,,,,,,1,,,,,,,,,,,,24,,1,,,,,,,,,,,,,,,,,,,2,,,,,,,,,,,,,,,,,,5,,,,,,,,,,,1,,,,,,,,,,,,,,,,,24,,,,,,,,,,,,,,,,,,,,,,,,,,,,,,,,,,,,,,,,,,,,,,,,7,,,,,,,,,,,,,,,1,,,,,,,,,,,,,,,,,,,,,,,1,,,,,,,,3,,,,,1,,,,,,,,,,,,,1,,,,,,,,,,,,3,,,,,,,1,3,,,,,,,,,,,1,,,,,2,,,,,,,,,,,,3,,,,1,,,,,,,1,,,1,,,,,,,,,,,,,,,,,,,,,,,1,,,1,,,,,,,,,2,,,,,,,,,2,1,,,,2,,,,1,1,,,,,,,,,,,,,,,,,,,,,,,,,,,,,,,,,,,,,,,,1,,,,,,,,,,,,,1,,,,,,,,,,,,,,,,,1,,,,,,1,,,,,,,,,,,,,,,,,,,,,,,20,,,,,,,,,1,,,,,,,,,,,,,,,,,,,,,,,,,,,,,,,,,,,3,,,,,,,,,,1,,,,1,,1,,,,,,,,,,,1,,,,,,,,,,,,,,,,,,,,,,,,,,,,,,,,1,3,,,1,,,,,,,,,,,,,,,,,1,9,,,,,,,,,,,,,,,,,,,,,,,,,,,,,,,,,,,,,1,,,,,,1,,,,1,,,
HeatPumpSecondaryCoil.idf,,,,,,,,,,,,,,,,,5,,,,,,,,,3,,,,,,,,,,,,,,,,,,,,2,,,,,,1,,,,,,,,,,1,,,,,,,,,,,,,,,1,,5,,,,,,1,,,,,1,,,,,,,,,,,,2,,,,,1,,,,,1,,,,,,2,,,,,,,,,,,,,,,,,,,,,,2,,,,,,,,,,,,12,,,,,,,,,,,,,,,,,,,,,,,,,,,,,,,,,,,,,,,,,,,,,,,,,,,,,,,,,,,,,,,,,1,,,,,,,,,,,,,,,,,,,,,,,1,1,,,,,,,,,,,,,1,,,,,,,,,,,,23,,1,,,,,,,,,,,,,,,,,,,3,,,,,,,,,,,,,,,,,,8,,,,,,,,,,,1,,,,,,,,,,,,,,,,,14,,,,,,,,,,,,,,,,,,,,,,,,,,,,,,,,,,,,,,,,,,,,,,,,7,,,,,,,,,,,,,,,,,,,,,,,,,,,,,,,,,,,,,,1,,,,,,,,3,,,,,1,,,,,,,,,,,,,1,,,,,,,,,,,,2,,,,,,,1,2,,,,,,,,,,,1,,,,,3,,,,,,,,,,,,3,,,,1,,,,,,,1,,,,,,,,,,,,,,,,,,,,,,,,,,1,,,1,,,,,,,,,2,,,,,,,,,3,1,,,,2,,,,1,,,,,,,,,,,,,,,,,,,,,,,,,,,,,,,,,,,,,,,,,1,,,,,,,,,,,,,1,,1,,,,,,,,,,,,,,,1,,,,,,1,,,,,,,,,,,,,,,,,,,,,,,19,,,,,,,,,1,,,,,,,,,,,,,,,,,,,,,,,,,,,,,,,,,,,2,,,,,,,,,,1,,,,1,,2,,,,,,,,,,,1,,,,,,,,,,,,,,,,,,,,,,,,,,,,,,,,1,3,,,1,,,,,,,,,,,,,,,,,1,10,,,,,,,,,,,,,,,,,,,,,,,,,,,,,,,,,,,,,1,,,,,,1,,,,1,,,
HeatPumpSimpleDCV.idf,,,,,,,,,,,,,,,,,5,,,,,,,,,3,,,,,,,,,,,,,,,,,,,,2,,,,,,1,,,,,,,,,,1,,,,,,,,,,,,,,,1,,4,,,,,,1,,,,,1,,,,,,1,,,,,,3,,,,,1,,,,,1,,,,,,2,,,,,,,,,,,,,,,,,,,,,,,,,,,,,,,,,,12,,,,,,,1,,,,,,,,,,,,,,,,,,,,,,,,,,,,,,,,,,,,,,,,2,,,,,,,,,,,,,,,,,,1,,,,,,,,,,,,,,,,,,,,,,,1,,,,,,,,,,,,,,1,,,,,,,,,,,,20,,1,,,,,,,,,,,,,,,,,,,2,,,,,,,,,,,,,,,,,,5,,,,,,,,,,,1,,,,,,,,,,,,,,,,,15,,,,,,,,,,,,,,,,,,,,,,,,,,,,,,,,,,,,,,,,,,,,,,,,7,,,,,,,,,,,,,,,,,,,,,,,,,,,,,,,,,,,,,,1,,,,,,,,3,,,,,1,,,,,,,,,,,,,1,,,,,,,,,,,,3,,,,,,,1,3,,,,,,,,,,,1,,,,,2,,,,,,,,,,,,3,,,,1,,,,,,,1,,,,,,,,,,,,,,,,,,,,,,,,,,1,,,1,,,,,,,,,2,,,,,,,,,2,1,,,,2,,,,1,,,,,,,,,,,,,,,,,,,,,,,,,,,,,,,,,,,,,,,,,1,,,,,,,,,,,,,1,,,,,,,,,,,,,,,,,1,,,,,,1,,,,,,,,,,,,,,,,,,,,,,,20,,,,,,,,,1,,,,,,,,,,,,,,,,,,,,,,,,,,,,,,,,,,,3,,,,,,,,,,1,,,,1,,1,,,,,,,,,,,1,,,,,,,,,,,,,,,,,,,,,,,,,,,,,,,,1,3,,,1,,,,,,,,,,,,,,,,,1,9,,,,,,,,,,,,,,,,,,,,,,,,,,,,,,,,,,,,,1,,,,,,1,,,,1,,,
HeatPumpVRP_DCV.idf,,,,,,,,,,,,,,,,,5,,,,,,,,,3,,,,,,,,,,,,,,,,,,,,1,,,,,,1,,,,,,,,,,1,,,,,,,,,,,,,,,1,,4,,,,,,1,,,,,1,,,,,,1,,,,,,3,,,,,1,,,,,1,,,,,,2,,,,,,,,,,,,,,,,,,,,,,,,,,,,,,,,,,12,,,,,,,1,,,,,,,,,,,,,,,,,,,,,,,,,,,,,,,,,,,,,,,,2,,,,,,,,,,,,,,,,,,1,,,,,,,,,,,,,,,,,,,,,,,1,,,,,,,,,,,,,,1,,,,,,,,,,,,20,,1,,,,,,,,,,,,,,,,,,,2,,,,,,,,,,,,,,,,,,5,,,,,,,,,,,1,,,,,,,,,,,,,,,,,16,,,,,,,,,,,,,,,,,,,,,,,,,,,,,,,,,,,,,,,,,,,,,,,,7,,,,,,,,,,,,,,,,,,,,,,,,,,,,,,,,,,,,,,1,,,,,,,,3,,,,,1,,,,,,,,,,,,,1,,,,,,,,,,,,3,,,,,,,1,3,,,,,,,,,,,1,,,,,2,,,,,,,,,,,,3,,,,1,,,,,,,1,,,,,,,,,,,,,,,,,,,,,,,,,,1,,,1,,,,,,,,,2,,,,,,,,,2,1,,,,2,,,,1,,,,,,,,,,,,,,,,,,,,,,,,,,,,,,,,,,,,,,,,,1,,,,,,,,,,,,,1,,,,,,,,,,,,,,,,,1,,,,,,1,,,,,,,,,,,,,,,,,,,,,,,20,,,,,,,,,1,,,,,,,,,,,,,,,,,,,,,,,,,,,,,,,,,,,3,,,,,,,,,,1,,,,1,,1,,,,,,,,,,,1,,,,,,,,,,,,,,,,,,,,,,,,,,,,,,,,1,3,,,1,,,,,,,,,,,,,,,,,1,9,,,,,,,,,,,,,,,,,,,,,,,,,,,,,,,,,,,,,1,,,,,,1,,,,1,,,
HeatPumpVSAS.idf,,,,,,,,,,,,,,,,,5,,,,,,,,,3,,,,,,,,,,,,,,,,,,,,2,,,,,,1,,,,,,,,,,1,,,,,,,,,,,,,,,1,,4,,,,,,1,,,,,1,,,,,,,,,,,,3,,,,,1,,,,,1,,,,,,2,,,,,,,,,,,,,,,,,,,,,,,,,,,,,,,,,,12,,,,,,,,,,,,,,,,,,,,,,,,,,,,,,,,,,,,,,,,,,,,,,,,,,,,,,,,,,,,,,,,,1,,,,,,,,,,,,,,,,,,,,,,,1,,,,,,,,,,,,,,1,,,,,,,,,,,,11,,1,,,,,,,,,,,,,,,,,,,4,,,,,,,,,,,,,,,,,,5,,,,,,,,,,,1,,,,,,,,,,,,,,,,,14,,,,,1,,,,,,,,,,,,,,,,,,,,,,,,,,,,,,,,,,,,,,,,,,,7,,,,,,,,,,,,,,,,,,,,,,,,,,,,,,,,,,,,,,1,,,,,,,,3,,,,,1,,,,,,,,,,,,,1,,,,,,,,,,,,3,,,,,,,1,3,,,,,,,,,,,1,,,,,2,,,,,,,,,,,,3,,,,1,,,,,,,1,,,,,,,,,,,,,,,,,,,,,,,,,,1,,,1,,,,,,,,,2,,,,,,,,,,1,,,,2,,,,1,,,,,,,,,,,,,,,,,,,,,,,,,,,,,,,,,1,,,,,,,,1,,,,,,,,,,,,,1,,,,,,,,,,,,,,,,,1,,,,,,1,,,,,,,,,,,,,,,,,,,,,,,20,,,,,,,,,1,,,,,,,,,,,,,,,,,,,,,,,,,,,,,,,,,,,3,,,,,,,,,,,,,,1,,1,,,,,,,,,,,1,,,,,,,,,,,,,,,,,,,,,,,,,,,,,,,,1,1,,,,,,,,,,,,,,,,,,,,1,9,,,,,,,,,,,,,,,,,,,,,,,,,,,,,,,,,,,,,1,,,,,,1,,,,1,,,
HeatPumpVSAS_variableCrankcaseHeaterCapacity.idf,,,,,,,,,,,,,,,,,5,,,,,,,,,3,,,,,,,,,,,,,,,,,,,,1,,,,,,1,,,,,,,,,,1,,,,,,,,,,,,,,,1,,4,,,,,,1,,,,,1,,,,,,,,,,,,3,,,,,1,,,,,1,,,,,,2,,,,,,,,,,,,,,,,,,,,,,,,,,,,,,,,,,12,,,,,,,,,,,,,,,,,,,,,,,,,,,,,,,,,,,,,,,,,,,,,,,,,,,,,,,,,,,,,,,,,1,,,,,,,,,,,,,,,,,,,,,,,1,,,,,,,,,,,,,,1,,,,,,,,,,,,4,,1,,,,,,,,,,,,,,,,,,,4,,,,,,,,,,,,,,,,,,5,,,,,,,,,,,1,,,,,,,,,,,,,,,,,14,,,,,1,,,,,,,,,,,,,,,,,,,,,,,,,,,,,,,,,,,,,,,,,,,7,,,,,,,,,,,,,,,,,,,,,,,,,,,,,,,,,,,,,,1,,,,,,,,3,,,,,1,,,,,,,,,,,,,1,,,,,,,,,,,,3,,,,,,,1,3,,,,,,,,,,,1,,,,,2,,,,,,,,,,,,3,,,,1,,,,,,,1,,,,,,,,,,,,,,,,,,,,,,,,,,1,,,1,,,,,,,,,2,,,,,,,,,,1,,,,2,,,,1,,,,,,,,,,,,,,,,,,,,,,,,,,,,,,,,,1,,,,,,,,1,,,,,,,,,,,,,1,,,,,,,,,,,,,,,,,1,,,,,,1,,,,,,,,,,,,,,,,,,,,,,,20,,,,,,,,,1,,,,,,,,,,,,,,,,,,,,,,,,,,,,,,,,,,,3,,,,,,,,,,,,,,1,,1,,,,,,,,,,,1,,,,,,,,,,,,,,,,,,,,,,,,,,,,,,,,1,1,,,,,,,,,,,,,,,,1,,,,1,9,,,,,,,,,,,,,,,,,,,,,,,,,,,,,,,,,,,,,1,,,,,,1,,,,1,,,
HeatPumpWaterHeater.idf,,,,,,,4,,,,,,5,,,,7,,,,,,,,,6,,,,,1,,,,,,4,1,,,,,,,,2,,,,,,,,,,,,,,,,36,,,,,,,,,,,,,,5,,1,1,,,,,,1,,,,,1,,,,,,,,,,,,5,,,,,,2,,,,4,,,,,,2,,,,,,1,,,,,,,,,,,,,,,,5,,,,,,1,,,6,,,10,,,,1,1,,,,,,,,,,,,,,,,,,,,,,7,,,,,,,,,,,,,,,,,,,,,,,,,,,,,,,,,,,,,,1,,,,,6,,,,,,,2,,,,,,,,,,,1,1,,,,,,,,,,,,,2,,,,,,,,,,,3,23,,1,,,,,,,,,,,,,,,,,,2,2,,,1,,,,,,,,,,,,,,,7,,,,,,,,,,,1,,,,,,,,,,,,,,,,,33,,,,,,,,,,,,,,,,,,,,,,,,,18,1,,,,,,,,,,,,,,,,,,,,,,12,,,,,,8,,,,,,,,,,,,,,,,,,,,,,,,,,,,,,,,2,,,,,,,,5,,,,,1,,,,,,,,,,,,,1,1,,,,,,,,,,1,5,,,,,,,,,,,,,,,,,,,,1,,,,5,,,,,,,,,,,,5,,,,1,,,,,,,1,,,,,3,,,,,,,,,,,,,,,,,,,,,1,,,1,,,,,,,,,1,,,4,,,6,,,5,6,,,,1,,,,1,,,,,,,,,,,,,,,,,,,,,2,,,2,,,,,,,,,,,,,,,,,1,,,,,,,,,,,,,9,,3,,,2,,,,,,,,,8,,,2,,,,,,1,,,,,,,,,,,,,,,,,,,,,,,40,,,,,1,,,,1,,,,,,6,2,,,,,,,,,,8,,,,,1,,,1,,,,,,,,,,5,,,,,,,,,,,,,,1,,5,,1,,,,,,,,,1,,,,,3,5,,,,,,,,,,,,,,,,,,,,,,,,,,1,,,,,,,,,,,,,,,,,,,,,1,10,,,2,,,,,,,,,,,,,,,,,,,,,1,,,,,,,,,,,,,1,,,,,,1,,,,1,,,
HeatPumpWaterHeaterStratified.idf,,,,,,,4,,7,,,,5,,,,7,,,,,,,,,6,,,,,1,,,,,,4,1,,,,,,,,2,,,,,,,,,,,,,,,,36,,,,,,,,,,,,,,5,,1,1,,,,,,1,,,,,1,,,,,,,,,,,,5,,,,,6,2,,,,4,,,,,,2,,,,,,1,,,,,,,,,,,,,,,,5,,,,,,1,,,6,,,10,,,,1,1,,,,,,,,,,,,,,,,,,,,,,,,,,,,,,,,,,,,,,,,,,,,,,,,,,,,,,,,,,,,1,,,,,6,,,,,,,2,,,,,,,,,,,1,1,,,,,,,,,,,,,2,,,,,,,,,,,3,23,,1,,,,,,,,,,,,,,,,,,3,2,,,1,,,,,,,,,,,,,,,7,,,,,,,,,,,1,,,,,,,,,,,,,,,,,33,,,,,,,,,,,,,,,,,,,,,,,,,18,1,,,,,,,,,,,,,,,,,,,,,,12,,,,,,8,,,,,,,,,,,,,,,,,,,,,,,,,,,,,,,,2,,,,,,,,5,,,,,1,,,,,,,,,,,,,1,1,,,,,,,,,,1,5,,,,,,,,,,,,,,,,,,,,1,,,,5,,,,,,,,,,,,5,,,,1,,,,,,,1,,,,,3,,,,,,,,,,,,,,,,,,,,,1,,,1,,,,,,,,,1,,,4,,,,,,5,6,,,,1,,,,1,,,,,,,,,,,,,,,,,,,,,2,,,2,,,,,,,,,,,,,,,,,1,,,,,,,,,,,,,9,,3,,,2,,,,,,,,,8,,,2,,,,,,1,,,,,,,,,,,,,,,,,,,,,,,40,,,,,1,,,,1,,,,,,6,2,,,,,,,,,,8,,,,,1,,,1,,,,,,,,,,5,,,,,,,,,,,,,,1,,5,,1,,,,,,,,,1,,,,,3,5,,,,,,,,,,,,,,,,,,,,,,,,,,1,,,,,,,,,,,,,,,,,,,,,1,10,,,2,,,,,,,,,,,,,,,,,,,,,1,,,,,,,,,,,,,1,,,,,,1,,,,1,,,
HeatPumpWaterToAir.idf,,,,,,,,,,,,,,,,,6,,,,,,,,,6,,,,,,,,,,,4,,,,,,,,,2,,,,,,,,,,,,,,,,13,,,,,,,,,,,,,,5,2,,2,,,,,,1,,,,,2,,,,,,,,,,,,5,,,,,2,2,,,,4,,,,,,2,,,,,,1,,,,,,,,,,,,2,,,,5,,,,,,,,,,,,12,,,,,,,,,,,,,,,,,,,,,,,,,,,,,,,,,,,,,,,,,,,,,,,,,136,,,,,,,,,,,,,,,,2,,,,,,,,,,,,2,,,,,,,,,,,2,,,,,,,,,,,,,,1,,,1,,,,,,,,,31,1,2,,,,,,,,,,,,,,,,,,,,,,1,,,,,,,,,,,,,,,7,,,,,,,,,,,1,1,,,,,,,,,,,,,,,,14,,,,,,,,,,,,,,,,,,,,,,,,,5,1,,,,,,,,,,,,,,,,,,,,,,12,,,,,,2,,,,,,,,2,,,,,,,,,,,,,,,,,,,,,,,,2,,,,,,,,5,,,,,1,,,,,,,,,,,,,1,,,,,,,,,,,1,5,,,,,,,1,5,,,,,,,,,,,2,,,,,5,,,,,,1,,,,,7,5,,,,1,,,,,,,2,,,,,,,,,,,,,,,,,1,,,,,,,,,1,,,1,,,,,,,,,4,,,,,,,,,5,6,,,,4,,,,1,,,,,,,,,,,,,,,,,,,,,,,,,,,,,,,,,,,,,,,,,2,,,,,,,,,,,,,4,,3,,,,,,,1,,,,,2,,,1,,,,,,1,,,,,,,,,,,,,,,,,,,,,,,40,,,,,,,,,2,,,,,,,,,,,,,,,,,2,,,,,,,,,,,,,,,,1,,5,,,,,,,,,,,,,,1,,5,,,,,,,,,,,1,,,,,,,,,,,,,,,,,,1,,,,,2,,,,,,,,,1,,,,,,,,,,,,,,,,,,,,,1,10,,,,,,,,,,,,,,,,,,,1,,,,,,,,,,,,,,,1,,,2,,,2,,,1,,,,2,,,
HeatPumpWaterToAirEquationFit.idf,,,,,,,,,,,,,,,,,6,,,,,,,,,6,,,,,,,,,,,4,,,,,,,,,2,,,,,,,,,,,,,,,,22,,,,,,,,,,,,,,5,5,,2,,,,,,1,,,,,5,,,,,,,,,,,,5,,,,,5,2,,,,4,,,,,,2,,,,,,1,,,,,,,,,,,,,,,,5,,,,,,,,,,,,12,,,,,,,,,,,,,,,,,,,,,,,,,,,,,,,,,,,,,,,,,,,,,,,,,,,,,,,,,,,,,,,,,5,,,,,,,,,,,,2,,,,,,,,,,,5,,,1,,,,,,,,,,,,,,1,,,,,,,,,39,1,5,,,,,,,,,,,,,,5,,,,,,,,1,,,,,,,,,,,,,,,7,,,,,,,,,,,1,1,,,,,,,,,,,,,,,,14,,,,,,,,,,,,,,,,,,,,,,,,,5,1,,,,,,,,,,,,,,,,,,,,,,15,,5,,,,2,,,,,,,,,,,,,,,,,,,,,,,,,,,,,,,,5,,,,,,,,5,,,,,1,,,,,,,,,,,,,1,,,,,,,,,,,1,5,,,,,,,1,5,,,,,,,,,,,5,,,,,5,,,,,,1,,,4,,,5,,,,1,,,,,,,5,,,,,,,,,,,,,,,,,1,,,,,,,,,1,,,1,,,,,,,,,10,,,,,,,,,5,6,,,,10,,,,1,,,,,,,,,,,,,,,,,,,,,,,,,,,,,,,,,,,,,,,,,5,,,,,,,,,,,,,7,,3,,,,,,,1,,,,,2,,,,,,,,,1,,,,,,,,,,,,,,,,,,,,,,,40,,,,,,,,,5,,,,,,,,,,,,,,,,,2,,,,,5,,,,,,,,,,,1,,5,,,,,,,,,,,,,,1,,5,,,,,,,,,,,1,,,,,,,,,,,,,,,,,,1,,,,,5,,,,,,,,,1,,,,,,,,,,,,,,,,,,,,,1,10,,,,,,,,,,,,,,,,,,,1,,,,,,,,,,,,,,,,,,5,,,,,,1,,,,5,,,
HeatPumpWaterToAirEquationFit_WaterHeatingDesuperheater_StratifiedTank.idf,,,,,,,,,1,,,,,,,,6,,,,,,,,,6,,,,,,,,,,,4,,,,,,,,,2,,,,,,,,,,,,,,,,22,,,,,,,,,,,,,,5,5,,2,,,,,,1,,,,,5,,,,,,,,,,,,5,,,,,5,2,,,,4,,,,,,2,,,,,,1,,,,,,,,,,,,,,,,5,,,,,,,,,,,,12,,,,,,,,,,,,,,,,,,,,,,,,,,,,,,,,,,,,,,,,,,,,,,,,,,,,,,,,,,,,,,,,,5,,,,,,,,,,,,2,,,,,,,,,,,5,,,1,,,,,,,,,,,,,,1,,,,,,,,,77,1,5,,,,,,,,,,,,,,5,,,,,1,,,1,,,,,,,,,,,,,,,7,,,,,,,,,,,1,1,,,,,,,,,,,,,,,,18,,,,,,,,,,,,,,,,,,,,,,,,,5,1,,,,,,,,,,,,,,,,,,,,,,15,,5,,,,2,,,,,,,,,,,,,,,,,,,,,,,,,,,,,,,,5,,,,,,,,5,,,,,1,,,,,,,,,,,,,1,,,,,,,,,,,1,5,,,,,,,1,5,,,,,,,,,,,5,,,,,5,,,,,,1,,,4,,,5,,,,1,,,,,,,5,,,,,,,,,,,,,,,,,1,,,,,,,,,1,,,1,,,,,,,,,10,,,,,,,,,5,6,,,,10,,,,1,,,,,,,,,,,,,,,,,,,,,,,,,,,,,,,,,,,,,,,,,5,,,,,,,,,,,,,7,,3,,,,,,,1,,,,,2,,,,,,,,,1,,,,,,,,,,,,,,,,,,,,,,,40,,,,,,,,,5,,,,,,,,,,,,,,,,,2,,,,,5,,,,,,,,,,,1,,5,,,,,,,,,,,,,,1,,5,,,,,,,,,,,1,,,,,,,,,,,,,,,,1,,1,,,,,5,,,,,,,,,1,,,,,,,,,,,,,,,,,,,,,1,10,,,,,,,,,,,,,,,,,,,1,,,,,,,,,,,,,,,,,,5,,,,,,1,,,,5,,,
HeatPumpWaterToAirWithAntifreezeAndLatentModel.idf,,,,,,,,,,,,,,,,,5,,,,,,,,,3,,,,,,,,,,,,,,,,,,,,,,,,,,,,,,,,,,,,10,,,,,,,,,,,,,,,1,,2,,,,,,1,,,,,1,,,,,,,,,,,,3,,,,,1,,,,,1,,,,,,2,,,,,,,,,,,,,,,,,,1,,,,,,,,,,,,,,,1,12,,,,,,,,,,,,,,,,,,,,,,,,,,,,,,,,,,,,,,,,,,,,,,,,,136,,,,,,,,,,,,,,,,1,,,,,,,,,,,,,,,,,,,,,,,1,,,,,,,,,,,,,,1,,,1,,,,,,,,,31,1,1,,,,,,,,,,,,,,,,,,,,,,1,,,,,,,,,,,,,,,5,,,,,,,,,,,1,1,,,,,,,,,,,,,,,,15,,,,,,,,,,,,,,,,,,,,,,,,,5,1,,,,,,,,,,,,,,,,,,,,,,7,,,,,,2,,,,,,,,2,,,,,,,,,,,,,,,,,,,,,,,,1,,,,,,,,3,,,,,1,,,,,,,,,,,,,1,,,,,,,,,,,1,3,,,,,,,1,3,,,,,,,1,,,,1,,,,,2,,,,,,1,,,,,7,3,,,,1,,,,,,,1,,,,,,,,,,,,,,,,,1,,,,,,,,,1,,,1,,,,,,,,,2,,,,,,,,,,1,,,,2,,,,1,,,,,,,,,,,,,,,,,,,,,,,,,,,,,,,,,,,,,,,,,1,,,,,,,,,,,,,3,,,,,,,,,1,,,,,2,,,1,,,,,,1,,,,,,,,,,,,,,,,,,,,,,,20,,,,,,,,,1,,,,,,,,,,,,,,,,,2,,,,,,,,,,,,,,,,1,,3,,,,,,,,,,,,,,1,,1,,,,,,,,,,,1,,,,,,,,,,,,,,,,,,,,,,,1,,,,,,,,,1,,,,,,,,,,,,,,,,,,,,,1,9,,,,,,,,,,,,,,,,,,,1,,,,,,,,,,,,,,,1,,,1,,,1,,,,,,,1,,,
HeatPumpWaterToAirWithAntifreezeAndLatentModel2.idf,,,,,,,,,,,,,,,,,5,,,,,,,,,3,,,,,,,,,,,,,,,,,,,,,,,,,,,,,,,,,,,,10,,,,,,,,,,,,,,,1,,2,,,,,,1,,,,,1,,,,,,,,,,,,3,,,,,1,,,,,1,,,,,,2,,,,,,,,,,,,,,,,,,1,,,,,,,,,,,,,,,1,12,,,,,,,,,,,,,,,,,,,,,,,,,,,,,,,,,,,,,,,,,,,,,,,,,136,,,,,,,,,,,,,,,,1,,,,,,,,,,,,,,,,,,,,,,,1,,,,,,,,,,,,,,1,,,1,,,,,,,,,31,1,1,,,,,,,,,,,,,,,,,,,,,,1,,,,,,,,,,,,,,,5,,,,,,,,,,,1,1,,,,,,,,,,,,,,,,15,,,,,,,,,,,,,,,,,,,,,,,,,5,1,,,,,,,,,,,,,,,,,,,,,,7,,,,,,2,,,,,,,20,3,,,,,,,,,,,,,,,,,,,,,,,,1,,,,,,,,3,,,,,1,,,,,,,,,,,,,1,,,,,,,,,,,1,3,,,,,,,1,3,,,,,,,1,,,,1,,,,,2,,,,,,1,,,,,7,3,,,,1,,,,,,,1,,,,,,,,,,,,,,,,,1,,,,,,,,,1,,,1,,,,,,,,,2,,,,,,,,,,1,,,,2,,,,1,,,,,,,,,,,,,,,,,,,,,,,,,,,,,,,,,,,,,,,,,1,,,,,,,,,,,,,3,,,,,,,,,1,,,,,2,,,1,,,,,,1,,,,,,,,,,,,,,,,,,,,,,,20,,,,,,,,,1,,,,,,,,,,,,,,,,,2,,,,,,,,,,,,,,,,1,,3,,,,,,,,,,,,,,1,,1,,,,,,,,,,,1,,,,,,,,,,,,,,,,,,,,,,,1,,,,,,,,,1,,,,,,,,,,,,,,,,,,,,,1,9,,,,,,,,,,,,,,,,,,,1,,,,,,,,,,,,,,,2,,,1,,,1,,,,,,,1,,,
HeatPumpWaterToAirWithRHControl.idf,,,,,,,,,,,,,,,,,6,,,,,,,,,6,,,,,1,,,,,,4,,,,,,,,,2,,,,,,,,,,,,,,,,22,,,,,,,,,,,,,,5,5,,2,,,,,,1,,,,,5,,,,,,,,,,,,5,,,,,5,2,,,,4,,,,,,2,,,,,,1,,,,,,,,,,,,,,,,5,,,,,,,,,,,,12,,,,,1,,,,,,,,,,,,,,,,,,,,,,,,,,,,,,,,,,,,,,,,,,,,,,,,,,,,,,,,,,,,5,,,,,,,,,,,,2,,,,,,,,,,,5,,,1,,,,,,,,,,,,,,,,,,,,,,,27,,5,,,,,,,,,,,,,,5,,,,,,,,1,,,,,,,,,,,,,,,7,,,,,,,,,,,1,,,,,,,,,,,,,,,,,16,,,,,,,,,,,,,,,,,,,,,,,,,5,1,,,,,,,,,,,,,,,,,,,,,,15,,5,,,,2,,,,,,,,,,,,,,,,,,,,,,,,,,,,,,,,5,,,,,,,,5,,,,,1,,,,,,,,,,,,,1,,,,,,,,,,,1,5,,,,,,,1,5,,,,,,,,,,,5,,,,,5,,,,,,,,,4,,,5,,,,1,,,,,,,5,,,,,,,,,,,,,,,,,,,,,,,,,,1,,,1,,,,,,,,,10,,,,,,,,,5,6,,,,10,,,,1,,,,,,,,,,,,,,,,,,,,,,,,,,,,,,,,,,,,,,,,,5,,,,,,,,,,,,,7,,3,,,,,,,1,,,,,2,,,,,,,,,1,,,,,,,,,,,,,,,,,,,,,,,40,,,,,5,,,,5,,,,,,,,,,,,,,,,,2,,,,,5,,,,,,,,,,,1,,5,,,,,,,,,,,,,,1,,5,,,,,,,,,,,1,,,,,,,,,,,,,,,,,,1,,,,,5,,,,,,,,,1,,,,,,,,,,,,,,,,,,,,,1,10,,,,,1,,,,,,,,,,,,,,1,,,,,,,,,,,,,,,,,,5,,,,,,1,,,,5,,,
HeatPumpwithBiquadraticCurves.idf,,,,,,,,,,,,,,,,,5,,,,,,,,,3,,,,,,,,,,,,,,,,,,,,2,,,,,,1,,,,,,,,,,1,,,,,,,,,,,,,,,1,,4,,,,,,1,,,,,1,,,,,,,,,,,,3,,,,,1,,,,,1,,,,,,2,,,,,,,,,,,,,,,,,,,,,,,,,,,,,,,,,,12,,,,,,,,,,,,,,,,,,,,,,,,,,,,,,,,,,,,,,,,,,,,,,,,,,,,,,,,,,,,,,,,,1,,,,,,,,,,,,,,,,,,,,,,,1,,,,,,,,,,,,,,1,,,,,,,,,,,,18,,1,,,,,,,,,,,,,,,,,,,4,,,,,,,,,,,,,,,,,,5,,,,,,,,,,,1,,,,,,,,,,,,,,,,,14,,,,,,,,,,,,,,,,,,,,,,,,,,,,,,,,,,,,,,,,,,,,,,,,7,,,,,,,,,,,,,,,,,,,,,,,,,,,,,,,,,,,,,,1,,,,,,,,3,,,,,1,,,,,,,,,,,,,1,,,,,,,,,,,,3,,,,,,,1,3,,,,,,,1,,,,1,,,,,2,,,,,,,,,,,,3,,,,1,,,,,,,1,,,,,,,,,,,,,,,,,,,,,,,,,,1,,,1,,,,,,,,,2,,,,,,,,,,1,,,,2,,,,1,,,,,,,,,,,,,,,,,,,,,,,,,,,,,,,,,,,,,,,,,1,,,,,,,,,,,,,1,,,,,,,,,,,,,,,,,1,,,,,,1,,,,,,,,,,,,,,,,,,,,,,,20,,,,,,,,,1,,,,,,,,,,,,,,,,,,,,,,,,,,,,,,,,,,,3,,,,,,,,,,1,,,,1,,1,,,,,,,,,,,1,,,,,,,,,,,,,,,,,,,,,,,,,,,,,,,,1,1,,,1,,,,,,,,,,,,,,,,,1,9,,,,,,,,,,,,,,,,,,,,,,,,,,,,,,,,,,,,,1,,,,,,1,,,,1,,,
HeatPump_variableCrankcaseHeaterCapacity.idf,,,,,,,,,,,,,,,,,5,,,,,,,,,3,,,,,,,,,,,,,,,,,,,,1,,,,,,1,,,,,,,,,,1,,,,,,,,,,,,,,,1,,4,,,,,,1,,,,,1,,,,,,,,,,,,3,,,,,1,,,,,1,,,,,,2,,,,,,,,,,,,,,,,,,,,,,,,,,,,,,,,,,12,,,,,,,,,,,,,,,,,,,,,,,,,,,,,,,,,,,,,,,,,,,,,,,,,,,,,,,,,,,,,,,,,1,,,,,,,,,,,,,,,,,,,,,,,1,,,,,,,,,,,,,,1,,,,,,,,,,,,5,,1,,,,,,,,,,,,,,,,,,,2,,,,,,,,,,,,,,,,,,5,,,,,,,,,,,1,,,,,,,,,,,,,,,,,14,,,,,,,,,,,,,,,,,,,,,,,,,,,,,,,,,,,,,,,,,,,,,,,,7,,,,,,,,,,,,,,,,,,,,,,,,,,,,,,,,,,,,,,1,,,,,,,,3,,,,,1,,,,,,,,,,,,,1,,,,,,,,,,,,3,,,,,,,1,3,,,,,,,,,,,1,,,,,2,,,,,,,,,,,,3,,,,1,,,,,,,1,,,,,,,,,,,,,,,,,,,,,,,,,,1,,,1,,,,,,,,,2,,,,,,,,,,1,,,,2,,,,1,,,,,,,,,,,,,,,,,,,,,,,,,,,,,,,,,,,,,,,,,1,,,,,,,,,,,,,1,,,,,,,,,,,,,,,,,1,,,,,,1,,,,,,,,,,,,,,,,,,,,,,,20,,,,,,,,,1,,,,,,,,,,,,,,,,,,,,,,,,,,,,,,,,,,,3,,,,,,,,,,1,,,,1,,1,,,,,,,,,,,1,,,,,,,,,,,,,,,,,,,,,,,,,,,,,,,,1,3,,,1,,,,,,,,,,,,,1,,,,1,9,,,,,,,,,,,,,,,,,,,,,,,,,,,,,,,,,,,,,1,,,,,,1,,,,1,,,
HeatRecoveryElectricChiller.idf,,,,,,,,,,,,,,,,,5,,,,,,,,,3,,,,,1,,,,,,,1,,,,,,,,2,,,,,,,,,,,,,,,,34,,,,,,,,,,,,,,,,,,,,,,,1,,,,1,,,,,,,,,,,,,3,,,,,,,,,,1,,,,,,2,,,,,,,,,,,,,,,,,,,,,,,,,,,,,,,,,,10,,,,,1,,,,,,,,,,,,,,,,,,,,,,1,,,,,,,,,,,,,,,,,,,,,,,,,,,,,,,,,,,,,,,,,,,,,,,,,,,,,,,,,,,,,1,,,,,,,,,,,,,,,,,,,,,,,,,3,58,,,,,,,,,,,,,,,,,,,,,,,,1,,,,,,,,,,,,,,,5,,,,,,,,,,,1,,,,,,,,,,,,,,,,,20,,,,,,,,,,,,,,,,,,,,,,,,,19,1,,,,,,,,,,,,,,,,,,,,,,7,,,,,,8,,,,,,,,,,,,,,,,,,,,,,,,,,,,,,,,1,,,,,,,,3,,,,,,,,,,,,,,,,,,1,,,,,,,,,,,1,3,,,,,,,,,,,,,,,,,,,1,,,,,2,,,,,,,,,,,,3,,,,1,,,,,,,1,,,,,2,,,,,,,,,,,,,,,,,,,,,1,,,1,,,,,,,,,1,,,4,,,,,,,1,,,,1,,3,,1,,,,,,,,,,,,,,,1,,,,,,2,,,,,,,,,,,,,,,,,,,,,,,,,,,,,,,,,9,,,,,1,,,,,,,,,8,,,,,,,,,1,,,,,,,,,,,,,,,,,,,,,,,20,,,,,,,,,,,,,,,3,1,,,,,,,,,,8,,,,,1,,,,,,,,,,,,,3,,,,,,,,,,,,,,1,,3,,,,,,,,,,,1,,,,,2,5,,,,,,,,,,,,,,,,,,,,,,,,,,1,,,,,,,,,,,,,,,,,,,,,1,9,,,,,,,,,,,,,,,,,,,,,,,,1,,,,,,,,,,,,,1,,,,,,1,,,,1,,,
HeatRecoveryPlantLoop.idf,,,,,,,,1,,,,,,,,,5,,,,,,,,,3,,,,,1,,,,,,,1,,,1,,,,,2,,,,,,,,,,,,,1,,,38,,,,,,,,,,,,,,,,,19,,,,,,1,,,,1,,,,,,,,,,,,,3,,,,,,,,,,1,,,,,,2,,,,,,,,,,,,,,,,,,,,,,,,,,,,,,,,,,14,,,,,1,,,,,,,,,,,,,,,,,,,,,,1,,,,,,,,,,,,,,,,,,,,,,,,,,,,,,,,,,,,,,,,,,,,,,,,,,,,,,,,,,,,,1,,,,,,,,,,,,,,,,,,,,,,,,,3,92,,,,,,,,,,,,1,,,,,,,,,1,,,1,,,,,,,,,,,,,,,5,,,,,,1,,,,,1,,,,,,,,,,,,,,,,,26,,,,,,,,,,,,,,,,,,,,,,,,,19,1,,,,,,,,,,,,,,,,,,,,,,7,,,,1,,8,,,,,,,,,,,1,,,,,,,,,,,,,,,,,,,,,1,,,,,,,,3,,,,,,,,,,,,,,,,,,1,,,,,,,,,,,1,3,,,,,,,,,,,,,,,,,,,1,1,3,,,2,,,,,,,,,,,,3,,,,1,,,,,,,1,,,,,2,,,,,,,,,,,,,,,,,,,,,1,,,1,,,,,,,,,1,,,4,,,,,,,1,,,,1,,3,,1,,,,,,,,,,,,,,,1,,,,,,2,,,1,,,,,,,,,,,,,,,,,,,,,,,,,,,,,,9,,,,,1,,,,,,,,,8,,,,,,,,,1,,,,,,,,,,,,,,,,,,,,,,,20,,,,,,,,,,,,,,,3,1,,,,,,,,,,8,,,,,1,,,1,,,,,,,,,,3,,,,,,,,,,,,,,1,,3,,,,,,,,,,,1,,,,,2,5,,,,1,,,,,,,,,,,,,,,,,,,,,,1,6,,,,,,,,,,,,,,,,,,,,1,9,,,,,,,,,,,,,,,,,,,,,,,,,,,,,,,,,,,,,1,1,,,,,1,,,,1,,,
HeatRecoveryPlantLoopAuto.idf,,,,,,,4,1,,,,,,,,,5,,,,,,,,,3,,,,,1,,,,,,,1,,,1,,,,,2,,,,,,,,,,,,,1,,,38,,,,,,,,,,,,,,,,,19,,,,,,1,,,,1,,,,,,,,,,,,,3,,,,,,,,,,1,,,,,,2,,,,,,1,,,,,,,,,,,,,,,,3,,,,,,,,,,,,14,,,,,1,,,,,,,,,,,,,,,,,,,,,,1,,,,,,,,,,,,,,,,,,,,,,,,,,,,,,,,,,,,,,,,,,,,,,,,,,,,,,,,,,,,,1,1,,,,,,,,,,,,,,,,,,,,,,,,3,92,,,,,,,,,,,,1,,,,,,,,,1,,,1,,,,,,,,,,,,,,,5,,,,,,1,,,,,1,,,,,,,,,,,,,,,,,25,,,,,,,,,,,,,,,,,,,,,,,,,19,1,,,,,,,,,,,,,,,,,,,,,,7,,,,1,,8,,,,,,,,,,,1,,,,,,,,,,,,,,,,,,,,,1,,,,,,,,3,,,,,,,,,,,,,,,,,,1,,,,,,,,,,,1,3,,,,,,,,,,,,,,,,,,,1,1,3,,,2,,,,,,,,,,,,3,,,,2,,,1,,,,1,,,,,2,,,,,,,,,,,,,,,,,,,,,1,,,1,,,,,,,,,1,,,4,,,,,,3,1,,,,1,,3,,1,,,,,,,,,,,,,,,1,,,,,,2,,,1,,,,,,,,,,,,,,,,,,,,,,,,,,,,,,9,,,,,1,,,,,,,,,8,,,,,,,,,1,,,,,,,,,,,,,,,,,,,,,,,20,,,,,,,,,,,,,,,3,1,,,,,,,,,,8,,,,,1,,,1,,,,,,,,,,3,,,,,,,,,,,,,,1,,3,,,,,,,,,,,1,,,,,2,5,,,,1,,,,,,,,,,,,,,,,,,,,,,1,6,,,,,,,,,,,,,,,,,,,,1,9,,,,,,,,,,,,,,,,,,,,,,,,,,,,,,,,,,,,,1,1,,,,,1,,,,1,,,
HeatRecoverywithStorageTank.idf,,,,,,,,,,,,,,,,,5,,,,,,,,,3,,,,,1,,,,,,,1,,,1,,,,,2,,,,,,,,,,,,,,,,37,,,,,,,,,,,,,,,,,16,,,,,,1,,,,1,,,,,,,,,,,,,3,,,,,,,,,,1,,,,,,2,,,,,,,,,,,,,,,,,,,,,,,,,,,,,,,,,,14,,,,,,,,,,,,,,,,,,,,,,,,,,,1,,,,,,,,,,,,,,,,,,,,,,,,,,,,,,,,,,,,,,,,,,,,,,,,,,,,,,,,,,,,,1,,,,,,,,,,,,,,,,,,,,,,,,,3,73,,,,,,,,,,,,,,,,,,,,,,,,1,,,,,,,,,,,,,,,5,,,,,,1,,,,,1,,,,,,,,,,,,,,,,,22,,,,,,,,,,,,,,,,,,,,,,,,,19,1,,,,,,,,,,,,,,,,,,,,,,7,,,,,,8,,,,,,,,,,,1,,,,,,,,,,,,,,,,,,,,,1,,,,,,,,3,,,,,,,,,,,,,,,,,,1,,,,,,,,,,,1,3,,,,,,,,,,,,,,,,,,,1,1,,,,2,,,,,,,,,,,,3,,,,1,,,,,,,1,,,,,2,,,,,,,,,,,,,,,,,,,,,1,,,1,,,,,,,,,1,,,4,,,,,,,1,,,,1,,3,,1,,,,,,,,,,,,,,,1,,,,,,2,,,,,,,,,,,,,,,,,,,,,,,,,,,,,,,,,9,,,,,1,,,,,,,,,8,,,,,,,,,1,,,,,,,,,,,,,,,,,,,,,,,20,,,,,,,,,,,,,,,3,1,,,,,,,,,,8,,,,,1,,,1,,,,,,,,,,3,,,,,,,,,,,,,,1,,3,,,,,,,,,,,1,,,,,2,5,,,,1,,,,,,,,,,,,,,,,,,,,,,1,,,,,,,,,,,,,,,,,,,,,1,9,,,,,,,,,,,,,,,,,,,,,,,,,,,,,,,,,,,,,1,1,,,,,1,,,,1,,,
HospitalBaseline.idf,,,,,,,4,,,,,,130,,,,7,,,,,,4,,,130,,,1,,1,,,,,,9,,,,,,,,,1,,,,,,,,,,,,,,,,331,,,,,,,,,,,,,,86,,,,,1,,,,1,18,,,6,6,2,,,,,,,,,,,130,,,,,,,,,,5,,,,,,3,,,,,,1,,,,,,,5,,,,,,,,,130,,2,,,,,,,,,,6,,,,1,1,,,1,,,,,,,,2,,,,,,,,492,,,1,,,,,,,,,,,,,,,,,,,,,,90,,,,,,,,,,,,,,1,,6,,,,,,,,,,,,,,,,,,,,,2,,6,6,,,,,,,,,,,,,,,,,,,,,,130,,3,136,,6,,4,,,,,,,,,,,,,,,,,2,,,1,,,,,,,2,,,,,,,,11,,1,,,,,,,,,1,,,,,,,,,,,,,,,,,607,,,,,,,,,,,,,,2,,,,,,,,,,,20,1,,,,,,,,,,,,,,,,,,,,,,151,,,,17,,8,,,,,,,,2,,,,,,,2,,,,,,,,,,,,,,,,,12,,,,,,,,149,,,,,1,,,1,,,,,,,,,,1,,,,,,,,,,,1,130,,,,,,,1,,,,,,,,,,,,6,130,4,,,130,,,1,,,,,,,,7,112,,,,1,,,,,,,6,,,,,3,,,,,,,,,,,,,,,,5,,,,,1,,1,1,,,,,,,,,6,,,3,2,,,5,,260,125,,,,6,,,,1,,,,,,10,,,,,,,,,12,,,,,,2,,,3,,,,,3,,,,,,,,,,,,6,,,,,,,,,,,,,14,,,,,36,,,,,,,,,8,,,,,,,,,1,,,,,,,,,,,,,,,,,,,,,,,795,,,,,5,,,,6,,,,,,154,2,,,,,,,,17,,8,,,,,130,,,130,,,,,,,,,,130,,,,,,,,,,,,,,1,,130,,10,,,,,,,,,1,,3,,,3,9,,,,,,,,,,,,1,,,1,,,,,,,,,,,1,5,,,,,,,,,,,,,,,,2,,,,1,19,,,42,8,,,,,,,,,,,,,,,1,,,,,,,,,,,1,,,,1,,,6,,,,,,1,,,,6,,,
HospitalBaselineReheatReportEMS.idf,,,,,,,4,,,,,,130,,,,7,,,,,,4,,,130,,,1,,1,,,,,,9,,,,,,,,,1,,,,,,,,,,681,,,,,,331,,,,,,,,,,,,,,86,,,,,1,,,,1,18,,,6,6,2,,,,,,,,,,,130,,,,,,,,,,5,,,,,,3,,,,,,1,,,,,,,5,,,,,,,,,130,,2,,,,,,,,,,6,,,,1,1,,,1,,,,,,,,2,,,,,,,,492,,,1,,,,,,,,,,,,,,,,,,,,,,90,,,,,,,,,,,,,,1,,6,,,,,,,,,,,,,,,,,,,,,2,,6,6,,,,,,,,,,,,,,,,,,,,,134,130,,3,150,,6,,4,,,,,,,,,,,,,,,,,2,,,1,,,,,,,2,,,,,,,,11,,1,,,,,,,,,1,,,,,,,,,,,,,,,,,607,,,,,,,,,,,,134,,2,,,,,,,,,,,20,1,,,,,,,,,,,,,,,,,,,,,,151,,,,17,,8,,,,,,,,2,,,,,,,2,,,,,,,,,,,,,,,,,12,,,,,,,,149,,,,,1,,,1,,,,,,,,,,1,,,,,,,,,,,1,130,,,,175,,,1,,,,,,,,,,,,6,130,4,,,130,,,1,,,,,,,,7,112,,,,1,,,1,,,,6,,,,,3,,,,,,,,,,,,,,,,5,,,,,1,,1,1,,,,,,,,,6,,,3,2,,,5,,260,125,,,,6,,,,1,,,,,,10,,,,,,,,,12,,,,,,2,,,3,,,,,3,,,,,,,,,,,,6,,,,,,,,,,,,,14,,,,,36,,,,,,,,,8,,,,,,,,,1,,,,,,,,,,,2,,,,,,,,,,,,795,,,,,5,,,,6,,,,,,154,2,,,,,,,,17,,8,,,,,130,,,130,,,,,,,,,,130,,,,,,,,,,,,,,1,,130,,10,,,,,,,,,1,,3,,,3,9,,,,,,,,,,,,1,,,1,,,,,,,,,,,1,5,,,,,,,,,,,,,,,,2,,,,1,19,,,42,8,,,,,,,,,,,,,,,1,,,,,,,,,,,1,,,,1,,,6,,,,,,1,,,,6,,,
HospitalLowEnergy.idf,,,,,,,6,,,,,,2,,,,7,,,,,,4,,,130,,,1,,1,,,,,,8,,,,,,,,,1,,,,,,,,,,1,,,,,,475,,,,,,,,,,,,,,86,128,,2,,2,,,,1,18,,,,6,,,,,,,,,,,,130,,,,,128,,,,,4,,,,,,3,,,,,,1,,,,,,,8,,,,,,,,,130,,2,,,,,,,,,,6,,,,1,1,,,2,,,,,,,,2,,,,,,,,565,,,1,,,,,,,,,,,,,,,,,,,,,,90,,,,,,,,,,,,,,1,,6,,,,,,,,,,,,25,,,,,,,,128,2,,6,6,,1,3,,,,,,,,,,,,,,,,,,1,130,,4,136,,6,,4,,,,,,,,,,,,128,,,,,4,,,2,,1,,,,,2,,,,,,,,11,,1,,,,,,,,,1,,,,,,,,,,,,,,,,,621,,,,,,,,,,,,1,,2,,,,,,,,,,,30,2,,,,,,,,,,,,,,,,,,,,,,264,,128,,18,,12,,,,,,,,2,,,,,,,2,,,,,,,,,,,,,,,,,12,,,,,48,,,149,,,,,1,,,1,,,,,,,,,,1,6,,,,,,,,,,2,130,,,,,,2,1,,,,,,,,,,,,6,130,4,,,130,,,1,,,,,,4,,7,112,,,,1,,,,,,,6,,,,,5,,,,,,,,,,,,,,,,5,,,,,1,,1,1,,,,,,,,,6,,,3,2,,,5,,260,125,,,,6,,,,1,,,,,,10,,,,,,,,,12,,,,,,4,,,132,,,,,3,,,,,,,,,,,,6,,,,,,,,,,,,,18,,,,,36,,,,,,,,,12,,,,,,,,,1,,,,,,,,,,,,,,,,,,,,,,,795,,,,,5,,,,134,,,,,,26,3,,,,,,,,17,,12,,,,,130,,,130,,,,,,,,,,130,,,,,,,,,,,,,,1,,130,,10,,,,,,,,48,1,,3,,,4,13,,,,,,,,,,,,1,,,1,,,,,,,,,,,1,8,,128,,,,,1,,,,,,,,,2,,,,1,21,,,42,8,,,,,,,,,,,,,,,3,,,,,,,,,,,,,,,1,,,6,,,,,,1,,,,6,,,
House-2FurnaceAC-SequentialLoad.idf,,,,,,,,,,,,,,,,,5,,,,,,,,,3,,,,,,,,,,,2,,,,,,,,,3,,,,,,,,,,,,,,,,2,,,,,,,,,,2,,,,,2,,6,,,,,,1,,,,,,,,,,,,,,,,,1,,,,,2,,,,,1,,,,,,2,,,,,,,,,,,,,,,,,,,,,,1,,,,,,,,,,,,,,,,,,,,,,,,,,,,,,,,,,,,,,,,,,,,,,,,,,,,,,,,,,,,,,,,,,,,,,,,,,,,,,,,,,,,,,,,,,,,,,,,,,,,2,2,,,,,,,,,,,,,,,,,,,,,,,,,23,,,,,,,,,,,,,,,,,,,,,4,,,,,,,,,,,,,,,,,,12,,,,,,,,,,,1,,,,,,,,,,,,,,2,,,12,,,,,,,,,,,,,,,,,,,,,,,,,,,,,,,,,,,,,,,,,,,,,,,,2,,,,,,,,,,,,,,,,,,,,,,,,,,,,,,,,,,,,,,,,,,,,,,1,,,,,,,,,,,,,,,,,,1,,,,,,,,,,,,2,,,,,,,,2,,,,,,,,,,,2,,,,,1,,,,,,,,,,,,1,,,,1,,,,,,,2,,,,,,,,,,,,,,,,,,,,,,,,,,1,,,1,,,,,,,,,2,,,,,,,,,,4,,,,2,,,,1,,,,,,,,,,,,,,,,,,,,,,,,2,,,,,,,,,,,,,,,,,,,,,,,,,,,,,,2,,1,,,,,,,,,,,,,,,,,,,,,1,,,,,,,,,,,,,,,,,,,,,,,25,,,,,,,,,,,,,,,,,,,,,,,,,,,,,,,1,,,,,,,,,,,,,1,,,,,,,,,,,,,,1,,1,,,,,,,,,,,1,,,,,,,,,,,,,,,,,,,,,,,,,,,,,,,,1,,,,2,,,,,,,,,,,,,,,,,1,8,,,,,,,,,,,,,,,,,,,,,,,,,,,,,,,,,,,,,2,,,,,,1,,,,2,,,
House-2FurnaceAC-SequentialLoadFractions.idf,,,,,,,,,,,,,,,,,5,,,,,,,,,3,,,,,,,,,,,2,,,,,,,,,3,,,,,,,,,,,,,,,,2,,,,,,,,,,2,,,,,2,,6,,,,,,1,,,,,,,,,,,,,,,,,1,,,,,2,,,,,1,,,,,,2,,,,,,,,,,,,,,,,,,,,,,1,,,,,,,,,,,,,,,,,,,,,,,,,,,,,,,,,,,,,,,,,,,,,,,,,,,,,,,,,,,,,,,,,,,,,,,,,,,,,,,,,,,,,,,,,,,,,,,,,,,,2,2,,,,,,,,,,,,,,,,,,,,,,,,,23,,,,,,,,,,,,,,,,,,,,2,4,,,,,,,,,,,,,,,,,,12,,,,,,,,,,,1,,,,,,,,,,,,,,2,,,12,,,,,,,,,,,,,,,,,,,,,,,,,,,,,,,,,,,,,,,,,,,,,,,,2,,,,,,,,,,,,,,,,,,,,,,,,,,,,,,,,,,,,,,,,,,,,,,1,,,,,,,,,,,,,,,,,,1,,,,,,,,,,,,2,,,,,,,,2,,,,,,,,,,,2,,,,,1,,,,,,,,,,,,1,,,,1,,,,,,,2,,,,,,,,,,,,,,,,,,,,,,,,,,1,,,1,,,,,,,,,2,,,,,,,,,,4,,,,2,,,,1,,,,,,,,,,,,,,,,,,,,,,,,2,,,,,,,,,,,,,,,,,,,,,,,,,,,,,,2,,1,,,,,,,,,,,,,,,,,,,,,1,,,,,,,,,,,,,,,,,,,,,,,25,,,,,,,,,,,,,,,,,,,,,,,,,,,,,,,1,,,,,,,,,,,,,1,,,,,,,,,,,,,,1,,1,,,,,,,,,,,1,,,,,,,,,,,,,,,,,,,,,,,,,,,,,,,,1,,,,2,,,,,,,,,,,,,,,,,1,8,,,,,,,,,,,,,,,,,,,,,,,,,,,,,,,,,,,,,2,,,,,,1,,,,2,,,
House-2FurnaceAC-SequentialUniformPLR.idf,,,,,,,,,,,,,,,,,5,,,,,,,,,3,,,,,,,,,,,2,,,,,,,,,3,,,,,,,,,,,,,,,,2,,,,,,,,,,2,,,,,2,,6,,,,,,1,,,,,,,,,,,,,,,,,1,,,,,2,,,,,1,,,,,,2,,,,,,,,,,,,,,,,,,,,,,1,,,,,,,,,,,,,,,,,,,,,,,,,,,,,,,,,,,,,,,,,,,,,,,,,,,,,,,,,,,,,,,,,,,,,,,,,,,,,,,,,,,,,,,,,,,,,,,,,,,,2,2,,,,,,,,,,,,,,,,,,,,,,,,,23,,,,,,,,,,,,,,,,,,,,,4,,,,,,,,,,,,,,,,,,12,,,,,,,,,,,1,,,,,,,,,,,,,,2,,,12,,,,,,,,,,,,,,,,,,,,,,,,,,,,,,,,,,,,,,,,,,,,,,,,2,,,,,,,,,,,,,,,,,,,,,,,,,,,,,,,,,,,,,,,,,,,,,,1,,,,,,,,,,,,,,,,,,1,,,,,,,,,,,,2,,,,,,,,2,,,,,,,,,,,2,,,,,1,,,,,,,,,,,,1,,,,1,,,,,,,2,,,,,,,,,,,,,,,,,,,,,,,,,,1,,,1,,,,,,,,,2,,,,,,,,,,4,,,,2,,,,1,,,,,,,,,,,,,,,,,,,,,,,,2,,,,,,,,,,,,,,,,,,,,,,,,,,,,,,2,,1,,,,,,,,,,,,,,,,,,,,,1,,,,,,,,,,,,,,,,,,,,,,,25,,,,,,,,,,,,,,,,,,,,,,,,,,,,,,,1,,,,,,,,,,,,,1,,,,,,,,,,,,,,1,,1,,,,,,,,,,,1,,,,,,,,,,,,,,,,,,,,,,,,,,,,,,,,1,,,,2,,,,,,,,,,,,,,,,,1,8,,,,,,,,,,,,,,,,,,,,,,,,,,,,,,,,,,,,,2,,,,,,1,,,,2,,,
House-2FurnaceAC-UniformLoad.idf,,,,,,,,,,,,,,,,,5,,,,,,,,,3,,,,,,,,,,,2,,,,,,,,,3,,,,,,,,,,,,,,,,2,,,,,,,,,,2,,,,,2,,6,,,,,,1,,,,,,,,,,,,,,,,,1,,,,,2,,,,,1,,,,,,2,,,,,,,,,,,,,,,,,,,,,,1,,,,,,,,,,,,,,,,,,,,,,,,,,,,,,,,,,,,,,,,,,,,,,,,,,,,,,,,,,,,,,,,,,,,,,,,,,,,,,,,,,,,,,,,,,,,,,,,,,,,2,2,,,,,,,,,,,,,,,,,,,,,,,,,23,,,,,,,,,,,,,,,,,,,,,4,,,,,,,,,,,,,,,,,,12,,,,,,,,,,,1,,,,,,,,,,,,,,2,,,12,,,,,,,,,,,,,,,,,,,,,,,,,,,,,,,,,,,,,,,,,,,,,,,,2,,,,,,,,,,,,,,,,,,,,,,,,,,,,,,,,,,,,,,,,,,,,,,1,,,,,,,,,,,,,,,,,,1,,,,,,,,,,,,2,,,,,,,,2,,,,,,,,,,,2,,,,,1,,,,,,,,,,,,1,,,,1,,,,,,,2,,,,,,,,,,,,,,,,,,,,,,,,,,1,,,1,,,,,,,,,2,,,,,,,,,,4,,,,2,,,,1,,,,,,,,,,,,,,,,,,,,,,,,2,,,,,,,,,,,,,,,,,,,,,,,,,,,,,,2,,1,,,,,,,,,,,,,,,,,,,,,1,,,,,,,,,,,,,,,,,,,,,,,25,,,,,,,,,,,,,,,,,,,,,,,,,,,,,,,1,,,,,,,,,,,,,1,,,,,,,,,,,,,,1,,1,,,,,,,,,,,1,,,,,,,,,,,,,,,,,,,,,,,,,,,,,,,,1,,,,2,,,,,,,,,,,,,,,,,1,8,,,,,,,,,,,,,,,,,,,,,,,,,,,,,,,,,,,,,2,,,,,,1,,,,2,,,
House-2FurnaceAC-UniformPLR.idf,,,,,,,,,,,,,,,,,5,,,,,,,,,3,,,,,,,,,,,2,,,,,,,,,3,,,,,,,,,,,,,,,,2,,,,,,,,,,2,,,,,2,,6,,,,,,1,,,,,,,,,,,,,,,,,1,,,,,2,,,,,1,,,,,,2,,,,,,,,,,,,,,,,,,,,,,1,,,,,,,,,,,,,,,,,,,,,,,,,,,,,,,,,,,,,,,,,,,,,,,,,,,,,,,,,,,,,,,,,,,,,,,,,,,,,,,,,,,,,,,,,,,,,,,,,,,,2,2,,,,,,,,,,,,,,,,,,,,,,,,,23,,,,,,,,,,,,,,,,,,,,,4,,,,,,,,,,,,,,,,,,12,,,,,,,,,,,1,,,,,,,,,,,,,,2,,,12,,,,,,,,,,,,,,,,,,,,,,,,,,,,,,,,,,,,,,,,,,,,,,,,2,,,,,,,,,,,,,,,,,,,,,,,,,,,,,,,,,,,,,,,,,,,,,,1,,,,,,,,,,,,,,,,,,1,,,,,,,,,,,,2,,,,,,,,2,,,,,,,,,,,2,,,,,1,,,,,,,,,,,,1,,,,1,,,,,,,2,,,,,,,,,,,,,,,,,,,,,,,,,,1,,,1,,,,,,,,,2,,,,,,,,,,4,,,,2,,,,1,,,,,,,,,,,,,,,,,,,,,,,,2,,,,,,,,,,,,,,,,,,,,,,,,,,,,,,2,,1,,,,,,,,,,,,,,,,,,,,,1,,,,,,,,,,,,,,,,,,,,,,,25,,,,,,,,,,,,,,,,,,,,,,,,,,,,,,,1,,,,,,,,,,,,,1,,,,,,,,,,,,,,1,,1,,,,,,,,,,,1,,,,,,,,,,,,,,,,,,,,,,,,,,,,,,,,1,,,,2,,,,,,,,,,,,,,,,,1,8,,,,,,,,,,,,,,,,,,,,,,,,,,,,,,,,,,,,,2,,,,,,1,,,,2,,,
HPAirToAir_wSolarCollectorHWCoil.idf,,,,,,,,,,,,,,,,,6,,,,,,,,,3,,,,,,,,,,,,,,,,,,,,3,,,,,,1,,,,,,,,,,17,,,,,,,,,,,,,,,,,5,,,,,,1,,,,,1,,,,,,,,,,,,3,,,,,1,,,,,1,,,,,,2,,,,,,,,,,,,,,,,,,,,,,,,,,,,,,,,,,8,,,,,,,,,,,,,,,,,,,,,,,,,,,1,,,,,,,,,,,,,,,,,,,,,,,,,,,,,,,,,,,,,,1,,,,,,,,,,,,,,,,,,,,,,,1,,,,,,,,,,,,,,,,,,,,,,,,,2,61,,1,,,,,,,,,,,,,,,,,,,2,,,,,,,,,,,,,,,,,,5,,,,,,,,,,,1,,,,,,,,,,,,,,,,,21,,,,,,,,,,,,,,,,,,,,,,,,,9,,,,,,,,,,,,,,,,,,,,,,,6,,,,,,4,,,,,,,,,,,,,,,,,,,,,,,,,,,,,,,,1,,,,,,,,3,,,,,1,,,,,,,,,,,,,1,,,,,,,,,1,,,3,,,,,,,1,3,,,,,,,1,,,,1,,,,,2,1,,,,,,,,,,,3,,,,2,,,,,,,1,,,,,1,,,,,,,,,,,,,,,,,,,,,1,,,1,,,,,,,,,2,,,2,,,,,,,1,,,,2,,,,1,,,,,,,,,,,,,,,,,,,,,,,,,,,,,,,,,,,,,,,,,1,,,,,,,,,,,,,5,,,,,,,,,,,,,,4,,,,,,,,,1,,,,,,,,,,,,,,,,,,,,,,,26,,,,,1,,,,1,,,,,,1,1,,,,,,,,,,4,,,,,1,,,,,,,,,,,,,3,,,,,,,,,,1,,,,1,,1,,,,,2,,,,,,1,,,,,1,2,,,,,,,,,,,,1,,,,,,,,,,,,,,1,4,,,1,,,,,,,,,,,,,,,,,1,9,,,1,,,,,,,,,,,,,,,,,,,,,,,,,,,,,,,,,,1,,,,,,1,,,,1,,,
HP_wICSSolarCollector.idf,,,,,,,2,,,,,,,,,,6,,,,,,,,,4,,,,,,,,,,,1,,,,,,,,,2,,,,,,1,,,,,,,,,,15,,,,,,,,,,,,,,,1,,5,,,,,,1,,,,,1,,,,,,,,,,,,3,,,,,1,1,,,,1,,,1,,,2,,,,,,,,,,,,,,,,,,,,,,,,,,,,,,,,,,8,,2,,1,,,,,,,,,,,,,,,,,,,,,,,2,,,,,,,,,,,,,,,,,,,,,,,,,,,,,,,,,,,,,,1,,,,,,,,,,,,,,,,,,,,,,,1,,,,,,,,,,,,,,,,,,,,,,,,,2,79,,1,,,,,,,,,,,,,,,,,,,2,,,,,,,,,,,,,,,,,,7,,,,,,,,,,,1,,,,,,,,,,,,,,,,,27,,,,,,,,,,,,,,,,,,,,,,,,,6,,,,,,,,,,,,,,,,,,,,,,,6,,,,,,4,,,,,,,,,,,,,,,,,,2,,,,,,,,,,,,,,1,,,,,,,,3,,1,,,1,,,,,1,,,,,,,,1,,,,,,,,,,,,3,,,,,,,1,3,,,,,,,1,,,,1,4,,,,2,,,,,,,,,,,,3,,,,2,,,,,,,1,,,,,2,,,,,,,,,,,,,,,,,,,,,1,,,1,,,,,,,,,3,1,,2,,,,,,,1,,,,2,,,,1,,,,,,,,,,,,,,,,,,,,,,,,,,,,,,,,,,,,,,,,,1,,,,,,,,,,,,1,5,,,,,,,,,,,,,,4,,1,,,,,,,1,,,,,,,,,,,,,,,,,,,,,,,37,,,,,1,,,,1,,,,,,,2,,,,,,,,,,4,,,,,1,,,1,,,,,,,,,,3,,,,,,,,,,1,,,,1,,1,,,,,,,,,,,1,,,,,2,2,,,,,,,,,,,,1,,,,,,,,,,,,,,1,4,,,1,,,,,,,,,,,,,,,,,1,10,,,1,,,,,,,2,,,,,,,,,,,,,,,,,,,,,,,,,,,1,,,,,,1,,,,1,,,
HVACStandAloneERV_Economizer.idf,,,,,,,,,,,,,,,,,6,,,,,,,,,3,,,,,,,,,,,,,,,,,,,,2,,1,,,,,,,,,,,,,,10,,,,,,,,,,,,,,,,,3,,,,,,1,,,,2,,,,,,,,,,,,,3,2,,,,1,,,,,1,,,,,,2,,,,,,,,,3,,,,,,,,,,,,,3,,,,,,,,,,,,10,,,,,,,,,,,,,,,,,,,,,,,,,,,,,,,,,,,,,,,,,,,,,,,,,,,,,,,,,,,,,,,,,,,,,,,,,,,,,,,,,,,,,,,,,,,,,,,,,,,,,,1,,,,,,,,,,,1,66,,1,,,,,,,,,,,,,,,,,,,2,,,,,,,,,,,,,,,,,,5,,,,,,,,,,,1,,,,,,,,,,,,,,,,,19,,,,,,,,,,,,,,,,,,,,,,,,,5,,,,,3,,,,,,,,,,,,,,,,,,9,,,,,,2,,3,,,,,,,,,,,,,,,,,,,,,,,,,,,,,,,,,,,,,,3,,,,,,,,,,,,,,,,,,1,,,,,,,,,,,,,,,,,,,,,,,,,,,,,,,,,,,,2,,,,1,,,,,,,,3,,,,1,,,,,,,,,,,,1,,,,,,,,,,,,,,,,,,,,,1,,,1,,,,,,,,,,,,1,,,6,,,3,1,,,,,,,2,1,,,,,,,,,,,,,,,,,,,,,,,,,,,,,,,,,,,,,,,,,,,,,,,,,,,,,,2,,,,,,,,,,,,,,2,,,1,,,,,,1,,,,,,,,,,,,,,,,,,,,,,,20,,,,,1,,,,3,,,,,,,1,,,,,,,,,,2,,,,,,,,,,,,,,,,,,3,,,,,,,,,,,,,,1,,3,,,,,,,,,,,1,,,,,1,2,,,,,,,,,,,,,,,,,,,,,,,,,,1,1,,,3,,,,,,,,1,,,,,,,,,1,9,,,,,,,,,,,,,3,,,,,,,,,,,,,,,,,,,,,,,,,,,,,,1,,,,,,,
HVACTemplate-5ZoneBaseboardHeat.idf,,,,,,,,,,,,,,,,,6,,,,,,,,,6,,,,,,,,,,,2,,,,,,,,,2,,,,,,,,,,,,,,,,,,,,,,,,,,,,,,5,,,,,,,,,1,,,,,,,,,,,,,,,,,,,,,,,2,,,,4,,,,,,2,,,,,,1,,,,,,,,,,,,,,,,,,,,,,,,,,,,12,,,,,,,,,,,,,,,,,,,,,,,,,,,,,,,,,,,,,,,,,,,,,,,,,,,,,,,,,,,,,,,,,,,,,,,,,,,,,2,,,,,,,,,,,,,,,,,5,,,,,,,,,,,,,,,,,,,,13,,,,,,,,,,,,,,,,,,,,,,,,,,,,,,,,,,,,,,,7,,,,,,,,,,,1,,,,,,,,,,,,,1,,,,9,,,,,,,,,,,,,,,,,,,,,,,,,,,,,,,,,,,,,,,,5,,,,,,,,,,,,,,,,,,,,,,,,,,,,,,,,,,,,,,,,,,,,,,,,,,,,,,5,,,,,1,1,,,,,,,,,,,,1,,,,,,,,,,,,,,,,,,,,,,,,,,,,,,,,,,,,5,,,1,,,,,,,,,5,,,,1,,,,,,,,1,,,,,,,,,,,,,,,,,,,,,,,,,1,,,1,,,,,,,,,,,,,,,,,,,6,,,,,,,,1,,,,,,,,,,,,,,,,,,,,,,,,,,,,,,,,,,,,,,,,,,,,,,,,,,,,,,,,3,,,,,,,,,,,,,,,,,,,,,1,,,,,,,,,,,,,,,,,,,,,,,40,,,,,,,,,,,,,,,,,,,,,,,,,,,,,,,,,,,,,,,,,,,,,,,,,,,,,,,,,,1,,,,,,,,,,,,,1,,,,,,,,,,,,,,,,,,,,,,,,,,,,,,,,1,,,,,,,,,,,,,,,,,,,,,1,10,,,,,,,,,,,,,,,,,,,,,,,,,,,,,,,,,,,,,,,,,,,1,,,,,,,
HVACTemplate-5ZoneConstantVolumeChillerBoiler.idf,,,,,,,,,,,,,,,,,6,,,,,,,,,6,,,,,,,,,,,2,,,,,,,,,2,,,,,,,,,,,,,,,,,,,,,,,,,,,,,,5,,,,,,,,,1,,,,,,,,,,,,,,,1,,,,,,,,2,,,,4,,,,,,2,,,,,,1,,,,,,,,,,,,,,,,,,,,,,,,,,,,14,,,,,,,,,,,,,,,,,,,,,,,,,,,,,,,,,,,,,,,,,,,,,,,,,,,,,,,,,,,,,,,,,,,,,,,,,,,,,2,,,,,,,,,,,,,,,,,,,,,,,,,,,,,,,,,,,,,35,,,,,,,,,,,,,,,,,,,,,,,,,,,,,,,,,,,,,,,7,,,,,,,,,,,1,,,,,,,,,,,,,1,,,,9,,,,,,,,,,,,,,,,,,,,,,,,,,,,,,,,,,,,,,,,,,,,,,,,,,,,,,,,,,,5,,,,,,,,,,,,,,,,,,,,,,,,,,,,,,,,,,,5,,,,,1,1,,,,,,,,,,,,1,,,,,,,,,,,,,,,,,,,,,,,,,,,,,,,,,,,,5,,,1,,,,,,,,,5,,,,1,,,,,,,,1,,,,,,,,,,,,,,,,,,,,,,,,,1,,,1,,,,,,,,,,,,,,,,,,,6,,,,,,,,1,,,,,,,,,,,,,,,,,,,,,,,,,1,,,,,,,,,,,,,,,,,,,,,,,,,,,,,,,3,2,,,,,,,,,,,,,,,,,,,,1,,,,,,,,,,,,,,,,,,,,,,,40,,,,,,,,,,,,,,,,,,,,,,,,,,,,,,,,,,,,,,,,,1,,,,,,,,,,,,,,,,,1,,,,,,,,,,,,,1,,,,,,,,,,,,,,,,,,,,,,,,,,,,,,,,1,,,,,,,,,,,,,,,,,,,,,1,10,,,,,,,,,,,,,,,,,,,,,,,,,,,,,,,,,,,,,,,,,,,1,,,,,,,
HVACTemplate-5ZoneDualDuct.idf,,,,,,,,,,,,,,,,,6,,,,,,,,,6,,,,,,,,,,,2,,,,,,,,,2,,,,,,,,,,,,,,,,,,,,,,,,,,,,,,5,,,,,,,,,1,,,,,,,,,,,,,,,1,,,,,,,,2,,,,4,,,,,,2,,,,,,1,,,,,,,,,,,,,,,,,,,,,,,,,,,,14,,,,,,,,,,,,,,,,,,,,,,,5,,,,,,,,,,,,,,,,,,,,,,,,,,,,,,,,,,,,,,,,,,,,,,,,,,,,,,2,,,,,,,,,,,,,,,,,,,,,,,,,,,,,,,,,,,,,36,,,,,,,,,,,,,,,,,,,,,,,,,,,,,,,,,,,,,,,7,,,,,,,,,,,1,,,,,,,,,,,,,1,,,,9,,,,,,,,,,,,,,,,,,,,,,,,,,,,,,,,,,,,,,,,,,,,,,,,,,,,,,,,,,,,,,,,,,,,,,,,,,,,,,,,,,,,,,,,,,,,,,5,,,,,1,1,,,,,,,,,,,,1,,,,,,,,,,,,,,,,,,,,,,,,,,,,,,,,,,,,5,,,1,,,,,,,,,5,,,,1,,,,,,,,1,,,,,,,,,,,,,,,,,,,,,,,,,1,,,1,,,,,,,,,,,,,,,,,,,6,,,,,,,,1,,,,,,,,,,,,,,,,,,,,,,,,,1,,,,,,,,,,,,,,,,,,,,,,,,,,,,,,,3,,,,,,,,,,,,,,,,,,,,,1,,,,,,,,,,,,,,,,,,,,,,,40,,,,,,,,,,,,,,,,,,,,,,,,,,,,,,,,,,,,,,,,,1,,,,,,,,,,,,,,,,,1,,,,,,,,,,,,,1,,,,,,,,,,,,,,,,,,,,,,,,,,,,,,,,1,,,,,,,,,,,,,,,,,,,,,1,10,,,,,,,,,,,,,,,,,,,,,,,,,,,,,,,,1,,,,,,,,,,,1,,,,,,,
HVACTemplate-5ZoneFanCoil-DOAS.idf,,,,,,,,,,,,,,,,,6,,,,,,,,,6,,,,,,,,,,,2,,,,,,,,,2,,,,,,,,,,,,,,,,,,,,,,,,,,,,,,5,,,,,,,,,1,,,,,,,,,,,,,,,1,,,,,,,,2,,,,4,,,,,,2,,,,,,1,,,,,,,,,,,,,,,,,,,,,,,,,,,,14,,,,,,,,,,,,,,,,,,,,,,,,,,,,,,,,,,,,,,,,,,,,,,,,1,,,,,,,,,,,,,,,,,,,,,,,,,,,,,2,,,,,,,,,,,,,,,,,,,,,,,,,,,,,,,,,,,,,45,,,,,,,,,,,,,,,,,,,,,,,,,,,,,,,,,,,,,,,7,,,,,,,,,1,,1,,,,,,,,,,,,,1,,,,9,,,,,,,,,,,,,,,,,,,,,,,,,,,,,,,,,,,,,,,,,,,,,,,,,,,,,,,,,,,,,,,,,,,,,,,,,,,,,,,,,,,,,,,,,,,,,,5,,,,,1,1,,,,,,,,,,,,1,,,,,,,,,,,,,,,,,,,,,,,,,,,,,,,,,,,,5,,,1,,,,,,,,,5,,,,1,,,,,,,,1,,,,,,,,,,,,,,,,,,,,,,,,,1,,,1,,,,,,,,,,,,,,,,,,,6,,,,,,,,1,,,,,,,,,,,,,,,,,,,,,,,,,1,,,,,,,,,,,,,,,,,,,,,,,,,,,,,,,3,,,,,,,,,,,,,,,,,,,,,1,,,,,,,,,,,,,,,,,,,,,,,40,,,,,,,,,,,,,,,,,,,,,,,,,,,,,,,,,,,,,,,,,1,,,,,,,,,,,,,,,,,1,,,,,,,,,,,,,1,,,,,,,,,,,,,,,,,,,,,,,,,,,,,,,,1,,,,,,,,,,,,,,,5,,,,,,1,10,,,,,,,,,,,,,,,,,,,,,,,,,,,,,,,,,,,,,,,,,,,1,,,,,,,
HVACTemplate-5ZoneFanCoil.idf,,,,,,,,,,,,,,,,,6,,,,,,,,,6,,,,,,,,,,,2,,,,,,,,,2,,,,,,,,,,,,,,,,,,,,,,,,,,,,,,5,,,,,,,,,1,,,,,,,,,,,,,,,1,,,,,,,,2,,,,4,,,,,,2,,,,,,1,,,,,,,,,,,,,,,,,,,,,,,,,,,,14,,,,,,,,,,,,,,,,,,,,,,,,,,,,,,,,,,,,,,,,,,,,,,,,,,,,,,,,,,,,,,,,,,,,,,,,,,,,,2,,,,,,,,,,,,,,,,,,,,,,,,,,,,,,,,,,,,,24,,,,,,,,,,,,,,,,,,,,,,,,,,,,,,,,,,,,,,,7,,,,,,,,,,,1,,,,,,,,,,,,,1,,,,9,,,,,,,,,,,,,,,,,,,,,,,,,,,,,,,,,,,,,,,,,,,,,,,,,,,,,,,,,,,,,,,,,,,,,,,,,,,,,,,,,,,,,,,,,,,,,,5,,,,,1,1,,,,,,,,,,,,1,,,,,,,,,,,,,,,,,,,,,,,,,,,,,,,,,,,,5,,,1,,,,,,,,,5,,,,1,,,,,,,,1,,,,,,,,,,,,,,,,,,,,,,,,,1,,,1,,,,,,,,,,,,,,,,,,,6,,,,,,,,1,,,,,,,,,,,,,,,,,,,,,,,,,1,,,,,,,,,,,,,,,,,,,,,,,,,,,,,,,3,,,,,,,,,,,,,,,,,,,,,1,,,,,,,,,,,,,,,,,,,,,,,40,,,,,,,,,,,,,,,,,,,,,,,,,,,,,,,,,,,,,,,,,1,,,,,,,,,,,,,,,,,1,,,,,,,,,,,,,1,,,,,,,,,,,,,,,,,,,,,,,,,,,,,,,,1,,,,,,,,,,,,,,,5,,,,,,1,10,,,,,,,,,,,,,,,,,,,,,,,,,,,,,,,,,,,,,,,,,,,1,,,,,,,
HVACTemplate-5ZoneFurnaceDX.idf,,,,,,,,,,,,,,,,,6,,,,,,,,,6,,,,,,,,,,,2,,,,,,,,,2,,,,,,,,,,,,,,,,,,,,,,,,,,,,,,5,,,,,,,,,1,,,,,,,,,,,,,,,,,,,,,,,2,,,,3,,,,,,2,,,,,,1,,,,,,,,,,,,,,,,,,,,,,,,,,,,12,,,,,,,,,,,,,,,,,,,,,,,,,,,,,,,,,,,,,,,,,,,,,,,,,,,,,,,,,,,,,,,,,,,,,,,,,,,,,2,,,,,,,,,,,,,,,,,,,,,,,,,,,,,,,,,,,,,15,,,,,,,,,,,,,,,,,,,,1,,,,,,,,,,,,,,,,,,,7,,,,,,,,,,,1,,,,,,,,,,,,,1,,,,10,,,,,,,,,,,,,,,,,,,,,,,,,,,,,,,,,,,,,,,,,,,,,,,,,,,,,,,,,,,,,,,,,,,,,,,,,,,,,,,,,,,,,,,,,,,,,,5,,,,,1,,,,,,,,,,,,,1,,,,,,,,,,,,,,,,,,,,,,,,,,,,,,,,,,,,5,,,1,,,,,,,,,5,,,,1,,,,,,,,,,,,,,,,,,,,,,,,,,,,,,,,,1,,,1,,,,,,,,,,,,,,,,,,,6,,,,,,,,1,,,,,,,,,,,,,,,,,,,,,,5,,,,,,,,,,,,,,,,,,,,,,,,,,,,,,,,,,2,,,,,,,,,,,,,,,,,,,,,1,,,,,,,,,5,,,,,,,,,,,,,,40,,,,,,,,,,,,,,,,,,,,,,,,,,,,,,,,,,,,,,,,,,,,,,,,,,,,,,,,,,1,,,,,,,,,,,,,1,,,,,,,,,,,,,,,,,,,,,,,,,,,,,,,,1,,,,,,,,,,,,,,,,,,,,,1,10,,,,,,,,,,,,,,,,,,,,,,,,,,,,,,,,,,,,,,,,,,,1,,,,,,,
HVACTemplate-5ZonePackagedVAV.idf,,,,,,,,,,,,,,,,,6,,,,,,,,,6,,,,,,,,,,,2,,,,,,,,,2,,,,,,,,,,,,,,,,,,,,,,,,,,,,,,5,,,,,,,,,1,,,,,,,,,,,,,,,,,,,,,,,2,,,,4,,,,,,2,,,,,,1,,,,,,,,,,,,,,,,,,,,,,,,,,,,10,,,,,,,,,,,,,,,,,,,,,,,,,,,,,,,,,,,,,,,,,,,,,,,,,,,,,,,,,,,,,,,,,,,,,,,,,,,,,2,,,,,,,,,,,,,,,,,,,,,,,,,,,,,,,,,,,,,13,,,,,,,,,,,,,,,,,,,,,,,,,,,,,,,,,,,,,,,7,,,,,,,,,,,1,,,,,,,,,,,,,1,,,,10,,,,,,,,,,,,,,,,,,,,,,,,,,,,,,,,,,,,,,,,,,,,,,,,,,,,,,,,,,,,,,,,,,,,,,,,,,,,,,,,,,,,,,,,,,,,,,5,,,,,1,,,,,,,,,,,,,1,,,,,,,,,,,,,,,,,,,,,,,,,,,,,,,,,,,,5,,,1,,,,,,,,,5,,,,1,,,,,,,,,,,,,,,,,,,,,,,,,,,,,,,,,1,,,1,,1,,,,,,,,,,,,,,,,,6,,,,,,,,1,,,,,,,,,,,,,,,,,,,,,,,,,,,,,,,,,,,,,,,,,,,,,,,,,,,,,,,,3,,,,,,,,,,,,,,,,,,,,,1,,,,,,,,,,,,,,,,,,,,,,,40,,,,,,,,,,,,,,,,,,,,,,,,,,,,,,,,,,,,,,,,,,,,,,,,,,,,,,,,,,1,,,,,,,,,,,,,1,,,,,,,,4,,,,,,,,,,,,,,,,,,,,,,,,1,,,,,,,,,,,,,,,,,,,,,1,10,,,,,,,,,,,2,,,,,,,,,,,,,,,,,,,,,,,,,,,,,,,,1,,,,,,,
HVACTemplate-5ZonePTAC-DOAS-TwoHX.idf,,,,,,,,,,,,,,,,,6,,,,,,,,,6,,,,,,,,,,,2,,,,,,,,,2,,,,,,,,,,,,,,,,,,,,,,,,,,,,,,5,,,,,,,,,1,,,,,,,,,,,,,,,,,,,,,,,2,,,,4,,,,,,2,,,,,,1,,,,,,,,,,,,,,,,,,,,,,,,,,,,10,,,,,,,,,,,,,,,,,,,,,,,,,,,,,,,,,,,,,,,,,,,,,,,,,,,,,,,,,,,,,,,,,,,,,,,,,,,,,2,,,,,,,,,,,,,,,,,,,,,,,,,,,,,,,,,,,,,27,,,,,,,,,,,,,,,,,,,,,,,,,,,,,,,,,,,,,,,7,,,,,,,,,1,,1,,,,,,,,,,,,,1,,,,8,,,,,,,,,,,,,,,,,,,,,,,,,,,,,,,,,,,,,,,,,,,,,,,,,,,,,,,,,,,,,,,,,,,,,,,,,,,,,,,,,,,,,,,,,,,,,,5,,,,,1,,,,,,,,,,,,,1,,,,,,,,,,,,,,,,,,,,,,,,,,,,,,,,,,,,5,,,1,,,,,,,,,5,,,,1,,,,,,,,,,,,,,,,,,,,,,,,,,,,,,,,,1,,,1,,,,,,,,,,,,,,,,,,,6,,,,,,,,1,,,,,,,,,,,,,,,,,,,,,,,,,,,,,,,,,,,,,,,,,,,,,,,,,,,,,,,,3,,,,,,,,,,,,,,,,,,,,,1,,,,,,,,,,,,,,,,,,,,,,,40,,,,,,,,,,,,,,,,,,,,,,,,,,,,,,,,,,,,,,,,,,,,,,,,,,,,,,,,,,1,,,,,,,,,,5,,,1,,,,,,,,,,,,,,,,,,,,,,,,,,,,,,,,1,,,,,,,,,,,,,,,,,,,,,1,10,,,,,,,,,,,,,,,,,,,,,,,,,,,,,,,,,,,,,,,,,,,1,,,,,,,
HVACTemplate-5ZonePTAC-DOAS.idf,,,,,,,,,,,,,,,,,6,,,,,,,,,6,,,,,,,,,,,2,,,,,,,,,2,,,,,,,,,,,,,,,,,,,,,,,,,,,,,,5,,,,,,,,,1,,,,,,,,,,,,,,,,,,,,,,,2,,,,4,,,,,,2,,,,,,1,,,,,,,,,,,,,,,,,,,,,,,,,,,,10,,,,,,,,,,,,,,,,,,,,,,,,,,,,,,,,,,,,,,,,,,,,,,,,,,,,,,,,,,,,,,,,,,,,,,,,,,,,,2,,,,,,,,,,,,,,,,,,,,,,,,,,,,,,,,,,,,,27,,,,,,,,,,,,,,,,,,,,,,,,,,,,,,,,,,,,,,,7,,,,,,,,,1,,1,,,,,,,,,,,,,1,,,,8,,,,,,,,,,,,,,,,,,,,,,,,,,,,,,,,,,,,,,,,,,,,,,,,,,,,,,,,,,,,,,,,,,,,,,,,,,,,,,,,,,,,,,,,,,,,,,5,,,,,1,,,,,,,,,,,,,1,,,,,,,,,,,,,,,,,,,,,,,,,,,,,,,,,,,,5,,,1,,,,,,,,,5,,,,1,,,,,,,,,,,,,,,,,,,,,,,,,,,,,,,,,1,,,1,,,,,,,,,,,,,,,,,,,6,,,,,,,,1,,,,,,,,,,,,,,,,,,,,,,,,,,,,,,,,,,,,,,,,,,,,,,,,,,,,,,,,3,,,,,,,,,,,,,,,,,,,,,1,,,,,,,,,,,,,,,,,,,,,,,40,,,,,,,,,,,,,,,,,,,,,,,,,,,,,,,,,,,,,,,,,,,,,,,,,,,,,,,,,,1,,,,,,,,,,5,,,1,,,,,,,,,,,,,,,,,,,,,,,,,,,,,,,,1,,,,,,,,,,,,,,,,,,,,,1,10,,,,,,,,,,,,,,,,,,,,,,,,,,,,,,,,,,,,,,,,,,,1,,,,,,,
HVACTemplate-5ZonePTAC.idf,,,,,,,,,,,,,,,,,6,,,,,,,,,6,,,,,,,,,,,2,,,,,,,,,2,,,,,,,,,,,,,,,,,,,,,,,,,,,,,,5,,,,,,,,,1,,,,,,,,,,,,,,,,,,,,,,,2,,,,4,,,,,,2,,,,,,1,,,,,,,,,,,,,,,,,,,,,,,,,,,,14,,,,,,,,,,,,,,,,,,,,,,,,,,,,,,,,,,,,,,,,,,,,,,,,,,,,,,,,,,,,,,,,,,,,,,,,,,,,,2,,,,,,,,,,,,,,,,,,,,,,,,,,,,,,,,,,,,,30,,,,,,,,,,,,,,,,,,,,1,,,,,,,,,,,,,,,,,,,7,,,,,,,,,,,1,,,,,,,,,,,,,1,,,,8,,,,,,,,,,,,,,,,,,,,,,,,,,,,,,,,,,,,,,,,,,,,,,,,,,,,,,,,,,,,,,,,,,,,,,,,,,,,,,,,,,,,,,,,,,,,,,5,,,,,1,1,,,,,,,,,,,,1,,,,,,,,,,,,,,,,,,,,,,,,,,,,,,,,,,,,5,,,1,,,,,,,,,5,,,,1,,,,,,,,1,,,,,,,,,,,,,,,,,,,,,,,,,1,,,1,,,,,,,,,,,,,,,,,,,6,,,,,,,,1,,,,,,,,,,,,,,,,,,,,,,,,,,,,,,,,,,,,,,,,,,,,,,,,,,,,,,,,3,,,,,,,,,,,,,,,,,,,,,1,,,,,,,,,,,,,,,,,,,,,,,40,,,,,,,,,,,,,,,,,,,,,,,,,,,,,,,,,,,,,,,,,,,,,,,,,,,,,,,,,,1,,,,,,,,,,5,,,1,,,,,,,,,,,,,,,,,,,,,,,,,,,,,,,,1,,,,,,,,,,,,,,,,,,,,,1,10,,,,,,,,,,,,,,,,,,,,,,,,,,,,,,,,,,,,,,,,,,,1,,,,,,,
HVACTemplate-5ZonePTHP.idf,,,,,,,,,,,,,,,,,6,,,,,,,,,6,,,,,,,,,,,2,,,,,,,,,2,,,,,,,,,,,,,,,,,,,,,,,,,,,,,,5,,,,,,,,,1,,,,,,,,,,,,,,,,,,,,,,,2,,,,4,,,,,,2,,,,,,1,,,,,,,,,,,,,,,,,,,,,,,,,,,,10,,,,,,,,,,,,,,,,,,,,,,,,,,,,,,,,,,,,,,,,,,,,,,,,,,,,,,,,,,,,,,,,,,,,,,,,,,,,,2,,,,,,,,,,,,,,,,,,,,,,,,,,,,,,,,,,,,,27,,,,,,,,,,,,,,,,,,,,1,,,,,,,,,,,,,,,,,,,7,,,,,,,,,,,1,,,,,,,,,,,,,1,,,,8,,,,,,,,,,,,,,,,,,,,,,,,,,,,,,,,,,,,,,,,,,,,,,,,,,,,,,,,,,,,,,,,,,,,,,,,,,,,,,,,,,,,,,,,,,,,,,5,,,,,1,,,,,,,,,,,,,1,,,,,,,,,,,,,,,,,,,,,,,,,,,,,,,,,,,,5,,,1,,,,,,,,,5,,,,1,,,,,,,,,,,,,,,,,,,,,,,,,,,,,,,,,1,,,1,,,,,,,,,,,,,,,,,,,6,,,,,,,,1,,,,,,,,,,,,,,,,,,,,,,,,,,,,,,,,,,,,,,,,,,,,,,,,,,,,,,,,3,,,,,,,,,,,,,,,,,,,,,1,,,,,,,,,,,,,,,,,,,,,,,40,,,,,,,,,,,,,,,,,,,,,,,,,,,,,,,,,,,,,,,,,,,,,,,,,,,,,,,,,,1,,,,,,,,,,,,,1,,,,,,,,,,,,,,,,,,,,,,,,,,,,,,,,1,,,,,,,,,,,,,,,,,,,,,1,10,,,,,,,,,,,,,,,,,,,,,,,,,,,,,,,,,,,,,,,,,,5,1,,,,,,,
HVACTemplate-5ZonePurchAir.idf,,,,,,,,,,,,,,,,,6,,,,,,,,,6,,,,,,,,,,,2,,,,,,,,,2,,,,,,,,,,,,,,,,,,,,,,,,,,,,,,5,,,,,,,,,1,,,,,,,,,,,,,,,,,,,,,,,2,,,,4,,,,,,2,,,,,,1,,,,,,,,,,,,,,,,,,,,,,,,,,,,10,,,,,,,,,,,,,,,,,,,,,,,,,,,,,,,,,,,,,,,,,,,,,,,,,,,,,,,,,,,,,,,,,,,,,,,,,,,,,2,,,,,,,,,,,,,,,,,,,5,,,,,,,,,,,,,,,,,,22,,,,,,,,,,,,,,,,,,,,,,,,,,,,,,,,,,,,,,,7,,,,,,,,,,,1,,,,,,,,,,,,,1,,,,9,,,,,,,,,,,,,,,,,,,,,,,,,,,,,,,,,,,,,,,,,,,,,,,,,,,,,,,,,,,,,,,,,,,,,,,,,,,,,,,,,,,,,,,,,,,,,,5,,,,,1,,,,,,,,,,,,,1,,,,,,,,,,,,,,,,,,,,,,,,,,,,,,,,,,,,5,,,1,,,,,,,,,5,,,,1,,,,,,,,,,,,,,,,,,,,,,,,,,,,,,,,,1,,,1,,,,,,,,,,,,,,,,,,1,6,,,,,,,,1,,,,,,,,,,,,,,,,,,,,,,,,,,,,,,,,,,,,,,,,,,,,,,,,,,,,,,,,3,,,,,,,,,,,,,,,,,,,,,1,,,,,,,,,,,,,,,,,,,,,,,40,,,,,,,,,,,,,,,,,,,,,,,,,,,,,,,,,,,,,,,,,,,,,,,,,,,,,,,,,,1,,,,,,,,,,,,,1,,,,,,,,,,,,,,,,,,,,,,,,,,,,,,,,1,,,,,,,,,,,,,,,,,,,,,1,10,,,,,,,,,,,,,,,,,,,,,,,,,,,,,,,,,,,,,,,,,,,1,,,,,,,
HVACTemplate-5ZoneUnitaryHeatPump.idf,,,,,,,,,,,,,,,,,6,,,,,,,,,6,,,,,,,,,,,2,,,,,,,,,2,,,,,,,,,,,,,,,,,,,,,,,,,,,,,,5,,,,,,,,,1,,,,,,,,,,,,,,,,,,,,,,,2,,,,4,,,,,,2,,,,,,1,,,,,,,,,,,,,,,,,,,,,,,,,,,,8,,,,,,,,,,,,,,,,,,,,,,,,,,,,,,,,,,,,,,,,,,,,,,,,,,,,,,,,,,,,,,,,,,,,,,,,,,,,,2,,,,,,,,,,,,,,,,,,,,,,,,,,,,,,,,,,,,,14,,,,,,,,,,,,,,,,,,,,,,,,,,,,,,,,,,,,,,,7,,,,,,,,,,,1,,,,,,,,,,,,,1,,,,10,,,,,,,,,,,,,,,,,,,,,,,,,,,,,,,,,,,,,,,,,,,,,,,,,,,,,,,,,,,,,,,,,,,,,,,,,,,,,,,,,,,,,,,,,,,,,,5,,,,,1,,,,,,,,,,,,,1,,,,,,,,,,,,,,,,,,,,,,,,,,,,,,,,,,,,5,,,1,,,,,,,,,5,,,,1,,,,,,,,,,,,,,,,,,,,,,,,,,,,,,,,,1,,,1,,,,,,,,,,,,,,,,,,,6,,,,,,,,1,,,,,,,,,,,,,,,,,,,,,,5,,,,,,,,,,,,,,,,,,,,,,,,,,,,,,,,,,3,,,,,,,,,,,,,,,,,,,,,1,5,,,,,,,,,,,,,,,,,,,,,,40,,,,,,,,,,,,,,,,,,,,,,,,,,,,,,,,,,,,,,,,,,,,,,,,,,,,,,,,,,1,,,,,,,,,,,,,1,,,,,,,,,,,,,,,,,,,,,,,,,,,,,,,,1,,,,,,,,,,,,,,,,,,,,,1,10,,,,,,,,,,,,,,,,,,,,,,,,,,,,,,,,,,,,,,,,,,,1,,,,,,,
HVACTemplate-5ZoneUnitarySystem.idf,,,,,,,,,,,,,,,,,6,,,,,,,,,6,,,,,,,,,,,2,,,,,,,,,2,,,,,,,,,,,,,,,,,,,,,,,,,,,,,,5,,,,,,,,,1,,,,,,,,,,,,,,,1,,,,,,,,2,,,,4,,,,,,2,,,,,,1,,,,,,,,,,,,,,,,,,,,,,,,,,,,14,,,,,,,,,,,,,,,,,,,,,,,,,,,,,,,,,,,,,,,,,,,,,,,,,,,,,,,,,,,,,,,,,,,,,,,,,,,,,2,,,,,,,,,,,,,,,,,,,,,,,,,,,,,,,,,,,,,23,,,,,,,,,,,,,,,,,,,,,,,,,,,,,,,,,,,,,,,7,,,,,,,,,,,1,,,,,,,,,,,,,1,,,,10,,,,,,,,,,,,,,,,,,,,,,,,,,,,,,,,,,,,,,,,,,,,,,,,,,,,,,,,,,,,,,,,,,,,,,,,,,,,,,,,,,,,,,,,,,,,,,5,1,,,,1,1,,,,,,,,,,,,1,,,,,,,,,,,,,,,,,,,,,,,,,,,,,,,,,,,,5,,,1,,,,,,,,,5,,,,1,,,,,,,,2,,,,,,,,,,,,,,,,,,,,,,,,,1,,,1,,,,,,,,,,,,,,,,,,,6,,,,,,,,1,,,,,,,,,,,,,,,,,,,,,,5,,,1,,,,,,,,,,,,,,,,,,,,,,,,,,,,,,,3,,,,,,,,,,,,,,,,,,,,,1,,,,,,,,,,,,,,,,,,,,,,,40,,,,,,,,,,,,,,,,,,,,,,,,,,,,,,,,,,,,,,,,,1,,,,,,,,,,,,,,,,,1,,,,,,,,,,,,,1,,,,,,,,,,,,,,,,,,,,,,,,,,,,,,,,1,,,,,,,,,,,,,,,,,,,,,1,10,,,,,,,,,,,,,,,,,,,,,5,,,,,,,,,,,,,,,,,,,,,,1,,,,,,,
HVACTemplate-5ZoneVAVFanPowered.idf,,,,,,,,,,,,,,,,,6,,,,,,,,,6,,,,,,,,,,,2,,,,,,,,,2,,,,,,,,,,,,,,,,,,,,,,,,,,,,,,5,,,,,,,,,1,,,,,,,,,,,,,,,1,,,,,,4,,2,,,,4,,,,,,2,,,,,,1,,,,,,,,,,,,,,,,,,,,,,,,,,,,14,,,,,1,,,,,,,,,,,,,,,,,,,,,,,,,,,,,,,,,,,,,,,,,,,,,,,,,,,,,,,,,,,,,,,,,,,,,,,,2,,,,,,,,,,,,,,,,,,,,,,,,,,,,,,,,,,,,,26,,,,,,,,,,,,,,,,,,,,,,,,,,,,,,,,,,,,,,,7,,,,,,,,,,,1,,,,,,,,,,,,,1,,,,10,,,,,,,,,,,,,,,,,,,,,,1,,,,,,,,,,,,,,,,,,,,,,,,,,,,,,,,,,,,,,,,,,,,,,,,,,,,,,,,,,,,,,,,,,,,,,,,5,,,,,1,1,,,,,,,,,,,,1,,,,,,,,,,,,,,,,,,,,,,,,,,,,,,,,,,,,5,,,1,,,,,,,,,5,,,,1,,,,,,,,1,,,,,,,,,,,,,,,,,,,,,,,,,1,,,1,,,,,,,,,,,,,,,,,,,6,,,,,,,,1,,,,,,,,,,,,,,,,,,,,,,,,,1,,,,,,,,,,,,,,,,,,,,,,,,,,,,,,,3,,,,,,,,,,,,,,,,,,,,,1,,,,,,,,,,,,,,,,,,,,,,,40,,,,,,,,,,,,,,,,,,,,,,,,,,,,,,,,,,,,,,,,,1,,,,,,,,,,,,,,,,,1,,,,,,,,,,,,,1,,,,,,,,1,,,,,,,,,,,,,,,,,,,,,,,,1,,,,,,,,,,,,,,,,,,,,,1,10,,,,,,,,,,,,,,,,,,,,,,,,,,,,,,,,,,,,,,,,,,,1,,,,,,,
HVACTemplate-5ZoneVAVWaterCooled-ObjectReference.idf,,,,,,,,,,,,,,,,,6,,,,,,,,,6,,,,,,,,,,,2,1,,,,,,,,2,,,,,,,,,,,,,,,,,,,,,,,,,,,,,,5,,,2,,1,,,,1,,,,,,,,,,,,,,,,,,,,,,,2,,,,4,,,,,,2,,,,,,1,,,,,,,,,,,,,,,,,,,,,,,,,,,,14,,,,,1,,,,,,,,,,,,,,,,,,,,,,,,,,,,,,1,,,,,,,,,,,,,,,,,,,,,,,,,,,,,,,,,,,,,,,,,,2,,,,,,,,,,,,,,,,,,,,,,,,,,,,,,,,,,,,,25,,,,,,,,1,,,,,,,,,,,,,2,,,,,,,,,,,,,,,,,,7,,,,,,,,,,,1,,,,,,,,,,,,,1,,,,10,,,,,,,,,,,,,,,,,,,,,,1,,,,,,,,,,,,,,,,,,,,,,,,,,,,,,,,,,,,,,,,,,,,,,,,,,,,,,,,,,,,,,,,,,,,,,,,5,,,,,1,1,,,,,,,,,,,,1,,,,,,,,,,,,,,,,,,,,,,,,,,,,,,,,,,,,5,,,1,,,,,,,,,5,,,,1,,,,,,,,,,,,,,,,,,,,,,,,,,,,,,,,,1,,,1,,,,,,,,,,,,,,,,,,,6,,,,,,,,1,,,,,,,,,,,,,,,,,,,,,,,,1,1,,,,,,,1,,,,,,,,,,,,,,,,,,,1,,,,,3,,,,,,,,,,,,,,,,,,,,,1,,,,,,,,,,,,,,,,,,,,,,,40,,,,,,,,,,,,,,,,,,,,,,,,,,,,,,,,,,,,,,,,,,,,,,,,,,,,,,,,,,1,,,,,,,,,,,,,1,,,,,,,,5,,,,,,,,,,,,,,,,,,,,,,,,1,,,,,,,,,,,,,,,,,,,,,1,10,,,,,,,,,,,,,,,,,,,,,,,,,,,,,,,,,,,,,,,,,,,1,,,,,,,
HVACTemplate-5ZoneVAVWaterCooled.idf,,,,,,,,,,,,,,,,,6,,,,,,,,,6,,,,,,,,,,,2,,,,,,,,,2,,,,,,,,,,,,,,,,,,,,,,,,,,,,,,5,,,,,,,,,1,,,,,,,,,,,,,,,1,,,,,,,,2,,,,4,,,,,,2,,,,,,1,,,,,,,,,,,,,,,,,,,,,,,,,,,,14,,,,,1,,,,,,,,,,,,,,,,,,,,,,,,,,,,,,,,,,,,,,,,,,,,,,,,,,,,,,,,,,,,,,,,,,,,,,,,2,,,,,,,,,,,,,,,,,,,,,,,,,,,,,,,,,,,,,25,,,,,,,,,,,,,,,,,,,,,,,,,,,,,,,,,,,,,,,7,,,,,,,,,,,1,,,,,,,,,,,,,1,,,,10,,,,,,,,,,,,,,,,,,,,,,1,,,,,,,,,,,,,,,,,,,,,,,,,,,,,,,,,,,,,,,,,,,,,,,,,,,,,,,,,,,,,,,,,,,,,,,,5,,,,,1,1,,,,,,,,,,,,1,,,,,,,,,,,,,,,,,,,,,,,,,,,,,,,,,,,,5,,,1,,,,,,,,,5,,,,1,,,,,,,,1,,,,,,,,,,,,,,,,,,,,,,,,,1,,,1,,,,,,,,,,,,,,,,,,,6,,,,,,,,1,,,,,,,,,,,,,,,,,,,,,,,,,1,,,,,,,,,,,,,,,,,,,,,,,,,,,,,,,3,,,,,,,,,,,,,,,,,,,,,1,,,,,,,,,,,,,,,,,,,,,,,40,,,,,,,,,,,,,,,,,,,,,,,,,,,,,,,,,,,,,,,,,1,,,,,,,,,,,,,,,,,1,,,,,,,,,,,,,1,,,,,,,,5,,,,,,,,,,,,,,,,,,,,,,,,1,,,,,,,,,,,,,,,,,,,,,1,10,,,,,,,,,,,,,,,,,,,,,,,,,,,,,,,,,,,,,,,,,,,1,,,,,,,
HVACTemplate-5ZoneVRF.idf,,,,,,,,,,,,,,,,,6,,,,,,,,,6,,,,,,,,,,,2,,,,,,,,,2,,,,,5,,,,,,,,,,,,,,,,,,,,,,,,,5,,,,,,,,,1,,,,,,,,,,,,,,,1,,,,,,,,2,,,,4,,,,,,2,,,,,,1,,,,,,,,,,,,,,,,,,,,,,,,,,,,14,,,,,,,,,,,,,,,,,,,,,,,,,,,,,,,,,,,,,,,,,,,,,,,,,,,,,,,,,,,,,,,,,,,,,,,,,,,,,2,,,,,,,,,,,,,,,,,,,,,,,,,,,,,,,,,,,,,39,,,,,,,,,,,,,,,,,,,,,,,,,,,,,,,,,,,,,,,7,,,,,,,,,,,1,,,,,,,,,,,,,1,,,,9,,,,,,,,,,,,,,,,,,,,,,,,,,,,,,,,,,,,,,,,,,,,,,,,,,,,,,,,,,,,,,,,,,,,,,,,,,,,,,,,,,,,,,,,,,,,,,5,1,,,,1,,,,,,,,,,,,,1,,,,,,,,,,,,,,,,,,,,,,,,,,,,,,,,,,,,5,,,1,,,,,,,,,5,,,,1,,,,,,,,1,,,,,,2,,,,,,,,,,,,,,,,,,,1,,,1,,,,,,,,,,,,,,,,,,,6,,,,,,,,1,,,,,,,,,,,,,,,,,,,,,,,,,,,,,,,,,,,,,,,,,,,,,,,,,,,,,,,,3,,,,,,,,,,,,,,,,,,,,,1,,,,,,,,,,,,,,,,,,,,,,,40,,,,,,,,,,,,,,,,,,,,,,,,,,,,,,,,,,,,,,,,,,,,,,,,,,,,,,,,,,1,,,,,,,,,,,,,1,,,,,,,,,,,,,,,,,,,,,,,,,,,,,,,,1,,,,,,,,,,,,,,,,,,,,,1,10,,,,,,,,,,,,,,,,,,,,,,,,,,,,,,,,,,,,,,,,,,,1,,,,,,,
HVACTemplate-5ZoneWaterToAirHeatPumpTowerBoiler.idf,,,,,,,,,,,,,,,,,6,,,,,,,,,6,,,,,,,,,,,2,,,,,,,,,2,,,,,,,,,,,,,,,,,,,,,,,,,,,,,,5,,,,,,,,,1,,,,,,,,,,,,,,,1,,,,,,,,2,,,,4,,,,,,2,,,,,,1,,,,,,,,,,,,,,,,,,,,,,,,,,,,14,,,,,,,,,,,,,,,,,,,,,,,,,,,,,,,,,,,,,,,,,,,,,,,,,,,,,,,,,,,,,,,,,,,,,,,,,,,,,2,,,,,,,,,,,,,,,,,,,,,,,,,,,,,,,,,,,,,17,,,,,,,,,,,,,,,,,5,,,,,,,,,,,,,,,,,,,,,,7,,,,,,,,,,,1,,,,,,,,,,,,,1,,,,8,,,,,,,,,,,,,,,,,,,,,,,,,,,,,,,,,,,,,,,,,,,,,,,,,,,,,,,,,,,,,,,,,,,,,,,,,,,,,,,,,,,,,,,,,,,,,,5,1,,,,1,,,,,,,,,,,,,1,,,,,,,,,,,,,,,,,,,,,,,,,,,,,,,,,,,,5,,,1,,,,,,,,,5,,,,1,,,,,,,,1,,,,,,,,,,,,,,,,,,,,,,,,,1,,,1,,,,,,,,,,,,,,,,,,,6,,,,,,,,1,,,,,,,,,,,,,,,,,,,,,,,,,,,,,,,,,,,,,,,,,,,,,,,,,,,,,,,,3,,,,,,,,,,,,,,,,,,,,,1,,,,,,,,,,,,,,,,,,,,,,,40,,,,,,,,,,,,,,,,,,,,,,,,,,,,,,,,,,,,,,,,,,,,,,,,,,,,,,,,,,1,,,,,,,,,,,,,1,,,,,,,,,,,,,,,,,,,,,,,,,,,,,,,,1,,,,,,,,,,,,,,,,,,,,,1,10,,,,,,,,,,,,,,,,,,,,,,,,,,,,,,,,,,,,,,,,,,,1,,,,,,,
HybridModel_4Zone_Solve_Infiltration_free_floating.idf,,,,,,,,,,,,,,,,,5,,,,,,,,,4,,,,,,,,,,,,,,,,,,,,1,,,,,,,3,,,,,,,,,,,,,,,,,,,,,,,4,,,,,,,,,1,,,,,,,,,,,,,,,,,4,,,,,,2,,,,1,,,,,,2,,,,,,,,,,,,,,,,,,,,,,,,,,,,,,,,,,,,,,,,,,,,,1,,,,,,,,,,,,,,,,,,,,,,,,,,,,,,,,,,,6,,,,,,,,,,,,,,2,,,,,,,,,,,,,,5,,,,,,,,,,,,,,,,12,,,,,,,,,2,,,,,,,,,4,,,,,,7,,,,,,,,,,,,,,,,,,,1,,,,,,,,,,,,,,,,,,,4,8,,,,,,,,,,,1,,,,,,,,,,,,,,,,,5,,,,,,,,,,,,,,,,,,,,,3,,,,,,,,4,,,,,,,,,,,,,,,,,,,4,,,,,,,,,,,,,,,1,,,,,,,,,,,,,,,,,,,,,,,,,,,,,,,,,,,,,,,,,,,,,,,,,1,,,,,,,,,,,,,,,,,,,,,,,,,,,,,,,,,,,,,,,,,,,,,,,,4,,,1,1,,,,,,,,,,,2,,,,,2,,,,,,,,,,,,,,,,,1,,,1,,,,,,,,,,,,,,,,,,,,,,,,,,,1,,,,,,,,,,,,,,,,,,,,,,,,,,,,,,,,,,,,,,,,,,,,,,,,,,,,,,,,,,,,,,,,,,,,,,,,,,,,,1,,,,,,,,,,,,,,,,,,,,,,,,,,,,,,,,,,,,,,,,,,,,,,2,,,,,2,,,4,,,,,4,,,,,,,,4,,,,,,,,,,,,,,1,,4,,,,,,,,,,,1,,,,,,,,,,,,,,,,,,,,,,,,,,,,,,,,1,,2,,,,1,,,,,,,,,,,,,,,1,13,,,,,,,,,,,,,,,,2,,,,,,,,,,,,,,,,,,,,,,,,,,,1,,,,,,,
HybridModel_4Zone_Solve_PeopleCount_with_HVAC.idf,,,,,,,,,,,,,,,,,6,,,,,,,,,4,,,,,,,,,,,,,,,,,,,,1,,,,,,,3,,,,,,,,,,,,,,,,,,,,,,,4,,,,,,,,,1,,,,,,,,,,,,,,,,,4,,,,,,2,,,,1,,,,,,2,,,,,,,,,,,,,,,,,,,,,,,,,,,,,,,,,,,,,,,,,,,,,1,,,,,,,,,,,,,,,,,,,,,,,,,,,,,,,,,,,6,,,,,,,,,,,,,,2,,,,,,,,,,,,,,11,,,,,,,,,,,,,,,,12,,,,,,,,,2,,,,,,,,,4,,,,,,5,,,,,,,,,,,,,,,,,,,1,,,,,,,,,,,,,,,,,,,12,8,,,,,,,,,,,1,,,,,,,,,,,,,,,,,8,,,,,,,,,,,,,,,,,,,,,3,,,,,,,,4,,,,,,,,,,,,,,,,,,,4,,,,,,,,,,,,,,,1,,,,,,,,,,,,,,,,,,,,,,,,,,,,,,,,,,,,,,,,,,,,,,,,,1,,,,,,,,,,,,,,,,,,,,,,,,,,,,,,,,,,,,,,,,,,,,,,,,4,,,3,1,,,,,,,,,,,2,,,,,2,,,,,,,,,,,,,,,,,1,,,1,,,,,,,,,,,,,,,,,,,,,,,,,,,1,,,,,,,,,,,,,,,,,,,,,,,,,,,,,,,,,,,,,,,,,,,,,,,,,,,,,,,,,,,,,,,,,,,,,,,,,,,,,1,,,,,,,,,,,,,,,,,,,,,,,,,,,,,,,,,,,,,,,,,,,,,,2,,,,,2,,,5,,,,,4,,,,,,,,4,,,,,,,,,,,,,,1,,4,,,,,,,,,,,1,,,,,,,,,,,,,,,,,,,,,,,,,,,,,,,,1,,2,,,,3,,,,,,,,,,,,,,,1,13,,,,,,,,,,,,,,,,2,,,,,,,,,,,,,,,,,,,,,,,,,,,1,,,,,,,
HybridVentilationControl.idf,,,,,,,,,,,,,,,,,6,,,,,1,,6,,4,,,,,,,,,,,,,,,,,,,,2,,,,,,,,,,,,,,,,1,1,,,,,,,,5,,,,,,3,,3,,,,,,1,,2,,1,1,,,,,,,,,,,,3,,,,,,,,,,3,,,,,,2,,,,,,,,,,,2,,,,,,,,,,,,,,,,,,,,,,,12,,,,,,,,,,,,,,,,,,,,,,,,,,,,,,,,,,,,,,,,,,,,,,,,,,,1,,,,,,,,,,,,,,1,,,,,,,,,,,,,,,,,1,,,,,,1,,,,,,,,,,,,,,,,,,,,,,,,,,21,,1,,,,,,,,,,,,,,,,,,,2,,,,,,,,,,,,,,,,,,9,,,,,,,,,,,1,,1,,,,,,,,,1,,,,,,21,,,,,,,,,,,,,,,1,,,,,,,,,,,,,,,,,,,21,,,,,,,,,,,,,,5,1,,,,,,,,,,,,,,1,,,,,,,,,,,,,,,1,,,,,,,,1,1,,,,1,,,3,,,,,1,,2,,,,,,,,,,1,1,,,,,,,,,1,,,3,,,,,,,,1,1,,,,,,1,,,,1,,,,,3,,,,,,,,,,,,3,,,,1,,,1,,,,1,,,1,,,,,,,,,,,,,,,,1,,,,,,,1,,,1,,,39,,4,,,,1,,,,,,,,,,7,,,,1,,2,,1,,,,,,,,,,,13,,,,,,,,,,,,,,,1,,,,,,,,,,,,,,,1,,,,,,,,,,,,,1,,1,,,,,,,,,,,,,,,,,,,,,1,,,,,,,,,,,,,,,,,,,5,,,,34,,,,,1,,,,1,,,,,,,,,,,,,,,1,,,,,,,1,,,,,,,,,,,,,3,,,,,,,,,,,,28,,1,,3,,,,,,,,,,1,1,,,,,,,,,,,,,,,,,,,,,,,,,,,,,,,,1,,,,1,,,,,,,,,,,,,,,,,1,10,,,,,,,1,,,,,,,,,,,,,,,,,,,,,,,,,,,,,,1,,,,,,1,,,,1,,,
HybridVentilationControlGlobalSimple.idf,,,,,,,,,,,,,,,,,6,,,,,,,,,4,,,,,,,,,,,,,,,,,,,,2,,,,,,,,,,,,,,,,1,1,,,,,,,,,,,,,2,3,,4,,,,,,1,,,,1,1,,,,,,,,,,,,3,,,,,,,,,,3,,,,,,2,,,,,,,,,,,,,,,,,,,,,,,,,,,,,,,,,,12,,,,,,,,,,,,,,,,,,,,,,,,,,,,,,,,,,,,,,,,,,,,,,,,,,,1,,,,,,,,,,,,,,1,,,,,,,,,,,,,,,,,,,,,,,1,,,,,,,,,,,,,,,,,,,,,,,,,,13,,1,,,,,,,,,,,,,,,,,,,2,,,,,,,,,,,,,,,,,,9,,,,,,,,,,,1,,,,,,,,,,,,,,,,,24,,,,,,,,,,,,,,,1,,,,,,,,,,,,,,,,,,,,,,,,,2,,,,,,,,5,1,,,,,,,,,,,,,,,,,,,,,,,,,,,,,,,,,,,,,1,,,,,1,,,3,,,,,1,,,,,,,,,,,,,1,,,,,,2,,,1,,,3,,,,,,,,1,,,,,,,1,,,,1,,,,,3,,,,,,,,,,,,3,,,,1,,,,,,,1,,,,,,,,,,,,,,,,,,,,,,,,,,1,,,1,,,,,,,,,1,,,,,,,,,,7,,,,1,,2,,1,,,,,,,,,,,,,,,,1,,,,,,,,,,1,,,,,,,,,,,,,,,1,,,,,,,,,,,,,1,,1,,,,,,,,,,,,,,,,,,,,,1,,,,,,,,,,,,,,,,,,,,,,,34,,,,,1,,,,1,,,,,,,,,,,,,,,1,,,,,,,1,,,,,,,,,,,,,3,,,,,,,,,,,,,,1,,3,,,,,,,,,,1,1,,,,,,,,,,,,,,,,,,,,,,,,,,,,,,,,1,,,,1,,,,,,,,,,,,,,,,,1,10,,,,,,,,,,,,,,,,,,,,,,,,,,,,,,,,,,,,,1,,,,,,1,,,,1,,,
HybridZoneModel.idf,,,,,,,,,,,,,,,,,4,,,,,,,,,4,,,,,,,,,,,,,,,,,,,,1,,,,,,,4,,,,,,,,,,,,,,,,,,,,,,,4,,,,,,,,,1,,,,,,,,,,,,,,,,,4,,,,,,2,,,,1,,,,,,2,,,,,,,,,,,,,3,,,,,,,,,,,,,,,,,,,,,,,,,,,,,,,,1,,,,,,,,,,,,,,,,,,,,,,,,,,,,,,,,,,,6,,,,,,,,,,,,,,2,,,,,,,,,,,,,,4,,,,,,,,,,,,,,,,12,,,,,,,,,2,,,,,,,,,4,,,,,,2,,,,,,,,,,,,,,,,,,,1,,,,,,,,,,,,,,,,,,,,8,,,,,,,,,,,1,,,,,,,,,,,,,,,,,1,,,,,,,,,,,,,,,,,,,,,3,,,,,,,,4,,,,,,,,,,,,,,,,,,,4,,,,,,,,,,,,,,,,,,,,,,,,,,,,,,,,,,,,,,,,,,,,,,,,,,,,,,,,,,,,,,,,1,,,,,,,,,,,,,,,,,,,,,,,,,,,,,,,,,,,,,,,,,,,,,,,,,,,,1,,,,,,,,,,,2,,,,,2,,,,,,,,,,,,,,,,,1,,,1,,,,,,,,,,,,,,,,,,,,,,,,,,,1,,,,,,,,,,,,,,,,,,,,,,,,,,,,,,,,,,,,,,,,,,,,,,,,,,,,,,,,,,,,,,,,,,,,,,,,,,,,,1,,,,,,,,,,,,,,,,,,,,,,,,,,,,,,,,,,,,,,,,,,,,,,2,,,,,2,,,4,,,,,4,,,,,,,,4,,,,,,,,,,,,,,1,,4,,,,,,,,,,,1,,,,,,,,,,,,,,,,,,,,,,,,,,,,,,,,1,,2,,,,,,,,,,,,,,,,,,,1,13,,,,,,,,,,,,,,,,2,,,,,,,,,,,,,,,,,,,,,,,,,,,1,,,,,,,
IceStorage-Parallel.idf,,,,,,,3,,,,,,1,,,,7,,,,,,,,,6,,,,,,,,,,,4,1,,,,,,,,2,,,,,,,,,,,,,,,,32,,,,,,,,,,,,,,5,,,2,,1,,,,1,11,,,4,1,1,,,,,,,,,,,5,,,,,,2,,,,4,,,,,,2,,,,,,1,,,,,,1,,,,,,,,,,5,,,,,,1,,,,,1,14,,,,,,,,,,,,,,,,,,,,,,,,,,,,,,,2,,,,,,,,,,,,,,,,,,,,,,,,,,,,,,,,,,1,,,,,,,,,,,,2,,,,,,,,,,,1,1,,,,,,,,,,,,,,,,,,,,,,,,2,58,,1,,,,,,,,,,,,,,,,,,,2,,,1,,,,,,,,,,,,,,,7,,,,,,,,1,,,1,,,,,,,,,,,,,,,,4,26,,,,,,,,,,,,,,,,,,,,,,,,,14,1,,,,,,,,,,,,,,,,,,,,,,1,,,,,,6,,,,,,,,,,,,,,,,,,,,,,,6,,,,,,,,,2,,,,,,,,5,,,,,1,,,,,,,,,,,,,1,1,,,,,,,,,,1,5,,,,,,,,,,,,,,,,,,,4,,,,,5,,,1,,,,,,,,,5,,,,1,,,,,,,1,,,,,1,,,,,,,,,,,,,,,,,,,,,1,,,1,,,,,,,,,2,,,2,1,,,,,5,6,,,,,,,,1,,,,,,,,,,,,,,,1,,,,,,1,,,,,,,,1,,,,,,,,,,,,1,,,,,,,,,,2,,,7,,3,,,2,,,,,,,,,6,,,,,,,,,1,,,,,,,,,,,,,,,,,,,,,,,40,,,,,,,,,1,,,,,,6,1,,,,,,,,,,6,,,,,1,,,,,,,,,,,,,5,,2,,,,,,,,,,,,1,,5,,,,,,,,,,,1,,,,,2,8,,,,,,,,,,,,,,,,,,,,,,,,,,1,,,,,,,,1,,,,,,,,,,,,,1,10,,,2,,,,,,,,,,,,,,,,2,,,,,,,,,,,,,,,,,,1,,,,,,1,,,,1,,,
IceStorage-Series-ChillerDownstream.idf,,,,,,,4,,,,,,1,,,,7,,,,,,,,,6,,,,,,,,,,,4,1,,,,,,,,2,,,,,,,,,,,,,,,,27,,,,,,,,,,,,,,5,,,2,,1,,,,1,11,,,4,1,1,,,,,,,,,,,5,,,,,,2,,,,4,,,,,,2,,,,,,1,,,,,,1,,,,,,,,,,5,,,,,,1,,,,,1,14,,,,,,,,,,,,,,,,,,,,,,,,,,,,,,,3,,,,,,,,,,,,,,,,,,,,,,,,,,,,,,,,,,1,,,,,,,,,,,,2,,,,,,,,,,,1,1,,,,,,,,,,,,,,,,,,,,,,,,2,49,,1,,,,,,,,,,,,,,,,,,,2,,,1,,,,,,,,,,,,,,,7,,,,,,,,1,,,1,,,,,,,,,,,,,,,,4,24,,,,,,,,,,,,,,,,,,,,,,,,,12,1,,,,,,,,,,,,,,,,,,,,,,1,,,,,,5,,,,,,,,,,,,,,,,,,,,,,,6,,,,,,,,,2,,,,,,,,5,,,,,1,,,,,,,,,,,,,1,1,,,,,,,,,,1,5,,,,,,,,,,,,,,,,,,,4,,,,,5,,,1,,,,,,,,,5,,,,1,,,,,,,1,,,,,1,,,,,,,,,,,,,,,,,,,,,1,,,1,,,,,,,,,3,,,2,1,,,,,5,6,,,,,,,,1,,,,,,,,,,,,,,,1,,,,,,1,,,,,,,,1,,,,,,,,,,,,1,,,,,,,,,,1,,,7,,3,,,2,,,,,,,,,5,,,,,,,,,1,,,,,,,,,,,,,,,,,,,,,,,40,,,,,,,,,1,,,,,,6,1,,,,,,,,,,5,,,,,1,,,,,,,,,,,,,5,,2,,,,,,,,,,,,1,,5,,,,,,,,,,,1,,,,,2,6,,,,,,,,,,,,,,,,,,,,,,,,,,1,,,,,,,,1,,,,,,,,,,,,,1,10,,,2,,,,,,,,,,,,,,,,2,,,,,,,,,,,,,,,,,,1,,,,,,1,,,,1,,,
IceStorage-Series-ChillerUpstream.idf,,,,,,,3,,,,,,1,,,,7,,,,,,,,,6,,,,,,,,,,,4,1,,,,,,,,2,,,,,,,,,,,,,,,,27,,,,,,,,,,,,,,5,,,2,,1,,,,1,11,,,4,1,1,,,,,,,,,,,5,,,,,,2,,,,4,,,,,,2,,,,,,1,,,,,,1,,,,,,,,,,5,,,,,,1,,,,,1,14,,,,,,,,,,,,,,,,,,,,,,,,,,,,,,,2,,,,,,,,,,,,,,,,,,,,,,,,,,,,,,,,,,1,,,,,,,,,,,,2,,,,,,,,,,,1,1,,,,,,,,,,,,,,,,,,,,,,,,2,49,,1,,,,,,,,,,,,,,,,,,,2,,,1,,,,,,,,,,,,,,,7,,,,,,,,1,,,1,,,,,,,,,,,,,,,,4,24,,,,,,,,,,,,,,,,,,,,,,,,,12,1,,,,,,,,,,,,,,,,,,,,,,1,,,,,,5,,,,,,,,,,,,,,,,,,,,,,,6,,,,,,,,,2,,,,,,,,5,,,,,1,,,,,,,,,,,,,1,1,,,,,,,,,,1,5,,,,,,,,,,,,,,,,,,,4,,,,,5,,,1,,,,,,,,,5,,,,1,,,,,,,1,,,,,1,,,,,,,,,,,,,,,,,,,,,1,,,1,,,,,,,,,2,,,2,1,,,,,5,6,,,,,,,,1,,,,,,,,,,,,,,,1,,,,,,1,,,,,,,,1,,,,,,,,,,,,1,,,,,,,,,,1,,,7,,3,,,2,,,,,,,,,5,,,,,,,,,1,,,,,,,,,,,,,,,,,,,,,,,40,,,,,,,,,1,,,,,,6,1,,,,,,,,,,5,,,,,1,,,,,,,,,,,,,5,,2,,,,,,,,,,,,1,,5,,,,,,,,,,,1,,,,,2,6,,,,,,,,,,,,,,,,,,,,,,,,,,1,,,,,,,,1,,,,,,,,,,,,,1,10,,,2,,,,,,,,,,,,,,,,2,,,,,,,,,,,,,,,,,,1,,,,,,1,,,,1,,,
IndEvapCoolerRTUoffice.idf,,,,,,,,,,,,,,,,,5,,,,,,,,,20,,,,,,,,,,,2,,,,,,,,,1,,,,,,,,,,,,,,,,10,10,,,,,,,,,,,,,20,10,,3,,,,,,1,,,,10,10,,,,,,,,,,,,10,,,,,,,,,,2,,,,,,2,,,,,,1,,,,,,,,,,,,,,,,10,,,,,,10,,,,,,8,,,,,,,,,,,,,,,,,,,,,,,,,,,,,,,,,,,,,,,,,,,,,,,,,,,,,,,,,,,,,,,,,10,,,,,,,,,,,,,,,,,,,,,,,10,10,,,,,,,,,,,,,,,,,,,,,,,,,7,,10,,,,,,,,,,,,,,,,,,,2,,,,,,,,,,,,,,,,,,9,,1,,,,,,10,,,1,,,,,,,,,,,,,,,,,15,,,,,,,,,,,,,,,,,,,,,,,,,,,,,,,,,,,,,,,,,,,,,,,,40,,,,,,,,,,,,,,,,,,,,,,,,,,,,,,,,,,,,,,10,,,,,,,,10,,,,,1,,,,,,,,,,,,,1,,,,,,,,,10,,,10,,,,,,,1,10,,,,,,,,,,,,,,,,10,,,,,,,,,,,,10,,,,1,,,,,,,10,,,,,,,,,,,,,,,,,,,,,,,,,,1,5,,1,,,,,,,,,10,,,,,,,,,10,8,,,,,,,,1,,,,,,10,,,,,,,,,,,,,,,,,,,,,,,,,,,,,,,,,,,10,,,,,,,,,,,,,10,,,,,,,,,,,,,,,,,,,,,,,1,,,,,,,,,,,,,,,,,,,,,,,120,,,,,,,,,10,,,,,,,,,,,,,,,,10,,,,,,1,,,,,,,,,,,,,10,,,,,,,,,,,,,,1,,10,,,,,,,,,,,1,,,,,,,,,,,,,,,,,,1,,,,,,,,,,,,,,1,,,,10,,,,,,,,,,,,,,,,,1,8,,,10,,,,,,,,,,,,,,,,,,,,,,,,,,,,,,,,,,10,,,,,,1,,,,10,,,
IndirectAbsorptionChiller.idf,,,,,,,1,,,,,1,,,,,5,,,,,,,,,3,,,,,1,,,,,,,1,,,,,,,,2,,1,,,,,,,,,,,,,,37,,,,,,,,,,,,,,,,,1,,,,,,1,,,,1,,,,,,,,,,,,,3,,,,,,,,,,1,,,,,,2,,,,2,,,,,,,,,,,,,,,,,,,,,,,,,,,,,,10,,,,,,,,,,,,,,,,,,,,,,,,,,,,,,,,,,,,,,,4,,,,,,,,,,,,,,,,,,,,,,,,,,,,,,,,,,,,,,,,,,,,,,,,,1,,,,,,,,,,,,,,1,,,,,,,,,,,3,46,,,,,,,,,,,,,,,,,,,,,,,,1,,,,,,,,,,,,,,,5,1,,,,,,,,,,1,,,,,,,,,,,,,,,,,20,,,,,,,,,,,,,,,,,,,,,,,,,15,1,,,,,,,,,,,,,,,,,,,,,,6,,,,,,8,,,,,,,,,,,,,,,,,,,,,,,,,,,,,,,,1,,,,,,,,3,,,,,,,,,,,,,,,,,,1,,,,,,,,,,,1,3,,,,,,,,,,,,,,,,,,,1,,,,,2,,,,,,,,,,,,3,,,,1,,,,,,,1,,,,,5,,,,,,,,,,,,,,,,,,,,,1,,,1,,,,,,,,,1,,,3,,,,,,,1,,,,1,,3,,1,,,,,,,,,,,,,,,1,,,,,,3,,,,,,,,,,,,,,,,,,,,,,,,,,,,,,,,,9,,,,,1,,,,,,,,,8,,,1,,,,,,,,,,,,,,,,,,,,,,,,,,,,,20,,,,,,,,,,,,,,,3,2,,1,,,,,,,,8,,,,,,,,,,,,,,,,,,3,,,,,,,,,,,,,,1,,3,,,,,,,,,,,1,,,,,3,6,,,,,,,,,,,,1,,,,,,,,,,,,,,,5,,,,,,,,,,,,,,,,,,,,1,9,,,,,,,,,,,,,,,,,,,,,,,,,,,,,,,,,,,,,1,,,,,,1,,,,1,,,
IndoorLivingWall.idf,,,,,1,,,,,,,,,,,,7,,,,,,,,,6,,,,,,,,,,,2,,,,,,,,,1,,,,,,,,,,,,,,,,,,,,,,,,,,,,,,5,,,,,,,,,1,,,,,,,,,,,,,,,,,5,,,,,,2,,,,2,,,,,,2,,,,,,,,,,,,,,,,,,,,,,,,,,,,,,,,,,,,,,,,,,,,,,,,,,,,,,,,,,,,,,,,,,,,,,,,,,,,,,,,,,,,,,,,,,,,,,,,,,,,1,,,,,,,,,,,,,,,,,,,,,,,,,,,,,,,,,,,,,,,,,,,,,,,,23,,,,,,,,,,,,,,,,,,,,,,,,,,,,,,,,,,,,,,,7,,,,,,,,,,,1,,,,,,,1,,,,,,,,,,11,,,,,,,,,,,,,,,,,,,,,,,,,,,,,5,,,,,,,,,,,,,,,,,,,,,,,,,,,,,,,,,,,,,,,,,,,,,,,,,,,,,,,,,,,,,,1,,,5,,,,,1,,,,,,,,,,,,,1,,,,,,,,,,,,,,,,,,,,,,,,,,,,,,,,,,,,5,,,3,,,,,,,,,5,,,,1,,,,,,,,,,,,,,,,,,,,,,,,,,,,,,,,,1,,,1,,,,,,,,,,,,,,,,,,5,6,,,,,,,,1,,,,,,,,,,,,,,,,,,2,,,,,,,,,,,,,,,,,,,,,,,,,,,,,,,,,,,,,,1,,,,,,,,,,,,,,,,,,,,,1,,,,,,,,,,,,,,,,,,,,,,,41,,,,,5,,,,,,,,,,,,,,,,,,,,,,,,,,1,,,,,,,,,,,,,5,,,,,,,,,,,,,,1,,5,,,,,,,,,,1,1,,,,,,,,,,,,,,,,,,,,,,,,,,,,,,,,1,,,,,,,,,,,,,,,,,,,,,1,10,,,,,,,,,,,,,,,,,,,,,,,,,,,,,,,,,,,,,,,,,,,1,,,,,,,
InternalMass_wZoneList.idf,,,,,,,,,,,,,,,,,5,,,,,,,,,3,,,,,,,,,,,1,,,,,,,,,2,,,,,,,,,,,,,,,,,,,,,,,,,,,,,,3,,,,,,,,,1,,,,,,,,,,,1,,,,,,,,,,,,,,,,1,,,,,,2,,,,,,,,,,,,,,,,,,,,,,,,,,,,,,,,,,,,,,,,,,,,,,,,,,,,,,,,,,,,,,,,,,,,,,,,,,,,,,,,,,,,,,,,,,,,,,,,,,,,,,,,,,,,,,,,,,,,,,,,,,,,,,,,,,,,,,,,,,,,,,,,,1,,,2,,,,,,,,,,,,,,,,,,,,,,,,,,,,,,,,,,,,,,,6,,,,,,,,,,,1,,,,,,,,,,,,,,,,,8,,,,,,,,,,,,,,,,,,,,,,,,,,,,,,,,,,,,,,,,,,,,,,,,,,,,,,,,,,,,,,,,,,,,,,,,,,,,,,,,,,,,,,,,,,,,,,3,,,,,,,,,,,,,,,,,,1,,,,,,,,,,,,,,,,,,,1,,,,,,,,,,,,,,,,,3,,,,,,,,,,,,3,,,,1,,,,,,,,,,,,,,,,,,,,,,,,,,,,,,,,,1,,,1,,,,,,,,,,,,,,,,,,,1,,,,,,,,1,,,,,,,,,,,,,,,,,,,,,,,,,,,,,,,,,,,,,,,,,,,,,,,,,,,,,,,,,,,,,,,,,,,,,,,,,,,,,1,,,,,,,,,,,,,,,,,,,,,,,20,,,,,,,,,,,,,,,,,,,,,,,,,,,,,,,,,,,,,,,,,,,,,,,,,,,,,,,,,,1,,,,,,,,,,,,,1,,,,,,,,,,,,,,,,,,1,,,,,,,,,,,,,,1,,,,,,,,,,,,,,,,,,,,,1,11,,,,,,,,,,,,,,,,,,,,,,,,,,,,,,,,,,,,,,,,,,,1,,,,,,,
LBuilding-G000.idf,,,,,,,,,,,,,,,,,4,,,,,,,,,8,,,,,,,,,,,2,,,,,,,,,1,,,,,,,,,,,,,,,,,,,,,,,,,,,,,,,,,,,,,,,1,,,,,,2,,,,,,,,,,,,,,,,,1,,,,1,,,,,,2,,,,,,1,,,,,,,,,,,,,,,,,,,,,,,,,,,,12,,,,,,,,,,,,,,,,,,,,,,,,,,,,,,,,,,,,,,,,,,,,,,,,,,,,,,,,,,,,,,,,,,,,,,,,,,,,,,,,,,,,,,,,,,,,,,,,,,,,,,,,,,,,,,,16,,,2,,,,,,,,,,,,,,,,,,,,8,,,,,,,,,,,,,,,,,,,6,,,,,,,,,,,1,,,,,,,,,,,,,1,,,,8,,,,,,,,,,,,,,,,,,,,,,,1,,,,,,,,,,,,,,,,,,,,,,,,,,,,,,,,,,,,,,,,,,,,,,,,,,,,,,,,,,,,,,,,,,,,,,,8,,,,,1,,,,,,,,,,,,,1,,,,,,,,,,,,,,,,,,,1,,,,,,,,,,,,,,,,,8,,,1,,,,,,,,,8,,,,1,,,,,,,,,,,,,,,,,,,,,,,,,,,,,,,,,1,,,1,,,,,,,,,,,,,,,,,,,27,,,,,,,,1,,,,,,,,,,,,,,,,,,,,,,8,,,,,,,,,,,,,,,,,,,,,,,,,,,,,,,,,,1,,,,,,,,,,,,,,,,,,,,,1,,,,,,,,,8,,,,,,,,,,,,,,42,,,,,,,,,,,,,,,,,,,,,,,,,,,,,,,,,,,,,,,,,,,,,,,,,,,,,,,,,,1,,,,,,,,,,,,,1,,,,,,,,,,,,,,,,,,,,,,,,,,,,,,,,1,,,,,,,,,,,,,,,,,,,,,1,13,,,,,,,,,,,,,,,,,,,,,,,,,,,,,,,,,,,,,,,,,,,1,,,,,,,
LBuilding-G090.idf,,,,,,,,,,,,,,,,,4,,,,,,,,,8,,,,,,,,,,,2,,,,,,,,,1,,,,,,,,,,,,,,,,,,,,,,,,,,,,,,,,,,,,,,,1,,,,,,2,,,,,,,,,,,,,,,,,1,,,,1,,,,,,2,,,,,,1,,,,,,,,,,,,,,,,,,,,,,,,,,,,12,,,,,,,,,,,,,,,,,,,,,,,,,,,,,,,,,,,,,,,,,,,,,,,,,,,,,,,,,,,,,,,,,,,,,,,,,,,,,,,,,,,,,,,,,,,,,,,,,,,,,,,,,,,,,,,16,,,2,,,,,,,,,,,,,,,,,,,,8,,,,,,,,,,,,,,,,,,,6,,,,,,,,,,,1,,,,,,,,,,,,,1,,,,8,,,,,,,,,,,,,,,,,,,,,,,1,,,,,,,,,,,,,,,,,,,,,,,,,,,,,,,,,,,,,,,,,,,,,,,,,,,,,,,,,,,,,,,,,,,,,,,8,,,,,1,,,,,,,,,,,,,1,,,,,,,,,,,,,,,,,,,1,,,,,,,,,,,,,,,,,8,,,1,,,,,,,,,8,,,,1,,,,,,,,,,,,,,,,,,,,,,,,,,,,,,,,,1,,,1,,,,,,,,,,,,,,,,,,,27,,,,,,,,1,,,,,,,,,,,,,,,,,,,,,,8,,,,,,,,,,,,,,,,,,,,,,,,,,,,,,,,,,1,,,,,,,,,,,,,,,,,,,,,1,,,,,,,,,8,,,,,,,,,,,,,,42,,,,,,,,,,,,,,,,,,,,,,,,,,,,,,,,,,,,,,,,,,,,,,,,,,,,,,,,,,1,,,,,,,,,,,,,1,,,,,,,,,,,,,,,,,,,,,,,,,,,,,,,,1,,,,,,,,,,,,,,,,,,,,,1,13,,,,,,,,,,,,,,,,,,,,,,,,,,,,,,,,,,,,,,,,,,,1,,,,,,,
LBuilding-G180.idf,,,,,,,,,,,,,,,,,4,,,,,,,,,8,,,,,,,,,,,2,,,,,,,,,1,,,,,,,,,,,,,,,,,,,,,,,,,,,,,,,,,,,,,,,1,,,,,,2,,,,,,,,,,,,,,,,,1,,,,1,,,,,,2,,,,,,1,,,,,,,,,,,,,,,,,,,,,,,,,,,,12,,,,,,,,,,,,,,,,,,,,,,,,,,,,,,,,,,,,,,,,,,,,,,,,,,,,,,,,,,,,,,,,,,,,,,,,,,,,,,,,,,,,,,,,,,,,,,,,,,,,,,,,,,,,,,,16,,,2,,,,,,,,,,,,,,,,,,,,8,,,,,,,,,,,,,,,,,,,6,,,,,,,,,,,1,,,,,,,,,,,,,1,,,,8,,,,,,,,,,,,,,,,,,,,,,,1,,,,,,,,,,,,,,,,,,,,,,,,,,,,,,,,,,,,,,,,,,,,,,,,,,,,,,,,,,,,,,,,,,,,,,,8,,,,,1,,,,,,,,,,,,,1,,,,,,,,,,,,,,,,,,,1,,,,,,,,,,,,,,,,,8,,,1,,,,,,,,,8,,,,1,,,,,,,,,,,,,,,,,,,,,,,,,,,,,,,,,1,,,1,,,,,,,,,,,,,,,,,,,27,,,,,,,,1,,,,,,,,,,,,,,,,,,,,,,8,,,,,,,,,,,,,,,,,,,,,,,,,,,,,,,,,,1,,,,,,,,,,,,,,,,,,,,,1,,,,,,,,,8,,,,,,,,,,,,,,42,,,,,,,,,,,,,,,,,,,,,,,,,,,,,,,,,,,,,,,,,,,,,,,,,,,,,,,,,,1,,,,,,,,,,,,,1,,,,,,,,,,,,,,,,,,,,,,,,,,,,,,,,1,,,,,,,,,,,,,,,,,,,,,1,13,,,,,,,,,,,,,,,,,,,,,,,,,,,,,,,,,,,,,,,,,,,1,,,,,,,
LBuilding-G270.idf,,,,,,,,,,,,,,,,,4,,,,,,,,,8,,,,,,,,,,,2,,,,,,,,,1,,,,,,,,,,,,,,,,,,,,,,,,,,,,,,,,,,,,,,,1,,,,,,2,,,,,,,,,,,,,,,,,1,,,,1,,,,,,2,,,,,,1,,,,,,,,,,,,,,,,,,,,,,,,,,,,12,,,,,,,,,,,,,,,,,,,,,,,,,,,,,,,,,,,,,,,,,,,,,,,,,,,,,,,,,,,,,,,,,,,,,,,,,,,,,,,,,,,,,,,,,,,,,,,,,,,,,,,,,,,,,,,16,,,2,,,,,,,,,,,,,,,,,,,,8,,,,,,,,,,,,,,,,,,,6,,,,,,,,,,,1,,,,,,,,,,,,,1,,,,8,,,,,,,,,,,,,,,,,,,,,,,1,,,,,,,,,,,,,,,,,,,,,,,,,,,,,,,,,,,,,,,,,,,,,,,,,,,,,,,,,,,,,,,,,,,,,,,8,,,,,1,,,,,,,,,,,,,1,,,,,,,,,,,,,,,,,,,1,,,,,,,,,,,,,,,,,8,,,1,,,,,,,,,8,,,,1,,,,,,,,,,,,,,,,,,,,,,,,,,,,,,,,,1,,,1,,,,,,,,,,,,,,,,,,,27,,,,,,,,1,,,,,,,,,,,,,,,,,,,,,,8,,,,,,,,,,,,,,,,,,,,,,,,,,,,,,,,,,1,,,,,,,,,,,,,,,,,,,,,1,,,,,,,,,8,,,,,,,,,,,,,,42,,,,,,,,,,,,,,,,,,,,,,,,,,,,,,,,,,,,,,,,,,,,,,,,,,,,,,,,,,1,,,,,,,,,,,,,1,,,,,,,,,,,,,,,,,,,,,,,,,,,,,,,,1,,,,,,,,,,,,,,,,,,,,,1,13,,,,,,,,,,,,,,,,,,,,,,,,,,,,,,,,,,,,,,,,,,,1,,,,,,,
LBuildingAppGRotPar.idf,,,,,,,,,,,,,,,,,4,,,,,,,,,8,,,,,,,,,,,2,,,,,,,,,1,,,,,,,,,,,,,,,,,,,,,,,,,,,,,,,,,,,,,,,1,,,,,,2,,,,,,,,,,,,,,,,,1,,,,1,,,,,,2,,,,,,1,,,,,,,,,,,,,,,,,,,,,,,,,,,,12,,,,,,,,,,,,,,,,,,,,,,,,,,,,,,,,,,,,,,,,,,,,,,,,,,,,,,,,,,,,,,,,,,,,,,,,,,,,,,,,,,,,,,,,,,,,,,,,,,,,,,,,,,,,,,,16,,,2,,,,,,,,,,,,,,,,,,,,8,,,,,,,,,,,,,,,,,,,6,,,,,,,,,,,1,,,,,,,,,,,,,1,,,,8,,,,,,,,,,,,,,,,,,,,,,,1,,,,,1,,,,,,,,,,,,,,,,,,,,,,,,,,,,,,,,,,,,,,,,,,,,,,,,,,,,,,,,,,,,,,,,,,8,,,,,1,,,,,,,,,,,,,1,,,,,,,,,,,,,,,,,,,1,,,,,,,,,,,,,,,,,8,,,1,,,,,,,,,8,,,,1,,,,,,,,,,,,,,,,,,,,,,,,,,,,,,,,,1,,,1,,,,,,,,,,,,,,,,,,,27,,,,,,,,1,,,,,,,,,,,,,,,,,,,,,,8,,,,,,,,,,,,,,,,,,,,,,,,,,,,,,,,,,1,,,,,,,,,,,,,,,,,,,,,1,,,,,,,,,8,,,,,,,,,,,,,,42,,,,,,,,,,,,,,,,,,,,,,,,,,,,,,,,,,,,,,,,,,,,,,,,,1,,,,,,,,,1,,,,,,,,,,,,,1,,,,,,,,,,,,,,,,,,,,,,,,,,,,,,,,1,,,,,,,,,,,,,,,,,,,,,1,13,,,,,,,,,,,,,,,,,,,,,,,,,,,,,,,,,,,,,,,,,,,1,,,,,,,
LgOffVAV.idf,,,,,,,3,,,,,,15,,,,3,,,,,,,,,16,,,,,,,,,,,3,1,,,,,,,,2,,,,,,,,,,,,,,,,39,,,,,,,,,,,,,,16,,1,1,,1,,,,1,,,,,1,,,,,,,,,,,,15,,,,,,2,,,,1,,,,,,2,,,,,,1,,,,,,,,,,,,,,,,3,,,,,,,,,,,,14,,,,,,,,,,,,,,,,,,,,,,,,,,,,,,,,,,,,,,,,,,,,,,,,,,,,,,,,,,,,,,,,,1,,,,,,,,,,,,,,,,,,,,,,,1,1,,,,,,,,,,,,,,,,,,,,,,15,,2,18,,1,,,,,,,,,,,,,,,,,,,,,,1,,,,,,,,,,,,,,,8,,,,,,,,,,,1,,,,,,,,,,,,,,,,,16,,,,,,,,,,,,,,,,,,,,,,,,,15,1,,,,,,,,,,,,,,,,,,,,,,21,,,,,,6,,,,,,,,,,,,,,,,,,,,,,,,,,,,,,,,2,,,,,,,,15,,,,,1,,,,,,,,,,,,,1,1,,,,,,,,,,1,15,,,,,,,,,,,,,,,,,,,1,,,,,15,,,,,,,,,,,,15,,,,1,,,,,,,1,,,,,2,,,,,,,,,,,,,,,,,,,,,1,,,1,,,,,,,,,1,,,3,,,,,,3,12,,,,1,,,,1,,,,,,,,,,,,,,,,,,,,,2,,,,,,,,,,,,,,,,,,,,1,,,1,,,,,,,,,,7,,1,,,1,,,,,,,,,6,,,,,,,,,1,,,,,,,,,,,,,,,,,,,,,,,100,,,,,,,,,1,,,,,,15,1,,,,,,,,,,6,,,,,1,,,,,1,,,,,,,,15,,,,,,,,,,,,,,1,,15,,,,,,,,,,,1,,,,,2,6,,,,,,,,,,,,,,,,,,,,,,,,,,1,,,,,,,,,,,,,,,,,,,,,1,8,,,,,,,,,,,,,,,,,,,,,,,,1,,,,,,,,,,,,,1,,,,,,1,,,,1,,,
LgOffVAVusingBasement.idf,,,,,,,3,,,,,,15,,,,3,,,,,,,,,16,,,,,,,,,,,3,1,,,,,,,,2,,,,,,,,,,,,,,,,39,,,1,,,,,,,,,,,16,,1,1,,1,,,,1,,,,,1,,,,,,,,,,,,15,,,,,,2,,,1,1,,,,,,2,,,,,,1,,,,,,,,,,,,,,,,3,,,,,,,,,,,,14,,,,,,,,,,,,,,,,,,,,,,,,,,,,,,,,,,,,,,,,,,,,,,,,,,,,,,,,,,,,,,,,,1,,,,,,,,,,,,,,,,,,,,,,,1,1,,,,,,,,,,,,,,,,,,,,,,15,,2,18,,1,,,,,,,,,,,,,,,,,,,,,,1,,,,,,,,,,,,,,,8,,,,,,,,,,,1,,,,,,,,,,,,,,,,,16,,1,,,,,,,,,,,,,,,,,,,,,,,15,1,,,,,,,,,,,,,,,,,,,,,,21,,,,,,6,,,,,,,,,,,,,,,,,,,,,,,,,,,,,,,,2,,,,,,,,15,,,,,1,,,,,,,,,,,,,1,1,,,,,,,,,,1,15,,,,,,,,,,,,,,,,,,,1,,,,,15,,,,,,,,,,,,15,,1,,1,,,,,,,1,,,,,2,,,,,,,,,,,,,,,,,,,1,,1,,,1,,,,,,,,,1,,,3,,,,,,3,12,,,,1,,,,1,,,,,,,,,,,,,,,,,,,,,2,,,,,,,,,,,,,,,,,,,,1,,,1,,,,,,,,,,7,,1,,,1,,,,,,,,,6,,,,,,1,1,,1,,,,,,,,,,,,,,,,,,1,,,,,100,,,,,,,,,1,,,,,,15,1,,,,,,,,,,6,,,,,1,,,,,,,,,,,,,15,,,,,,,,,,,,,,1,,15,,,,,,,,,,,1,,,,,2,6,,,,,,,,,,,,,,,,,,,,,,,,,,1,,,,,1,,,,,,,,,,,,,,,,1,8,,,,,,,,,,,,,,,,,,,,,,,,1,,,,,,,,,,,,,1,,,,,,1,,,,1,,1,
LookupTables.idf,,,,,,,1,,,,,,,,,,5,,,,,,,,,3,,,,,,,,,,,1,,,,,,,,,2,,,,,,,,,,,,,,,,,,,,,,,,,,,,,,3,,,,,,,,,1,,,,1,,,,,,,,,,,,,3,33,,,,2,,,,,1,,,,,,2,,,,,,1,,,,,,,,,,,,,,,,3,,,,,,,,,,,,8,,,,,,,,,,,,,,,,,,,,,,,,,,,,,,,,,,,,,,,,,,,,,,,,,,,,,,,,,,,,,,,,,,,,,,,,,,,,,,,,,,,,,,,,,,,,,,,3,,,,,,,1,,,,,,,,,,,,13,,1,,,,,,,,,,,,,,,,,,,,,,,,,,,,,,,,,,,,,5,,,,,,,,,,,1,,,,,,,,,,,,,,,,,17,,,,,,,,,,,,,,,,,,,3,,,,,,,,,,,,,,,,,,,,,,,,,,,,,7,,,,,,,,,,,,,,,,,,,,,,,,,,,,1,,,,,,,,,,,,,,,,,,3,,,,,,,,,,,,,,,,,,1,,,,,,,,,,,,,,,,,,,1,,,,,,,,,,,,,,,,,3,,,,33,,,,,,,,3,,,,1,,,,,,,,,,,,,,,,,,,,,,,,,,,,,,,,,1,,,1,,,,,,,,,,,,,,,,,,3,1,,,,,,,,1,,,,,,,,,,,,,,,,,,,,,,,,,,,,,,,,,,,,,,,,,,,,,,,,,,,,,,,,,,,,,,,,,,,,,,,1,,,,,,1,,,,,,,,,,,,,,,,,,,,,,,20,,,,,,,,,3,,,,,,,,,,,,,,,,,,,,,,1,,,,,,,,,,,,,3,,,,,,,,,,3,,,,1,,3,,,,,,,,,,,1,,,,,,,,,,,,,,,,,,1,,,,,,,,,,,,,,1,,,,3,,,,,,,,43,,,,,,,,,1,10,,,,,,,,,,,,,,,,,,,,,,,,,,,,,,,,,,,,,,,,,,,1,,,,,,,
LrgOff_GridStorageDemandLeveling.idf,,,,,,,4,,,,,,16,,,,7,,,,,,,,,19,,,1,,1,,,,,,2,1,,,,,,,,1,,,,,,,,,,,,,,,,62,,,,,,,,,,,,,,15,,4,,,1,,,,1,18,,,,4,5,,,,,,,,,,,16,,1,,,,,,,,,,,,,,2,,,,,,1,,,,,,,,,,,,,,,,16,,,,,,3,,,,,,,,,,1,1,,,2,,,,,,,,2,,,,,,,,,,,1,,,,,,,,,,,,,,,,,,,,,,,,,,,,,,,,,,,,1,,4,,,,,,,,,,,,,,,,,,,,,,,4,4,,,,,,,,,,,,,,,,,,,,,,16,,3,53,,4,,,,,,,,,,,,,,,,,,,2,,,1,,,,,,,,,,,,,,,10,,1,,,,,,4,,,1,,,,,,,,,,,,,,,,,26,,,,,,,,,,,,,,,,,,,,,,,,,20,1,,,,,,,,,,,,,,,,,,,,,,20,,,,1,,8,,,,,,,,,,,,,,,,,,,,,,,3,,,,,,,,,8,,,,,,,,16,,,,,1,,,1,,,,,,,,,,1,4,,1,,,,,,,,1,16,,,,,,,1,,,,,,,,,,,,4,3,,,,16,,,1,,,,,,,,,16,,,,1,,,1,,,,4,,,,,3,,,,,,,,,,,,,,,,,1,,,,1,1,1,1,,,,,,,,,4,,,3,,,,,,16,12,,,,,,,,1,,,,,,10,,,,,,,,,,,,,,,2,,,1,,,,,3,,,,,,,,,,,,4,,,,,,,,,,,,,12,,,,,8,,,,,,,,,8,,,,,,,,,1,,,,,,,,,,,,,,,,,,,,,,,130,,,,,,,,,4,,,,,,20,2,,,1,,,,,,,8,,,,,16,,,3,,,,,,,,,,16,,,,,,,,,,,,,,1,,16,,,,,,,,,,,1,,3,,,3,10,,,,,,,,,,,,1,,,1,,,,,,,,,,,1,,,,,,,,,,,,,,,,,,,,,1,15,,,12,,,,,,,,,,,,,,,,1,,,,,,,,,,,,,,,,,,4,1,,,,,1,,,,4,,,
LrgOff_GridStorageEMSSmoothing.idf,,,,,,,4,,,,,,16,,,,7,,,,,,,,,19,,,1,,1,,,,,,2,1,,,,,,,,1,,,,,,,,,,2,,,,,,62,,,,,,,,,,,,,,15,,4,,,1,,,,1,18,,1,,4,5,,,,,,,,,,,16,,1,,,,,,,,,,,,,,2,,,,,,1,,,,,,,,,,,,,,,,16,,,,,,3,,,,,,,,,,1,1,,,2,,,,,,,,2,,,,,,,,,,,1,,,,,,,,,,,,,,,,,,,,,,,,,,,,,,,,1,,,,1,,4,,,,,,,,,,,,,,,,,,,,,,,4,4,,,2,,,,,,,,,,,,,,,,,,1,16,,3,53,,4,,,,,,,,,,,,,,,,,,,2,,,1,,,,,,,,,,,,,,,10,,1,,,,,,4,,,1,,,,,,,,,,,,,,,,,28,,,,,,,,,,,,1,,,,,,,,,,,,,20,1,,,,,,,,,,,,,,,,,,,,,,20,,,,1,,8,,,,,,,,,,,,,,,,,,,,,,,3,,,,,,,,,8,,,,,,,,16,,,,,1,,,1,,,,,,,,,,1,4,,1,,,,,,,,1,16,,,,,,,1,,,,,,,,,,,,4,3,,,,16,,,1,,,,,,,,,16,,,,1,,,1,,,,4,,,,,3,,,,,,,,,,,,,,,,,1,,,,1,1,1,1,,,,,,,,,4,,,3,,,,,,16,12,,,,,,,,1,,,,,,10,,,,,,,,,,,,,,,2,,,1,,,,,3,,,,,,,,,,,,4,,,,,,,,,,,,,12,,,,,8,,,,,,,,,8,,,,,,,,,1,,,,,,,,,,,,,,,,,,,,,,,130,,,,,,,,,4,,,,,,20,2,,,1,,,,,,,8,,,,,16,,,3,,,,,,,,,,16,,,,,,,,,,,,,,1,,16,,,1,,,,,,,,1,,3,,,3,10,,,,,,,,,,,,1,,,1,,,,,,,,,,,1,,,,,,,,,,,,,,,,,,,,,1,15,,,12,,,,,,,,,,,,,,,,1,,,,,,,,,,,,,,,,,,4,1,,,,,1,,,,4,,,
LrgOff_GridStorageScheduled.idf,,,,,,,4,,,,,,16,,,,7,,,,,,,,,19,,,1,,1,,,,,,2,1,,,,,,,,1,,,,,,,,,,,,,,,,62,,,,,,,,,,,,,,15,,4,,,1,,,,1,18,,,,4,5,,,,,,,,,,,16,,1,,,,,,,,,,,,,,2,,,,,,1,,,,,,,,,,,,,,,,16,,,,,,3,,,,,,,,,,1,1,,,2,,,,,,,,2,,,,,,,,,,,1,,,,,,,,,,,,,,,,,,,,,,,,,,,,,,,,,,,,1,,4,,,,,,,,,,,,,,,,,,,,,,,4,4,,,,,,,,,,,,,,,,,,,,,,16,,3,53,,4,,,,,,,,,,,,,,,,,,,2,,,1,,,,,,,,,,,,,,,10,,1,,,,,,4,,,1,,,,,,,,,,,,,,,,,28,,,,,,,,,,,,,,,,,,,,,,,,,20,1,,,,,,,,,,,,,,,,,,,,,,20,,,,1,,8,,,,,,,,,,,,,,,,,,,,,,,3,,,,,,,,,8,,,,,,,,16,,,,,1,,,1,,,,,,,,,,1,4,,1,,,,,,,,1,16,,,,,,,1,,,,,,,,,,,,4,3,,,,16,,,1,,,,,,,,,16,,,,1,,,1,,,,4,,,,,3,,,,,,,,,,,,,,,,,1,,,,1,1,1,1,,,,,,,,,4,,,3,,,,,,16,12,,,,,,,,1,,,,,,10,,,,,,,,,,,,,,,2,,,1,,,,,3,,,,,,,,,,,,4,,,,,,,,,,,,,12,,,,,8,,,,,,,,,8,,,,,,,,,1,,,,,,,,,,,,,,,,,,,,,,,130,,,,,,,,,4,,,,,,20,2,,,1,,,,,,,8,,,,,16,,,3,,,,,,,,,,16,,,,,,,,,,,,,,1,,16,,,,,,,,,,,1,,3,,,3,10,,,,,,,,,,,,1,,,1,,,,,,,,,,,1,,,,,,,,,,,,,,,,,,,,,1,15,,,12,,,,,,,,,,,,,,,,1,,,,,,,,,,,,,,,,,,4,1,,,,,1,,,,4,,,
MicroCogeneration.idf,,,,5,,,2,,1,,,,,,,,7,,,,,,5,,,5,,,1,,,,,,,,6,,,,3,,,,,1,,,,,,,,,,,,,,,,26,,,,,,,1,,,,,,,5,,,21,,,,,,1,5,,,,,3,,,,,,,,,,,5,,,,,5,,1,,,4,,,,,,2,,,,,,1,,,,,,,,,,,,,,,,5,,,,,,,,,,,,,,,,1,1,,,,,,,,,,,2,,,,,,,,34,,,,,,,,,,1,,,,,,,,,,,,,,,,,,,,,,,,,,,,,1,,,,,,,,,,,,,,,,,,,,,,,,,,,,,,,,,,,,,,,,,,,,,,,,5,,2,26,,,,,,,,,,,,,,,,,,,,,11,,2,,,,,,,,,,,,,,,,9,,1,,,,,,,,,1,,,,,,,,,,,,,,,,,39,,,,,,,,,,,,,,,,,,,,,,,,,10,,,,,,,,,,,,,,,,,,,,,,,10,,,,,,4,,,,1,,,,,,,,,,,,,,,,,,,,,,,,,,,,,,,,,,,,5,,,,,,,,,,,,,,,,,,1,,,,,,,,,,,,,,,,,,,,,,,1,,,,,,,,,5,4,,,5,,,,,,,,2,,1,,5,,,,1,,,1,,,,,,,,,2,,,,,,,,,,,,,,,,,,,,,1,7,,1,,,,,,,,,,,,2,,,,,,5,4,,1,,,,,,1,,,,,,10,,,,,,,,1,,,,,,,,,,5,,,,,3,,,,,,,,,,,,,,,,,,,,,,,,,4,,,,,,,,,,,,,,4,,,,,,,,,1,,,,,,,,,,,,1,,,,,,,,,,,30,,,,,,,,,5,,,,,,5,2,,,,,,,,,,4,,,,,5,,,5,,,,,,,,,,5,,,,,,,,,,,,,,1,,5,,,,,,,,,,,1,,2,,,2,2,,,,1,,,,,,,,1,,,1,,,,,,,,,,,1,4,,,5,,,,,,,,,,,,,,,,,1,17,,,,,,,,,,,,,,,,,,,,,,,,,1,,,,,,,,,,,,,3,,,,,1,,,,,,,
Minimal.idf,,,,,,,,,,,,,,,,,,,,,,,,,,,,,,,,,,,,,,,,,,,,,,1,,,,,,,,,,,,,,,,,,,,,,,,,,,,,,,,,,,,,,,1,,,,,,,,,,,,,,,,,,,,,,,,,,,,,,,,,2,,,,,,,,,,,,,,,,,,,,,,,,,,,,,,,,,,,,,,,,,,,,,,,,,,,,,,,,,,,,,,,,,,,,,,,,,,,,,,,,,,,,,,,,,,,,,,,,,,,,,,,,,,,,,,,,,,,,,,,,,,,,,,,,,,,,,,,,,,,,,,,,,,,,7,,,,,,,,,,,,,,,,,,,,,,,,,,,,,,,,,,,,,,,,,,,,,,,,,,,,,,,,,,,,,,,,,,,,,,,,,,,,,,,,,,,,,,,,,,,,,,,,,,,,,,,,,,,,,,,,,,,,,,,,,,,,,,,,,,,,,,,,,,,,,,,,,,,,,,,,,,,,,,,,,,,,,,,,,,,,,,,,,,,1,,,,,,,,,,,,,,,,,,,,,,,,,,,,,,,,,,,,,,,,,,,,,,,,,,,,1,,,,,,,,,,,,,,,,,,,,,,,,,,,,,,,,,1,,,1,,,,,,,,,,,,,,,,,,,,,,,,,,,,,,,,,,,,,,,,,,,,,,,,,,,,,,,,,,,,,,,,,,,,,,,,,,,,,,,,,,,,,,,,,,,,,,,,,,,,,,,,1,,,,,,,,,,,,,,,,,,,,,,,,,,,,,,,,,,,,,,,,,,,,,,,,,,,,,,,,,,,,,,,,,,,,,,,,,,,,,,,,,1,,,,,,,,,,,,,1,,,,,,,,,,,,,,,,,,,,,,,,,,,,,,,,1,,,,,,,,,,,,,,,,,,,,,,,,,,,,,,,,,,,,,,,,,,,,,,,,,,,,,,,,,,,,,,,,,,,,,,,,
MovableExtInsulationSimple.idf,,,,,,,,,,,,,,,,,4,,,,,,,,,1,,,,,,,,,,,2,,,,,,,,,1,,,,,,,,,,,,,,,,,,,,,,,,,,,,,,,,,,,,,,,1,,,,,,,,,,,,,,,,,1,,,,,,,,,,1,,,,,,2,,,,,,,,,,,,,,,,,,,,,,,,,,,,,,,,,,2,,,,,,,,,,,,,,,,,,,,,,,,,,,,,,,,,,,,,,,,,,,,,,,,,,,,,,,,,,,,,,,,,,,,,,,,,,,,,,,,,,,,,,,,,,,,,,,,,,,,,,1,,,,,,,,,,,,10,,,,,,,,,,,,,,,,,,,,,,,,,,,,,,,,,,,,,,,3,,,,,,,,,,,1,,,,,,,,,,,,,,,,,4,,,,,,,,,,,,,,,,,,,,,,,,,,,,,1,,,,,,,,,,,,,,,,,,,1,,,,,,,,,,,,,,,,,,,,,,,,,,,,,,,,,,,,,,,,,,,,,,,,,,,1,,,,,,,,,,,,,1,,,,,,,,,,,,,,,,,,,1,,,,,,,,,,,,,,,,,,,,,,,,,,,,,,,,,1,,,,,,,,,,,,,,,,,,,,,,,,,,,,,,,,,1,,,1,,,,,,,,,,,,,,,,,,,,,,,,,,,1,,,,,,,,,,,,,,,,,,,,,,,,,,,,,,,,,,,,,,,,,,,,,,,,,,1,,,,,,,,,,,,,,,,,,,,,1,,,,,,1,,,,,,,,,,,,,,,,,,,,,,,6,,,,,,,,,,,,,,,,,,,,,,,,,,,,,,,,,,,,,,,,,,,,1,,,,,,,,,,,,,,1,,1,,,,,,,,,,,1,,,,,,,,,,,,,,,,,,,,,,,,,,,,,,,,1,,,,,,,,,,,,,,,,,,,,,1,9,,,,,,,,,,,,,,,,,,,,,,,,,,,,,,,,,,,,,,,,,,,1,,,,,,,
MovableIntInsulationLights.idf,,,,,,,,,,,,,,,,,4,,,,,,,,,1,,,,,,,,,,,2,,,,,,,,,1,,,,,,,,,,,,,,,,,,,,,,,,,,,,,,,,,,,,,,,1,,,,,,,,,,,,,,,,,1,,,,,,,,,,1,,,,,,2,,,,,,,,,,,,,,,,,,,,,,,,,,,,,,,,,,2,,,,,,,,,,,,,,,,,,,,,,,,,,,,,,,,,,,,,,,,,,,,,,,,,,,,,,,,,,,,,,,,,,,,,,,,,,,,,,,,,,,,,,,,,,,,,,,,,,,,,,1,,,,,,,,,,,,10,,,,,,,,,,,,,,,,,,,,,,,,,,,,,,,,,,,,,,,3,,,,,,,,,,,1,,,,,,,,,,,,,,,,,4,,,,,,,,,,,,,,,,,,,,,,,,,,,,,1,,,,,,,,,,,,,,,,,,,1,,,,,,,,,,,,,,,,,,,,,,,,,,,,,,,,,,,,,,,,,,,,,,,,,,,1,,,,,,,,,,,,,1,,,,,,,,,,,,,,,,,,,1,,,,,,,,,,,,,,,,,1,,,,,,,,,,,,,,,,1,,,,,,,,,,,,,,,,,,,,,,,,,,,,,,,,,1,,,1,,,,,,,,,,,,,,,,,,,,,,,,,,,1,,,,,,,,,,,,,,,,,,,,,,,,,,,,,,,,,,,,,,,,,,,,,,,,,,1,,,,,,,,,,,,,,,,,,,,,1,,,,,,1,,,,,,,,,,,,,,,,,,,,,,,6,,,,,,,,,,,,,,,,,,,,,,,,,,,,,,,,,,,,,,,,,,,,1,,,,,,,,,,,,,,1,,1,,,,,,,,,,,1,,,,,,,,,,,,,,,,,,,,,,,,,,,,,,,,1,,,,,,,,,,,,,,,,,,,,,1,9,,,,,,,,,,,,,,,,,,,,,,,,,,,,,,,,,,,,,,,,,,,1,,,,,,,
MovableIntInsulationLightsLowE.idf,,,,,,,,,,,,,,,,,4,,,,,,,,,1,,,,,,,,,,,2,,,,,,,,,1,,,,,,,,,,,,,,,,,,,,,,,,,,,,,,,,,,,,,,,1,,,,,,,,,,,,,,,,,1,,,,,,,,,,1,,,,,,2,,,,,,,,,,,,,,,,,,,,,,,,,,,,,,,,,,2,,,,,,,,,,,,,,,,,,,,,,,,,,,,,,,,,,,,,,,,,,,,,,,,,,,,,,,,,,,,,,,,,,,,,,,,,,,,,,,,,,,,,,,,,,,,,,,,,,,,,,1,,,,,,,,,,,,10,,,,,,,,,,,,,,,,,,,,,,,,,,,,,,,,,,,,,,,3,,,,,,,,,,,1,,,,,,,,,,,,,,,,,4,,,,,,,,,,,,,,,,,,,,,,,,,,,,,1,,,,,,,,,,,,,,,,,,,1,,,,,,,,,,,,,,,,,,,,,,,,,,,,,,,,,,,,,,,,,,,,,,,,,,,1,,,,,,,,,,,,,1,,,,,,,,,,,,,,,,,,,1,,,,,,,,,,,,,,,,,1,,,,,,,,,,,,,,,,1,,,,,,,,,,,,,,,,,,,,,,,,,,,,,,,,,1,,,1,,,,,,,,,,,,,,,,,,,,,,,,,,,1,,,,,,,,,,,,,,,,,,,,,,,,,,,,,,,,,,,,,,,,,,,,,,,,,,1,,,,,,,,,,,,,,,,,,,,,1,,,,,,1,,,,,,,,,,,,,,,,,,,,,,,6,,,,,,,,,,,,,,,,,,,,,,,,,,,,,,,,,,,,,,,,,,,,1,,,,,,,,,,,,,,1,,1,,,,,,,,,,,1,,,,,,,,,,,,,,,,,,,,,,,,,,,,,,,,1,,,,,,,,,,,,,,,,,,,,,1,9,,,,,,,,,,,,,,,,,,,,,,,,,,,,,,,,,,,,,,,,,,,1,,,,,,,
MovableIntInsulationSimple.idf,,,,,,,,,,,,,,,,,4,,,,,,,,,1,,,,,,,,,,,2,,,,,,,,,1,,,,,,,,,,,,,,,,,,,,,,,,,,,,,,,,,,,,,,,1,,,,,,,,,,,,,,,,,1,,,,,,,,,,1,,,,,,2,,,,,,,,,,,,,,,,,,,,,,,,,,,,,,,,,,2,,,,,,,,,,,,,,,,,,,,,,,,,,,,,,,,,,,,,,,,,,,,,,,,,,,,,,,,,,,,,,,,,,,,,,,,,,,,,,,,,,,,,,,,,,,,,,,,,,,,,,1,,,,,,,,,,,,11,,,,,,,,,,,,,,,,,,,,,,,,,,,,,,,,,,,,,,,3,,,,,,,,,,,1,,,,,,,,,,,,,,,,,4,,,,,,,,,,,,,,,,,,,,,,,,,,,,,1,,,,,,,,,,,,,,,,,,,1,,,,,,,,,,,,,,,,,,,,,,,,,,,,,,,,,,,,,,,,,,,,,,,,,,,1,,,,,,,,,,,,,1,,,,,,,,,,,,,,,,,,,1,,,,,,,,,,,,,,,,,,,,,,,,,,,,,,,,,1,,,,,,,,,,,,,,,,,,,,,,,,,,,,,,,,,1,,,1,,,,,,,,,,,,,,,,,,,,,,,,,,,1,,,,,,,,,,,,,,,,,,,,,,,,,,,,,,,,,,,,,,,,,,,,,,,,,,1,,,,,,,,,,,,,,,,,,,,,1,,,,,,1,,,,,,,,,,,,,,,,,,,,,,,6,,,,,,,,,,,,,,,,,,,,,,,,,,,,,,,,,,,,,,,,,,,,1,,,,,,,,,,,,,,1,,1,,,,,,,,,,,1,,,,,,,,,,,,,,,,,,,,,,,,,,,,,,,,1,,,,,,,,,,,,,,,,,,,,,1,9,,,,,,,,,,,,,,,,,,,,,,,,,,,,,,,,,,,,,,,,,,,1,,,,,,,
MultiSpeedACFurnace.idf,,,,,,,,,,,,,,,,,5,,,,,,,,,3,,,,,,,,,,,,,,,,,,,,2,,,,1,,,,,,,,,,,,1,,,,,,,,,,,,,,,1,,12,,,,,,1,,,,,1,,,,,,,,,,,,3,,,,,1,,,,,1,,,,,,2,,,,,,,,,,,,,,,,,,,,,,,,,,,,,,,,,,12,,,,,,,,,,,,,,,,,,,,,,,,,,,,,,,,,,,,,,,,,,,,,,,,,,,,,,,,,,,,,,,,,1,,,,,,,,,,,,,,,,,,,,,,,1,,,,,,,,,,,,,,1,,,,,,,,,,,,24,,1,,,,,,,,,,,,,,,,,,,17,,,,,,,,,,,,,,,,,,5,,,,,,,,,,,1,,,,,,,,,,,,,,,,,15,,,,,,,,,,,,,,,,,,,,,,,,,,,,,,,,,,,,,,,,,,,,,,,,7,,,,,,,,,,,,,,,,,,,,,,,,,,,,,,,,,,,,,,1,,,,,,,,3,,,,,1,,,,,,,,,,,,,1,,,,,,,,,,,,3,,,,,,,1,3,,,,,,,,,,,1,,,,,2,,1,,,,,,,,,,3,,,,1,,,,,,,1,,,,,,,,,,,1,,,,,,,,,,,,,,,1,,,1,,,,,,,,,2,,,,,,,,,,1,,,,2,,,,1,,,,,,,,,,,,,,,,,,,,,,,,1,,,,,,,,,,,,,,,,,1,,,,,,,,,,,,,1,,,,,,,,,,,,,,,,,1,,,,,,1,,,,,,,,,,,,,,,,,,,,,,,20,,,,,,,,,1,,,,,,,,,,,,,,,,,,,,,,,,,,,,,,,,,,,3,,,,,,,,,,,,,,1,,1,,,,,,,,,,,1,,,,,,,,,,,,,,,,,,,,,,,,,,,,,,,,1,20,,,,,,,,,,,,,,,,,,,,1,9,,,,,,,,,,,,,,,,,,,,,,,,,,,,,,,,,,,,,1,,,,,,1,,,,1,,,
MultiSpeedHeatPump.idf,,,,,,,,,,,,,,,,,5,,,,,,,,,3,,,,,,,,,,,,,,,,,,,,2,,,,1,,,,,,,,,,,,1,,,,,,,,,,,,,,,1,,12,,,,,,1,,,,,1,,,,,,,,,,,,3,,,,,1,,,,,1,,,,,,2,,,,,,,,,,,,,,,,,,,,,,,,,,,,,,,,,,12,,,,,,,,,,,,,,,,,,,,,,,,,,,,,,,,,,,,,,,,,,,,,,,,,,,,,,,,,,,,,,,,,1,,,,,,,,,,,,,,,,,,,,,,,1,,,,,,,,,,,,,,1,,,,,,,,,,,,24,,1,,,,,,,,,,,,,,,,,,,17,,,,,,,,,,,,,,,,,,5,,,,,,,,,,,1,,,,,,,,,,,,,,,,,14,,,,,,,,,,,,,,,,,,,,,,,,,,,,,,,,,,,,,,,,,,,,1,,,,7,,,,,,,,,,,,,,,,,,,,,,,,,,,,,,,,,,,,,,1,,,,,,,,3,,,,,1,,,,,,,,,,,,,1,,,,,,,,,,,,3,,,,,,,1,3,,,,,,,,,,,1,,,,,2,,,,,,,,,,,,3,,,,1,,,,,,,1,,,,,,,,,,,1,,,,,,,,,,,,,,,1,,,1,,,,,,,,,2,,,,,,,,,,1,,,,2,,,,1,,,,,,,,,,,,,,,,,,,,,,,,1,,,,,,,,,,,,,,,,,1,,,,,,,,,,,,,1,,,,,,,,,,,,,,,,,1,,,,,,1,,,,,,,,,,,,,,,,,,,,,,,20,,,,,,,,,1,,,,,,,,,,,,,,,,,,,,,,,,,,,,,,,,,,,3,,,,,,,,,,,,,,1,,1,,,,,,,,,,,1,,,,,,,,,,,,,,,,,,,,,,,,,,,,,,,,1,20,,,,,,,,,,,,,,,,,,,,1,9,,,,,,,,,,,,,,,,,,,,,,,,,,,,,,,,,,,,,1,,,,,,1,,,,1,,,
MultiSpeedHeatPump_DirectSolution.idf,,,,,,,,,,,,,,,,,5,,,,,,,,,3,,,,,,,,,,,,,,,,,,,,2,,,,1,,,,,,,,,,,,1,,,,,,,,,,,,,,,1,,12,,,,,,1,,,,,1,,,,,,,,,,,,3,,,,,1,,,,,1,,,,,,2,,,,,,,,,,,,,,,,,,,,,,,,,,,,,,,,,,12,,,,,,,,,,,,,,,,,,,,,,,,,,,,,,,,,,,,,,,,,,,,,,,,,,,,,,,,,,,,,,,,,1,,,,,,,,,,,,,,,,,,,,,,,1,,,,,,,,,,,,,,1,,,,,,,,,,,,24,,1,,,,,,,,,,,,,,,,,,,17,,,,,,,,,,,,,,,,,,5,,,,,,,,,,,1,,,,,,,,,,,,,,,,,14,,,,,,,,,,,,,,,,,,,,,,,,,,,,,,,,,,,,,,,,,,,,1,,,,7,,,,,,,,,,,,,,,,,,,,,,,,,,,,,,,,,,,,,,1,,,,,,,,3,,,,,1,,,,,,,,,,,,,1,,,,,,,,,,,,3,,,,,,,1,3,,,,,,,,1,,,1,,,,,2,,,,,,,,,,,,3,,,,1,,,,,,,1,,,,,,,,,,,1,,,,,,,,,,,,,,,1,,,1,,,,,,,,,2,,,,,,,,,,1,,,,2,,,,1,,,,,,,,,,,,,,,,,,,,,,,,1,,,,,,,,,,,,,,,,,1,,,,,,,,,,,,,1,,,,,,,,,,,,,,,,,1,,,,,,1,,,,,,,,,,,,,,,,,,,,,,,20,,,,,,,,,1,,,,,,,,,,,,,,,,,,,,,,,,,,,,,,,,,,,3,,,,,,,,,,,,,,1,,1,,,,,,,,,,,1,,,,,,,,,,,,,,,,,,,,,,,,,,,,,,,,1,20,,,,,,,,,,,,,,,,,,,,1,9,,,,,,,,,,,,,,,,,,,,,,,,,,,,,,,,,,,,,1,,,,,,1,,,,1,,,
MultiSpeedHeatPump_MultiSolvers.idf,,,,,,,,,,,,,,,,,5,,,,,,,,,3,,,,,,,,,,,,,,,,,,,,2,,,,1,,,,,,,,,,,,1,,,,,,,,,,,1,,,,1,,12,,,,,,1,,,,,1,,,,,,,,,,,,3,,,,,1,,,,,1,,,,,,2,,,,,,,,,,,,,,,,,,,,,,,,,,,,,,,,,,12,,,,,,,,,,,,,,,,,,,,,,,,,,,,,,,,,,,,,,,,,,,,,,,,,,,,,,,,,,,,,,,,,1,,,,,,,,,,,,,,,,,,,,,,,1,,,,,,,,,,,,,,1,,,,,,,,,,,,24,,1,,,,,,,,,,,,,,,,,,,17,,,,,,,,,,,,,,,,,,5,,,,,,,,,,,1,,,,,,,,,,,,,,,,,14,,,,,,,,,,,,,,,,,,,,,,,,,,,,,,,,,,,,,,,,,,,,1,,,,7,,,,,,,,,,,,,,,,,,,,,,,,,,,,,,,,,,,,,,1,,,,,,,,3,,,,,1,,,,,,,,,,,,,1,,,,,,,,,,,,3,,,,,,,1,3,,,,,,,,,,,1,,,,,2,,,,,,,,,,,,3,,,,1,,,,,,,1,,,,,,,,,,,1,,,,,,,,,,,,,,,1,,,1,,,,,,,,,2,,,,,,,,,,1,,,,2,,,,1,,,,,,,,,,,,,,,,,,,,,,,,1,,,,,,,,,,,,,,,,,1,,,,,,,,,,,,,1,,,,,,,,,,,,,,,,,1,,,,,,1,,,,,,,,,,,,,,,,,,,,,,,20,,,,,,,,,1,,,,,,,,,,,,,,,,,,,,,,,,,,,,,,,,,,,3,,,,,,,,,,,,,,1,,1,,,,,,,,,,,1,,,,,,,,,,,,,,,,,,,,,,,,,,,,,,,,1,20,,,,,,,,,,,,,,,,,,,,1,9,,,,,,,,,,,,,,,,,,,,,,,,,,,,,,,,,,,,,1,,,,,,1,,,,1,,,
MultiSpeedHP_StagedThermostat.idf,,,,,,,,,,,,,,,,,5,,,,,,,,,3,,,,,,,,,,,,,,,,,,,,2,,,,1,,,,,,,,,,,,1,,,,,,,,,,,,,,,1,,12,,,,,,1,,,,,1,,,,,,1,,,,,,3,,,,,1,,,,,1,,,,,,2,,,,,,,,,,,,,,,,,,,,,,,,,,,,,,,,,,12,,,,,,,,,,,,,,,,,,,,,,,,,,,,,,,,,,,,,,,,,,,,,,,,,,,,,,,,,,,,,,,,,1,,,,,,,,,,,,,,,,,,,,,,,1,,,,,,,,,,,,,,1,,,,,,,,,,,,27,,1,,,,,,,,,,,,,,,,,,,17,,,,,,,,,,,,,,,,,,5,,,,,,,,,,,1,,,,,,,,,,,,,,,,,14,,,,,,,,,,,,,,,,,,,,,,,,,,,,,,,,,,,,,,,,,,,,1,,,,7,,,,,,,,,,,,,,,,,,,,,,,,,,,,,,,,,,,,,,1,,,,,,,,3,,,,,1,,,,,,,,,,,,,1,,,,,,,,,,,,3,,,,,,,1,3,,,,,,,,,,,1,,,,,2,,,,,,,,,,,,3,,,,1,,,,,,,1,,,,,,,,,,,1,,,,,,,,,,,,,,,1,,,1,,,,,,,,,2,,,,,,,,,,1,,,,2,,,,1,,,,,,,,,,,,,,,,,,,,,,,,1,,,,,,,,,,,,,,,,,1,,,,,,,,,,,,,1,,,,,,,,,,,,,,,,,1,,,,,,1,,,,,,,,,,,,,,,,,,,,,,,20,,,,,,,,,1,,,,,,,,,,,,,,,,,,,,,,,,,,,,,,,,,,,3,,,,,,,,,,,,,,1,,1,,,,,,,,,,,1,,,,,,,,,,,,,,,,,,,,,,,,1,,,,,,,,1,20,,,,,,,,,,,,,,,,,,,,1,9,,,,,,,,,,,,,,,,,,,,,,,,,,,,,,,,,,,,,1,,,,,,1,,,,1,,,
MultiStory.idf,,,,,,,,,,,,,,,,,5,,,,,,,,,9,,,,,,,,,,,,,,,,,,,,1,,,,,,,,,,,,,,,,,,,,,,,,,,,,,,,,,3,,,,,,1,,,,,,,,,,,4,,,,,,9,,,1,,9,1,,,,1,,,,,,2,,,,,,1,,,,,,,5,,,,,,,,,9,,,,,,,,,,,,4,,,,,,,,,,,,,,,,,,,,,,,,,,,,,,,,,,,,,,,,,,,,,,,,,,,,,,,,,,,,,,,,,,,,,,,,,,,,,,,,,,,,,,,,,,,,,,,,,,,,,,,,,,,,,,,,,,46,,,,,,,,,,,,,,,,,,,,,2,,,,,,,,,,,,,,,1,,,6,,1,,,,,,,,,1,,,,,,,,,,,,,,,,,5,,,,,,,,,,1,,,,,,,,,,,,,,,,,,,,9,,,,,,,,,,,,,,,,,,,,,,,,,,,,,,,,,,,,,,,,,,,,,,,,,,,,,,,,,,,,,,,3,1,,,,,1,,,,,,,,,,,,,1,,,,,,,,,,,,,,,,,,,1,,,,,,,,,,,,,,,,,1,,,,,,,,,,,,1,,,,1,,,1,,,,,,,,,,,,,,,,,,,,,,,,,,,,,,1,,,1,,,,,,,,,,,,,,,,,,9,24,,,,,,,,1,,,,,,,,,,,,,,,,,,,,,,,,9,,,,,,,,,,,,,,,,,,,,,,,,,,,,,,,,,,,,,,,,,,,,,,,,,,,,,1,,,,,,,,,,,,,,,,,,,,,,,54,,,,,,,,,9,,,,,,,,,,,,,,,,,,,,,,1,,,,,,,,,,,,,9,,,,,,,,,,,,,,1,,9,,,,,,,,,,,1,,,,,,,,,,,,,,,,,,,9,,,,,,,,,,,,,1,,,,9,,,,,,,,,,,,,,,,,1,14,,,,,,,,,,,,,,,,,,,,,,,,,,,,,,,,,,,,,,,,,,,,,1,,,,,
Mundt_System_Always_On.idf,,,,,,,2,,,,,,4,,,,6,,,,,,,,,4,,,,,,,,,,,,,,,,,,,,1,,,,,,,,,,,,,,,,21,,,,,,,,,,,,,,,,1,1,,1,,,,1,,,,,1,,,,,,,,,,,,4,,,,,,,,,,1,,,,,,2,,,,,,,,,,,,,,,,,,,,,,4,,,,,,,,,,,,14,,,,,,,,,,,,,,,,,,,,,,,,,,,,,,,,,,,,,,,,,,,,,,,,,,,,,,,,,,,,,,,,,1,,,,,,,,,,,,,,,,,,,,,,,1,1,,,,,,,,,,,,,1,,,,,,,,,,,2,13,,1,,,,,,,,,,,,,,,,,,,,,,,,,,,,,,2,,,,,,,5,,,,,,,,,,,1,,,,,,,,,,,,,,,,,16,,,,,,,,,,,,,,,,,,,,,,,,,10,,,,,,,,,,,,,,,,,,,,,,,9,,,,,,4,,,,,,,,,,,,,,,,,,,,,,,,,,,,,,,,2,,,4,,,,,4,,,,,1,,,,,,,,,,,,,1,1,,,,,,,,,,,4,,,,,,,,,,,,,,,,,,,1,,,,,2,,,,,,,,,,,,4,,,,1,,,,,,,1,,,,,2,,,,,,,,,,,,,,,,,,,,,1,,,1,,,,,,,,,1,,,2,,,,,,4,4,,,,1,,,,1,,,,,,,,,,,,,,,,,,,,,1,,,1,,,,,,,,,,,,,,,,,1,,,,,,,,,,,,,5,,,,,2,,,,,,,,,4,,,1,,,,,,1,,,,,,,,,,,,,,,,,,,,,,,56,,,,,,,,,1,,,,,,5,1,,,,,,,,,,4,,,,,1,,,,,,,,,,,,,4,,,,,,,,,,,,,,1,,4,,,,,,,,,,,1,,,,,2,5,,,,,,,,,,,,,,,,,,,,,,,,,,1,,,,,,,,,,,,,,,,,,,,,1,9,,,1,,,,,,,,,,,,,,,,,,,,,1,,,,,,,18,,,,,,1,,,,,,1,,,,1,,,
Mundt_System_On_During_the_Day.idf,,,,,,,2,,,,,,4,,,,6,,,,,,,,,4,,,,,,,,,,,,,,,,,,,,1,,,,,,,,,,,,,,,,21,,,,,,,,,,,,,,,,1,1,,1,,,,1,,,,,1,,,,,,,,,,,,4,,,,,,,,,,1,,,,,,2,,,,,,,,,,,,,,,,,,,,,,4,,,,,,,,,,,,14,,,,,,,,,,,,,,,,,,,,,,,,,,,,,,,,,,,,,,,,,,,,,,,,,,,,,,,,,,,,,,,,,1,,,,,,,,,,,,,,,,,,,,,,,1,1,,,,,,,,,,,,,1,,,,,,,,,,,2,13,,1,,,,,,,,,,,,,,,,,,,,,,,,,,,,,,2,,,,,,,5,,,,,,,,,,,1,,,,,,,,,,,,,,,,,16,,,,,,,,,,,,,,,,,,,,,,,,,10,,,,,,,,,,,,,,,,,,,,,,,9,,,,,,4,,,,,,,,,,,,,,,,,,,,,,,,,,,,,,,,2,,,4,,,,,4,,,,,1,,,,,,,,,,,,,1,1,,,,,,,,,,,4,,,,,,,,,,,,,,,,,,,1,,,,,2,,,,,,,,,,,,4,,,,1,,,,,,,1,,,,,2,,,,,,,,,,,,,,,,,,,,,1,,,1,,,,,,,,,1,,,2,,,,,,4,4,,,,1,,,,1,,,,,,,,,,,,,,,,,,,,,1,,,1,,,,,,,,,,,,,,,,,1,,,,,,,,,,,,,5,,,,,2,,,,,,,,,4,,,1,,,,,,1,,,,,,,,,,,,,,,,,,,,,,,56,,,,,,,,,1,,,,,,5,1,,,,,,,,,,4,,,,,1,,,,,,,,,,,,,4,,,,,,,,,,,,,,1,,4,,,,,,,,,,,1,,,,,2,5,,,,,,,,,,,,,,,,,,,,,,,,,,1,,,,,,,,,,,,,,,,,,,,,1,9,,,1,,,,,,,,,,,,,,,,,,,,,1,,,,,,,18,,,,,,1,,,,,,1,,,,1,,,
OptimalStart_RefBldgLargeOfficeNew2004_Chicago.idf,,,,,,,4,,,,,,16,,,,7,,,,,,,,,19,,,1,,1,,,,,,2,1,,,,,,,,2,,,,,,,,,,,,,,,,62,,,,,,,,,,,,,,15,,4,,,1,,,,1,,,,,4,,,,,,1,,,,,,16,,1,,,,,,,,,,,,,,2,,,,,,1,,,,,,,,,,,,,,,,16,,,,,,3,,,,,,,,,,1,1,,,2,,,,,,,,,,,,,,,,,,,1,,,,,,,,,,,,,,,,,,,,,,,,,,,,,,,,,,,,,,4,,,,,,,,,,,,,,,,,,,,,,,4,4,,,,,,,,,,,,,,,,,,,,,,16,,3,5,,4,,,,,,,,,,,,,,,,,,,2,,,1,,,,,,,,,,,,,,,10,,1,,,,,,4,,,1,,,,,,,,,,,,,,,,,26,,,,,,,,,,,,,,,,,,,,,,,,,20,1,,,,,,,,,,,,,,,,,,,,,,20,,,,1,,8,,,,,,,,,,,,,,,,,,,,,,,,,,,,,,,,8,,,,,,,,16,,,,,,,,1,,,,,,,,,,1,4,,,,,,,,,,1,16,,,,,,,,,,,,,,,,,,,4,3,,,,16,,,,,,,,,,,,16,,,,1,,,,,,,4,,,,,3,,,,,,,,,,1,,,,,,,,,,,1,,1,1,,,,,,,,,4,,,3,,,,,,16,12,,,,,,,,1,,,,,,10,,,,,,,,,,,,,,,2,,,1,,,,,,,,,,,,,,,,,4,,,,,,,,,,,,,12,,,,,8,,,,,,,,,8,,,,,,,,,1,,,,,,,,,,,,,,,,,,,,,,,130,,,,,,,,,4,,,,,,20,2,,,,,,,,,,8,,,,,16,,,3,,,,,,,,,,16,,,,,,,,,,,,,,1,,16,,,,,,,,,,,1,,,,,3,10,,,,,,,,,,,,1,,,1,,,,,,,,,,,,,,,,,,,,,,,,,,,,,,,,1,15,,,12,,,,,,,,,,,,,,,,1,,,,,,,,,,,,,,,,,,4,,,,,,1,,,,4,,,
OutdoorAirUnit.idf,,,,,,,2,,,,,1,,,,,5,,,,,,,,,6,,,,,,,,,,,4,,,,,,,,,2,,1,,,,,,,,,,,,,,20,4,,,,,,,,,,,,,5,2,3,3,,,,,,1,,,,,,,2,,,,,,,,,,5,2,,,,,2,,,,4,,,,,,2,,,,,,1,,,3,,,,,,,,,,,,,5,,,,,,,,,,,,,,,,,,,,,,,,,,,,,,,,,,,,,,,,,,,,,,,,,,,,,,,,,,,,,,,,,,,,,,,,,,,,,,,,,,,,,,,,,2,,,,,,,,,,,,,,,,,,,,,,,,,1,,,,,,,6,,,,2,9,,1,,,,,,,,,,,,,,,,,,,2,,,,,,,,,,,,,,,,,,7,,,,,,,,,,,1,,,,,,,,,,,,,,,,,19,,,,,,,,,,,,,,,,,,,2,,,,,,10,,,,,,,,,,,,,,,,,,,,,,,13,,,,,,4,,,,,,,,,,,,,,,,,,,,,,,,,,,,,,,,,,,,,,,,5,,,,,,,,,,,,,,,,,,1,,,,,,,,,,,,,,,,,,,,,,,,,,,,,,,,,,,,5,,,,1,,,,,,,,5,,,,1,,,,,,,,,,,,2,,,,,,,,,,,,,,,6,,,,,,1,1,,1,,,,,,,,,,,,2,,,13,,,5,6,,,,,,,,1,,,,,,,,,,,,,,,,,,,,,1,,,6,,,,,,1,,,,,,,,,,,,,,,,,,,,,,,,4,,3,,,,,,,,,,,,4,,,1,,,,,,1,,,,,,,,,,,,,,,,,,,,,,,40,,,,,,,,,,,,,,,3,1,,,,,,,,,,4,,,,,,,,,,,,,,,,,,5,,,,,,,,,,,,,,1,,5,,,,,,,,,,,1,,,,,2,2,,,,,,,,,,,,,,,,,,,,,,,,,,1,,,,4,,,,,,,,1,,,,,1,,,,1,10,,,,,,,,,,,,,,,,,,,,,,,,,,,,,,,,,,,,,,,,,,,1,,,,,,,
OutdoorAirUnitwithAirloopHVAC.idf,,,,,,,2,,,,,1,1,,,,5,,,,,,,,,6,,,,,,,,,,,4,,,,,,,,,2,,1,,,,,,,,,,,,,,22,4,,,,,,,,,,,,,5,2,4,5,,,,,,1,,,,12,1,,2,,,,,,,,,,5,2,,,,,2,,,,4,,,,,,2,,,,,,1,,,3,,,,,,,,,,,,,4,,,,,,,,1,,,,,,,,,,,,,,,,,,,,,,,,,,,,,,,,,,,,,,,,,,,,,,,,,,,,,,,,,,,,,,,,,,,,,1,,,,,,,,,,,,2,,,,,,,,,,,1,1,,,,,,,,,,,,,1,,,,,,,6,,,,2,43,,2,,,,,,,,,,,,,,,,,,,2,,,,,,,,,,,,,,,,,,7,,,,,,,,1,,,1,,,,,,,,,,,,,,,,,20,,,,,,,,,,,,,,,,,,,3,,,,,,10,,,,,,,,,,,,,,,,,,,,,,,14,,,,,,4,,,,,,,,,,,,,,,,,,,,,,,,,,,,,,,,2,,,,,,,,5,,,,,,,,,,,,,,,,,,1,2,,,,,,,,,,,1,,,,,,,,,,,,,,,,,,,1,,,,,5,,,,1,,,,,,,,5,,,,1,,,,,,,1,,,,,2,,,,,,,,,,,,,,,6,,,,,,1,1,,1,,,,,,,,,1,,,2,,,,,,4,6,,,,,,,,1,,,,,,,,,,,,,,,,,,,,,1,,,7,,,,,,1,,,,,,,,,,,1,,,,,,,,,,,,,5,,3,,,1,,,,,,,,,4,,,1,,,,,,1,,,,,,,,,,,,,,,,,,,,,,,40,,,,,,,,,1,,,,,,3,1,,,,,,,,,,4,,,,,,,,,,,,,,,,,,5,,,,,,,,,,1,,,,1,,5,,,,,,,,,,,1,,,,,2,3,,,,,,,,,,,,,,,,,,,,,,,,,,1,3,,,4,,,,,,,,1,,,,,,,,,1,10,,,1,,,,,,,,,,,,,,,,,,,,,,,,,,,,,,,,,,1,,,,,,1,,,,1,,,
PackagedTerminalAirConditioner.idf,,,,3,,,2,,,,,,,,,,5,,,,,,,,,3,,,,,,,,,,,1,,,,,,,,,2,,,,,,,,,,,,,,,,8,,,,,,,,,,,,,,3,1,,5,,,,,,1,,,,,,,,,,,,,,,,,3,,,,,,,,,,1,,,,,,2,,,,,,1,,,,,,,,,,1,,,,,,3,,,,,,,,,,,,8,,,,,,,,,,,,,,,,,,,,,,,,,,,,,,,,,,,,,,,5,,,,,,,,,,,,,,,,,,,,,,,,,,,,,,,,,,,,,,,,,,,,,,,,,,,,,,,,,,,,,,,1,,,,,,,,,,,1,58,,1,,,,,,,,,,,,,,,,,,,2,,,,,,,,,,,,,,,,,,5,1,,,,,,,,,,1,,,,,,,,,,,,,,,,,22,,,,,,,,,,,,,,,,,,,1,,,,,,,,,,,,,,,,,,,,,,,,,,,,,7,,,,,,2,,,,,,,,,,,,,,,,,,,,,,,,,,,,,,,,,,,,,,,,3,,,,,,,,,,,,,,,,,,1,,,,,,,,,,,,,,,,,,,1,,,,,,,,,,,,,,,,,3,,,,,,,,,,,,3,,,,1,,,,,,,,,,,,1,,,,,,,,,,1,,,,,,,,,,,1,,,1,,,,,,,,,1,,,,,,3,,,3,1,,,,,,,,1,,,,,,,,,,,,,,,,,,,,,,,,,,,,,,,,,,,,,,,,,,,,,,,,,,,,,,2,,,,,,,,,,,,,,2,,,1,,,,,,1,,,,,,,,,,,,,,,,,,,,,,,20,,,,,,,,,3,,,,,,,1,,1,,,,,,,,2,,,,,1,,,,,,,,,,,,,3,,,,,,,,,,,,,,1,,3,,,,,,,,,,,1,,,,,1,2,,,,,,,,,,,,1,,,,,,,,,,,,,,1,3,,,3,,,,,,,,,,,,,,,,,1,10,,,,,,,,,,,,,,,,,,,,,,,,,,,,,,,,,,,,,,,,,,,1,,,,,,,
PackagedTerminalAirConditionerVSAS.idf,,,,3,,,2,,,,,,,,,,5,,,,,,,,,3,,,,,,,,,,,1,,,,,,,,,2,,,,,,,,,,,,,,,,8,,,,,,,,,,,,,,3,1,,5,,,,,,1,,,,,,,,,,,,,,,,,3,,,,,,,,,,1,,,,,,2,,,,,,1,,,,,,,,,,1,,,,,,3,,,,,,,,,,,,8,,,,,,,,,,,,,,,,,,,,,,,,,,,,,,,,,,,,,,,5,,,,,,,,,,,,,,,,,,,,,,,,,,,,,,,,,,,,,,,,,,,,,,,,,,,,,,,,,,,,,,,1,,,,,,,,,,,1,47,,1,,,,,,,,,,,,,,,,,,,2,,,,,,,,,,,,,,,,,,5,1,,,,,,,,,,1,,,,,,,,,,,,,,,,,20,,,,,,,,,,,,,,,,,,,1,,,,,,,,,,,,,,,,,,,,,,,,,,,,,7,,,,,,2,,,,,,,,,,,,,,,,,,,,,,,,,,,,,,,,,,,,,,,,3,,,,,,,,,,,,,,,,,,1,,,,,,,,,,,,,,,,,,,1,,,,,,,,,,,,,,,,,3,,,,,,,,,,,,3,,,,1,,,,,,,,,,,,1,,,,,,,,,,,,,,,,,,,,,1,,,1,,,,,,,,,,,,,,,3,,,3,1,,,,,,,,1,,,,,,,,,,,,,,,,,,,,,,,,,,,,,,,,,3,,,,,,,,,,,,,,,,,,,,,2,,,,,,,,,,,,,,2,,,1,,,,,,1,,,,,,,,,,,,,,,,,,,,,,,20,,,,,,,,,3,,,,,,,1,,1,,,,,,,,2,,,,,1,,,,,,,,,,,,,3,,,,,,,,,,,,,,1,,3,,,,,,,,,,,1,,,,,1,2,,,,,,,,,,,,1,,,,,,,,,,,,,,1,3,,,,,,,,,,,,,,,,,,,,1,10,,,,,,,,,,,,,,,,,,,,,,,,,,,,,,,,,,,,,,,,,,,1,,,,,,,
PackagedTerminalHeatPump.idf,,,,,,,1,,,,,,,,,,5,,,,,,,,,3,,,,,,,,,,,1,,,1,,,,,,2,,,,,,,,,,,,,,,,,,,,,,,,,,,,,,3,,,5,,,,,,1,,,,,,,,,,,,,,,,,3,,,,,,,,,,1,,,,,,2,,,,,,1,,,,,,,,,,,,,,,,3,,,,,,,,,,,,8,,,,,,,,,,,,,,,,,,,,,,,,,,,,,,,,,,,,,,,,,,,,,,,,,,,,,,,,,,,,,,,,,,,,,,,,,,,,,,,,,,,,,,,,,,,,,,,3,,,,,,,1,,,,,,,,,,,,54,,1,,,,,,,,,,,,,,,,,,,2,,,,,,,,,,,,,,,,,,5,,,,,,,,,,,1,,,,,,,,,,,,,,,,,17,,,,,,,,,,,,,,,,,,,3,,,,,,,,,,,,,,,,,,,,,,,,,,,,,7,,,,,,,,,,,,,,,,,,,,,,,,,,,,,,,,,,,,,,,,,,,,,,3,,,,,,,,,,,,,,,,,,1,,,,,,,,,,,,,,,,,,,1,,,,,,,,,,,,,,,,,3,,,,,,,,,,,,3,,,,1,,,,,,,,,,,,,,,,,,,,,,,,,,,,,,,,,1,,,1,,,,,,,,,,,,,,,3,,,3,1,,,,,,,,1,,,,,,,,,,,,,,,,,,,,,,,,,,,,,,,,,,,,,,,,,,,,,,,,,,,,,,,,,,,,,,,,,,,,,,,1,,,,,,1,,,,,,,,,,,,,,,,,,,,,,,20,,,,,,,,,3,,,,,,,,,,,,,,,,,,,,,,1,,,,,,,,,,,,,3,,,,,,,,,,3,,,,1,,3,,,,,,,,,,,1,,,,,,,,,,,,,,,,,,1,,,,,,,,,,,,,,1,5,,,3,,,,,,,,,,,,,,,,,1,10,,,,,,,,,,,,,,,,,,,,,,,,,,,,,,,,,,,,,,,,,,,1,,,,,,,
PackagedTerminalHeatPumpVSAS.idf,,,,,,,1,,,,,,,,,,5,,,,,,,,,3,,,,,,,,,,,1,,,1,,,,,,2,,,,,,,,,,,,,,,,,,,,,,,,,,,,,,3,,,5,,,,,,1,,,,,,,,,,,,,,,,,3,,,,,,,,,,1,,,,,,2,,,,,,1,,,,,,,,,,,,,,,,3,,,,,,,,,,,,8,,,,,,,,,,,,,,,,,,,,,,,,,,,,,,,,,,,,,,,,,,,,,,,,,,,,,,,,,,,,,,,,,,,,,,,,,,,,,,,,,,,,,,,,,,,,,,,3,,,,,,,1,,,,,,,,,,,,45,,1,,,,,,,,,,,,,,,,,,,4,,,,,,,,,,,,,,,,,,5,,,,,,,,,,,1,,,,,,,,,,,,,,,,,17,,,,,3,,,,,,,,,,,,,,3,,,,,,,,,,,,,,,,,,,,,,,,,,,,,7,,,,,,,,,,,,,,,,,,,,,,,,,,,,,,,,,,,,,,,,,,,,,,3,,,,,,,,,,,,,,,,,,1,,,,,,,,,,,,,,,,,,,1,,,,,,,,,,,,,,,,,3,,,,,,,,,,,,3,,,,1,,,,,,,,,,,,,,,,,,,,,,,,,,,,,,,,,1,,,1,,,,,,,,,,,,,,,3,,,3,1,,,,,,,,1,,,,,,,,,,,,,,,,,,,,,,,,,,,,,,,,,3,,,,,,,,,,,,,,,,,,,,,,,,,,,,,,,,,,,,,,1,,,,,,1,,,,,,,,,,,,,,,,,,,,,,,20,,,,,,,,,3,,,,,,,,,,,,,,,,,,,,,,1,,,,,,,,,,,,,3,,,,,,,,,,,,,,1,,3,,,,,,,,,,,1,,,,,,,,,,,,,,,,,,1,,,,,,,,,,,,,,1,3,,,,,,,,,,,,,,,,,,,,1,10,,,,,,,,,,,,,,,,,,,,,,,,,,,,,,,,,,,,,,,,,,,1,,,,,,,
PackagedTerminalHeatPump_LatentSizing_SensibleAndLatent.idf,,,,,,,1,,,,,,,,,,5,,,,,,,,,3,,,,,,,,,,,1,,,1,,,,,,2,,,,,,,,,,,,,,,,,,,,,,,,,,,,,,3,,,5,,,,,,1,,,,,,,,,,,,,,,,,3,,,,,,,,,,1,,,,,,2,,,,,,1,,,,,,,,,,,,,,,,3,,,,,,,,,,,,8,,,,,,,,,,,,,,,,,,,,,,,,,,,,,,,,,,,,,,,,,,,,,,,,,,,,,,,,,,,,,,,,,,,,,,,,,,,,,,,,,,,,,,,,,,,,,,,3,,,,,,,,,,,,,,,,,,,70,,1,,,,,,,,,,,,,,,,,,,2,,,,,,,,,,,,,,,,,,5,,,,,,,,,,,1,,,,,,,,,,,,,,,,,19,,,,,,,,,,,,,,,,,,,3,,,,,,,,,,,,,,,,,,,,,,,,,,,,,7,,,,,,,,,,,,,,,,,,,,,,,,,,,,,,,,,,,,,,,,,,,,,,3,,,,,,,,,,,,,,,,,,1,,,,,,,,,,,,,,,,,,,1,,,,,,,,,,,,,,,,,3,,,,,,,,,,,,3,,,,1,,,,,,,,,,,,,,,,,,,,,,,,,,,,,,,,,1,,,1,,,,,,,,,,,,,,,3,,,3,1,,,,,,,,1,,,,,,,,,,,,,,,,,,,,,,,,,,,,,,,,,,,,,,,,,,,,,,,,,,,,,,,,,,,,,,,,,,,,,,,,,,,,,1,,,,,,,,,,,,,,,,,,,,,,,20,,,,,,,,,3,,,,,,,,,,,,,,,,,,,,,,1,,,,,,,,,,,,,3,,,,,,,,,,3,,,,1,,3,,,,,,,,,,,1,,,,,,,,,,,,,,,,,,1,,,,,,,,,,,,,,1,5,,,3,,,,,,,,,,,,,,,,,1,10,,,,,,,,,,,,,,,,,,,,,,,,,,,,,,,,,,,,,,,,,,,1,,,,,,,
ParametricInsulation-5ZoneAirCooled.idf,,,,,,,2,,,,,,5,,,,6,,,,,,,,,6,,,,,,,,,,,4,,,,,,,,,1,,,,,,,,,,,,,,,,24,,,,,,,,,,,,,,5,,2,1,,1,,,,1,,,,,1,,,,,,,,,,,,5,,,,,,2,,,,4,,,,,,2,,,,,,1,,,,,,,,,,,,,,,,5,,,,,,1,,,,,,20,,,,,,,,,,,,,,,,,,,,,,,,,,,,,,,1,,,,,,,,,,,,,,,,,,,,,,,,,,,,,,,,,,1,1,,,,,,,,,,,2,,,,,,,,,,,1,1,,,,,,,,,,,,,2,,,,,,,,,,,2,39,,1,,,,,,,,,,,,,,,,,,,,,,,,,,,,,,,,,,,,,12,,,,,,,,,,,1,,,,,,,,,,,,,,,,,23,,,,,,,,,,,,,,,,,,,,,,,,,10,,,1,,,,,,,,,,,,,,,,,,,,2,,,,,,4,,,,,,,,,,,,,,,,,,,,,,,,,,,,,,,,2,,,,,,,,5,,,,,1,,,,,,,,,,,,,1,1,,,,,,,,,,,5,,,,,,,,,,,,,,,,,,,,,,,,5,,,,,,,,,,,,5,,,,1,,,,,,,1,,,,,2,,,,,,,,,,,,,,,,,,,,,1,,,1,,,,,,,,,2,,,2,,,,,,5,6,,,,1,,,,1,,,,,,,,,,,,,,,,,,2,,,1,,,1,,,,,,,,,,,,,,,,,1,,,,,,,,,,,,,5,,3,,,4,,,,,,,,,4,,,2,,,,,,1,,,,,,,,,,,,,,,,,,,,,,,40,,,,,,,,,1,,,,,,7,1,,,,,,,,,,4,,,,,1,,,,,,,,,,,,,5,,,,,,,,,,,,,,1,,5,,,,,,,,,,,1,,,,,2,7,,,,,,,,,,,,,,,,,,,,,,,,,,1,,,,,,,,,,,,,,,,,,,,,1,10,,,1,,,,,,,,,,,,,,,,,,,,,1,,,,,,,,,,,,,1,,,,,,1,,,,1,,,
PassiveTrombeWall.idf,,,,,,,,,,,,,,,,,2,,,,,,,,,3,,,,,,,,,,,,,,,,,,,,1,,,,,,,,,,,,,,,,,,,,,,,,,,,,,,,,,,,,,,,1,,,,,,,,,,,,,,,,,,,,,,,,,,,2,,,,,,2,,,,,,,,,,,,,,,,,,,,,,,,,,,,,,,,,,2,,,,,,,,,,,,,,,,,,,,,,,,,,,,,,,,,,,,,,,,,,,,,,,,,,,,,,,,,,,,,,,,,,,,,,,,,,,,,1,,,,,,,,,,,,,,,,,,,,,,,,,,,,,,,,,,,,,6,,,,,,,,,,,,,,,,,,,,,,,,,,,,,,,,,,,,,,,7,,,,,,,,,,,1,,,,,,,,,,,,,,,,,1,,,,,,,,,,,,,,,,,,,,,,,,,,,,,,,,,,,,,,,,,,,,,,,,,,,,,,,,,,,,,,,,,,,,,,,,,,,,,,,,,,,,,,,,,,,,,,,,,,,1,,,,,,,,,,,,,1,,,,,,,,,,,,,,,,,,,,,,,,,,,,,,,,,,,,,,,,,,,,,,,,,,,,1,,,1,,,,,,,,,,,,,,,,,,,,,,,,,,,,,,1,,,1,,,,,,,,,,,,,,,,,,,3,,,,,,,,1,,,,,,,,,,,,,,,,,,,,,,,,,,,,,,,,,,,,,,,,,,,,,,,,,,,,,,,,1,,,,,,,,,,,,,,,,,,,,,1,,,,,,,,,,,,,,,,,,,,,,,18,,,,,,,,,,,,,,,,,,,,,,,,,,,,,,,,,,,,,,,,,,,,,,,,,,,,,,,,,,1,,,,,,,,,,,,,1,,,,,,,,,,,,,,,,,,,,,,,,,,,,,,,,1,,,,,,,,,,,,,,,,,,,,,1,13,,,,,,,,,,,,,,,,,,,,,,,,,,,,,,,,,,,,,,,,,,,1,,,,,,,
PCMThermalStorage.idf,,,,5,,,3,,1,,,,,,,,7,,,,,,5,,,5,,,1,,,,,,,,6,,,,3,,,,,1,,,,,,,,,,,,,,,,36,,,,,,,1,,,,,,,5,,,21,,,,,,1,5,,,,,3,,,,,,,,,,,5,,,,,5,,1,,,4,,,,,,2,,,,,,1,,,,,,,,,,,,,,,,5,,,,,,,,,,,,,,,,1,1,,,,,,,,,,,2,,,,,,,,34,,,,,,,,,,1,,,,,,,,,,,,,,,,,,,,,,,,,,,,,1,,,,,,,,,,,,,,,,,,,,,,,,,,,,,,,,,,,,,,,,,,,,,,,,5,,3,61,,,,,,,,,,,,,,,,,,,,,11,,2,,,1,,,,,,,,,1,,,,9,,1,,,,,,,,,1,,,,,,,,,,,,,,,,,40,,,,,,,,,,,,,,,,,,,,,,,,,15,,,,,,,,,,,,,,,,,,,,,,,10,,,,,,6,,,,1,,,,,,,,,,,,,,,,,,,,,,,,,,,,,,,,,,,,5,,,,,,,,,,,,,,,,1,,1,,,,,,,,,,,,,,,,,,,,,,,1,,,,,,,,,5,4,,,5,,,,,,,,2,,1,,5,,,,1,,,1,,,,,,,,,3,,,,,,,,,,,,,,,,,,,,,1,7,,1,,,,,,,,,,,,3,,,,,,5,4,,1,,,,,,1,,,,,,10,,,,,,,,1,,,,,,,,,,5,,,,,3,,,,,,,,,,,,,,,,,,,,,,,,,6,,,,,,,,,,,,,,6,,,,,,,,,1,,,,,,,,,,,,1,,,,,,,,,,,30,,,,,,,,,5,,,,,,5,3,,,,,,,,,,6,,,,,5,,,5,,,,,,,,,,5,,,,,,,,,,,,,,1,,5,,,,,,,,,,,1,,2,,,3,3,,,,1,,,,,,,,1,,,1,,,,,,,,,,,1,4,,,5,,,,,,,,,,,,,,,,,1,18,,,,,,,,,,,,,,,,,,,,,,,,,1,,,,,,,,,,,,,3,,,,,1,,,,,,,
PerformancePrecision_ASHRAE9012016_SchoolSecondary_Denver.idf,,,,,,,3,1,,,,,41,,,,7,,,,,,1,,,46,,,3,,,,,,,,13,,,,,,,,,1,,,,,,,,,,137,,,,,,81,5,,,,,,,,,,,,,46,5,4,23,,1,,,,1,,,,5,9,20,,,,,,2,,,,,46,,,,,,,,,,50,,,,,,2,,,,,,1,,,,,,,,,,,,,,,,46,,,,,,,,,,,,2,,,,1,1,,7,,,,,,,,,,,,,,,,,,,,2,,,,,,,,,,,,,,,,,,,,4,,,,,,,,1,,1,,,,,,,,9,1,,,,,,,,,,,,,,,,,,,,,,9,9,,,59,,,,,,,,,,,,,,,,,,70,46,,3,,,9,,2,,,,,,,,,,,,,,,,5,32,,,,,,,,,,,,,,,,,,115,,1,,,,,,9,,,1,,,,,,,,,,,,,,,,,96,,,,,,,,,,,,70,,,,,,,,,,,,,13,,,,,,,,,,,,,5,,,,,,,,,,58,,,,24,,6,,,,,,,,,,,,,,,2,,,,,,,,,,,,,,,,,13,,,,,66,,,50,,,,,1,,,,,,,,,,,,,1,4,,,,,,,,5,,,46,,15,,1,,,1,5,,,,,,,,1,,,9,3,,,,46,,,1,,,,,,,,,42,,,,1,,,,,,,9,,,,,3,,,,,,,,,,,,,,,,,,,,,1,,,1,,,,,,,,,9,,,2,4,,,,,55,210,,,,,,,,1,,,,,,10,,,,,,,,,,,,1,,,1,,,13,,1,,,,,,,,,,,,,,,9,,,,,,,,,,1,,,15,,17,,,8,,,,,,,,,6,,,,,,,,,1,,,,,,,,,,,7,,,,,,,,,,,,323,,,,,,,,,9,,,,,,45,2,,,,,,,,6,,6,,,,,46,,,3,,,,,,,,,,46,,,,,,,,,,,,,,1,,46,,,61,,,,,,,33,1,,,,,3,5,,,,,,,,,,,,1,,,,,,,,,,,,,,1,2,,,,,,,,,,,,,,,,,,,,1,18,,,27,,,,,,,,,,,,,,,,2,,,,,,,,,,,,,,,,,,9,,,,,,1,,,,9,,,
PipeHeatTransfer_Outair.idf,,,,,,,,,,,,1,5,,,,6,,,,,,,,,6,,,,,1,,,,,,4,1,,,,,,,,1,,1,,,,,,,,,,,,,,33,,,,,,,,,,,,,,5,,1,,,,,,,1,,,,,1,,,,,,,,,,,,5,,,,,,2,,,,4,,,,,,2,,,,,,1,,,,,,,,,,,,,,,,5,,,,,,1,,,,,,10,,,,,,,,,,,,,,,,,,,,,,,,,,,,,,,,,,,,,,,,,,,,,,,,,,,,,,,,,,,,,,,,,1,,,1,,,,,,,,,2,,,,,,,,,,,1,1,,,,,,,,,,,,,2,,,,,,,,,,,2,28,,1,,,,,,,,,,,,,,,,,,,,,,1,,,,,,,,,,,,,,,8,,,,,,,,,,,1,,,,,,,,,,,,,,,,,21,,,,,,,,,,,,,,,,,,,,,,,,,15,1,,,,,,,,,,,,,,,,,,,,,,4,,,,,,6,,,,,,,,,,,,,,,,,,,,,,,,,,,,,,,,2,,,,,,,,5,,,,,,,,,,,,,,,,,,1,1,,,,,,,,,,1,5,,,,,,,,,,,,,1,,,,,,,,,,,5,,,,,,,,,,,,5,,,,1,,,,,,,1,,,,,6,,,,,,,,,,,,,,,,,,,,,1,,,1,,,,,,,,,1,,,3,,,,,,5,6,,,,1,,,,1,,,,,,,,,,,,,,,,,,,,,3,,,1,,,,,,,,,,,,,,,,,1,,,,,,,,,,,,,7,,3,,,2,,,,1,,,,,6,,,2,,,,,,1,,,,,,,,,,,,,,,,,,,,,,,40,,,,,,,,,1,,,,,,6,1,,,,,,,,,,6,,,,,1,,,,,,,,,,,,,5,,,,,,,,,,,,,,1,,5,,,,,,,,,,,1,,,,,2,5,,,,,,,,,,,,,,,,,,,,,,,,,,1,,,,,,,,,,,,,,,,,,,,,1,14,,,1,,,,,,,,,,,,,,,,,,,,,1,,,,,,,,,,,,,1,,,,,,1,,,,1,,,
PipeHeatTransfer_Schedule.idf,,,,,,,,,,,,1,5,,,,6,,,,,,,,,6,,,,,1,,,1,,,4,1,,,,,,,,1,,1,,,,,,,,,,,,,,33,,,,,,,,,,,,,,5,,1,,,,,,,1,,,,,1,,,,,,,,,,,,5,,,,,,2,,,,4,,,,,,2,,,,,,1,,,,,,,,,,,,,,,,5,,,,,,1,,,,,,10,,,,,,,,,,,,,,,,,,,,,,,,,,,,,,,,,,,,,,,,,,,,,,,,,,,,,,,,,,,,,,,,,1,,,,,,,,,,,,2,,,,,,,,,,,1,1,,,,,,,,,,,,,2,,,,,,,,,,,2,28,,1,,,,,,,,,,,,,,,,,,,,,,1,,,,,,,,,,,,,,,8,,,,,,,,,,,1,,,,,,,,,,,,,,,,,23,,,,,,,,,,,,,,,,,,,,,,,,,15,1,,,,,,,,,,,,,,,,,,,,,,4,,,,,,6,,,,,,,,,,,,,,,,,,,,,,,,,,,,,,,,2,,,,,,,,5,,,,,,,,,,,,,,,,,,1,1,,,,,,,,,,1,5,,,,,,,,,,,,,1,,,,,,,,,,,5,,,,,,,,,,,,5,,,,1,,,,,,,1,,,,,6,,,,,,,,,,,,,,,,,,,,,1,,,1,,,,,,,,,1,,,3,,,,,,5,6,,,,1,,,,1,,,,,,,,,,,,,,,,,,,,,3,,,,,,,,,,,,,,,,,,,,1,,,,,,,,,,,,,7,,3,,,2,,,,1,,,,,6,,,2,,,,,,1,,,,,,,,,,,,,,,,,,,,,,,40,,,,,,,,,1,,,,,,6,1,,,,,,,,,,6,,,,,1,,,,,,,,,,,,,5,,,,,,,,,,,,,,1,,5,,,,,,,,,,,1,,,,,2,5,,,,,,,,,,,,,,,,,,,,,,,,,,1,,,,,,,,,,,,,,,,,,,,,1,14,,,1,,,,,,,,,,,,,,,,,,,,,1,,,,,,,,,,,,,1,,,,,,1,,,,1,,,
PipeHeatTransfer_Underground.idf,,,,,,,,,,,,1,5,,,,6,,,,,,,,,6,,,,,1,,,,,,4,1,,,,,,,,1,,1,,,,,,,,,,,,,,33,,,,,,,,,,,,,,5,,1,,,,,,,1,,,,,1,,,,,,,,,,,,5,,,,,,2,,,,4,,,,,,2,,,,,,1,,,,,,,,,,,,,,,,5,,,,,,1,,,,,,10,,,,,,,,,,,,,,,,,,,,,,,,,,,,,,,,,,,,,,,,,,,,,,,,,,,,,,,,,,,,,,,,,1,,,,,,,,,,,,2,,,,,,,,,,,1,1,,,,,,,,,,,,,2,,,,,,,,,,,2,30,,1,,,,,,,,,,,,,,,,,,,,,,1,,,,,,,,,,,,,,,8,,,,,,,,,,,1,,,,,,,,1,,,,,,,,,21,,,,,,,,,,,,,,,,,,,,,,,,,15,1,,,,,,,,,,,,,,,,,,,,,,4,,,,,,6,,,,,,,,,,,,,,,,,,,,,,,,,,,,,,,,2,,,,,,,,5,,,,,,,,,,,,,,,,,,1,1,,,,,,,,,,1,5,,,,,,,,,,,,,1,,,,,,,,,,,5,,,,,,1,,,,,,5,,,,1,,,,,,,1,,,,,6,,,,,,,,,,,,,,,,,,,,,1,,,1,,,,,,,,,1,,,3,,,,,,5,6,,,,1,,,,1,,,,,,,,,,,,,,,,,,,,,3,,,,,,,,,,,,,,,,,,,,1,,,,,,,,,,,,,7,,3,,,2,,,,1,,,,,6,,,2,,,,,,1,,,,,,,,,,,,,,,,,,,,,,,40,,,,,,,,,1,,,,,,6,1,,,,,,,,,,6,,,,,1,,,,,,,,,,,,,5,,,,,,,,,,,,,,1,,5,,,,,,,,,,,1,,,,,2,5,,,,,,,,,,,,,,,,,,,,,,,,,,1,,,,,,,,,,,,,,,,,,,,,1,17,,,1,,,,,,,,,,,,,,,,,,,,,1,,,,,,,,,,,,,1,,,,,,1,,,,1,,,
PipeHeatTransfer_Zone.idf,,,,,,,,,,,,1,5,,,,6,,,,,,,,,6,,,,,1,,,1,,,4,1,,,,,,,,1,,1,,,,,,,,,,,,,,33,,,,,,,,,,,,,,5,,1,,,,,,,1,,,,,1,,,,,,,,,,,,5,,,,,,2,,,,4,,,,,,2,,,,,,1,,,,,,,,,,,,,,,,5,,,,,,1,,,,,,10,,,,,,,,,,,,,,,,,,,,,,,,,,,,,,,,,,,,,,,,,,,,,,,,,,,,,,,,,,,,,,,,,1,,,,,,,,,,,,2,,,,,,,,,,,1,1,,,,,,,,,,,,,2,,,,,,,,,,,2,29,,1,,,,,,,,,,,,,,,,,,,,,,1,,,,,,,,,,,,,,,8,,,,,,,,,,,1,,,,,,,,,,,,,,,,,21,,,,,,,,,,,,,,,,,,,,,,,,,15,1,,,,,,,,,,,,,,,,,,,,,,4,,,,,,6,,,,,,,,,,,,,,,,,,,,,,,,,,,,,,,,2,,,,,,,,5,,,,,,,,,,,,,,,,,,1,1,,,,,,,,,,1,5,,,,,,,,,,,,,1,,,,,,,,,,,5,,,,,,,,,,,,5,,,,1,,,,,,,1,,,,,6,,,,,,,,,,,,,,,,,,,,,1,,,1,,,,,,,,,1,,,3,,,,,,5,6,,,,1,,,,1,,,,,,,,,,,,,,,,,,,,,3,,,,,,,,,,,,,,,,,,,,1,,,,,,,,,,,,,7,,3,,,2,,,,1,,,,,6,,,2,,,,,,1,,,,,,,,,,,,,,,,,,,,,,,40,,,,,,,,,1,,,,,,6,1,,,,,,,,,,6,,,,,1,,,,,,,,,,,,,5,,,,,,,,,,,,,,1,,5,,,,,,,,,,,1,,,,,2,5,,,,,,,,,,,,,,,,,,,,,,,,,,1,,,,,,,,,,,,,,,,,,,,,1,14,,,1,,,,,,,,,,,,,,,,,,,,,1,,,,,,,,,,,,,1,,,,,,1,,,,1,,,
PipingSystem_Underground_FHX.idf,,,,,,,1,,,,,,,,,,4,,,,,,,,,2,,,,,,,,,,,1,,,,,,6,,,1,,,,,,,,,,,,,,,,11,,,,,,,,,,,,,,,2,,2,,,,,,1,,,,,,,,,,,,,,,,,2,,,,,2,,,,,,,,,,,2,,,,,,1,,,,,,,,,,,,,,1,,2,,,,,,,,,,,1,,,,,,,,,,,,,,,,,,,,,,,,,,,,,,,,,,,,,,,,,,,,,,,,,,,,,,,,,,,,,,,,,,,,,,,,,,,,,,,,,,,,,,,,,,,,1,,,,,,,,,,,,,,,,,,,,,,,12,,2,,,,,,,,,,,,,,2,,,,,,,,1,,,,,,,,,,,,,,,4,,,,,,,,,,,,,,,,,,,,,,,,,,,,7,,,,,,,,,,,,,,,,,,,,,,,,,5,1,,,,,,,,,,,,,,,,,,,,,,5,,2,,,,2,,,,,,,,,,,,,,,,,,2,,,,1,,,,,,,,,,,,,,,,,,,,,,,,,,,,,,,,,,,,1,,,,,,,,,,,1,,,,,,,,,,,,,,,,,,,,,,,,,,,,,,,1,,,4,,,,,,,1,,,,,,,,,,,,,,,,,,,,,,,,,,,,,,,,,1,,,1,,,,,,,,,,,,1,,,,,,1,,,,,,,,,,,,,,,,,,,,,,,,,,,,,,,,,,,,,,,,,,,,,,,,,,,,,,,,,,,,,,,2,,,,,,,,,,,,,,2,,,,,,,,,1,,,,,,,,,,,,,1,,,,,,,,,,11,,,,,,,,,2,,,,,,,,,,,,,,,,,2,,,,,2,,,,,,,,,,,1,,2,,,,,,,,,,,,,,1,,2,,,,,,,,,,,1,,,,,,1,,,,,,,,,,,,,,,,,,,,,,,,,,1,,,2,,,,,,,,,,,,,,,,,,,5,,,,,,,,,,,,,,,,,,,,,,,,,,,,,,,,,,1,,,,,,,,,,,,,,,,
PipingSystem_Underground_TwoPipe.idf,,,,,,,,,,,,,,,,,4,,,,,,,,,,,,,,,,,,,,,,,,,,2,,,1,,,,,,,,,,,,,,,,2,,,,,,,,,,,,,,,,,,,,,,,1,,,,,,,,,,,,,,,,,,,,,,,,,,,,,,,,,2,,,,,,,,,,,,,,,,,,,,1,,,,,,,,,,,,,1,,,,,,,,,,,,,,,,,,,,,,,,,,,,,,,,,,,,,,,,,,,,,,,,,,,,,,,,,,,,,,,,,,,,,,,,,,,,,,,,,,,,,,,,,,,,,,,,,,,,,,,,,,,,,,,,,,1,7,,,,,,,,,,1,,,,,,,,,,,,,,,,,,,,,,,,,,,,,,,,,,,,,,,,,,,,,,,,,,,,,,,,,4,,,,,,,,,,,,,,,,,,,,,,,,,,,,,,,,,,,,,,,,,,,,,,,,1,,,,,,,,,,,,,,,,,,,,,,,,,,,,,,,,,,,,,,,,,,,,,,,,,,,,,,,,,,,,,,,,1,,,,,,,,,,,,,,,,,,,,,,,,,,,,,,,,,,,,,,,,,,1,,,,,,,,,,1,,,,,,,,,,,,1,,,,,,,,,,,,,,,,,,,,,1,,,1,,,,,,,,,,,,1,,,,,,,,,,,,,,,,,,,,,,,,,,,,,,,,,,,,,,,,,,,,,,,,,,,,,,,,,,,,,,,,,,,,,2,,,,,,,,,,,,,,,,,,,,,,,1,,,,,,,,,,,,,1,,,,,,,,,,,,,,,,,,,,,,,,,,,,,,,,,,,,,,,,,,,,,,,,,,,,1,,,,,,,,,,,,,,,,1,,,,,,,,,,,,,1,,,,,1,1,,,,,,,,,,,,,,,,,,,,,,,,,,1,,,,,,,,,,,,,,,,,,,,,,,,,,,,,,,,,,,,,,,,,,,,,,,,,,,,,,,,1,,,,,,,,,,,,,,,,
PipingSystem_Underground_TwoPipe_FD_GroundTemps.idf,,,,,,,,,,,,,,,,,4,,,,,,,,,,,,,,,,,,,,,,,,,,2,,,1,,,,,,,,,,,,,,,,2,,,,,,,,,,,,,,,,,,,,,,,1,,,,,,,,,,,,,,,,,,,,,,,,,,,,,,,,,2,,,,,,,,,,,,,,,,,,,,1,,,,,,,,,,,,,1,,,,,,,,,,,,,,,,,,,,,,,,,,,,,,,,,,,,,,,,,,,,,,,,,,,,,,,,,,,,,,,,,,,,,,,,,,,,,,,,,,,,,,,,,,,,,,,,,,,,,,,,,,,,,,,,,,1,7,,,,,,,,,,1,,,,,,,,,,,,,,,,,,,,,,,,,,,,,,,,,,,,,,,,,,,,,,,,,,,,,,,,,4,,,,,,,,,,,,,,,,,,,,,,,,,,,,,,,1,,,,,,,,,,,,,,,,,1,,,,,,,,,,,,,,,,,,,,,,,,,,,,,,,,,,,,,,,,,,,,,,,,,,,,,,,,,,,,,,,,1,,,,,,,,,,,,,,,,,,,,,,,,,,,,,,,,,,,,,,,,,,,,,,,,,,,,1,,,,,,,,,,,,1,,,,,,,,,,,,,,,,,,,,,1,,,1,,,,,,,,,,,,1,,,,,,,,,,,,,,,,,,,,,,,,,,,,,,,,,,,,,,,,,,,,,,,,,,,,,,,,,,,,,,,,,,,,,2,,,,,,,,,,,,,,,,,,,,,,,1,,,,,,,,,,,,,1,,,,,,,,,,,,,,,,,,,,,,,,,,,,,,,,,,,,,,,,,,,,,,,,,,,,1,,,,,,,,,,,,,,,,1,,,,,,,,,,,,,1,,,,,1,1,,,,,,,,,,,,,,,,,,,,,,,,,,1,,,,,,,,,,,,,,,,,,,,,,,,,,,,,,,,,,,,,,,,,,,,,,,,,,,,,,,,1,,,,,,,,,,,,,,,,
PipingSystem_Underground_TwoPipe_Xing_GroundTemps.idf,,,,,,,,,,,,,,,,,4,,,,,,,,,,,,,,,,,,,,,,,,,,2,,,1,,,,,,,,,,,,,,,,2,,,,,,,,,,,,,,,,,,,,,,,1,,,,,,,,,,,,,,,,,,,,,,,,,,,,,,,,,2,,,,,,,,,,,,,,,,,,,,1,,,,,,,,,,,,,1,,,,,,,,,,,,,,,,,,,,,,,,,,,,,,,,,,,,,,,,,,,,,,,,,,,,,,,,,,,,,,,,,,,,,,,,,,,,,,,,,,,,,,,,,,,,,,,,,,,,,,,,,,,,,,,,,,1,7,,,,,,,,,,1,,,,,,,,,,,,,,,,,,,,,,,,,,,,,,,,,,,,,,,,,,,,,,,,,,,,,,,,,4,,,,,,,,,,,,,,,,,,,,,,,,,,,,,,,,,,,,,,,,,,,,,,,1,1,,,,,,,,,,,,,,,,,,,,,,,,,,,,,,,,,,,,,,,,,,,,,,,,,,,,,,,,,,,,,,,,1,,,,,,,,,,,,,,,,,,,,,,,,,,,,,,,,,,,,,,,,,,,,,,,,,,,,1,,,,,,,,,,,,1,,,,,,,,,,,,,,,,,,,,,1,,,1,,,,,,,,,,,,1,,,,,,,,,,,,,,,,,,,,,,,,,,,,,,,,,,,,,,,,,,,,,,,,,,,,,,,,,,,,,,,,,,,,,2,,,,,,,,,,,,,,,,,,,,,,,1,,,,,,,,,,,,,1,,,,,,,,,,,,,,,,,,,,,,,,,,,,,,,,,,,,,,,,,,,,,,,,,,,,1,,,,,,,,,,,,,,,,1,,,,,,,,,,,,,1,,,,,1,1,,,,,,,,,,,,,,,,,,,,,,,,,,1,,,,,,,,,,,,,,,,,,,,,,,,,,,,,,,,,,,,,,,,,,,,,,,,,,,,,,,,1,,,,,,,,,,,,,,,,
PIUAuto.idf,,,,,,,3,,,,,,1,,,,5,,,,,,,,,3,,,,,1,,,,,,,1,,,,,,,,3,,1,,,,,,,,,,,,,,27,,,,,,,,,,,,,,3,,1,,,,,,,1,,,,,,,,,,,2,,,,,,3,,,,,,,,,,1,,,,,,2,,,,,,1,,,,,,,,,,,,,,,,3,,,,,,,,,,,,10,,,,,,,,,,,,,,,,,,,,,,,,,,,,,,,,,,,,,,,,,,,,,,,,,,,,,,,,,,,,,,,,,,,,,,,,,,,,,,,,,,,,,,,,1,1,,,,,,,,,,,,,,,,,,,,,,,,2,27,,,,,,,,,,,,,,,,,,,,,,,,1,,,,,,,,,,,,,,,5,,,,,,,,1,,,1,,,,,,,,,,,,,,,,1,16,,,,,,,,,,,,,,,,,,,,,,,,,15,1,,,,,,,,,,,,,,,,,,,,,,8,,,,,,6,,,,,,,,,,,,,,,,,,,,,,,,,,,,,,,,1,,,,,,,,3,,,,,1,,,,,,,,,,,,,1,1,,,,,,,,,,1,3,,,,,,,,,,,,,,,,,,,3,,,,,2,,,,,,,,,,,,3,,,,1,,,,,,,1,,,,,2,,,,,,,,,,,,,,,,,,,,,1,,,1,,,,,,,,,1,,,3,,,2,,,3,1,,,,,,,,1,,,,,,,,,,,,,,,,,,,,,2,,,,,,,,,,,,,,,,,,,,,,,,,,,,,,,,,7,,,,,1,,,,,,,,,6,,,,,,,,,1,,,,,,,,,,,,,,,,,,,,,,,20,,,,,,,,,,,,,,,3,1,,,,,,,,,,6,,,,,1,,,,,,,,,,,,,3,,,,,,,,,,,,,,1,,3,,,,,,,,,,,1,,,,,2,4,,,,,1,,,,,,,,,,,,,,,,,,,,,1,,,,,,,,,,,,,,,,,,,,,1,9,,,,,,,,,,,,,,,,,,,,,,,,1,,,,,,,,,,,,,1,,,,,,1,,,,1,,,
PlantApplicationsGuide_Example1.idf,,,,,,,1,,,,,,,,,,3,,,,,,,,,,,,,,1,,,,,,,,,,,,,,,1,,,,,,,,,,,,,,,,16,,,,,,,,,,,,,,,,,,,,,,,1,,,,,,,,,,,,,,,,,,,,,,,,,,,,,,,,,2,,,,,,,,,,,,,,,,,,,,,,,,,,,,,,,,,,,,,,,,,,,,,,,,,,,,,,,,,,,,,,,,,,,,,,,,,,,,,,,,,,,,,,,,,,,,,,,,,,,,,,,,,,,,,,,,,,,,,,,,,,,,,,,,,,,,,,,,,,,,,,,,,,,2,5,,,,,,,,,,1,,,,,,,,,,,,,,,,,,,,,,,,,,,,,,,,,,,,,,,,,,,,,,,,,,,,,,,,,5,,,,,,,,,,,,,,,,,,,,,,,,,10,,,,,,,,,,,,,,,,,,,,,,,,,,,,,4,,,,,,,,,,,,,,,,,,,,,,,,,,,,,,,,,,,,,,,,,,,,,,,,,,,,,,,,,,1,,,,,,,,,,,,,,,,,,1,,,,,,,,,,,,,,,,,,,,,,,,,,,,,,,,,,1,,,,,,,,,,,,2,,,,,,,,,,,,,,,,,,,,,1,,,1,,,,,,,,,,,,2,,,,,,,,,,,,,,,,,,,,,,,,,,,,,,,,,,,,2,,,,,,,,,,,,,,,,,,,,,,,,,,,,,,,,,4,,,,,,,,,,,,,,4,,,,,,,,,1,,,,,,,,,,,,,,,,,,,,,,,,,,,,,,,,,,,,,,,,,,,,,,,,,4,,,,,,,,,,,,,,,,,,,,,,,,,,,,,,,,1,,,,,,,,,,,,,1,,,,,2,1,,,,,,,,,,,,,,,,,,,,,,,,,,1,1,,,,,,,,,,,,,,,1,,,,,,,,,,,,,,,,,,,,,,,,,,,,,,1,,,,,,,,,,,,,,,,,,,,,,,,,,
PlantApplicationsGuide_Example2.idf,,,,,,,4,,,,,,5,,,,7,,,,,,,,,5,,,1,,1,,,,,,8,1,,,,,,,,,,,,,,,,,,,,,,,,41,,,,,,,,,,,,,,5,,1,1,,1,,,,1,18,,,,1,,,,,,,,,,,,5,,,,,,,,,,4,,,,,,2,,,,,,1,,,,,,,,,,,,,,,,5,,,,,,,,,,,,,,,,1,1,,1,,,,,,,,,2,,,,,,,,38,,,1,,,,,,1,,,,,,,,,,,,,,5,,,,,,,,,,,,,,,,1,,1,,,,,,,,,,,,3,,,,,,,,,,,1,1,,,,,,,,,,,,,,,,,,,,,,5,,4,4,,1,,,,,,,,,,,,,,,,,,,,,,,,,,,,,,,,,,,,,10,,,,,,,,1,,,1,,,,,,,,,,,,,,,,,43,,,,,,,,,,,,,,,,,,,,,,,,,20,,,,,,,,,,,,,,,,,,,,,,,6,,,,,,8,,,,,,,,,,,,,,,,,,,,,,1,,,,,,,,,,2,,,,,5,,,5,,,,,1,,,,,,,,,,,,,1,1,,,,,,,,,,,5,,,,,,,1,,,,,,,,,,,,1,5,,,,5,,,1,,,,,,,,,5,,,,1,,,,,,,1,,,,,5,,,,,,,,,,,,,,,,,,,,,1,,,1,,,,,,,,,1,,,3,1,,,,,10,12,,,,,,,,1,,,,,,9,,,,,,,,,,,,,,,3,,,,,,,,3,,,,,,,,,,,,1,,,,,,,,,,,,,9,,1,,,1,,,,,,,,,8,,,,,,,,,1,,,,,,,,,,,,,,,,,,,,,,,30,,,,,,,,,1,,,,,,5,2,,,,,,,,,,8,,,,,5,,,5,,,,,,,,,,5,,,,,,,,,,,,,,1,,5,,,,,,,,,,5,1,,3,,,5,4,,,,,,,,,,,,,,,,,,,,,,,,,,,,,,,,,,,,,,,,,,,,,,,1,15,,,2,,,,,,,,,,,,,,,,1,,,,,1,,,,,,,,,,,,,1,,,,,,1,,,,1,,,
PlantApplicationsGuide_Example2_hwTank.idf,,,,,,,4,,,,,,5,,,,7,,,,,,,,,5,,,1,,1,,,,,,8,1,,,,,,,,1,,,,,,,,,,,,,,,,41,,,,,,,,,,,,,,5,,1,1,,1,,,,1,18,,,,1,2,,,,,,,,,,,5,,,,,,,,,,4,,,,,,2,,,,,,1,,,,,,,,,,,,,,,,5,,,,,,,,,,,,,,,,1,1,,1,,,,,,,,,2,,,,,,,,38,,,1,,,,,,,,,,,,,,,,,,,,5,,,,,,,,,,,,,,,,1,,1,,,,,,,,,,,,3,,,,,,,,,,,1,1,,,,,,,,,,,,,,,,,,,,,,5,,4,14,,1,,,,,,,,,,,,,,,,,,,,,,,,,,,,,,,1,,,,,,10,,,,,,,,1,,,1,,,,,,,,,,,,,,,,,45,,,,,,,,,,,,,,,,,,,,,,,,,20,,,,,,,,,,,,,,,,,,,,,,,6,,,,,,8,,,,,,,,,,,,,,,,,,,,,,1,,,,,,,,,,2,,,,,5,,,5,,,,,1,,,,,,,,,,,,,1,1,,,,,,,,,,,5,,,,,,,1,,,,,,,,,,,,1,5,,,,5,,,1,,,,,,,,,5,,,,1,,,,,,,1,,,,,5,,,,,,,,,,,,,,,,,,,,,1,,,1,,,,,,,,,1,,,3,1,,,,,10,12,,,,,,,,1,,,,,,9,,,,,,,,,,,,,,,3,,,,,,,,3,,,,,,,,,,,,1,,,,,,,,,,,,,9,,1,,,1,,,,,,,,,8,,,,,,,,,1,,,,,,,,,,,,,,,,,,,,,,,30,,,,,,,,,1,,,,,,5,2,,,,,,,,,,8,,,,,5,,,5,,,,,,,,,,5,,,,,,,,,,,,,,1,,5,,,,,,,,,,5,1,,3,,,5,4,,,,,,,,,,,,,,,,,,,,,,,,,,1,,,,,,,,,,,,,,,,,,,,,1,15,,,2,,,,,,,,,,,,,,,,1,,,,,1,,,,,,,,,,,,,1,,,,,,1,,,,1,,,
PlantApplicationsGuide_Example3.idf,,,,,,,1,,,,,1,,,,,5,,,,,,,,,3,,,,,1,,,,,,,1,,,,,,,,1,,1,,,,,,,,,,,,,,38,,,,,,,,,,,,,,,,,,,,,,,1,,,,1,1,,,,,,,,,,,,3,,,,,,,,,,1,,,,,,2,,,,,,,,,,,,,,,,,,,,,,,,,,,,,,,,,,10,,,,,,,,,,,,,,,,,,,,,,,,,,,,,,,,,,,,,,,,,,,,,,,,,,,,,,,,,,,,,,,,,1,,,,,,,,,,,,,,,,,,,,,,,1,,,,,,,,,,,,,,1,,,,,,,,,,,4,24,,1,,,,,,,,,,,,,,,,,,,,,,,,1,,,,,,,,,,,,,5,,,,,,,,,,,1,,,,,,,,,,,,,,,,,20,,,,,,,,,,,,,,,,,,,,,,,,,20,,,,,,,,,,,,,,,,,,,,,,,7,,,,,,8,,,,,,,,,,,,,,,,,,,,,,,,,,,,,,,,2,,,,,,,,3,,,,,,,,,,,,,,,,,,1,,,,,,,,,,,,3,,,,,,,,,,,,,1,,1,,,,1,,,,,2,,,,,,,,,,,,3,,,,1,,,,,,,1,,,,,7,,,,,,,,,,,,,,,,,,,,,1,,,1,,,,,,,,,1,,,3,,,,,,,1,,,,1,,3,,1,,,,,,,,,,,,,,,1,,,,,,4,,,,,,,,,,,,,,,,,,,,1,,,,,,,,,,,,,9,,,,,1,,,,,,,,,8,,,1,,,,,,1,,,,,,,,,,,,,,,,,,,,,,,20,,,,,,,,,1,,,,,,3,1,,,,,,,,,,8,,,,,,,,,,,,,,,,,,3,,,,,,,,,,,,,,1,,3,,,,,,,,,,,1,,,,,4,7,,,,,,,,,,,,,,,,,,,,,,,,,,1,,,,,,,,,,,,,,,,,,,,,1,9,,,,,,,,,,,,,,,,,,,1,,,,,1,,,,,,,,,,,,,1,,,,,,1,,,,1,,,
PlantComponentTemperatureSource.idf,,,,,,,1,,,,,,,,,,2,,,,,,,,,,,,,,,,,,,,,,,,,,,,,1,,,,,,,,,,,,,,,,5,,,,,,,,,,,,,,,,,,,,,,,1,,,,,,,,,,,,,,,,,,,,,,,,,,,,,,,,,2,,,,,,,,,,,,,,,,,,,,,,,,,,,,,,,,,,,,,,,,,,,,,,,,,,,,,,,,,,,,,,,,,,,,,,,,,,,,,,,,,,,,,,,,,,,,,,,,,,,,,,,,,,,,,,,,,,,,,,,,,,,,,,,,,,,,,,,,,,,,,,,,,,,1,14,,,,,,,,,,1,,,,,,,,,,,,,,,,,,,,,,,,,,,,,,,,,,,,,,,,,,,,,,,,,,,,,,,,,4,,,,,,,,,,,,,,,,,,,,,,,,,2,,,,,,,,,,,,,,,,,,,,,,,1,,,,,,1,,,,,,,,,,,,,,,,,,,,,,1,,,,,,,,,,,,,,,,,,,,,,,,,,,,,,,,,,,,1,,,,,,,,,,,,,,,,,,,,,,,,,,,,,,,,,,,,,,,,,,,,,,,,,,,,1,,,,,,,,,,,,1,,,,,,,,,,,,,,,,,,,,,1,,,1,,,,,,,,,,,,1,,,,,,,,,,,,,,,,,,,,,,,,,,,,,,,,,,,,1,,,,,,,,,,,,,,,,,,,,,,,,,,,,,,,,,2,,,,,,,,,,,,,,1,,,,,,,,,,,,,,,,,,,,,,,,,,,,,,,,,,,,,,,,,,,,,,,,,,,,,,,,,,1,,,,,,,,,,,,,,,,,,,,,,,,,,,,,,,,1,,,,,,,,,,,,,1,,,,,1,1,1,,,,,,,,,,,,,,,,,,,,,,,,,,,,,,,,,,,,,,,,,,,,,,,,,,,,,,,,,,,,,,,,,,,,,,,,,,,,,,,,,,,,,,,,,,,,,,,,,
PlantHorizontalGroundHX.idf,,,,,,,,,,,,,,,,,4,,,,,,,,,,,,,,,,,,,,,,,,,,,,,1,,,,,,,,,,,,,,,,2,,,,,,,,,,,,,,,,,,,,,,,1,,,,,,,,,,,,,,,,,,,,,,,,,,,,,,,,,2,,,,,,,,,,,,,,,,,,,,,,,,,,,,,,,,,1,,,,,,,,,,,,,,,,,,,,,,,,,,,,,,,,,,,,,,,,,,,,,,,,,,,,,,,,,,,,,,,,,,,,,,,,,,,,,,,,,,,,,,,,,,,,,,,,,,,,,,,,,,,,,,,,,,1,6,,,,,,,,,,1,,,,,,,,,,,,,,,,,,,,,,,,,,,,,,,,,,,,,,,,,,,,,,,,,,,,,,,,,4,,,,,,,,,,,,,,,,,,,,,,,,,,,,,,,,,,,,,,,,,,,,,,,,1,,,,,,,,,,,,,,,,,,,,,,,,,,,,,,,,,,,,,,,,,,,,,,,,,,,,,,,,,,,,,,,,1,,,,,,,,,,,,,,,,,,,,,,,,,,,,,,,,,,,,,,,,,,1,,,,,,,,,,1,,,,,,,,,,,,1,,,,,,,,,,,,,,,,,,,,,1,,,1,,,,,,,,,,,,1,,,,,,,,,,,,,,,,,,,,,,,,,,,,,,,,,,,,,,,,,,,,,,,,,,,,,,,,,,,,,,,,,,,,,2,,,,,,,,,,,,,,,,,,,,,,,1,,,,,,,,,,,,,,,,,,,,,,,,,,,,,,,,,,,,,,,,,,,,,,,,,,,,,,,,,,,,,,,,,1,,,,,,,,,,,,,,,,1,,,,,,,,,,,,,1,,,,,1,1,,,,,,,,,,,,,,,,,,,,,,,,,,1,,,,,,,,,,,,,,,,,,,,,,,,,,,,,,,,,,,,,,,,,,,,,,,,,,,,,,,,1,,1,,,,,,,,,,,,,,
PlantLoadProfile.idf,,,,,,,,,,,,,,,,,2,,,,,,,,,,,,,,,,,,,,,,,,,,,,,1,,1,,,,,,,,,,,,,,6,,,,,,,,,,,,,,,,,,,,,,,1,,,,,,,,,,,,,,,,,,,,,,,,,,,,,,,,,2,,,,,,,,,,,,,,,,,,,,,,,,,,,,,,,,,,6,,,,,,,,,,,,,,,,,,,,,,,,,,,,,,,,,,,,,,,,,,,,,,,,,,,,,,,,,,,,,,,,,,,,,,,,,,,,,,,,,,,,,,,,,,,,,,,,,,,,,,,,,,,,,,,,,1,7,,,,,,,,,,1,,,,,,,,,,,,,,,,,,,,,,,,,,,,,,,,,,,,,,,,,,,,,,,,,,,,,,,,,4,,,,,,,,,,,,,,,,,,,,,,,,,3,,,,,,,,,,,,,,,,,,,,,,,1,,,,,,2,,,,,,,,,,,,,,,,,,,,,,,,,,,,,,,,,,,,,,,,,,,,,,,,,,,,,,,,,,1,,,,,,,,,,,,,,,,,,,,,,,,,,,,,,,,,,,,,,,,,,,,,,,,,,,,1,,,1,,,,,,,,,1,,,,,,,,,,,,,,,,,,,,,1,1,,1,,,,,,,,,,,,1,,,,,,,,,,,,,,,,,,,,,,,,,,,,,,,,,,,,,,,,,,,,,,,,,,,,,,,,,,,,,,,,,,,,,2,,,,,,,,,,,,,,2,,,,,,,,,1,,,,,,,,,,,,,,,,,,,,,,,,,,,,,,,,,,,,,,,1,,,,,,,,,,2,,,,,,,,,,,,,,,,,,,,,,,,,,,,,,,,1,,,,,,,,,,,,,1,,,,,1,1,,,,,,,,,,,,,,,,,,,,,,,,,,1,,,,,,,,,,,,,,,,,,,,,,,,,,,,,,,,,,,,,,,,,,,,,,,,,,,,,,,,,,,,,,,,,,,,,,,,
PlantLoadProfileCoolingReturnReset.idf,,,,,,,,,,,,1,,,,,2,,,,,,,,,,,,,,,,,,,,,,,,,,,,,1,,,,,,,,,,,,,,,,4,,,,,,,,,,,,,,,,,,,,,,,1,,,,,,,,,,,,,,,,,,,,,,,,,,,,,,,,,2,,,,,,,,,,,,,,,,,,,,,,,,,,,,,,,,,,6,,,,,,,,,,,,,,,,,,,,,,,,,,,,,,,,,,,,,,,,,,,,,,,,,,,,,,,,,,,,,,,,,,,,,,,,,,,,,,,,,,,,,,,,,,,,,,,,,,,,,,,,,,,,,,,,,1,8,,,,,,,,,,1,,,,,,,,,,,,,,,,,,,,,,,,,,,,,,,,,,,,,,,,,,,,,,,,,,,,,,,,,3,,,,,,,,,,,,,,,,,,,,,,,,,1,,,,,,,,,,,,,,,,,,,,,,,,,,,,,1,,,,,,,,,,,,,,,,,,,,,,,,,,,,,,,,,,,,,,,,,,,,,,,,,,,,,,,,,,1,,,,,,,,,,,,,,,,,,,,,,,,,,,,,,,,,,,,,,,,,,,,,,,,,,,,1,,,1,,,,,,,,,1,,,,,,,,,,,,,,,,,,,,,1,1,,1,,,,,,,,,,,,1,,,,,,,,,,,,,,,,,,,,,,1,,,,,,,,,,,,,,1,,,,,,,,,,,,,,,,,,,,,,,,,,,,,,,,,2,,,,,,,,,,,,,,1,,,,,,,,,1,,,,,,,,,,,,,,,,,,,,,,,,,,,,,,,,,,,,,,,,,,,,,,,,,1,,,,,,,,,,,,,,,,,,,,,,,,,,,,,,,,1,,,,,,,,,,,,,1,,,,,1,,,,,,,,,,,,,,,,,,,,,,,,,,,1,,,,,,,,,,,,,,,,,,,,,,,,,,,,,,,,,,,,,,,,,,,,,,,,,,,,,,,,,,,,,,,,,,,,,,,,
PlantLoadProfileCoolingReturnResetLookup.idf,,,,,,,,,,,,1,,,,,2,,,,,,,,,,,,,,,,,,,,,,,,,,,,,1,,,,,,,,,,,,,,,,4,,,,,,,,,,,,,,,,,,,,,,,1,,,,,,,,,,,,,,,,,,,,,,,,,,,,,,,,,2,,,,,,,,,,,,,,,,,,,,,,,,,,,,,,,,,,6,,,,,,,,,,,,,,,,,,,,,,,,,,,,,,,,,,,,,,,,,,,,,,,,,,,,,,,,,,,,,,,,,,,,,,,,,,,,,,,,,,,,,,,,,,,,,,,,,,,,,,,,,,,,,,,,,1,8,,,,,,,,,,1,,,,,,,,,,1,,,,,,,,,,,,,,,,,,,,,,,,,,,,,,,,,,,,,,,,,,,,,,,3,,,,,,,,,,,,,,,,,,,,,,,,,1,,,,,,,,,,,,,,,,,,,,,,,,,,,,,1,,,,,,,,,,,,,,,,,,,,,,,,,,,,,,,,,,,,,,,,,,,,,,,,,,,,,,,,,,1,,,,,,,,,,,,,,,,,,,,,,,,,,,,,,,,,,,,,,,,,,,,,,,,,,,,1,,,1,,,,,,,,,1,,,,,,,,,,,,,,,,,,,,,1,1,,1,,,,,,,,,,,,1,,,,,,,,,,,,,,,,,,,,,,1,,,,,,,,,,,,,,1,,,,,,,,,,,,,,,,,,,,,,,,,,,,,,,,,2,,,,,,,,,,,,,,1,,,,,,,,,1,,,,,,,,,,,,,,,,,,,,,,,,,,,,,,,,,,,,,,,,,,,,,,,,,1,,,,,,,,,,,,,,,,,,,,,,,,,,,,,,,,1,,,,,,,,,,,,,1,,,,,1,1,,,,,,,,,,,,,,,,,,,,,,,,,,1,,,,,,,,,,,,,,,,,,,,,,,,,,,,,,,,,,,,,,,,,,,,,,,,,,,,,,,,,,,,,,,,,,,,,,,,
PlantLoadProfileSteam.idf,,,,,,,1,,,,,,,,,,2,,,,,,,,,,,,,,,,,,,,,,,,,,,,,1,,,,,,,,,,,,,,,,6,,,,,,,,,,,,,,,,,,,,,,,1,,,,,,,,,,,,,,,,,,,,,,,,,,,,,,,,,2,,,,,,,,,,,,,,,,,,,,,,,,,,,,,,,,,,,,,,,,,,,,,,,,,,,,,,,,,,,,,,,,,,,,,,,,,3,,,,,,,,,,,,,,,,,,,,,,,,,,,,,,,,,,,,,,,,,,,,,,,,,,,,,,,,,,,,,,,,,,,,,,,,,,1,12,,,,,,,,,,1,,,,,,,,,,,,,,,,,,,,,,,,,,,,,,1,,,,,,,,,,,,,,,,,,,,,,,,,,,4,,,,,,,,,,,,,,,,,,,,,,,,,,,,,,,,,,,,,,,,,,,,,,,,1,,,,,,2,,,,,,,,,,,,,,,,,,,,,,,,,,,,,,,,,,,,,,,,,,,,,,,,,,,,,,,,,,1,,,,,,,,,,,,,,,,,,,,,,,,,,,,,,,,,,,,,,,,,,,,,,,,,,,,1,,,1,,,,,,,,,1,,,,,,,,,,,,,,,,,,,,,1,,,1,,,,,,,,,,,,,,,,,,,,,,,,,,,,,,,,,,,,,,,,,,,,,,,,,,,,,,,,,,,,,,,,,,,,,,,,,,,,,,,,,2,,,,,,,,,,,,,,2,,,,,,,,,1,,,,,,,,,,,,,,,,,,,,,,,,,,,,,,,,,,,,,,,1,,1,,,,,,,,2,,,,,,,,,,,,,,,,,,,,,,,,,,,,,,,,1,,,,,,,,,,,,,1,,,,,1,1,,,,,,,,,,,,,,,,,,,,,,,,,,1,,,,,,,,,,,,,,,,,,,,,,,,,,,,,,,,,,,,,,,,,,,,,,,,,,,,,,,,,,,,,,,,,,,,,,,,
PlantLoadProfile_AutosizedDistrictHeating.idf,,,,,,,1,,,,,,,,,,2,,,,,,,,,,,,,,,,,,,,,,,,,,,,,1,,1,,,,,,,,,,,,,,6,,,,,,,,,,,,,,,,,,,,,,,1,,,,,,,,,,,,,,,,,,,,,,,,,,,,,,,,,2,,,,,,,,,,,,,,,,,,,,,,,,,,,,,,,,,,6,,,,,,,,,,,,,,,,,,,,,,,,,,,,,,,,,,,,,,,,,,,,,,,,,,,,,,,,,,,,,,,,,,,,,,,,,,,,,,,,,,,,,,,,,,,,,,,,,,,,,,,,,,,,,,,,,1,7,,,,,,,,,,1,,,,,,,,,,,,,,,,,,,,,,,,,,,,,,,,,,,,,,,,,,,,,,,,,,,,,,,,,4,,,,,,,,,,,,,,,,,,,,,,,,,3,,,,,,,,,,,,,,,,,,,,,,,1,,,,,,2,,,,,,,,,,,,,,,,,,,,,,,,,,,,,,,,,,,,,,,,,,,,,,,,,,,,,,,,,,1,,,,,,,,,,,,,,,,,,,,,,,,,,,,,,,,,,,,,,,,,,,,,,,,,,,,1,,,,,,,,,,,,1,,,,,,,,,,,,,,,,,,,,,1,1,,1,,,,,,,,,,,,1,,,,,,,,,,,,,,,,,,,,,,,,,,,,,,,,,,,,,,,,,,,,,,,,,,,,,,,,,,,,,,,,,,,,,2,,,,,,,,,,,,,,2,,,,,,,,,1,,,,,,,,,,,,,,,,,,,,,,,,,,,,,,,,,,,,,,,1,,,,,,,,,,2,,,,,,,,,,,,,,,,,,,,,,,,,,,,,,,,1,,,,,,,,,,,,,1,,,,,1,1,,,,,,,,,,,,,,,,,,,,,,,,,,1,,,,,,,,,,,,,,,,,,,,,,,,,,,,,,,,,,,,,,,,,,,,,,,,,,,,,,,,,,,,,,,,,,,,,,,,
PlantLoopChainCooling.idf,,,,,,,,,,,,1,,,,,2,,,,,,,,,,,,,,,,,,,,,,,,,,,,,1,,,,,,,,,,,,,,,,18,,,,,,,,,,,,,,,,,,,,,,,1,,,,,,,,,,,,,,,,,,,,,,,,,,,,,,,,,2,,,,,,,,,,,,,,,,,,,,,,,,,,,,,,,,,,6,,,,,,,,,,,,,,,,,,,,,,,,,,,,,,,,,,,,,,,,,,,,,,,,,,,,,,,,,,,,,,,,,,,,,,,,,,,,,,,,,,,,,,,,,,,,,,,,,,,,,,,,,,,,,,,,,3,20,,,,,,,,,,1,,,,,,,,,,,,,,,,2,,,,,,,,,,,,,,,,,,,,,,,,,,,,,,,,,,,,,,,,,6,,,,,,,,,,,,,,,,,,,,,,,,,9,,,,,,,,,,,,,,,,,,,,,,,3,,,,,,6,,,,,,,,,,,,,,,,,,,,,,,,,,,,,,,,,,,,,,,,,,,,,,,,,,,,,,,,,,1,,,,,,,,,,,,,,,,,,,,,,,,,,,,,,,,,,,,,,,,,,,,,,,,,,,,1,,,1,,,,,,,,,3,,,,,,,,,,,,,,,,,,,,,1,,,1,,,,,,,,,,,,3,,,,,,,,,,,,,,,,,,,,,,,,,,,,,,,,,,,,2,,,,,,,,,,,,,,,,,,,,,,,,,,,,,,,,,6,,,,,,,,,,,,,,6,,,,,,,,,1,,,,,,,,,,,,,,,,,,,,,,,,,,,,,,,,,,,,,,,,,,,,,,,,,6,,,,,,,,,,,,,,,,1,,,,,,,,,,,,,,,,1,,,,,,,,,,,,,1,,,,,3,3,,,,,,,,,,,,,,,,,,,,,,,,,,1,,,,,,,,,,,,,,,,,,,,,,,,,,,,,,,,,,,,,,,,,,,,,,,,,,,,,,,,,,,,,,,,,,,,,,,,
PlantLoopChainDeadband.idf,,,,,,,,,,,,1,,,,,2,,,,,,,,,,,,,,,,,,,,,,,,,,,,,1,,1,,,,,,,,,,,,,,32,,,,,,,,,,,,,,,,,,,,,,,1,,,,,,,,,,,,,,,,,,,,,,,,,,,,,,,,,2,,,,,,,,,,,,,,,,,,,,,,,,,,,,,,,,,,6,,,,,,,,,,,,,,,,,,,,,,,,,,,,,,,,,,,,,,,,,,,,,,,,,,,,,,,,,,,,,,,,,,,,,,,,,,,,,,,,,,,,,,,,,,,,,,,,,,,,,,,,,,,,,,,,,5,27,,,,,,,,,,2,,,,,,,,,,,,,,,,4,,,,,,,,,,,,,,,,,,,,,,,,,,,,,,,,,,,,,,,,,11,,,,,,,,,,,,,,,,,,,,,,,,,15,,,,,,,,,,,,,,,,,,,,,,,5,,,,,,10,,,,,,,,,,,,,,,,,,,,,,,,,,,,,,,,,,,,,,,,,,,,,,,,,,,,,,,,,,1,,,,,,,,,,,,,,,,,,,,,,,,,,,,,,,,,,,,,,,,,,,,,,,,,,,,1,,,1,,,,,,,,,5,,,,,,,,,,,,,,,,,,,,,1,1,,1,,,,,,,,,,,,5,,,,,,,,,,,,,,,,,,,,,,,,,,,,,,,,,,,,1,,,,,,,,,,,,,,,,,,,,,,,,,,,,,,,,,10,,,,,,,,,,,,,,10,,,,,,,,,1,,,,,,,,,,,,,,,,,,,,,,,,,,,,,,,,,,,,,,,1,,,,,1,,,,,10,,,,,,,,,,,,,,,,3,,,,,,,,,,,,,,,,1,,,,,,,,,,,,,1,,,,,5,6,,,,,,,,,,,,,,,,,,,,,,,,,,1,,,,,,,,,,,,,,,,,,,,,,,,,,,,,,,,,,,,,,,,,,,,,,,,,,,,,,,,,,,,,,,,,,,,,,,,
PlantLoopChainDualDeadband.idf,,,,,,,,,,,,1,,,,,2,,,,,,,,,,,,,,,,,,,,,,,,,,,,,1,,1,,,,,,,,,,,,,,26,,,,,,,,,,,,,,,,,,,,,,,1,,,,,,,,,,,,,,,,,,,,,,,,,,,,,,,,,2,,,,,,,,,,,,,,,,,,,,,,,,,,,,,,,,,,6,,,,,,,,,,,,,,,,,,,,,,,,,,,,,,,,,,,,,,,,,,,,,,,,,,,,,,,,,,,,,,,,,,,,,,,,,,,,,,,,,,,,,,,,,,,,,,,,,,,,,,,,,,,,,,,,,4,28,,,,,,,,,,2,,,,,,,,,,,,,,,,3,,,,,,,,,,,,,,,,,,,,,,,,,,,,,,,,,,,,,,,,,10,,,,,,,,,,,,,,,,,,,,,,,,,12,,,,,,,,,,,,,,,,,,,,,,,4,,,,,,8,,,,,,,,,,,,,,,,,,,,,,,,,,,,,,,,,,,,,,,,,,,,,,,,,,,,,,,,,,1,,,,,,,,,,,,,,,,,,,,,,,,,,,,,,,,,,,,,,,,,,,,,,,,,,,,1,,,1,,,,,,,,,4,,,,,,,,,,,,,,,,,,,,,1,,,1,,,,,,,,,,,,4,,,,,,,,,,,,,,,,,,,,,,,,,,,,,,,,,,,,,,,,,,,,,,,,,,,,,,,,,,,,,,,,,,,,,8,,,,,,,,,,,,,,8,,,,,,,,,1,,,,,,,,,,,,,,,,,,,,,,,,,,,,,,,,,,,,,,,,,,,,1,,,,,8,,,,,,,,,,,,,,,,3,,,,,,,,,,,,,,,,1,,,,,,,,,,,,,1,,,,,4,3,,,,,,,,,,,,,,,,,,,,,,,,,,1,,,,,,,,1,,,,,,,,,,,,,,,,,,,,,,,,,,,,,,,,,,,,,,,,,,,,,,,,,,,,,,,,,,,,,,,,
PlantLoopChainHeating.idf,,,,,,,,,,,,,,,,,2,,,,,,,,,,,,,,,,,,,,,,,,,,,,,1,,1,,,,,,,,,,,,,,18,,,,,,,,,,,,,,,,,,,,,,,1,,,,,,,,,,,,,,,,,,,,,,,,,,,,,,,,,2,,,,,,,,,,,,,,,,,,,,,,,,,,,,,,,,,,6,,,,,,,,,,,,,,,,,,,,,,,,,,,,,,,,,,,,,,,,,,,,,,,,,,,,,,,,,,,,,,,,,,,,,,,,,,,,,,,,,,,,,,,,,,,,,,,,,,,,,,,,,,,,,,,,,3,20,,,,,,,,,,1,,,,,,,,,,,,,,,,2,,,,,,,,,,,,,,,,,,,,,,,,,,,,,,,,,,,,,,,,,6,,,,,,,,,,,,,,,,,,,,,,,,,9,,,,,,,,,,,,,,,,,,,,,,,3,,,,,,6,,,,,,,,,,,,,,,,,,,,,,,,,,,,,,,,,,,,,,,,,,,,,,,,,,,,,,,,,,1,,,,,,,,,,,,,,,,,,,,,,,,,,,,,,,,,,,,,,,,,,,,,,,,,,,,1,,,1,,,,,,,,,3,,,,,,,,,,,,,,,,,,,,,1,,,1,,,,,,,,,,,,3,,,,,,,,,,,,,,,,,,,,,,,,,,,,,,,,,,,,,,,,,,,,,,,,,,,,,,,,,,,,,,,,,,,,,6,,,,,,,,,,,,,,6,,,,,,,,,1,,,,,,,,,,,,,,,,,,,,,,,,,,,,,,,,,,,,,,,2,,,,,,,,,,6,,,,,,,,,,,,,,,,1,,,,,,,,,,,,,,,,1,,,,,,,,,,,,,1,,,,,3,3,,,,,,,,,,,,,,,,,,,,,,,,,,1,,,,,,,,,,,,,,,,,,,,,,,,,,,,,,,,,,,,,,,,,,,,,,,,,,,,,,,,,,,,,,,,,,,,,,,,
PlantLoopHeatPump_EIR_AirSource.idf,,,,,,,,,,,,,,,,,2,,,,,,,,,,,,,,,,,,,,,,,,,,,,,,,,,,,,,,,,,,,,,4,,,,,,,,,,,,,,,,,2,,,,,,1,,,,,,,,,,,,,,,,,,,,,,,,,,,,1,,,,,2,,,,,,,,,,,,,,,,,,,,,,,,,,,,,,,,,,,,,,,,,,,,,,,,,,,,,,,,,,,,,,,,,,,,,,,,,,,,,,,,,,,,,,,,,,,,,,,,,,,,,,,,,,,,,,,,,,,,,,,,,,,,,,,,,,,,,,,,,,,,,,,,,,,2,14,,,,,,,,,,2,,,,,,,,,,3,4,,,,,,,,,,,,,,,,,,,,,,,,,,,,,,,,,,,,,,,,,,,,,,4,,,,,,,,,,,,,,,,,,,,,,,,,,,,,,,,,,,,,,,,,,,,,,,,,,,,,,,,,,,,,,,,,,,,,,,,,,,,,,,,,,,,,,,,,,,,,,,,,,,,,,,,,,,,,,,,1,,,,,,,,,,,,,,,,,,,,,,,,,,,,,,,,,,,,,,,,,,,,,,,,,,,,1,,,,,,,,,,,,2,,,,,,,,,,,,,,,,,,,,,1,,,1,,,,,,,,,,,,2,,,,,,,,,,,,,,,,,,,,,,,,,,,,,,,,,,,,1,,,1,,,,,,,,,,,,,,,,,,,,,,,,,,,,,,4,,,,,,,,,,,,,,,,,,,,,,,,,,,,,,,,,,,,,,,,,,,,,,,,,,,,,,,,,,,,,,1,,,,,,,,,,,,,,,,,,,,,,,,,,,,,,,,,,,,,,,,,,1,,,,,,,,,,,,,1,,,,,2,2,,,,,,,,,,,,,,,,,,,,,,,,,,,,,,,,,,,,,,,,,,,,,,,,,,,,,,,,,,,,,,,,,,,,1,,,,,,,,,,,,,,,,,,,,,,,,,,,,,,
PlantLoopHeatPump_EIR_AirSource_and_AWHP.idf,,,,,,,2,,,,,,,,,,2,,,,,,,,,,,,,,,,,,,,,,,,,,,,,,,,,,,,,,,,,,,,,4,,,,,,,,,,,,,,,,,7,,,,,,1,,,,,,,,,,,,,,,,,,,,,,,,,,,,,,,,,2,,,,,,,,,,,,,,,,,,,,,,,,,,,,,,,,,,,,,,,,,,,,,,,,,,,,,,,,,,,,,,,,,,,,,,,,,,,,,,,,,,,,,,,,,,,,,1,,,,,,,,,,,,,,,,,,,,,,,,,,,,,,,,,,,,,,,,,,,,,,,,,,,,,,2,42,,,,,,,,,,2,,,,,,,,,,3,8,,,,,,,,,,,,,,,,,,,,,,,,,,,,,,,,,,,,,,,,,,,,,,4,,,,,,,,,,,,,,,,,,,,,,,,,,,,,,,,,,,,,,,,,,,,,,,,,,,,,,,,,,,,,,,,,,,,,,,,,,,,,,,,,,,,,,,,,,,,,,,,,,,,,,,,,,,,,,,,1,,,,,,,,,,,,,,,,,,,,,,,,,,,,,,,,,,,,,,,,,,,,,,,,,,,,1,,,,,,,,,,,,2,,,,,,,,,,,,,,,,,,,,,1,,,1,,,,,,,,,,,,2,,,,,,,,,,,,,,,,,,,,,,,,,,,,,,,,,,,,1,,,1,,,,,,,,,,,,,,,,,,,,,,,,,,,,,,4,,,,,,,,,,,,,,,,,,,,,,,1,,,,,,,,,,,,,,,,,,,,,,,,,,,,,,,,,,,,,,,1,,,,,,,,,,,,,,,,,,,,,,,,,,,,,,,,,,,,,,,,,,1,,,,,,,,,,,,,1,,,,,2,2,,,,,,,,,,,,,,,,,,,,,,,,,,1,,,,,,,,,,,,,,,,,,1,,,,,,,,,,,,,,,,,,,,,,,,,,,,,,,,,,,,,,,,,,,,,,,,,,,,,,
PlantLoopHeatPump_EIR_AirSource_and_AWHP_cooling_only.idf,,,,,,,1,,,,,,,,,,2,,,,,,,,,,,,,,,,,,,,,,,,,,,,,,,,,,,,,,,,,,,,,2,,,,,,,,,,,,,,,,,2,,,,,,1,,,,,,,,,,,,,,,,,,,,,,,,,,,,,,,,,2,,,,,,,,,,,,,,,,,,,,,,,,,,,,,,,,,,,,,,,,,,,,,,,,,,,,,,,,,,,,,,,,,,,,,,,,,,,,,,,,,,,,,,,,,,,,,,,,,,,,,,,,,,,,,,,,,,,,,,,,,,,,,,,,,,,,,,,,,,,,,,,,,,,1,20,,,,,,,,,,1,,,,,,,,,,2,4,,,,,,,,,,,,,,,,,,,,,,,,,,,,,,,,,,,,,,,,,,,,,,2,,,,,,,,,,,,,,,,,,,,,,,,,,,,,,,,,,,,,,,,,,,,,,,,,,,,,,,,,,,,,,,,,,,,,,,,,,,,,,,,,,,,,,,,,,,,,,,,,,,,,,,,,,,,,,,,1,,,,,,,,,,,,,,,,,,,,,,,,,,,,,,,,,,,,,,,,,,,,,,,,,,,,1,,,,,,,,,,,,1,,,,,,,,,,,,,,,,,,,,,1,,,1,,,,,,,,,,,,1,,,,,,,,,,,,,,,,,,,,,,,,,,,,,,,,,,,,1,,,1,,,,,,,,,,,,,,,,,,,,,,,,,,,,,,2,,,,,,,,,,,,,,,,,,,,,,,1,,,,,,,,,,,,,,,,,,,,,,,,,,,,,,,,,,,,,,,,,,,,,,,,,,,,,,,,,,,,,,,,,,,,,,,,,,,,,,,,,1,,,,,,,,,,,,,1,,,,,1,1,,,,,,,,,,,,,,,,,,,,,,,,,,1,,,,,,,,,,,,,,,,,,1,,,,,,,,,,,,,,,,,,,,,,,,,,,,,,,,,,,,,,,,,,,,,,,,,,,,,,
PlantLoopHeatPump_EIR_AirSource_and_AWHP_heating_only.idf,,,,,,,1,,,,,,,,,,2,,,,,,,,,,,,,,,,,,,,,,,,,,,,,,,,,,,,,,,1,,,,,,2,,,,,,,,,,,,,,,,,3,,,,,,1,,,,,,,,,,,,,,,,,,,,,,,,,,,,,,,,,2,,,,,,,,,,,,,,,,,,,,,,,,,,,,,,,,,,,,,,,,,,,,,,,,,,,,,,,,,,,,,,,,,,,,,,,,,,,,,,,,,,,,,,,,,,,,,1,,,,,,,,,,,,,,,,,,,,,,,,,,,,,,,,,1,,,,,,,,,,,,,,,,,,3,,,1,29,,,,,,,,,,1,,,,,,,,,,2,4,,,,,,,,,,,,,,,,,,,,,,,,,,,,,,,,,,,,,,,,,,,,,,2,,,,,,,,,,,,2,,,,,,,,,,,,,,,,,,,,,,,,,,,,,,,,,,,,,,,,,,,,,,,,,,,,,,,,,,,,,,,,,,,,,,,,,,,,,,,,,,,,,,,,,,,,,,,,,,,,1,,,,,,,,,,,,,,,,2,,,,,,,,,,,,,,,,,,,,,,,,,,,,,,,,,,,,1,,,,,,,,,,,,1,,,,,,,,,,,,,,,,,,,,,1,,,1,,,,,,,,,,,,1,,,,,,,,,,,,,,,,,,,,,,,,,,,,,,,,,,,,,,,1,,,,,,,,,,,,,,,,,,,,,,,,,,,,,,2,,,,,,,,,,,,,,,,,,,,,,,1,,,,,,,,,,,2,,,,,,,,,,,,,,,,,,,,,,,,,,,,1,,,,,,,,,,,,,,,,,,,,,,,,,,,,,,,,,,,,,,,,,,1,,,,,,,,,,,,,1,,,,,1,1,,,,,,,,,,,,,,,,,,,,,,,,,,1,,,,,,,,,,,,,,,,,,1,,,,,,,,,,,,,,,,,,,,,,,,,,,,,,,,,,,,,,,,,,,,,,,,,,,,,,
PlantLoopHeatPump_EIR_AirSource_BufferTank.idf,,,,,,,2,,,,,,,,,,3,,,,,,,,,,,,,,,,,,,,,,,,,,,,,1,,,,,,,,,,,,,,,,4,,,,,,,,,,,,,,,,,1,,,,,,1,,,,,,,,,,,,,,,,,,,,,,,,,,,,1,,,,,2,,,,,,,,,,,,,,,,,,,,,,,,,,,,,,,,,,,,,,,,,,,,,,,,,,,,,,,,,,,,,,,,,,,,,,,,,,,,,,,,,,,,,,,,,,,,,,,,,,,,,,,,,,,,,,,,,,,,,,,,,,,,,,,,,,,,,,,,,,,,,,,,,,,2,34,,,,,,,,,,1,,,,,,,,,,2,2,,,,,,,,,,,,1,,,,,,,,,,,,,,,,,,,,,,,,,,,,,,,,,,8,,,,,,,,,,,,,,,,,,,,,,,,,,,,,,,,,,,,,,,,,,,,,,,,,,,,,,,,,,,,,,,,,,,,,,,,,,,,,,,,,,,,,,,,,,,,,,,,,,,,,,,,,,,,,,,,1,,,,,,,,,,,,,,,,,,,,,,,,,,,,,,,,,,,,,,,,,,,,,,,,,,,,1,,,,,,,,,,,,2,,,,,,,,,,,,,,,,,,,,,1,,,1,,,,,,,,,,,,2,,,,,,,,,,,,,,,,,,,,,,,,,,,,,,,,,,,,,,,2,,,,,,,,,,,,,,,,,,,,,,,,,,,,,,4,,,,,,,,,,,,,,,,,,,,,,,,,,,,,,,,,,,,,,,,,,,,,,,,,,,,,,,,,,,,,,2,,,,,,,,,,,,,,,,,,,,,,,,,,,,,,,,,,,,,,,,,,1,,,,,,,,,,,,,1,,,,,2,2,,,,,,,,,,,,,,,,,,,,,,,,,,,,,,,,,,,,,,,,,,,,,,,,,,,,,,,,,,,,,,,,,,,,,,,,,,,,,,,,,,,,,,,,,,,,,,,,,,
PlantLoopHeatPump_EIR_AirSource_Hospital_wSixPipeHeatRecovery.idf,,,,,,,4,,,,,,55,,,,7,,,,,,1,,,55,,,1,,,,,,,,2,,,,,,,,,1,,,,,,,,,,,,,,,,125,,,,,,,,,,,,,,46,,,11,,2,,,,1,,,,,4,,,,,,1,2,,,,,55,,2,,,,,,,,,2,,,,,2,,,,,,1,,,,,,,,,,,,,,,,55,,,,,,,,,,,,,,,,1,1,,,,,,,,,,,,,,,,,,,,,,1,,,,,,,,,,,,,,,,,,,,,,,,,,,,,,,,,,,,,,4,,,,,,,,,,,,,,,,,,,,,,,4,4,,,,,,,,,,,,,,,,,,,,,,55,,4,39,,6,,2,,,,,,,,,,,,,,,,,7,,,,,2,,,,,,,,,,,,,11,,1,,,,,,4,,,1,,,,,,,,,,,,,,,,,53,,,,,,,,,,,,,,,,,,,,,,,,,16,,,,,,,,,,,,,,,,,,,,,,,65,,,,,,8,,,,,,,,,,,,,,,,,,,,,,,,,,,,,,,,8,,,,,,,,49,,,,,,,,1,,,,,,,,,,1,4,,,,,1,,,,,,55,,,,,,,1,,,,,,,,,,,,4,30,,,,55,,,1,,,,,,,,,55,,,,1,,,1,,,,4,,,,,7,,,,,,,,,,,,,,,,2,,,,,1,,1,1,,,,,,,,,4,,,4,,,,2,,55,40,,,,,,,,1,,,,,,10,,,,,,,,,4,,,,,,1,,,4,,,,,,,,,,,,,,,,,4,,,,,,,,,,,,,12,,,,,8,,,,,,,,,8,,,,,,,,,,,,,1,,,,,,,,,,,,,,,,,,,402,,,,,2,,,,4,,,,,,59,5,,,,,,,,2,,8,,,,,55,,,30,,,,,,,,,,55,,,,,,,,,,,,,,1,,55,,2,,,,,,,,,1,,,,,4,12,,,,,,,,,,,,1,,,1,,,,,,,,,,,,2,,,,,,,,,,,,,,,,,,,,1,15,1,,12,,,,,,,,,,,,,,,,,2,,,,,,,,,,,,,,,,,4,,,,,,1,,,,4,,,
PlantLoopHeatPump_EIR_Large-Office-2-AWHP-DedHR-AuxBoiler-Pri-Sec-HW.idf,,,,,,,5,1,,,,,1,,,,7,,,,,,,,,19,,,1,,,,,,,,2,,,,,,,,,1,,,,,,,,,,,,,,,,82,,,,,1,,,,,,,,,15,,19,9,,1,,,,1,8,,,,4,,,,,,1,,,,,,16,,1,,,,,,,,,3,,,,,2,,,,,,1,,,,,,,,,,,,,,,,16,,,,,,3,,,,,,,,,,1,1,,,,,,,,,,,1,,,,,,,,,,,1,,,,,,,,,,,,,,,,,,,,1,,,,,,,,,,,,,,,,,,4,,,,,,,,,,,,,,,,,,,,,,,4,4,,,,,,,,,,,,,,,,,,,,,,16,,5,209,,4,,,,,,,,,,,,,,,,,,,9,,,,,2,,,,,,,,,,,,,10,,1,,,,,,4,,,1,,,,,15,,,,,,,,,,,15,32,,,,,,,,,,,,,,,,,,,1,,,,,,20,,,,,,,,,,,,,,,,,,,,,,,25,,,,,,10,,,,,,,,,,,,,,,,,,,,,,,,,,,,,,,,8,,,,,,,,16,,,,,1,,,1,,,,,,,,,,1,,,,,,,,,,,,16,,,,,,,1,,,,,,,,,,,,19,3,2,,,16,,,1,,,,,,,,,16,,,,1,,,1,,,,4,,,,,6,,,,,,,,,,,,,,,,,,,,,1,,1,1,,,,,,,,,4,,,5,,,34,,,17,12,,,,,,,,1,,,,,,10,,,,,,,,,,,,,,,2,,,4,,,,,1,,,,,,,,,,,,4,,,,,,,,,,,,,14,,,,,8,,,,,,,,,10,,,,,,,,,1,,,,1,,,,,,,,,,,,,,,,,,,130,,,,,15,,,,4,,,,,,19,3,,,,,,,,,,10,,,,,16,,,3,,,,,,,,,,16,,,,,,,,,,,,,,1,,16,,,,,,2,,,,,1,,2,,,5,10,,,,,,,,,,,,1,,,1,,,,,,,,,,,1,,,,,,,,,,,,,,,,,,,,,1,15,,,12,,,,,,,,,,,,,,,,,3,,,,,,,,,,,,,,,,,4,,,,,,1,,,,4,,,
PlantLoopHeatPump_EIR_LargeOffice-2-AWHP-AuxBoiler-Pri-Sec-4PipeBeam.idf,,,,,,,5,1,,,,,1,,,,7,,,,,,,,,19,,,1,,,,,,,,2,,,,,,,,,1,15,,,,,,,,,,,,,,,84,,,,,,,,,,,,,,15,,4,8,,1,,,,1,18,,,3,4,5,,,,,1,,,,,,16,3,1,,,,,,,,,2,,,,,2,,,,,,1,,,,,,,,,,,,,,,,16,,,,,,3,,,,,,,,,,1,1,,,,,,,,,,,2,,,,,,,,,,,1,,,,,,,,,,,,,,,,,,,,,,,,,,,,,,,,,,,,1,,4,,,,,,,,,,,,,,,,,,,,,,,4,4,,,,,,,,,,,,,,,,,,,,,,16,,5,77,,4,,,,,,,,,,,,,,,,,,,6,,,,,2,,,,,,,,,,,,,10,,1,,,,,,4,,,1,,,,,,,,,,,,,,,,,28,,,,,,,,,,,,,,,,,,,,,,,,,23,,,,,,,,,,,,,,,,,,,,,,,22,,,,1,,10,,,,,,,,,,,,,,,,,,,,,,,3,,,,,,,,,8,,,,,,,,16,,,,,1,,,1,,,,,,,,,,1,1,,,,,,,,,,,16,,,,,,,1,,,,,,,,,,,,4,3,2,,,16,,,1,3,,,,,,,,16,,,,1,,,1,,,,4,,,,,6,,,,,,,,,,,,,,,,,,,,,1,,1,1,,,,,,,,,4,,,5,,,,,,16,12,,,,,,,,1,,,,,,10,,,,,,,,,,,,,,,2,,,4,,,,,3,,,,,,,,,,,,4,,,,,,,,,,,,,14,,,,,8,,,,,,,,,10,,,,,,,,,1,,,,1,,,,,,,,,,,,,,,,,,,130,,,,,,,,,4,,,,,,5,3,,,,,,,,,,10,,,,,16,,,3,,,,,,,,1,,16,,,,,,,,,,,,,,1,,16,,,,,,,,,,,1,,3,,,5,9,,,,,,,,,,,,1,,,1,,,,,,,,,,,1,,,,,,,,,,,,3,,,,,2,,,,1,15,,,12,,,,,,,,,,,,,,,,,2,,,,,,,,,,,,,,,,,4,,,,,,1,,,,4,,,
PlantLoopHeatPump_EIR_WaterSource.idf,,,,,,,,,,,,,,,,,2,,,,,,,,,,,,,,,,,,,,,,,,,,,,,,,,,,,,,,,,,,,,,6,,,,,,,,,,,,,,,,,2,,,,,,1,,,,,,,,,,,,,,,,,,,,,,,,,,,,1,,,,,2,,,,,,,,,,,,,,,,,,,,,,,,,,,,,,,,,,,,,,,,,,,,,,,,,,,,,,,,,,,,,,,,,,,,,,,,,,,,,,,,,,,,,,,,,,,,,,,,,,,,,,,,,,,,,,,,,,,,,,,,,,,,,,,,,,,,,,,,,,,1,,,,,,,,3,17,1,,,,,,,,,2,,,,,,,,,,3,4,,,,,,,,,,,,,,,,,,,,,,,,,,,,,,1,,,,,,,,,,,,,,,,4,,,,,,,,,,,,,,,,,,,,,,,,,,,,,,,,,,,,,,,,,,,,,,,,,,,,,,,,,,,,,,,,,,,,,,,,,,,,,,,,,,,,,,,,,,,,,,,,,,,,,,,,,,,,,,,,1,,,,,,,,,,,,,,,,,,,,,,,,,,,,,,,,,,,,,,,,,,1,,,,,,,,,,1,,,,,,,,,,,,3,,,,,,,,,,,,1,,,,,,,,,1,,,1,,,,,,,,,,,,3,,,,,,,,,,,,,,,,,,,,,,,,,,,,,,,,,,,,1,,,,,,,,,,,,,,,,,,,,,,,,,,,,,,,,,6,,,,,,,,,1,,,,,,,,,,,,,,,,,,,,,,,,,,,,,,,,,,,,,,,,,,,,,,,,,,,,,1,,,,,,,,,,,,,,,,,,,,,,,,,,1,,,,,,,,,,,,,,,,1,,,,,,,,,,,,,1,,,,,3,2,,,,,,,,,,,,,,,,,,,,,,,,,,,,,,,,,,,,,,,,,,,,,,,,,,,,,,,,,,,,,,,,,,,,1,,,,,,,,,,,,,,,,,,,,,,,,,,,,,,
PlantLoopHeatPump_Fuel-Fired.idf,,,,,,,,,,,,,,,,,2,,,,,,,,,,,,,,,,,,,,,,,,,,,,,,,,,,,,,,,,,,,,,4,,,,,,,,,,,,,,,,,4,,,,,,1,,,,,,,,,,,,,,,,,,,,,,,,,,,,,,,,,2,,,,,,,,,,,,,,,,,,,,,,,,,,,,,,,,,,,,,,,,,,,,,,,,,,,,,,,,,,,,,,,,,,,,,,,,,,,,,,,,,,,,,,,,,,,,,,,,,,,,,,,,,,,,,,,,,,,,,,,,,,,,,,,,,,,,,,,,,,,,,,,,,,,2,15,,,,,,,,,,2,,,,,,,,,,3,7,,,,,,,,,,,,,,,,,,,,,,,,,,,,,,,,,,,,,,,,,,,,,,4,,,,,,,,,,,,,,,,,,,,,,,,,,,,,,,,,,,,,,,,,,,,,,,,,,,,,,,,,,,,,,,,,,,,,,,,,,,,,,,,1,,,,,,,,,,,,,,,,,,,,,,,,,,,,,,,,1,,,,,,,,,,,,,,,,,,,,,,,,,,,,,,,,,,,,,,,,,,,,,,,,,,,,1,1,,,,,,,,,,,2,,,,,,,,,,,,,,,,,,,,,1,,,1,,,,,,,,,,,,2,,,,,,,,,,,,,,,,,,,,,,,,,,,,,,,,,,,,1,,,1,,,,,,,,,,,,,,,,,,,,,,,,,,,,,,4,,,,,,,,,,,,,,,,,,,,,,,,,,,,,,,,,,,,,,,,,,,,,,,,,,,,,,,,,,,,,,1,,,,,,,,,,,,,,,,,,,,,,,,,,,,,,,,,,,,,,,,,,1,,,,,,,,,,,,,1,,,,,2,2,,,,,,,,,,,,,,,,,,,,,,,,,,,1,,,,,,,,,,,,,,,,,,,,,,,,,,,,,,,,,,,,,,,,,,,,,,,,,,,,,,,,,,,,,,,,,,,,,,,
PlantPressureDrop.idf,,,,,,,,,,,,,,,,,2,1,,,,,,,,,,,,,,,,,,,,,,,,,,,,1,,1,,,,,,,,,,,,,,6,,,,,,,,,,,,,,,,,1,,,,,,1,,,,,,,,,,,,,,,,,,,,,,,,,,,,,,,,,2,,,,,,,,,,,,,,,,,,,,,,,,,,,,,,,,,,6,,,,,,,,,,,,,,,,,,,,,,,,,,,,,,,,,,,,,,,,,,,,,,,,,,,,,,,,,,,,,,,,,,,,,,,,,,,,,,,,,,,,,,,,,,,,,,,,,,,,,,,,,,,,,,,,,1,8,,,,,,,,,,1,,,,,,,,,,,,,,,,,,,,,,,,,,,,,,,,,,,,,,,,,,,,,,,,,,,,,,,,,4,,,,,,,,,,,,,,,,,,,,,,,,,3,,,,,,,,,,,,,,,,,,,,,,,1,,,,,,2,,,,,,,,,,,,,,,,,,,,,,,,,,,,,,,,,,,,,,,,,,,,,,,,,,,,,,,,,,1,,,,,,,,,,,,,,,,,,,,,,,,,,,,,,,,,,,,,,,,,,,,,,,,,,,,1,,,,,,,,,,,,1,,,,,,,,,,,,,,,,,,,,,1,1,,1,,,,,,,,,,,,1,,,,,,,,,,,,,,,,,,,,,,,,,,,,,,,,,,,,,,,,,,,,,,,,,,,,,,,,,,,,,,,,,,,,,2,,,,,,,,,,,,,,2,,,,,,,,,1,,,,,,,,,,,,,,,,,,,,,,,,,,,,,,,,,,,,,,,1,,,,,,,,,,2,,,,,,,,,,,,,,,,,,,,,,,,,,,,,,,,1,,,,,,,,,,,,,1,,,,,1,1,,,,,,,,,,,,,,,,,,,,,,,,,,1,,,,,,,,,,,,,,,,,,,,,,,,,,,,,,,,,,,,,,,,,,,,,,,,,,,,,,,,,,,,,,,,,,,,,,,,
PlantPressure_PumpCurve.idf,,,,,,,,,,,,,,,,,2,1,,,,,,,,,,,,,,,,,,,,,,,,,,,,1,,1,,,,,,,,,,,,,,7,,,,,,,,,,,,,,,,,,,,,,,1,,,,,,,,,,,,,,,,,,,,,,,,,,,,,,,,,2,,,,,,,,,,,,,,,,,,,,,,,,,,,,,,,,,,6,,,,,1,,,,,,,,,,,,,,,,,,,,,,,,,,,,,,,,,,,,,,,,,,,,,,,,,,,,,,,,,,,,,,,,,,,,,,,,,,,,,,,,,,,,,,,,,,,,,,,,,,,,,,,,,,,,1,7,,,,,,,,,,1,,,,,,,,,,,,,,,,,,,,,,,,,,,,,,,,,,,,,,,,,,,,,,,,,,,,,,,,,4,,,,,,,,,,,,,,,,,,,,,,,,,4,,,,,,,,,,,,,,,,,,,,,,,1,,,,,,2,,,,,,,,,,,,,,,,,,,,,,,,,,,,,,,,,,,,,,,,,,,,,,,,,,,,,,,,,,1,,,,,,,,,,,,,,,,,,,,,,,,,,,,,,,,,,,,,,,,,,,,,,,,,,,,1,,,,,,,,,,,,1,,,,,,,,,,,,,,,,,,,,,1,1,,1,,,,,,,,,,,,,,,,,,,,,,,,,,,,,,,,,,,,,,,,,,,,,,,,,,,,,,,,,,,,,,,,,,,,,,,,,,,,,,,,,2,,,,,,,,,,,,,,2,,,,,,,,,1,,,,,,,,,,,,,,,,,,,,,,,,,,,,,,,,,,,,,,,1,,,,,,,,,,2,,,,,,,,,,,,,,,,,,,,,,,,,,,,,,,,1,,,,,,,,1,,,,,1,,,,,1,1,,,,,,,,,,,,,,,,,,,,,,,,,,1,,,,,,,,,,,,,,,,,,,,,,,,,,,,,,,,,,,,,,,,,1,,,,,,,,,,,,,,,,,,,,,,,,,,,,,,,
PlantPressure_VFD_Scheduled.idf,,,,,,,,,,,,,,,,,2,1,,,,,,,,,,,,,,,,,,,,,,,,,,,,1,,,,,,,,,,,,,,,,6,,,,,,,,,,,,,,,,,,,,,,,1,,,,,,,,,,,,,,,,,,,,,,,,,,,,,,,,,2,,,,,,,,,,,,,,,,,,,,,,,,,,,,,,,,,,4,,,,,,,,,,,,,,,,,,,,,,,,,,,,,,,,,,,,,,,,,,,,,,,,,,,,,,,,,,,,,,,,,,,,,,,,,,,,,,,,,,,,,,,,,,,,,,,,,,,,,,,,,,,,,,,,,1,8,,,,,,,,,,1,,,,,,,,,,,,,,,,,,,,,,,,,,,,,,,,,,,,,,,,,,,,,,,,,,,,,,,,,5,,,,,,,,,,,,,,,,,,,,,,,,,3,,,,,,,,,,,,,,,,,,,,,,,1,,,,,,2,,,,,,,,,,,,,,,,,,,,,,,,,,,,,,,,,,,,,,,,,,,,,,,,,,,,,,,,,,1,,,,,,,,,,,,,,,,,,,,,,,,,1,,,,,,,,,,,,,,,,,,,,,,,,,,,1,,,1,,,,,,,,,1,,,,,,,,,,,,,,,,,,,,,1,,,1,,,,,,,,,,,,1,,,,,,,,,,,,,,,,,,,,,,,,,,,,,,,,,,,,,,,1,,,,,,,,,,,,,,,,,,,,,,,,,,,,,,2,,,,,,,,,,,,,,2,,,,,,,,,1,,,,,,,,,,,,,,,,,,,,,,,,,,,,,,,,,,,,,,,1,,,,,,,,,,2,,,,,,,,,,,,,,,,,,,,,,,,,,,,,,,,1,,,,,,,,1,,,,,1,,,,,1,2,,,,,,,,,,,,,,,,,,,,,,,,,,1,,,,,,,,,,,,,,,,,,,,,,,,,,,,,,,,,,,,,,,,,,,,,,,,,,,,,,,,,,,,,,,,,,,,,,,,
PlateHeatExchanger.idf,,,,,,,,,,,,1,,1,,,6,,,1,,,,,,3,,,,,1,,,,,,,1,,,,,,,,2,,1,,,,,,,,,,,,,,38,,,,,,,,,,,,,,,,,,,,,,,1,,,,1,,,,,,,,,,,,,3,,,,,,,,,,1,,,,,,2,,,,,,,,,,,,,,,,,,,,,,,,,,,,,,,,,,10,,,,,,,,,,,,,,,,,,,,,,,,,,,,,,,,,,,,,,,,,,,,,,,,,136,,,,,,,,,,,,,,,,,,,,,,,,,,,,,,,,,,,,,,,1,,,,,,,,,,,,,,1,,,1,,,,,,,,2,49,1,,,,,,,,,,,,,,,,,,,,,,,2,,1,,,,,,,,,,,,,5,,,,,,,,,,,1,1,,,,,,,,,,,,,,,,16,,,,,,,,,,,,,,,,,,,,,,,,,20,2,,,,,,,,,,,,,,,,,,,,,,6,,,,,,8,,,,,,,,2,,,,,,,,,,,,,,,,,,,,,,,,1,,,,,,,,3,,,,,,,,,,,,,,,,,,1,,,,,,,,,,,2,3,,,,,,,,,,,,,,,1,,,,1,,,,,2,,,,,,1,,,,,7,3,,,,1,,,,,,,1,,,,,4,,,,,,,,,,,,1,,,,,,,,,1,,,1,,,,,,,,,1,,,,,,,,,,1,,,,1,,3,,1,,,,,,,,,,,,,,,1,,,,,,1,,,,,,,,,,,,,,,,,,,,,,,,,,,,,,,,,9,,,,,1,,,,1,,,,,8,,,1,,,,,,1,,,,,,,,,,,,,,,,,,,,,,,20,,,,,,,,,,,,,,,3,1,,,,,,,,,,8,,,,,,,,,,,,,,,,2,,3,,,,,,,,,,,,,,1,,3,,,,,,,,,,,1,,,,,2,3,,,,,,,,,,,,,,,,,,,,,,,,,,1,,,,,,,,,,,,,,,,,,,,,1,9,,,,,,,,,,,,,,,,,,,4,,,,,,,,,,,,,,,1,,,1,,,,,,,,,,1,,,
Plenum.idf,,,,,,,,,,,,1,,,,,5,,,,,,,,,5,,,,,1,,,,,,,1,,,,,,,,1,,,,,,,,,,,,,,,,20,,,,,,,,,,,,,,,3,,,,,,,,1,,,,1,,,,,,,,,,,,,3,,,,,,1,,,,2,,,,,,2,,,,,,,,,,,,,,,,,,,,,,,,,,,,2,,,,,,14,,,,,,,,,,,,,,,,,,,,,,,,,,,,,,,,,,,,,,,,,,,,,,,,,,,,,,,,,,,,,,,,,,,,,,,,,,,,,,,,,,,,,,,,1,,,,,,,,,,,,,,1,,,,,,,,,,,1,13,,,,,,,,,,,,,,,,,,,,,,,,1,,,,,,,,,,,,,,,9,,,,,,,,,,,1,,,,,,,,,,,,,,,,,13,,,,,,,,,,,,,,,,,,,,,,,,,10,1,,,,,,,,,,,,,,,,,,,,,,5,,,,,,4,,,,,,,,,,,,,,,,,,,,,,,,,,,,,,,,1,,,,,,,,3,,,,,1,,,,,,,,,,,,,1,,,,,,,,,,,1,3,,,,,,,,,,,,,1,,1,,,,1,,,,,3,,,,,,,,,,,,3,,,,1,,,,,,,1,,,,,4,,,,,,,,,,,,,,,,,,,,,1,,,1,,,,,,,,,1,,,2,,,,,,,6,,,,1,,3,,,,,,,,,,,,,,,,,1,,,,,,3,,,,,,,,,,,,,,,,,,,,,,,,,,,,,,,,,5,,1,,,1,,,,,,,,,4,,,1,,,,,,1,,,,,,,,,,,,,,,,,,,,,,,31,,,,,,,,,,,,,,,,,,,,,,,,,,4,,,,,,,,,,,,,,,,,,3,,,,,,,,,,,,,,1,,3,,,,,,,,,,,1,,,,,1,4,,,,,,,,,,,,,,,,,,,,,,,,,,1,,,,,,,,,,,,,,,,,,,,,1,12,,,,,,,,,,,,,,,,,,,,,,,,1,,,,,,,,,,,,,1,,,,,,1,,,,1,,,
PlenumwithRetAirHeatGain.idf,,,,,,,,,,,,1,,,,,5,,,,,,,,,2,,,,,1,,,,,,,1,,,,,,,,1,,,,,,,,,,,,,,,,20,,,,,,,,,,,,,,,1,,,,,,,,1,,,,1,,,,,,,,,,,,,1,,,,,,,,,,2,,,,,,2,,,,,,,,,,,,,,,,,,,,,,,,,,,,1,,,,,,14,,,,,,,,,,,,,,,,,,,,,,,,,,,,,,,,,,,,,,,,,,,,,,,,,,,,,,,,,,,,,,,,,,,,,,,,,,,,,,,,,,,,,,,,1,,,,,,,,,,,,,,1,,,,,,,,,,,1,11,,,,,,,,,,,,,,,,,,,,,,,,1,,,,,,,,,,,,,,,6,,,,,,,,,,,1,,,,,,,,,,,,,,,,,13,,,,,,,,,,,,,,,,,,,,,,,,,10,1,,,,,,,,,,,,,,,,,,,,,,3,,,,,,4,,,,,,,,,,,,,,,,,,,,,,,,,,,,,,,,1,,,,,,,,1,,,,,1,,,,,,,,,,,,,1,,,,,,,,,,,1,1,,,,,,,,,,,,,1,,1,,,,1,,,,,1,,,,,,,,,,,,1,,,,1,,,,,,,1,,,,,4,,,,,,,,,,,,,,,,,,,,,1,,,1,,,,,,,,,1,,,2,,,,,,,1,,,,1,,1,,,,,,,,,,,,,,,,,1,,,,,,3,,,,,,,,,,,,,,,,,,,,,,,,,,,,,,,,,5,,1,,,1,,,,,,,,,4,,,1,,,,,,1,,,,,,,,,,,,,,,,,,,,,,,12,,,,,,,,,,,,,,,,,,,,,,,,,,4,,,,,,,,,,,,,,,,,,1,,,,,,,,,,,,,,1,,1,,,,,,,,,,,1,,,,,1,4,,,,,,,,,,,,,,,,,,,,,,,,,,1,,,,,,,,,,,,,,,,,,,,,1,10,,,,,,,,,,,,,,,,,,,,,,,,1,,,,,,,,,,,,,1,,,,,,1,,,,1,,,
PondGroundHeatExchanger.idf,,,,,,,,,,,,1,5,,,,6,,,,,,,,,6,,,,,1,,,,,,4,,,,,,,,,2,,1,,,,,,,,,,,,,,33,,,,,,,,,,,,,,5,,1,,,,,,,1,,,,,1,,,,,,,,,,,,5,,,,,,2,,,,4,,,,,,2,,,,,,1,,,,,,,,,,,,,,,,5,,,,,,1,,,,,1,10,,,,,1,,,,,,,,,,,,,,,,,,,,,,,,,,,,,,,,,,,,,,,,,,,,,,,,,,,,,,,,,,,,1,,,,,,,,,,,,2,,,,,,,,,,,1,1,,,,,,,,,,,,,2,,,,,,,,,,,2,20,,1,,,,,,,,,,,,,,,,,,,,,,1,,,,,,,,,,,,,,,7,,,,,,,,,,,1,,,,,,,,,,,,,,,,,21,,,,,,,,,,,,,,,,,,,,,,,,,15,1,,,,,,,,,,,,,,,,,,,,,,4,,,,,,6,,,,,,,20,1,,,,,,,,,,,,,,,,,,,,,,,,2,,,,,,,,5,,,,,,,,,,,,,,,,,,1,1,,,,,,,,,,1,5,,,,,,,,,,,,,1,,,,,,,,,,,5,,,,,,,,,,,,5,,,,1,,,,,,,1,,,,,6,,,,,,,,,,,,,,,,,,,,,1,,,1,,,,,,,,,1,,,3,,,,,,5,6,,,,1,,,,1,,,,,,,,,,,,,,,,,,,,,3,,,,,,,,,,,,,,,,,,,,1,,,,,,,,,,,,,7,,3,,,2,,,,1,,,,,6,,,2,,,,,,1,,,,,,,,,,,,,,,,,,,,,,,40,,,,,,,,,1,,,,,,6,1,,,,,,,,,,6,,,,,1,,,,,,,,,,,,,5,,,,,,,,,,,,,,1,,5,,,,,,,,,,,1,,,,,2,5,,,,,,,,,,,,,,,,,,,,,,,,,,1,,,,,,,,,,,,,,,,,,,,,1,10,,,1,,1,,,,,,,,,,,,,,,,,,,1,,,,,,,,,,1,,,1,,,,,,1,,,,1,,,
PurchAirTables.idf,,,,,,,,1,,,,,,,,,4,,,,,,1,,,3,,,,,,,,,,,,,,,,,,,,1,,,,,,,,,,,,,,,,,,,,,,,,,,,,,,,,,,,,,,,1,,,,,,55,,,,,,,,,,,3,,,,,,,,,,1,,,,,,2,,,,,,,,,,,,,,,,,,,,,,,,,,,,,,,,,,7,,,,,,,,,,,,,,,,,,,,,,,,,,,,,,,,,,,,,,,,,,,,,,,,,,,,,,,,,,,,,,,,,,,,,,,,,,,,,,,,,,,,,,,,,,,,,,,,,,,,,,1,,,,,,,,,,,,8,,,,,,,,,,,,1,,,,,,,,,,,,,,,,,,,,,,,,,,,5,,,,,,,,,,,1,,,,,,,,,,,,,,,,,10,,,,,,,,,,,,,,,,,,,,,,,,,,,,,3,,,,,,,,,,,,,,,,,,,3,,,,,,,,,,,,,,,,,,,,,,,,,,,,,4,,,,,,,,,,,,,,,,,3,,,,,1,,,,,,,,,,,,,1,,,,,,,,,,,,,,,,,,,1,,,,,,,,,,,,,,2,,,2,,,,,,,,,,,,3,,,,1,,,,,,,,,,,,,,,,,,,,,,,,,,,,,,,,,1,9,1,1,,,,,,,,,,,,,,,,,,,1,,,,,,,,1,,,,,,,,,,,,,,,,,,,,,,,,,,,,,,,,,,,,,,,,,,,,,,,,,,,,,,,,,,,,,,,,,,,,,,,1,,,,,,1,,,,,,,,,,,,,,,,,,,,,,,20,,,,,,,,,,,,,,,,,,,,,,,,,,,,,,,,,,,,,,,,,,,,3,,,,,,,,,,,,,,1,,3,,,,,,,,,,,1,,,,,,,,,,,,,,,,,,,,,,,,,,,,,,,,1,,,,,,,,,,,,,,,,,,,,,1,9,,,,,,,,,,,,,,,,,,,,,,,,,,,,,,,,,,,,,,,,,,,1,,,,,,,
PurchAirTables_SQL.idf,,,,,,,,1,,,,,,,,,4,,,,,,1,,,3,,,,,,,,,,,,,,,,,,,,1,,,,,,,,,,,,,,,,,,,,,,,,,,,,,,,,,,,,,,,1,,,,,,55,,,,,,,,,,,3,,,,,,,,,,1,,,,,,2,,,,,,,,,,,,,,,,,,,,,,,,,,,,,,,,,,7,,,,,,,,,,,,,,,,,,,,,,,,,,,,,,,,,,,,,,,,,,,,,,,,,,,,,,,,,,,,,,,,,,,,,,,,,,,,,,,,,,,,,,,,,,,,,,,,,,,,,,1,,,,,,,,,,,,8,,,,,,,,,,,,1,,,,,,,,,,,,,,,,,,,,,,,,,,,5,,,,,,,,,,,1,,,,,,,,,,,,,,,,,10,,,,,,,,,,,,,,,,,,,,,,,,,,,,,3,,,,,,,,,,,,,,,,,,,3,,,,,,,,,,,,,,,,,,,,,,,,,,,,,4,,,,,,,,,,,,,,,,,3,,,,,1,,,,,,,,,,,,,1,,,,,,,,,,,,,,,,,,,1,,,,,,,,,,,,,,2,,,2,,,,,,,,,,,,3,,,,1,,,1,,,,,,,,,,,,,,,,,,,,,,,,,,,,,,1,9,,1,,,,,,,,,,,,,,,,,,,1,,,,,,,,1,,,,,,,,,,,,,,,,,,,,,,,,,,,,,,,,,,,,,,,,,,,,,,,,,,,,,,,,,,,,,,,,,,,,,,,1,,,,,,1,,,,,,,,,,,,,,,,,,,,,,,20,,,,,,,,,,,,,,,,,,,,,,,,,,,,,,,,,,,,,,,,,,,,3,,,,,,,,,,,,,,1,,3,,,,,,,,,,,1,,,,,,,,,,,,,,,,,,,,,,,,,,,,,,,,1,,,,,,,,,,,,,,,,,,,,,1,9,,,,,,,,,,,,,,,,,,,,,,,,,,,,,,,,,,,,,,,,,,,1,,,,,,,
PurchAirTables_wAnnual.idf,,,,,,,,1,,,,,,,,,4,,,,,,1,,,3,,,,,,,,,,,,,,,,,,,,1,,,,,,,,,,,,,,,,,,,,,,,,,,,,,,,,,,,,,,,1,,,,,,55,,,,,,,,,,,3,,,,,,,,,,1,,,,,,2,,,,,,,,,,,,,,,,,,,,,,,,,,,,,,,,,,7,,,,,,,,,,,,,,,,,,,,,,,,,,,,,,,,,,,,,,,,,,,,,,,,,,,,,,,,,,,,,,,,,,,,,,,,,,,,,,,,,,,,,,,,,,,,,,,,,,,,,,1,,,,,,,,,,,,8,,,,,,,,,,,,1,,,,,,,,,,,,,,,,,,,,,,,,,,,5,,,,,,,,,,,1,,,,,,,,,,,,,,,,,10,,,,,,,,,,,,,,,,,,,,,,,,,,,,,3,,,,,,,,,,,,,,,,,,,3,,,,,,,,,,,,,,,,,,,,,,,,,,,,,4,,,,,,,,,,,,,,,,,3,,,,,1,,,,,,,,,,,,,1,,,,,,,,,,,,,,,,,,,1,,,,,,,,,,,,,,2,,,2,,,,,,,,,,,,3,,,,1,,,,,,,,,,,,,,,,,,,,,,,,,,,,,,,,,1,9,1,1,,,,,,,,,,,,,,,,,,,1,,,,,,,,1,,,,,,,,,,,,,,,,,,,,,,,,,,,,,,,,,,,,,,,,,,,,,,,,,,,,,,,,,,,,,,,,,,,,,,,1,,,,,,1,,,,,,,,,,,,,,,,,,,,,,,20,,,,,,,,,,,,,,,,,,,,,,,,,,,,,,,,,,,,,,,,,,,,3,,,,,,,,,,,,,,1,,3,,,,,,,,,,,1,,,,,,,,,,,,,,,,,,,,,,,,,,,,,,,,1,,,,,,,,,,,,,,,,,,,,,1,9,,,,,,14,,,,,,,,,,,,,,,,,,,,,,,,,,,,,,,,,,,,,1,,,,,,,
PurchAirWindowBlind.idf,,,,,,,,,,,,,,,,,5,,,,,,,,,3,,,,,,,,,,,,,,,,,,,,1,,,,,,,,,,,,,,,,,,,,,,,,,,,,,,,,,,,,,,,1,,,,,,,,,,,,,,,,,3,,,,,,,,,,1,,,,,,2,,,,,,,,,,,,,,,,,,,,,,,,,,,,,,,,,,6,,,,,,,,,,,,,,,,,,,,,,,,,,,,,,,,,,,,,,,,,,,,,,,,,,,1,,,,,,,,,,,,,,,,,,,,,,,,,,,,,1,,,,,,,,,,,,,,,,,,,,,,1,,,,,,,,,,,,24,,,,,,,,,,,,,,,,,,,,,,,,,,,,,,,,,,,,,,,6,,,,,,,,,,,1,,,,,,,,,,,,,,,,,11,,,,,,,,,,,,,,,,,,,,,,,,,,,,,3,,,,,,,,,,,,,,,,,,,3,,,,,,,,,,,,,,,,,,,,,,,,,,,,,,,,,,,,,,,,,,,,,,3,,,,,1,,,,,,,,,,,,,1,,,,,,,,,,,,,,,,,,,1,,,,,,,,,,,,,,,,,2,,,,,,,,,,,,3,,,,1,,,,,,,,,,,,,,,,,,,,,,,,,,,,,,,,,1,,,1,,,,,,,,,,,,,,,,,,,2,,,,,,,,1,,,,,,,,,,,,,,,,,,,,,,,,,,,,,,,,,,,,,,,,,,,,,,,,,,,,,,,,,,,,,,,,,,,,,,,1,,,,,,1,,,,,,,,,,,,,,,,,,,,,,,20,,,,,,,,,,,,,,,,,,,,,,,,,,,,,,,,,,,,,,,,,,,,3,,,,,,,,,,,,,,1,,3,,,,,,,,,,,1,,,,,,,,,,,,,,,,,,,,,,,,,,,,,,,,1,,,,,,,,,,,,,,,,,,,,,1,9,,,,,,,,,,,,,,,,,,,,,,,,,,,,,,,,,,,,,,,,,,,1,,,,,,,
PurchAirWindowBlind_BlockBeamSolar.idf,,,,,,,,,,,,,,,,,5,,,,,,,,,3,,,,,,,,,,,,,,,,,,,,1,,,,,,,,,,,,,,,,,,,,,,,,,,,,,,,,,,,,,,,1,,,,,,,,,,,,,,,,,3,,,,,,,,,,1,,,,,,2,,,,,,,,,,,,,,,,,,,,,,,,,,,,,,,,,,,,,,,,,,,,,,,,,,,,,,,,,,,,,,,,,,,,,,,,,,,,,,,,,,,,,1,,,,,,,,,,,,,,,,,,,,,,,,,,,,,1,,,,,,,,,,,,,,,,,,,,,,1,,,,,,,,,,,,27,,,,,,,,,,,,,,,,,,,,,,,,,,,,,,,,,,,,,,,6,,,,,,,,,,,1,,,,,,,,,,,,,,,,,11,,,,,,,,,,,,,,,,,,,,,,,,,,,,,3,,,,,,,,,,,,,,,,,,,3,,,,,,,,,,,,,,,,,,,,,,,,,,,,,,,,,,,,,,,,,,,,,,3,,,,,,,,,,,,,,,,,,1,,,,,,,,,,,,,,,,,,,,,,,,,,,,,,,,,,,,2,,,,,,,,,,,,3,,,,1,,,,,,,,,,,,,,,,,,,,,,,,,,,,,,,,,1,,,1,,,,,,,,,,,,,,,,,,,1,,,,,,,,1,,,,,,,,,,,,,,,,,,,,,,,,,,,,,,,,,,,,,,,,,,,,,,,,,,,,,,,,,,,,,,,,,,,,,,,1,,,,,,1,,,,,,,,,,,,,,,,,,,,,,,20,,,,,,,,,,,,,,,,,,,,,,,,,,,,,,,,,,,,,,,,,,,,3,,,,,,,,,,,,,,1,,3,,,,,,,,,,,1,,,,,,,,,,,,,,,,,,,,,,,,,,,,,,,,1,,,,,,,,,,,,,,,,,,,,,1,9,,,,,,,,,,,,,,,,,,,,,,,,,,,,,,,,,,,,,,,,,,,1,,,,,,,
PurchAirWithDaylighting.idf,,,,,,,,,,,,,,,,,4,,,,,,,,,3,,,,,,,,,,,,,,,,,,,,,,,,,,,,,,,,,,,,,,,,,,,,,,,,,,,,,,,,,,,1,,,,,,,,,,,,,,,,,3,,,,,,,,,,3,,,,,,2,,,,,,,,,,,,,,,,,,,,,,,,,,,,,,,,,,6,,,,,,,,,,,,,,,,,,,,,,,,,,,,,,,,,,,,,,,,,,,,,,,,,,,1,,,,,,,,,,,,,,,,,,,,,,,,,,,,,,,,,,,,,,,,,,,,,,,,,,,1,,,,,,,,,,,,43,,,,,,,,,,,,,,,,,,,,,,,,,,,,,,,,,,,,,,,6,,,,,,,,,,,1,,,,,,,,,,,,,,,,,10,,,,,,,,,,,,,,,1,,,,,,,,,,,,,,3,,,,,,,,,,,,,,,,,,,3,,,,,,,,,,,,,,,,,,,,,,,,,,,,1,,,,,,,,,,,,,,,1,,,3,,,,,1,,,,,,,,,,,,,1,,,,,,,,,,,,,,,,,,,1,,,,,,,,,,,,,,,,,3,,,,,,,,,,,,3,,,,1,,,,,,,,,,,,,,,,,,,,,,,,,,,,,,,,,1,,,1,,,,,,,,,,,,,,,,,,,1,,,,,,,,1,,,,,,,,,,,,,,,,,,,,,,,,,,1,,,,,,,,,,,,,,,,,,,,,,,,,,,,,,1,,,,,,,,,,,,,,,1,,,,,,1,,,,,,,,,,,,,,,,,,,,,,,20,,,,,,,,,,,,,1,,,,,,,,,,,,,,,,,,,,,,,,,,,,,,,3,,,,,,,,,,,,,,1,,3,,,,,,,,,,1,1,,,,,,,,,,,,,,,,,,,,,,,,,,,,,,,,1,,,,,,,,,,,,,,,,,,,,,1,9,,,,,,,,,,,,,,,,,,,,,,,,,,,,,,,,,,,,,,,,,,,1,,,,,,,
PurchAirWithDaylightingAndShadeControl.idf,,,,,,,,,,,,,,,,,4,,,,,,,,,3,,,,,,,,,,,,,,,,,,,,,,,,,,,,,,,,,,,,,,,,,,,,,,,,,,,,,,,,,,,1,,,,,,,,,,,,,,,,,3,,,,,,,,,,3,,,,,,12,,,,,,,,,,,,,,,,,,,,,,,,,,,,,,,,,,6,,,,,,,,,,,,,,,,,,,,,,,,,,,,,,,,,,,,,,,,,,,,,,,,,,,4,,,,,,,,,,,,,,,,,,,,,,,,,,,,,,,,,,,,,,,,,,,,,,,,,,,1,,,,,,,,,,,,15,,,,,,,,,,,,,,,,,,,,,,,,,,,,,,,,,,,,,,,6,,,,,,,,,,,1,,,,,,,,,,,,,,,,,10,,,,,,,,,,,,,,,1,,,,,,,,,,,,,,3,,,,,,,,,,,,,,,,,,,3,,,,,,,,,,,,,,,,,,,,,,,,,,,,1,,,,,,,,,,,,,,,1,,,3,,,,,1,,,,,,,,,,,,,1,,,,,,,,,,,,,,,,,,,1,,,,,,,,,,,,,,,,,3,,,,,,,,,,,,3,,,,1,,,,,,,,,,,,,,,,,,,,,,,,,,,,,,,,,1,,,1,,,,,,,,,,,,,,,,,,,10,,,,,,,,1,,,,,,,,,,,,,,,,,,,,,,,,,,1,,,,,,,,,,,,,,,,,,,,,,,,,,,,,,1,,,,,,,,,,,,,,,1,,,,,,1,,,,,,,,,,,,,,,,,,,,,,,20,,,,,,,,,,,,,1,,,,,,,,,,,,,,,,,,,,,,,,,,,,,,,3,,,,,,,,,,,,,,1,,3,,,,,,,,,,1,1,,,,,,,,,,,,,,,,,,,,,,,,,,,,,,,,1,,,,,,,,,,,,,,,,,,,,,1,9,,,,,,,,,,,,,,,,,,,,,,,,,,,,,,,,,,,,,,,,,,,1,,,,,,,
PurchAirWithDaylightingAngleFac.idf,,,,,,,,,,,,,,,,,4,,,,,,,,,3,,,,,,,,,,,,,,,,,,,,,,,,,,,,,,,,,,,,,,,,,,,,,,,,,,,,,,,,,,,1,,,,,,,,,,,,,,,,,3,,,,,,,,,,3,,,,,,2,,,,,,,,,,,,,,,,,,,,,,,,,,,,,,,,,,6,,,,,,,,,,,,,,,,,,,,,,,,,,,,,,,,,,,,,,,,,,,,,,,,,,,1,,,,,,,,,,,,,,,,,,,,,,,,,,,,,,,,,,,,,,,,,,,,,,,,,,,1,,,,,,,,,,,,11,,,,,,,,,,,,,,,,,,,,,,,,,,,,,,,,,,,,,,,6,,,,,,,,,,,1,,,,,,,,,,,,,,,,,10,,,,,,,,,,,,,,,1,,,,,,,,,,,,,,3,,,,,,,,,,,,,,,,,,,3,,,,,,,,,,,,,,,,,,,,,,,,,,,,,,,,,,,,,,,,,,,1,,,3,,,,,1,,,,,,,,,,,,,1,,,,,,,,,,,,,,,,,,,1,,,,,,,,,,,,,,,,,3,,,,,,,,,,,,3,,,,1,,,,,,,,,,,,,,,,,,,,,,,,,,,,,,,,,1,,,1,,,,,,,,,,,,,,,,,,,1,,,,,,,,1,,,,,,,,,,,,,,,,,,,,,,,,,,1,,,,,,,,,,,,,,,,,3,,,,,,,,,,,,,1,,,,,,,,,,,,,,,1,,,,,,1,,,,,,,,,,,,,,,,,,,,,,,20,,,,,,,,,,,,,,,,,,,,,,,,,,,,,,,,,,,,,,,,,,,,3,,,,,,,,,,,,,,1,,3,,,,,,,,,,1,1,,,,,,,,,,,,,,,,,,,,,,,,,,,,,,,,1,,,,,,,,,,,,,,,,,,,,,1,9,,,,,,,,,,,,,,,,,,,,,,,,,,,,,,,,,,,,,,,,,,,1,,,,,,,
PurchAirWithDoubleFacadeDaylighting.idf,,,,,,,,,,,,,,,,,4,,,,,,,,,4,,,,,,,,,,,,,,,,,,,,,,,,,,,,,,,,,,,,,,,,,,,,,,,,,,,,,,,,,,,1,,,,,,,,,,,,,,,,,3,,,,,,,,,,1,,,,,,2,,,,,,,,,,,,,,,,,,,,,,,,,,,,,,,,,,6,,,,,,,,,,,,,,,,,,,,,,,,,,,,,,,,,,,,,,,,,,,,,,,,,,,,,,,,,,,,,,,,,,,,,,,,,,,,,,,,,,,,,,,,,,,,,,,,,,,,,,1,,,,,,,,,,,,10,,,,,,,,,,,,,,,,,,,,,,,,,,,,,,,,,,,,,,,6,,,,,,,,,,,1,,,,,,,,,,,,,,,,,10,,,,,,,,,,,,,,,,,,,,,,,,,,,,,3,,,,,,,,,,,,,,,,,,,3,,,,,,,,,,,,,,,,,,,,,,,,,,,,,,,,,,,,,,,,,,,1,,,3,,,,,1,,,,,,,,,,,,,1,,,,,,,,,,,,,,,,,,,1,,,,,,,,,,,,,,,,,3,,,1,,,,,,,,,3,,,,1,,,,,,,,,,,,,,,,,,,,,,,,,,,,,,,,,1,,,1,,,,,,,,,,,,,,,,,,,3,,,,,,,,1,,,,,,,,,,,,,,,,,,,,,,,,,,,,,,,,,,,,,,,,,,,,,,,,,,,,,,,,1,,,,,,,,,,,,,,,1,,,,,,1,,,,,,,,,,,,,,,,,,,,,,,26,,,,,,,,,,,,,1,,,,,,,,,,,,,,,,,,,,,,,,,,,,,,,3,,,,,,,,,,,,,,1,,3,,,,,,,,,,1,1,,,,,,,,,,,,,,,,,,,,,,,,,,,,,,,,1,,,,,,,,,,,,,,,,,,,,,1,9,,,,,,,,,,,,,,,,,,,,,,,,,,,,,,,,,,,,,,,,,,,1,,,,,,,
PythonPlugin1ZoneUncontrolledCondFD.idf,,,,,,,,,,,,,,,,,2,,,,,,,,,1,,,1,,,,,,,,1,,,,,,,,,1,,,,,,,,,,,,,,,,,,,,,,,,,,,,,,,,,,,,,,,1,,,,,,,,,,,,,,,,,,,,,,,,,,,,,,,,,2,,,,,,,,,,,,,,,,,,,,,,,,,,,,,,,,,,,,,,,,,,,,,,,,,,,,,,,,,,,,,,,,,,,,,,,,,,,,,,,,,,,,,,,,,,,,,1,,,,,,,,,,,,,,,,,,,,,,,,,,,,,,,,,,,,,,,,,,,,,,,,,,,,,,,30,,,,,,,,,,,,,,,,,,,,1,,,,,,,,,,,,,,,,,,,4,,,,,,,,,,,1,,,,,,,,,,,,,,,,,,,,,,,,,,,,,,,,,,,,,,,,,,,,,,,,,,,,,,,,,,,,,,,,,,,,,,,,,,,,,,,,,,,,,,,,,,,,,,,,,,,,,,,,,,,,,,,,,,,,1,,,,,,,,,,,,,1,,,,,,,,,,,,,,,,,,,1,,,,,,,,,,,,,,,,,,,,,,,,,,,,,,,,,1,,,,,,,,,,,,,,,,,,,,,,,,,,,,,,,,,1,,,1,,,,,,,,,,,,,,,,,,,,,,,,,,,1,,,,,,,,,,,,,,,,,,,,,,,,,,,,,,,,,,,,,,,,,,,,2,,,,,,,,,,,,,,,,,,,,,,,,,,,,,,,,,1,,,,,,,,,,,,,,,,,,,,,,,6,1,,,,,,,,,,,,,,,,,,,,,,,,,,,,,,,,,,,,,,,,,,,,,,,,,,,,,,,,,1,,,,,,,,,,,,,1,,,,,,,,,,,,,,,,,,,,,,,,,,,,,,,,1,,,,,,,,,,,,,,,,,,,,,1,7,,,,,,,,,,,,,,,,,,,,,,,,,,,,,,,,,,,,,,,,,,,,,,,,,,
PythonPlugin1ZoneUncontrolledTrackHistory.idf,,,,,,,,,,,,,,,,,2,,,,,,,,,1,,,1,,,,,,,,1,,,,,,,,,1,,,,,,,,,,,,,,,,,,,,,,,,,,,,,,,,,,,,,,,1,,,,,,,,,,,,,,,,,,,,,,,,,,,,,,,,,2,,,,,,,,,,,,,,,,,,,,,,,,,,,,,,,,,,,,,,,,,,,,,,,,,,,,,,,,,,,,,,,,,,,,,,,,,,,,,,,,,,,,,,,,,,,,,1,,,,,,,,,,,,,,,,,,,,,,,,,,,,,,,,,,,,,,,,,,,,,,,,,,,,,,,12,,,,,,,,,,,,,,,,,,,,1,,,,,,,,,,,,,,,,,,,4,,,,,,,,,,,1,,,,,,,,,,,,,,,,,,,,,,,,,,,,,,,,,,,,,,,,,,,,,,,,,,,,,,,,,,,,,,,,,,,,,,,,,,,,,,,,,,,,,,,,,,,,,,,,,,,,,,,,,,,,,,,,,,,,1,,,,,,,,,,,,,1,,,,,,,,,,,,,,,,,,,1,,,,,,,,,,,,,,,,,,,,,,,,,,,,,,,,,1,,,,,,,,,,,,,,,,,,,,,,,,,,,,,,,,,1,,,1,,,,,,,,,,,,,,,,,,,,,,,,,,,1,,,,,,,,,,,,,,,,,,,,,,,,,,,,,,,,,,,,,,,,,,,,2,,,,,,,,,,,,,,,,,,,,,,,,,,,,,,,,,1,,,,,,,,,,,,,,,,,,,,,,,6,1,,,,,,,,,,,,,,,,,,,,,,,,,,,,,,,,,,,,,,,,,,,,,,,,,,,,,,,,,1,,,,,,,,,,,,,1,,,,,,,,,,,,,,,,,,,,,,,,,,,,,,,,1,,,,,,,,,,,,,,,,,,,,,1,7,,,,,,,,,,,,,,,,,,,,,,,,,,,,,,,,,,,,,,,,,,,,,,,,,,
PythonPluginAirflowNetworkOpeningControlByHumidity.idf,,,,,,,,,,,,,,,,,6,,,,,1,,6,,4,,,,,,,,,,,,,,,,,,,,1,,,,,,,,,,,,,,,,1,1,,,,,,,,5,,,,,,3,,3,,,,,,1,,2,,1,1,,,,,,,,,,,,3,,,,,,,,,,3,,,,,,2,,,,,,,,,,,2,,,,,,,,,,,,,,,,,,,,,,,12,,,,,,,,,,,,,,,,,,,,,,,,,,,,,,,,,,,,,,,,,,,,,,,,,,,1,,,,,,,,1,,,,,,1,,,,,,,,,,,,,,,,,1,,,,,,1,,,,,,,,,,,,,,,,,,,,,,,,,,18,,1,,,,,,,,,,,,,,,,,,,2,,,,,,,,,,,,,,,,,,9,,,,,,,,,,,1,,1,,,,,,,,,1,,,,,,18,,,,,,,,,,,,,,,1,,,,,,,,,,,,,,,,,,,21,,,,,,,,,,,,,,5,1,,,,,,,,,,,,,,,,,,,,,,,,,,,,,1,,,,,,,,1,1,,,,1,,,3,,,,,1,,2,,,,,,,,,,1,1,,,,,,,,,1,,,3,,,,,,,,1,1,,,,,,1,,,,1,,,,,3,,,,,,,,,,,,3,,,,1,,,,,,,1,,,,,,,,,,,,,,,,,,,1,,,,,,,1,,,1,,,39,,4,,,,1,,,,,,,,,,7,,,,1,,2,,1,,,,,,,,,,,13,,,,,,,,,,,,,,,1,,,,,,,,,,,,,,,1,,,,,,,,,,,,,1,,1,,,,,,,,,,,,,,,,,,,,,1,,,,,,,,,,,,,,,,,,,5,,,,34,1,,,,1,,,,1,,,,,,,,,,,,,,,1,,,,,,,1,,,,,,,,,,,,,3,,,,,,,,,,,,28,,1,,3,,,,,,,,,,1,1,,,,,,,,,,,,,,,,,,,,,,,,,,,,,,,,1,,,,1,,,,,,,,,,,,,,,,,1,10,,,,,,,1,,,,,,,,,,,,,,,,,,,,,,,,,,,,,,1,,,,,,1,,,,1,,,
PythonPluginConstantVolumePurchasedAir.idf,,,,,,,,,,,,,,,,,4,,,,,,,,,3,,,,,,,,,,,,,,,,,,,,1,,,,,,,,,,,,,,,,,,,,,,,,,,,,,,,,,,,,,,,1,,,,,,,,,,,,,,,,,3,,,,,,,,,,1,,,,,,2,,,,,,,,,,,,,,,,,,,,,,,,,,,,,,,,,,6,,,,,1,,,,,,,,,,,,,,,,,,,,,,,,,,,,,,,,,,,,,,,,,,,,,,1,,,,,,,,,,,,,,,,,,,,,,,,,,,,,1,,,,,,,,,,,,,,,,,,,,,,1,,,,,,,,,,,,32,,,,,,,,,,,,,,,,,,,,,,,,,,,,,,,,,,,,,,,6,,,,,,,,,,,1,,,,,,,,,,,,,,,1,,10,,,,,,,,,,,,,,,,,,,,,,,,,,,,,3,,,,,,,,,,,,,,,,,,,3,,,,,,,,,,,,,,,,,,,,,,,,,,,,,,,,,,,,,,,,,,,,,,3,,,,,,,,,,,,,,,,,,1,,,,,,,,,,,,,,,,,,,1,,,,,,,,,,,,,,,,,2,,,,,,,,,,,,3,,,,1,,,,,,,,,,,,,,,,,,,,,,,,,,,,,,,,,1,,,1,,,,,,,,,,,,,,,,,,,1,,,,,,,,1,,,,,,,,,,,,,,,,,,,,,,,,,,,,,,,,,,,,,,,,,,,,,,2,,,,,,,,,,,,,,,,,,,,,,,,,1,,,,,,1,,,,,,,,,,,,,,,,,,,,,,,20,3,,,,,,,,,,,,,,,,,,,,,,,,,,,,,,,,,,,,,,,,,,,3,,,,,,,,,,,,,,1,,3,,,,,,,,,,,1,,,,,,,,,,,,,,,,,,,,,,,,,,,,,,,,1,,,,,,,,,,,,,,,,,,,,,1,9,,,,,,,,,,,,,,,,,,,,,,,,,,,,,,,,,,,,,,,,,,,1,,,,,,,
PythonPluginCurveOverride_PackagedTerminalHeatPump.idf,,,,,,,1,,,,,,,,,,5,,,,,,,,,3,,,,,,,,,,,1,,,1,,,,,,2,,,,,,,,,,,,,,,,,,,,,,,,,,,,,,3,,,5,,,,,,1,,,,1,,,,,,,,,,,,,3,,,,,2,,,,,1,,,,,,2,,,,,,1,,,,,,,,,,,,,,,,3,,,,,,,,,,,,,,,,,,,,,,,,,,,,,,,,,,,,,,,,,,,,,,,,,,,,,,,,,,,,,,,,,,,,,,,1,,,,,,,,,,,,,,,,,,,,,,,,,,,,,,,,,,,,3,,,,,,,1,,,,,,,,,,,,17,,1,,,,,,,,,,,,,,,,,,,2,,,,,,,,,,,,,,,,,,5,,,,,,,,,,,1,,,,,,,,,,,,,,,,,17,,,,,,,,,,,,,,,,,,,3,,,,,,,,,,,,,,,,,,,,,,,,,,,,,7,,,,,,,,,,,,,,,,,,,,,,,,,,,,,,,,,,,,,,,,,,,,,,3,,,,,,,,,,,,,,,,,,1,,,,,,,,,,,,,,,,,,,1,,,,,,,,,,,,,,,,,3,,,,,,,,,,,,3,,,,1,,,,,,,,,,,,,,,,,,,,,,,,,,,,,,,,,1,,,1,,,,,,,,,,,,,,,,,,3,1,,,,,,,,1,,,,,,,,,,,,,,,,,,,,,,,,,,,,,,,,,,,,,,,,,,,,,,,,,,,,,,,,,,,,,,,,,,,,,,,1,,,,,,1,,,,,,,,,,,,,,,,,,,,,,,20,1,,,,,,,,3,,,,,,,,,,,,,,,,,,,,,,1,,,,,,,,,,,,,3,,,,,,,,,,3,,,,1,,3,,,,,,,,,,,1,,,,,,,,,,,,,,,,,,1,,,,,,,,,,,,,,1,4,,,3,,,,,,,,,,,,,,,,,1,10,,,,,,,,,,,,,,,,,,,,,,,,,,,,,,,,,,,,,,,,,,,1,,,,,,,
PythonPluginCustomOutputVariable.idf,,,,,,,1,1,,,,,,,,,7,,,,,,,,,6,,,1,,,,,,,,8,,,,,,,,,1,,,,,,,,,,,,,,,,13,5,,,,,,,,,,,,,5,5,,15,,,,,,1,18,,,5,5,17,,,,,,,,,,,5,,,,,,,,,,5,,,,,,2,,,,,,1,,,,,,,,,,,,,,,,5,,,,,,,,,,,,,,,,1,1,,,,,,,,,,,2,,,,,,,,31,,,1,,,,,,,,,,,,,,,,,,,,,,,,,,,,,,,,,,,,1,,5,,,,,,,,,,,,,,,,,,,,,,,5,5,,,,,,,,,,,,,,,,,,,,,,5,,1,3,,5,,,,,,,,,,,,,,,,,,,10,,,,,,,,,,,,,,,,,,12,,1,,,,,,5,,,1,,,,,,,,,,,,,,,1,,23,,,,,,,,,,,,,,,,,,,,,,,,,5,,,,,,,,,,,,,,,,,,,,,,,10,,,,,,2,,,,,,,,,,,,,,,,,,,,,,,,,,,,,,,,5,,,,,,,,5,,,,,1,,,,,,,,,,,,,1,,,,,,,,,5,,,5,,,,,,,1,5,,,,,,,,,,,5,1,4,,,5,,,1,,,,,,,,,5,,,,1,,,,,,,5,,,,,1,,,,,,,,,,,,,,,,,,,,,1,,,1,,,,,,,,,5,,,,,,,,,5,21,,,,,,,,1,,,,,,10,,,,,,,,,,,,,,,,,,5,,,,,3,,,,,,,,,,,,5,,,,,1,,,,,,,,7,,,,,,,,,,,,,,2,,,,,,,,,1,,,,,,,,,,,,,,,,,,,,,,,43,1,,,,,,,,5,,,,,,,1,,,,,,,,,,2,,,,,5,,,1,,,,,,,,,,5,,,,,,,,,,,,,,1,,5,,,,,,,,,,,1,,3,,,1,1,,,,,,,,,,,,1,,,,,,,,,,,,,,1,,,,5,,,,,,,,,,,,,,,,,1,27,,,15,,,,,,,,,,,,,,,,1,,,,,,,,,,,,,,,,,,5,,,,,,1,,,,5,,,
PythonPluginCustomSchedule.idf,,,,,,,1,1,,,,,,,,,7,,,,,,,,,6,,,1,,,,,,,,8,,,,,,,,,1,,,,,,,,,,,,,,,,13,5,,,,,,,,,,,,,5,5,,15,,,,,,1,18,,,5,5,17,,,,,,,,,,,5,,,,,,,,,,5,,,,,,2,,,,,,1,,,,,,,,,,,,,,,,5,,,,,,,,,,,,,,,,1,1,,,,,,,,,,,2,,,,,,,,31,,,1,,,,,,,,,,,,,,,,,,,,,,,,,,,,,,,,1,,,,1,,5,,,,,,,,,,,,,,,,,,,,,,,5,5,,,,,,,,,,,,,,,,,,,,,,5,,1,4,,5,,,,,,,,,,1,,,,,,,,2,10,,,,,,,,,,,,,,,,,,12,,1,,,,,,5,,,1,,,,,,,,,,,,,,,1,,21,,,,,,,,,,,,,,,,,,,,,,,,,5,,,,,,,,,,,,,,,,,,,,,,,10,,,,,,2,,,,,,,,,,,,,,,,,,,,,,,,,,,,,,,,5,,,,,,,,5,,,,,1,,,,,,,,,,,,,1,,,,,,,,,5,,,5,,,,,,,1,5,,,,,,,,,,,5,1,4,,,5,,,1,,,,,,,,,5,,,,1,,,,,,,5,,,,,1,,,,,,,,,,,,,,,,,,,,,1,,,1,,,,,,,,,5,,,,,,,,,5,21,,,,,,,,1,,,,,,10,,,,,,,,,,,,,,,,,,5,,,,,3,,,,,,,,,,,,5,,,,,1,,,,,,,,7,,,,,,,,,,,,,,2,,,,,,,,,1,,,,,,,,,,,,,,,,,,,,,,,43,3,,,,,,,,5,,,,,,,1,,,,,,,,,,2,,,,,5,,,1,,,,,,,,,,5,,,,,,,,,,,,,,1,,5,,,,,,,,,,,1,,3,,,1,1,,,,,,,,,,,,1,,,,,,,,,,,,,,1,,,,5,,,,,,,,,,,,,,,,,1,27,,,15,,,,,,,,,,,,,,,,1,,,,,,,,,,,,,,,,,,5,,,,,,1,,,,5,,,
PythonPluginCustomTrendVariable.idf,,,,,,,1,1,,,,,,,,,7,,,,,,,,,6,,,1,,,,,,,,8,,,,,,,,,1,,,,,,,,,,,,,,,,13,5,,,,,,,,,,,,,5,5,,15,,,,,,1,18,,,5,5,17,,,,,,,,,,,5,,,,,,,,,,5,,,,,,2,,,,,,1,,,,,,,,,,,,,,,,5,,,,,,,,,,,,,,,,1,1,,,,,,,,,,,2,,,,,,,,31,,,1,,,,,,,,,,,,,,,,,,,,,,,,,,,,,,,,,,,,1,,5,,,,,,,,,,,,,,,,,,,,,,,5,5,,,,,,,,,,,,,,,,,,,,,,5,,1,3,,5,,,,,,,,,,,,,,,,,,,10,,,,,,,,,,,,,,,,,,12,,1,,,,,,5,,,1,,,,,,,,,,,,,,,1,,23,,,,,,,,,,,,,,,,,,,,,,,,,5,,,,,,,,,,,,,,,,,,,,,,,10,,,,,,2,,,,,,,,,,,,,,,,,,,,,,,,,,,,,,,,5,,,,,,,,5,,,,,1,,,,,,,,,,,,,1,,,,,,,,,5,,,5,,,,,,,1,5,,,,,,,,,,,5,1,4,,,5,,,1,,,,,,,,,5,,,,1,,,,,,,5,,,,,1,,,,,,,,,,,,,,,,,,,,,1,,,1,,,,,,,,,5,,,,,,,,,5,21,,,,,,,,1,,,,,,10,,,,,,,,,,,,,,,,,,5,,,,,3,,,,,,,,,,,,5,,,,,2,,,,,,,,7,,,,,,,,,,,,,,2,,,,,,,,,1,,,,,,,,,,,,,,,,,,,,,,,43,1,,,,,,,,5,,,,,,,1,,,,,,,,,,2,,,,,5,,,1,,,,,,,,,,5,,,,,,,,,,,,,,1,,5,,,,,,,,,,,1,,3,,,1,1,,,,,,,,,,,,1,,,,,,,,,,,,,,1,,,,5,,,,,,,,,,,,,,,,,1,27,,,15,,,,,,,,,,,,,,,,1,,,,,,,,,,,,,,,,,,5,,,,,,1,,,,5,,,
PythonPluginDemandManager_LargeOffice.idf,,,,,,,4,1,,,,,16,,,,7,,,,,,,,,19,,,1,,1,,,,,,8,1,,,,,,,,1,,,,,,,,,,,2,,,,,60,,,,,,,,,,,,,,16,,4,1,,1,,,,1,34,,,,4,17,,,,,,,,,,,16,,,,,,,,,,5,,,,,,2,,,,,,1,,,,,,,,,,,,,,,,16,,,,,,,,,,,,,,,,1,1,,,,,,,,,,,4,,,,,,,,75,,,1,,,,,,,,,,,,,,,,,,,,,,,,,,,,,,,,,,,,1,,4,,,,,,,,,,,,,,,,,,,,,,,4,4,,,,,,,,,,,,,,,,,,,,,,16,,3,39,,4,,,,,,,,,,1,,,,,,,,,2,,,1,,,,,,,,,,,,,,,12,,1,,,,,,,,,1,,,,,,,,,,,,,,,1,,38,,,,,,,,,,,,,,,,,,,,,,,,,20,1,,,,,,,,,,,,,,,,,,,,,,20,,,,,,8,,,,,,,,,,,,,,,,,,,,,,,,,,,,,,,,8,,,,,,,,16,,,,,1,,,,,,,,,,,,,1,4,,,,,,,,,,1,16,,,,,,,1,,,,,,,,,,,,4,3,4,,,16,,,1,,,,,,,,,16,,,,1,,,,,,,4,,,,,3,,,,,,,,,,,,,,,,,,,,,1,2,,1,,,,,,,,,,,,3,,,,,,16,12,,,,,,,,1,,,,,,10,,,,,,,,,,,,,,,2,,,1,,,,,4,,,,,,,,,,,,4,,,,,,,,,,1,,,12,,,,,8,,,,,,,,,8,,,,,,,,,1,,,,,,,,,,,,,,,,,,,,,,,130,17,,,,,,,,4,,,,,,20,2,,,,,,,,,,8,,,,,16,,,3,,,,,,,,,,16,,,,,,,,,,,,,,1,,16,,,,,,,,,,,1,,,,,3,1,,,,,,,,,,,,1,,,,,,,,,,,,,,1,,,,,,,,,,,,,,,,,,,,,1,22,,,,,,,,,,,,,,,,,,,1,,,,,,,,,,,,,,,,,,4,,,,,,1,,,,4,,,
PythonPluginDiscreteAirSystemSizes.idf,,,,,,,,1,,,,,,,,,7,,,,,,,,,10,,,1,,,,,,,,9,,,,,,,,,1,,,,,,,,,,,,,,,,10,,,,,,,,,,,,,,10,10,,30,,,,,,1,18,,,,10,17,,,,,,,,,,,10,,,,,10,,,,,5,,,,,,2,,,,,,1,,,,,,,,,,,,,,,,10,,,,,,,,,,,,,,,,1,1,,,,,,,,,,,2,,,,,,,,47,,,,,,,,,,,,,,,,,,,,,,,,,,,,,,,,,,,1,,,,1,,10,,,,,,,,,,,,,,,,,,,,,,,10,10,,,,,,,,,,,,,,,,,,,,,,10,,,6,,10,,,,,,,,,,1,,,,,,,,,20,,,,,,,,,,,,,,,,,,7,,1,,,,,,10,,,1,,,,,,,,,,,,,,,,,14,,,,,,,,,,,,,,,,,,,,,,,,,,,,,,,,,,,,,,,,,,,,,,,,20,,,,,,,,,,,,,,,,,,,,,,,,,,,,,,,,,,,,,,10,,,,,,,,10,,,,,1,,,,,,,,,,,,,1,,,,,,,,,10,,,10,,,,,,,1,10,,,,,,,,,,,10,,4,,,10,,,1,,,,,,,,,10,,,,1,,,,,,,10,,,,,,,,,,,,,,,,,,,,,,,,,,1,5,,1,,,,,,,,,10,,,,,,,,,10,48,,,,,,,,1,,,,,,10,,,,,,,,,,,,,,,,,,,,,,,3,,,,,,,,,,,,10,,,,,,,,,,,,,10,,,,,,,,,,,,,,,,,,,,,,,1,,,,,,,,,,,,,,,,,,,,,,,60,1,,,,,,,,10,,,,,,,,,,,,,,,,,,,,,,10,,,,,,,,,,,,,10,,,,,,,,,,,,,,1,,10,,,,,,,,,,,1,,3,,,,,,,,,,,,,,,,1,,,,,,,,,,,,,,1,,,,10,,,,,,,,,,,,,,,,,1,23,,,10,,,,,,,,,,,,,,,,,,,,,,,,,,,,,,,,,,10,,,,,,1,10,,,10,,,
PythonPluginLoadBasedMultiSpeedDXCoilOverrideControl.idf,,,,,,,,,,,,,,,,,7,,,,,,,,,6,,,,,,,,,,,2,,,,,,,,,2,,,,,,,,,,,,,,,5,5,,,,,,,,,,,,,,5,2,,9,,,,,,1,,,,,5,,,,,,,,,,,,5,,,,,,2,,,,4,,,5,,,2,,,,,,1,,,,,,,,,,,,,,,,5,,,,,,,,,,,,10,,,,,,,,,,,,,,,,,,,,,,,,,,,,,,,,,,,,,,,,,,,,,,,5,,,,,,,,,,,,,,,,,,5,,17,,,,,5,,,,,2,,,,,,,,,,,5,5,,,,,,,,,,,,,,,,,,,,,,,,,9,,5,,,,,,,,,,,,,,,,,,,19,,,,,,,,,,,,,,,,,,7,,,,,,,,,,,1,,,,,5,,1,,,,,,,,1,,12,,,,,,,,,,,,,,,,,,,3,,,,,,,,,,,,,,,,,,,,,,,,,2,,,,,,,,,,,,,,,,,,,,,,,,,,,,,,,,,,,,,,,,,,5,,,,,,,,5,,,,,,,,,,,,,,,,,,1,5,,,,,,,,,,,5,,,,,,,,5,,,,,,,,,,,5,,,,,5,,,,,,,,,,,,5,,,,1,,,,,,,5,,,,,,,,,,,,,,,,,,,,,,,,,,1,,,1,,,,,,,,,5,,,,,,,,,5,6,,,,5,,,,1,,,,,,,,,,,,,,,,,,,,,,,,7,,,,,,,,,,,,,,,,,5,,,,,1,,,,,,,,5,,3,,,,,,,,,,,,,,,,,,,,,1,,,,,,,,,,,,,,,,,5,,,,,,40,1,,,,,,,,5,,,,,,,,,,,,,,,,,,,,,,1,,,,,,,,,,,,,5,,,,,,,,,,,,,,1,,5,,,,,,,,,,,1,,,,,,,,,,,,,,,,,,,,,,,,,,,,,,,,1,18,,,,,,,,,,,,,,,,,,,,1,10,,,5,,,,,,,,,,,,,,,,,,,5,,,,,,,,,,,,,,,5,,,,,,1,,,,5,,,
PythonPluginLrgOff_GridStorageSmoothing.idf,,,,,,,4,,,,,,16,,,,7,,,,,,,,,19,,,1,,1,,,,,,2,1,,,,,,,,1,,,,,,,,,,,1,,,,,62,,,,,,,,,,,,,,15,,4,,,1,,,,1,18,,,,4,5,,,,,,,,,,,16,,1,,,,,,,,,,,,,,2,,,,,,1,,,,,,,,,,,,,,,,16,,,,,,3,,,,,,,,,,1,1,,,2,,,,,,,,2,,,,,,,,,,,1,,,,,,,,,,,,,,,,,,,,,,,,,,,,,,,,,,,,1,,4,,,,,,,,,,,,,,,,,,,,,,,4,4,,,,,,,,,,,,,,,,,,,,,,16,,3,53,,4,,,,,,,,,,,,,,,,,,,2,,,1,,,,,,,,,,,,,,,10,,1,,,,,,4,,,1,,,,,,,,,,,,,,,1,,28,,,,,,,,,,,,,,,,,,,,,,,,,20,1,,,,,,,,,,,,,,,,,,,,,,20,,,,1,,8,,,,,,,,,,,,,,,,,,,,,,,3,,,,,,,,,8,,,,,,,,16,,,,,1,,,1,,,,,,,,,,1,4,,1,,,,,,,,1,16,,,,,,,1,,,,,,,,,,,,4,3,,,,16,,,1,,,,,,,,,16,,,,1,,,1,,,,4,,,,,3,,,,,,,,,,,,,,,,,1,,,,1,1,1,1,,,,,,,,,4,,,3,,,,,,16,12,,,,,,,,1,,,,,,10,,,,,,,,,,,,,,,2,,,1,,,,,3,,,,,,,,,,,,4,,,,,,,,,,,,,12,,,,,8,,,,,,,,,8,,,,,,,,,1,,,,,,,,,,,,,,,,,,,,,,,130,1,,,,,,,,4,,,,,,20,2,,,1,,,,,,,8,,,,,16,,,3,,,,,,,,,,16,,,,,,,,,,,,,,1,,16,,,,,,,,,,,1,,3,,,3,10,,,,,,,,,,,,1,,,1,,,,,,,,,,,1,,,,,,,,,,,,,,,,,,,,,1,15,,,12,,,,,,,,,,,,,,,,1,,,,,,,,,,,,,,,,,,4,1,,,,,1,,,,4,,,
PythonPluginMultiSpeedHeatPumpOverrideControl.idf,,,,,,,,,,,,,,,,,5,,,,,,,,,3,,,,,,,,,,,2,,,,,,,,,2,,,,1,,,,,,,,,,,,1,,,,,,,,,,,,,,3,1,,16,,,,,,1,,,,,,,,,,,,,,,,,1,,,,,1,,,,,1,,,,,,2,,,,,,,,,,,,,,,,,,,,,,,,,,,,,,,,,,12,,,,,,,,,,,,,,,,,,,,,,,,,,,,,,,,,,,,,,,,,,,,,,,,,,,,,,,,,,,,,,,,,,,,,,,,,,,,,,,,,,,,,,,,1,,,,,,,,,,,,,,,,,,,,,,,,,,12,,,,,,,,,,,,,,,,,,,,,15,,,,,,,,,,,,,,,,,,12,,,,,,,,,,,1,,,,,,,,,,,,,,,1,,14,,,,,,,,,,,,,,,,,,,,,,,,,,,,,,,,,,,,,,,,1,,,,1,,,,2,,,,,,,,,,,,,,,,,,,,,,,,,,,,,,,,,,,,,,,,,,,,,,1,,,,,1,,,,,,,,,,,,,1,,,,,,,,,,,,1,,,,,,,,1,,,,,,,1,,,,1,,,,,1,,,,,,,,,,,,1,,,,1,,,,,,,1,,,,,,,,,,,1,,,,,,,,,,,,,,,1,,,1,,,,,,,,,1,,,,,,,,,,4,,,,1,,,,1,,,,,,,,,,,,,,,,,,,,,,,,1,,,,,,,,,,,,,,,,,,,,,,1,,,,,,,,1,,1,,,,,,,,,,,,,,,,,,,,,1,,,,,,,,,,,,,,,,,,,,,,,25,1,,,,,,,,,,,,,,,,,,,,,,,,,,,,,,1,,,,,,,,,,,,,1,,,,,,,,,,,,,,1,,1,,,,,,,,,,,1,,,,,,,,,,,,,,,,,,,,,,,,,,,,,,,,1,3,,,,,,,,,,,,,,,,,,,,1,8,,,,,,,,,,,,,,,,,,,,,,,,,,,,,,,,,,,,,1,,,,,,1,,,,1,,,
PythonPluginPlantLoopOverrideControl.idf,,,,,,,3,1,,,,,10,,,,7,,,,,,,,,10,,,1,,1,,,,,,3,1,,,,,,,,1,,,,,,,,,,,,,,,,35,,,,,,,,,,,,,,10,,1,1,,1,,,,1,18,,,,1,1,,,,,,,,,,,10,,,,,,,,,,5,,,,,,2,,,,,,1,,,,,,,,,,,,,,,,10,,,,,,,,,,,,12,,,,,1,,,,,,,,,,,5,,,,,,,,11,,,,,,,,,,,,1,,,,,,,,,,,,,,,,,,,,,,,,,,,1,,1,,,,,,,,,,,,,,,,,,,,,,,1,1,,,,,,,,,,,,,,,,,,,,,,10,,2,20,,1,,,,,,,,,,1,,,,,,,,,,,,1,,,,,,,,,,,,,,,11,,1,,,,,,,,,1,,,,,,,,,,,,,,,1,,23,,,,,,,,,,,,,,,,,,,,,,,,,15,1,,,,,,,,,,,,,,,,,,,,,,12,,,,,,6,,,,,,,,,,,,,,,,,,,,,,,,,,,,,,,,2,,,,,8,,,10,,,,,1,,,1,,,,,,,,,,1,1,,,,,,,,,,1,10,,,,,,,1,,,,,,,,,,,,1,,2,,,10,,,2,,,,,,,,,10,,,,1,,,1,,,,1,,,,,2,,,,,,,,,,,,,,,,,,1,,,1,,,1,,,,,,,,,1,,3,2,,,,,,10,8,,,,1,,,,1,,,,,,10,,,,,,,,,,,,,,,2,,,,,,,,4,,,,,,,,,,,,1,,,,,1,,,,,,,,7,,,,,2,,,1,,,,,,6,,,,,,,,,1,,,,,,,,,,,,,,,,,,,,,,,60,1,,,,,,,,1,,,,,,11,1,,,,,,,,,,6,,,,,10,,,,,,,,,,,,,10,,,,,,,,,,,,,,1,,10,,,,,,,,,,8,1,,4,,,2,5,,,,,,,,,,,,1,,,,1,,,,,,,,,,1,,,,,,,,,,,,,,,,,,,,,1,11,,,2,,,,,,,,,,,,,,,,1,,,,,1,,,,,,,,,,,,,1,,,,,,1,,,,1,,,
PythonPluginPlantOperation_largeOff.idf,,,,,,,4,1,,,,,16,,,,7,,,,,,,,,19,,,1,,1,,,,,,2,1,,,,,,,,1,,,,,,,,,,,,,,,,62,,,,,,,,,,,,,,15,,4,,,1,,,,1,18,,,,4,5,,,,,,,,,,,16,,1,,,,,,,,,,,,,,2,,,,,,1,,,,,,,,,,,,,,,,16,,,,,,3,,,,,,,,,,1,1,,,2,,,,,,,,2,,,,,,,,,,,1,,,,,,,,,,,,,,,,,,,,,,,,,,,,,,,,1,,,,1,,4,,,,,,,,,,,,,,,,,,,,,,,4,4,,,,,,,,,,,3,,,,,,,,,,,16,,3,27,,4,,,,,,,,,,1,,,,,,,,,2,,,1,,,,,,,,,,,,,,,10,,1,,,,,,4,,,1,,,,,,,,,,,,,,,1,,26,,,,,,,,,,,,,,,,,,,,,,,,,20,,,,,,,,,,,,,,,,,,,,,,,20,,,,1,,8,,,,,,,,,,,,,,,,,,,,,,,3,,,,,,,,,8,,,,,,,,16,,,,,1,,,1,,,,,,,,,,1,4,,,,,,,,,,1,16,,,,,,,1,,,,,,,,,,,,4,3,2,,,16,,,1,,,,,,,,,16,,,,1,,,1,,,,4,,,,,1,,,,,,,,,,,,,,,,,,,,,1,9,1,1,,,,,,,,,4,,,3,,,,,,16,12,,,,,,,,1,,,,,,10,,,,,,,,,,,,,,,,,,1,,,,,3,,,,,,,,,,,,4,,,,,,,,,,,,,12,,,,,8,,,,,,,,,8,,,,,,,,,1,,,,,,,,,,,,,,,,,,,,,,,130,3,,,,,,,,4,,,,,,20,1,,,,,,,,,,8,,,,,16,,,3,,,,,,,,,,16,,,,,,,,,,,,,,1,,16,,,,,,,,,,,1,,3,,,3,10,,,,,,,,,,,,1,,,1,,,,,,,,,,,1,,,,,,,,,,,,,,,,,,,,,1,15,,,12,,,,,,,,,,,,,,,,1,,,,,,,,,,,,,,,,,,4,,,,,,1,,,,4,,,
PythonPluginReplaceTraditionalManagers_LargeOffice.idf,,,,,,,4,1,,,,,16,,,,7,,,,,,,,,19,,,1,,1,,,,,,8,1,,,,,,,,1,,,,,,,,,,,,,,,,60,,,,,,,,,,,,,,16,,4,1,,1,,,,1,18,,,,4,17,,,,,,,,,,,16,,,,,,,,,,5,,,,,,2,,,,,,1,,,,,,,,,,,,,,,,16,,,,,,,,,,,,,,,,1,1,,,,,,,,,,,2,,,,,,,,75,,,1,,,,,,,,,,,,,,,,,,,,,,,,,,,,,,,,1,,,,1,,4,,,,,,,,,,,,,,,,,,,,,,,4,4,,,,,,,,,,,,,,,,,,,,,,16,,3,8,,4,,,,,,,,,,1,,,,,,,,,2,,,1,,,,,,,,,,,,,,,12,,1,,,,,,,,,1,,,,,,,,,,,,,,,,,35,,,,,,,,,,,,,,,,,,,,,,,,,20,1,,,,,,,,,,,,,,,,,,,,,,20,,,,,,8,,,,,,,,,,,,,,,,,,,,,,,,,,,,,,,,8,,,,,,,,16,,,,,1,,,,,,,,,,,,,1,4,,,,,,,,,,1,16,,,,,,,1,,,,,,,,,,,,4,3,4,,,16,,,1,,,,,,,,,16,,,,1,,,,,,,4,,,,,3,,,,,,,,,,,,,,,,,,,,,1,5,,1,,,,,,,,,,,,3,,,,,,16,12,,,,,,,,1,,,,,,10,,,,,,,,,,,,,,,2,,,1,,,,,3,,,,,,,,,,,,4,,,,,,,,,,1,,,12,,,,,8,,,,,,,,,8,,,,,,,,,1,,,,,,,,,,,,,,,,,,,,,,,130,1,,,,,,,,4,,,,,,20,2,,,,,,,,,,8,,,,,16,,,3,,,,,,,,,,16,,,,,,,,,,,,,,1,,16,,,,,,,,,,,1,,3,,,3,1,,,,,,,,,,,,1,,,,,,,,,,,,,,1,,,,,,,,,,,,,,,,,,,,,1,22,,,,,,,,,,,,,,,,,,,1,,,,,,,,,,,,,,,,,,4,,,,,,1,,,,4,,,
PythonPluginSolarHeating.idf,,,,,,,,,,,,,,,,,2,,,,,,,,,1,,,,,,,,,,,,,,,,,,,,1,,,,,,,,,,,,,,,,,,,,,,,,,,,,,,,,,,,,,,,1,,,,,,,,,,,,,,,,,1,,,,,,2,,,,,,,,,,,,,,,,,,,,,,,,,,,,,,,,,,,,,,,,,,,,,,,,,,,,,,,,,,,,,,,,,,,,,,,,,,,,,,,,,,,,,,,,,,,,,,,,,,,,,,,,,,,,,,,,,,,,,,,,,,,,,,,,,,,,,,,,,,,,,,,,,,,,,,,,,,,,,,5,,,,,,,,,,,,,,,,,,,,,,,,,,,,,,,,,,,,,,,3,,1,,,,,,,,,,,,,,,,,,,,,,,,,,,,,,,,,,,,,,,,,,,,,,,,,,,,,,,,,,,,,,,,,,,,,,,,,,,,,,,,,,,,,,,,,,,,,,,,,,,,,,,,,,,,,,,,,,,,,,,,,,,,,,,,,,,,,,,,,,1,,,,,,,,,,,,1,,,,,,,,,,,,,,,,,,,,,,,,,,,,,,,,,,,,,,,,1,,,1,,,,,,,,,,,,1,,,,,,,,,,,,,,,,,,1,,,1,,,,,,,,,,,,,,,,,,,,,,,,,,,1,,,,,,,,,,,,,,,,,,,,,,,,2,,,,,,,,,,,,,,,,,,,,,,,,,,,,2,,,,,,,,,,,,,,,,,,,,,,,,,1,,,,,,,,,,,,,,,,,,,,,,,6,3,,,,,,,,,,,,,,,,,,,,,,,,,,,,,,,,,,,,,,,,,,,1,,,,,,,,,,,,,,1,,,,,,,,,,,,,1,,,,,,,,,,,,,,,,,,,,1,,,,,,,,,,,,1,,,,,,,,,,,,,,,,,,,,,,3,,,,,,,,,,,,,,,,,,,,,,,,,,,,,,,,,,,,,,,,,,,,,,,,,,
PythonPluginTestMathAndKill.idf,,,,,,,1,1,,,,,,,,,7,,,,,,,,,6,,,1,,,,,,,,8,,,,,,,,,1,,,,,,,,,,,1,,,,,13,5,,,,,,,,,,,,,5,5,,15,,,,,,1,18,,,5,5,17,,,,,,,,,,,5,,,,,,,,,,5,,,,,,2,,,,,,1,,,,,,,,,,,,,,,,5,,,,,,,,,,,,,,,,1,1,,,,,,,,,,,2,,,,,,,,31,,,1,,,,,,,,,,,,,,,,,,,,,,,,,,,,,,,,,,,,1,,5,,,,,,,,,,,,,,,,,,,,,,,5,5,,,,,,,,,,,,,,,,,,,,,,5,,1,3,,5,,,,,,,,,,1,,,,,,,,,10,,,,,,,,,,,,,,,,,,12,,1,,,,,,5,,,1,,,,,,,,,,,,,,,1,,38,,,,,,,,,,,,,,,,,,,,,,,,,5,,,,,,,,,,,,,,,,,,,,,,,10,,,,,,2,,,,,,,,,,,,,,,,,,,,,,,,,,,,,,,,5,,,,,,,,5,,,,,1,,,,,,,,,,,,,1,,,,,,,,,5,,,5,,,,,,,1,5,,,,,,,,,,,5,1,4,,,5,,,1,,,,,,,,,5,,,,1,,,,,,,5,,,,,1,,,,,,,,,,,,,,,,,,,,,1,,,1,,,,,,,,,5,,,,,,,,,5,21,,,,,,,,1,,,,,,10,,,,,,,,,,,,,,,,,,5,,,,,3,,,,,,,,,,,,5,,,,,2,,,,,,,,7,,,,,,,,,,,,,,2,,,,,,,,,1,,,,,,,,,,,,,,,,,,,,,,,43,1,,,,,,,,5,,,,,,,1,,,,,,,,,,2,,,,,5,,,1,,,,,,,,,,5,,,,,,,,,,,,,,1,,5,,,,,,,,,,,1,,3,,,1,1,,,,,,,,,,,,1,,,,,,,,,,,,,,1,,,,5,,,,,,,,,,,,,,,,,1,27,,,15,,,,,,,,,,,,,,,,1,,,,,,,,,,,,,,,,,,5,,,,,,1,,,,5,,,
PythonPluginThermochromicWindow.idf,,,,,,,1,1,,,,,,,,,7,,,,,,,,,6,,,1,,,,,,,,8,,,,,,,,,1,,,,,,,,,,,,,,,,13,5,,,,,,,,,,,,,5,5,,15,,,,,,1,30,,,5,5,,,,,,,,,,,,5,,,,,,,,,,25,,,,,,2,,,,,,1,,,,,,,,,,,,,,,,5,,,,,,,,,,,,,,,,1,1,,,,,,,,,,,9,,,,,,,,31,,,1,,,,,,,,,,,,,,,,,,,,,,,,,,,,,,,,1,,,,1,,5,,,,,,,,,,,,,,,,,,,,,,,5,5,,,,,,,,,,,,,,,,,,,,,,5,,1,5,,5,,,,,,,,,,,,,,,,,,,10,,,,,,,,,,,,,,,,,,31,,1,,,,,,5,,,1,,,,,,,,,,,,,,,,,25,,,,,,,,,,,,,,,21,,,,,,,,,,5,,,,,,,,,,,,,,,,,,,,,,,10,,,,,,2,,,,,,,,,,,,,,,,,,,,,,1,,,,,,,,,,5,,,,,,,,5,,,,,1,,,,,,,,,,,,,1,,,,,,,,,5,,,5,,,,,,,1,5,,,,,,,,,,,5,1,4,,,5,,,1,,,,,,,,,5,,,,1,,,,,,,5,,,,,1,,,,,,,,,,,,,,,,,,,,,1,,,1,,,,,,,,,5,,,,,,,,,5,21,,,,,,,,1,,,,,,10,,,,,,,,,,,,,,,,,,5,,,,,5,,,,,,,,,,,,5,,,,,,,,,,,,,7,,2,,,,,,,,,,,,2,,,,,,,,,1,,,,,,,,,,,,,,,,,,,,,,,43,1,,,,,,,,5,,,,,,,1,,,,,,,,,,2,,,,,5,,,1,,,,,,,,,,5,,,,,,,,,,,,,,1,,5,,,,,,,,,,,1,,,,,1,1,,,,,,,,,,,,1,,,,,,,,,,,,,,1,,,,5,,,,,,,,,,,,,,,,,1,27,,,15,,,,,,,,,,,,,,,,1,,,,,,,,,,,,,,,,,,5,,,,,,1,,,,5,,,
PythonPluginUserDefined5ZoneAirCooled.idf,,,,,,,2,,,,,,,,,,6,,,,,,,,,6,,,,,,,,,,,4,,,,,,,,,2,,,,,,,,,,25,,,,,,24,,,,,,,,,,,,,,5,,,1,,1,,,,1,,,,,1,,,,,,,,,,,,5,,,,,,2,,,,4,,,,,,2,,,,,,1,,,,,,,,,,,,,,,,5,,,,,,1,,,,,,20,,,,,,,,,3,,,,,,,,,,,,,,,,,,,,,,1,,,,,,,,,,,,,,,,,,,,,,,,,,,,1,,,,,,1,1,,,3,,,,,,,,2,,,,,,,,,,,1,1,,,69,,,,,,,,,,2,,,,,,,,27,,,2,42,,1,,,,,,,,,,,,,,,,,,,,,,,,,,,,,,,,,,,,,7,,,,,,,,,,,1,,,,,,,,,,,,,,,1,,23,,,,,,,,,,,,16,,,,,,,,,,,,,10,,,,,,,,,,,,,,,,,,,,,,,1,,,,,,4,,,,,,,,,,,,,,,,,,,,,,,,,,,,,,,,1,,,,,,,,5,,,,,1,,,,,,,,,,,,,1,1,,,,,,,,,,,5,,,,8,,,,,,,,,,,,,,,,,,,,5,,,1,,,,,,,,,5,,,,1,,,1,,,,1,,,,,2,,,5,,,,,,,,,,,,,,,,,,1,,,1,,,,,,,,,2,,,2,,,,,,5,6,,,,1,,,,1,,,,,,,,,,,,,,,,,,2,,,1,,,1,,,,,,,,,,,,,,,,,1,,,,,1,,,,,,,,5,,3,,,1,,,,,,,,,4,,,2,,,,,,1,,,,,,,,,,,2,,,,,,,,,,,,40,2,,,,,,,,1,,,,,,1,1,,,,,,,,,,4,,,,,1,,,,,,,,,,,,,5,,,,,,,,,,,,,,1,,5,,,95,,,,,,,,1,,,,,2,8,,,,,,,,,,,,,,,,,,,,,,,,,,1,,,,,,,,,,,1,,,,,,,,,,1,10,,,3,,,,,,,,,,,,,,,,,,,,,,,,,,,,,,,,,,1,,,,,,1,,,,1,,,
PythonPluginUserDefinedWindACAuto.idf,,,,,,,1,,,,,,,,,,5,,,,,,,,,3,,,,,,,,,,,,,,,,,,,,2,,1,,,,,,,,5,,,,,,10,,,,,,,,,,,,,,,,,3,,,,,,1,,,,,,,,,,,,,,,,,3,,,,,,,,,,1,,,,,,2,,,,,,1,,,,,,,,,,,,,,,,3,,,,,,,,,,,,10,,,,,,,,,2,,,,,,,,,,,,,,,,,,,,,,,,,,,,,,,,,,,,,,,,,,,,,,,,,,1,,,,,,,,,,,,,,,,,,,,,,,,,,,,,,,,,15,,,,,,,,,,1,,,,,,,,8,,,1,33,,1,,,,,,,,,,,,,,,,,,,2,,,,,,,,,,,,,,,,,,5,,,,,,,,,,,1,,,,,,,,,,,,,,,1,,16,,,,,,,,,,,,4,,,,,,,,,,,,,5,,,,,,,,,,,,,,,,,,,,,,,8,,,,,,2,,3,,,,,,,,,,,,,,,,,,,,,,,,,,,,,,,,,,,,,,3,,,,,,,,,,,,,,,,,,1,,,,,,,,,,,,,,,,5,,,,,,,,,,,,,,,,,,,,2,,,,,,,,,,,,3,,,,1,,,1,,,,,,,,,1,,,,,,,,,,,,,,,,,,,,,1,,,1,,,,,,,,,,,,1,,,,,,3,1,,,,,,,,1,,,,,,,,,,,,,,,,,,,,,,,,,,,,,,,,,,,,,,,,,,,,,,3,,,,,,3,,2,,,,,,,,,,,,,,2,,,1,,,,,,1,,,,,,,,,,5,1,,,,,,,,,,,,20,1,,,,,,,,,,,,,,,1,,,,,,,,,,2,,,,,,,,,,,,,,,,,,3,,,,,,,,,,,,,,1,,3,,,30,,,,,,,,1,,,,,1,1,,,,,,,,,,,,,,,,,,,,,,,,,,1,,,,,,,,,,,,,,,,,,,,,1,9,,,,,,,,,,,,,,,,,,,,,,,,,,,,,,,,,,,,,,,,,,,1,,,,,,,
PythonPluginWindowShadeControl.idf,,,,,,,,,,,,,,,,,4,,,,,,,,,3,,,,,,,,,,,,,,,,,,,,1,,,,,,,,,,,,,,,,,,,,,,,,,,,,,,,,,,,,,,,1,,,,,,,,,,,,,,,,,3,,,,,,,,,,1,,,,,,2,,,,,,,,,,,,,,,,,,,,,,,,,,,,,,,,,,6,,,,,,,,,,,,,,,,,,,,,,,,,,,,,,,,,,,,,,,,,,,,,,,,,,,1,,,,,,,,1,,,,,,,,,,,,,,,,,,,,,1,,,,,,,,,,,,,,,,,,,,,,1,,,,,,,,,,,,22,,,,,,,,,,,,,,,,,,,,,,,,,,,,,,,,,,,,,,,6,,,,,,,,,,,1,,,,,,,,,,,,,,,1,,10,,,,,,,,,,,,,,,,,,,,,,,,,,,,,3,,,,,,,,,,,,,,,,,,,3,,,,,,,,,,,,,,,,,,,,,,,,,,,,,,,,,,,,,,,,,,,,,,3,,,,,1,,,,,,,,,,,,,1,,,,,,,,,,,,,,,,,,,1,,,,,,,,,,,,,,,,,2,,,,,,,,,,,,3,,,,1,,,,,,,,,,,,,,,,,,,,,,,,,,,,,,,,,1,,,1,,,,,,,,,,,,,,,,,,,1,,,,,,,,1,,,,,,,,,,,,,,,,,,,,,,,,,,,,,,,,,,,,,,,,,,,,,,2,,,,,,,,,,,,,,,,,,,,,,,,,1,,,,,,1,,,,,,,,,,,,,,,,,,,,,,,20,1,,,,,,,,,,,,,,,,,,,,,,,,,,,,,,,,,,,,,,,,,,,3,,,,,,,,,,,,,,1,,3,,,,,,,,,,,1,,,,,,,,,,,,,,,,,,,,,,,,,,,,,,,,1,,,,,,,,,,,,,,,,,,,,,1,9,,,,,,,,,,,,,,,,,,,,,,,,,,,,,,,,,,,,,,,,,,,1,,,,,,,
PythonPlugin_SingleFamilyHouse_TwoSpeed_MultiStageElectricSuppCoil.idf,,,,,,,,,,,,,,,,,5,,,,,,,,,3,,,,,,,,,,,2,,,,,,,,,2,,,,,,,,,,,,,,,,1,,,,,,,,,,,,,,3,,,16,,,,,,1,,,,,,,,,,,,,,,,,1,,,,,1,,,,,1,,,,,,2,,,,,,,,,,,,,,,,,,,,,,1,,,,,,,,,,,,12,,,,,,,,,,,,,,,,,,,,,,,,,,,,,,,,,,,,,,,,,,,,,,,,,,,,,,,,,,,,,,,,,,,,,,,,,,,,,,,,,,,,,,,,1,1,,,,,,,,,,,,,,,,,,,,,,,,,14,,,,,,,,,,,,,,,,,,,,1,15,,,,,,,,,,,,,1,,,,,12,,,,,,,,,,,1,,,,,1,,,,,,,,,,2,,13,,,,,,,,,,,,,,,,,,,,,,,,,,,,,,,,,,,,,,,,1,,,,1,,,,2,,,,,,,,,,,,,,,,,,,,,,,,,,,,,,,,,,,,,,,,,,,,,,1,,,,,1,,,,,,,,,,,,,1,,,,,,,,,,,,1,,,,,,,,1,,,,,,,1,,,,1,,,,,1,,,,,,,,,,,,1,,,,1,,,,,,,1,,,,,,,,,,,1,,,,,,,,,,,,,,,1,,,1,,,,,,,,,1,,,,,,,,,,4,,,,1,,,,1,,,,,,,,,,,,,,,,,,,,,,,,1,,,,,,,,,,,,,,,,,,,,,,2,,,,,,,,1,,1,,,,,,,,,,,,,,,,,,,,,1,,,,,,,,,,,,,,,,,1,,,,,,25,1,,,,,,,,,,,,,,,,,,,,,,,,,,,,,,1,,,,,,,,,,,,,1,,,,,,,,,,,,,,1,,1,,,,,,,,,,,1,,,,,,,,,,,,,,,,,,,,,,,,,,,,,,,,1,3,,,,,,,,,,,,,,,,,,,,1,8,,,,,,,,,,,,,,,,,,,,,,,,,,,,,,,,,,,,,1,,,,,,1,,,,1,,,
QTFtest.idf,,,,,,,,,,,,,,,,,1,,,,,,,,,1,,,,,,,,,,,1,,,,,,,,,1,,,,,,,,,,,,,,,,,,,,,,,,,,,,,,,,,,,,,,,1,,,,,,,,,,,,,,,,,,,,,,,,,,,,,,,,,2,,,,,,,,,,,,,,,,,,,,,,,,,,,,,,,,,,3,,,,,,,,,,,,,,,,,,,,,,,,,,,,,,,,,,,,,,,,,,,,,,,,,,,,,,,,,,,,,,,,,,,,,,,,,,,,,,,,,,,,,,,,,,,,,,,,,,,,,,,,,,,,,,,,,,9,,,,,,,,,,,,,,,,,,,,,,,,,,,,,,,,,,,,,,,3,,,,,,,,,,,1,,,,,,,,,,,,,,,,,,,,,,,,,,,,,,,,,,,,,,,,,,,,,,,,,,,,,,,,,,,,,,,,,,,,,,,,,,,,,,,,,,,,,,,,,,,,,,,,,,,,,,,,,,,,,,,,,,,,1,,,,,,,,,,,,,1,,,,,,,,,,,,,,,,,,,1,,,,,,,,,,,,,,,,,,,,,,,,,,,,,,,,,1,,,,,,,,,,,,,,,,,,,,,,,,,,,,,,,,,1,,,1,,,,,,,,,,,,,,,,,,,,,,,,,,,1,,,,,,,,,,,,,,,,,,,,,,,,,,,,,,,,,,,,,,,,,,,,,,,,,,,,,,,,,,,,,,,,,,,,,,,,,,,,,1,,,,,,,,,,,,,,,,,,,,,,,6,,,,,,,,,,,,,,,,,,,,,,,,,,,,,,,,,,,,,,,,,,,,,,,,,,,,,,,,,,1,,,,,,,,,,,,,1,,,,,,,,,,,,,,,,,,,,,,,,,,,,,,,,1,,,,,,,,,,,,,,,,,,,,,1,10,,,,,,,,,,,,,,,,,,,,,,,,,,,,,,,,,,,,,,,,,,,1,,,,,,,
RadHiTempElecTermReheat.idf,,,,,,,,,,,,1,,,,,5,,,,,,,,,3,,,,,1,,,,,,,1,,,,,,,,1,,1,,,,,,,,,,,,,,30,,,,,,,,,,,,,,,,,,,,,,,1,,,,1,,,,,,,,,,,,,3,,,,,,,,,,1,,,,,,2,,,,,,,,,,,,,,,,,,,,,,,,,,,,,,,,,,10,,,,,,,,,,,,,,,,,,,,,,,,,,,,,,,,,,,,,,,,,,,,,,,,,,,,,,,,,,,,,,,,,,,,,,,,,,,,,,,,,,,,,,,,1,,,,,,,,,,,,,,1,,,,,,,,,,1,2,22,,,,,,,,,,,,,,,,,,,,,,,,1,,,,,,,,,,,,,,,5,,,,,,,,,,,1,,,,,,,,,,,,,,,,,20,,,,,,,,,,,,,,,,,,,,,,,,,15,1,,,,,,,,,,,,,3,,,,,,,,,6,,,,,,6,,,,,,,,,,,,,,,,,,,,,,,,,,,,,,,,1,,,,,,,,3,,,,,,,,,,,,,,,,,,1,,,,,,,,,,,1,3,,,,,,,,,,,,,1,,,,,,1,,,,,2,,,,,,,,,,,,3,,,,1,,,,,,,1,,,,,5,,,,,,,,,,,,,,,,,,,,,1,2,,1,,,,,,,,,1,,,3,,,,,,,1,,,,1,,3,,1,,,,,,,,,,,,,,,1,,,,,,3,,,,,,,,,,,,,,,,,,,,,,,,,,,,,,,,,7,,,,,1,,,,,,,,,6,,,1,,,,,,1,,,,,,,,,,,,,,,,,,,,,,,20,,,,,,,,,,,,,,,3,1,,,,,,,,,,6,,,,,,,,,,,,,,,,,,3,,,,,,,,,,,,,,1,,3,,,,,,,,,,,1,,,,,2,5,,,,,,,,,,,,,,,,,,,,,,,,,,1,,,,,,,,,,,,,,,,,,,,,1,14,,,,,,,,,,,,,,,,,,,,,,,,1,,,,,,,,,,,,,1,,,,,,1,,,,1,,,
RadHiTempGasCtrlOpt.idf,,,,,,,,,,,,1,,,,,5,,,,,,,,,3,,,,,1,,,,,,,1,,,,,,,,1,,1,,,,,,,,,,,,,,30,,,,,,,,,,,,,,,,,,,,,,,1,,,,1,,,,,,,,,,,,,3,,,,,,,,,,1,,,,,,2,,,,,,,,,,,,,,,,,,,,,,,,,,,,,,,,,,14,,,,,,,,,,,,,,,,,,,,,,,,,,,,,,,,,,,,,,,,,,,,,,,,,,,,,,,,,,,,,,,,,,,,,,,,,,,,,,,,,,,,,,,,1,,,,,,,,,,,,,,1,,,,,,,,,,1,2,24,,,,,,,,,,,,,,,,,,,,,,,,1,,,,,,,,,,,,,,,5,,,,,,,,,,,1,,,,,,,,,,,,,,,,,20,,,,,,,,,,,,,,,,,,,,,,,,,15,1,,,,,,,,,,,,,3,,,,,,,,,6,,,,,,6,,,,,,,,,,,,,,,,,,,,,,,,,,,,,,,,1,,,,,,,,3,,,,,,,,,,,,,,,,,,1,,,,,,,,,,,1,3,,,,,,,,,,,,,1,,,,,,1,,,,,2,,,,,,,,,,,,3,,,,1,,,,,,,1,,,,,5,,,,,,,,,,,,,,,,,,,,,1,,,1,,,,,,,,,1,,,3,,,,,,,1,,,,1,,3,,1,,,,,,,,,,,,,,,1,,,,,,3,,,,,,,,,,,,,,,,,,,,,,,,,,,,,,,,,7,,,,,1,,,,,,,,,6,,,1,,,,,,1,,,,,,,,,,,,,,,,,,,,,,,20,,,,,,,,,,,,,,,3,1,,,,,,,,,,6,,,,,,,,,,,,,,,,,,3,,,,,,,,,,,,,,1,,3,,,,,,,,,,,1,,,,,2,5,,,,,,,,,,,,,,,,,,,,,,,,,,1,,,,,,,,,,,,,,,,,,,,,1,14,,,,,,,,,,,,,,,,,,,,,,,,1,,,,,,,,,,,,,1,,,,,,1,,,,1,,,
RadHiTempGasTermReheat.idf,,,,,,,,,,,,1,,,,,5,,,,,,,,,3,,,,,1,,,,,,,1,,,,,,,,1,,1,,,,,,,,,,,,,,30,,,,,,,,,,,,,,,,,,,,,,,1,,,,1,,,,,,,,,,,,,3,,,,,,,,,,1,,,,,,2,,,,,,,,,,,,,,,,,,,,,,,,,,,,,,,,,,14,,,,,,,,,,,,,,,,,,,,,,,,,,,,,,,,,,,,,,,,,,,,,,,,,,,,,,,,,,,,,,,,,,,,,,,,,,,,,,,,,,,,,,,,1,,,,,,,,,,,,,,1,,,,,,,,,,1,2,24,,,,,,,,,,,,,,,,,,,,,,,,1,,,,,,,,,,,,,,,5,,,,,,,,,,,1,,,,,,,,,,,,,,,,,20,,,,,,,,,,,,,,,,,,,,,,,,,15,1,,,,,,,,,,,,,3,,,,,,,,,6,,,,,,6,,,,,,,,,,,,,,,,,,,,,,,,,,,,,,,,1,,,,,,,,3,,,,,,,,,,,,,,,,,,1,,,,,,,,,,,1,3,,,,,,,,,,,,,1,,,,,,1,,,,,2,,,,,,,,,,,,3,,,,1,,,,,,,1,,,,,5,,,,,,,,,,,,,,,,,,,,,1,2,,1,,,,,,,,,1,,,3,,,,,,,1,,,,1,,3,,1,,,,,,,,,,,,,,,1,,,,,,3,,,,,,,,,,,,,,,,,,,,,,,,,,,,,,,,,7,,,,,1,,,,,,,,,6,,,1,,,,,,1,,,,,,,,,,,,,,,,,,,,,,,20,,,,,,,,,,,,,,,3,1,,,,,,,,,,6,,,,,,,,,,,,,,,,,,3,,,,,,,,,,,,,,1,,3,,,,,,,,,,,1,,,,,2,5,,,,,,,,,,,,,,,,,,,,,,,,,,1,,,,,,,,,,,,,,,,,,,,,1,14,,,,,,,,,,,,,,,,,,,,,,,,1,,,,,,,,,,,,,1,,,,,,1,,,,1,,,
RadLoHydrHeatCoolAuto.idf,,,,,,,2,,,,,1,,,,,5,,,,,,,,,3,,,,,,,,,,,,,,,,,,,,2,,1,,,,,,,,,,,,,,20,,,,,,,,,,,,,,3,,,,,,,,,1,,,,,,,,,,,,,,,,,3,,,2,,,,,,,1,,,,,,2,,,,,,,,,,,,,,,,,,,,,,3,,,,,,,,,,,,8,,,,,,,,,,,,,,,,,,,,,,,,,,,,,,,,,,,,,,,,,,,,,,,,,,,,,,,,,,,,,,,,,,,,,,,,,,,,,,,,,,,,,,,,,,,,,,,,,,,,,,1,,,,,,,,,,1,2,22,,,,,,,,,,,,,,,,,,,,,,,,,,,,,,,,,,,,,,,5,,,,,,,,,,,1,,,,,,,,,,,,,,,,,16,,,,,,,,,,,,,,,,,,,,,,,,,10,,,,,,,,,,,,,,,,,,,,,,,2,,,,,,4,,,,,,,,,,,,,,,,,,,,,,,,,,,,,,,,,,3,,,,,,3,,,,,,,,,,,,,,,,,,1,,,,,,,,,,,,,,,,,,,,,,3,,,,,,,,,,,,,,2,,,,,,,,,,,,3,,,,1,,,1,,,,,,,,,2,,,,,,,,,,,,,,,,,,,,,1,,,1,,,,,,,,,,,,2,,,,,,3,1,,,,,,,,1,,,,,,,,,,,,,,,,,,,,,1,,,,,,,,,,,,,,,,,,,,,,,,,,,,,,,,,4,,,,,,,,,,,,,,4,,,1,,,,,,1,,,,,,,,,,,,,,,,,,,,,,,20,,,,,,,,,,,,,,,,1,,,,,,,,,,4,,,,,,,,,,,,,,,,,,3,,,,,,,,,,,,,,1,,3,,,,,,,,,,,1,,,,,2,2,,,,,,,,,,,,,,,,,,,,,,,,,,1,,,,,,,,,,,,,,,,,,,,,1,14,,,,,,,,,,,,,,,,,,,,,,,,,,,,,,,,,,,,,,,,,,,1,,,,,,,
RadLoHydrHeatCoolAutoCondFD.idf,,,,,,,2,,,,,1,,,,,5,,,,,,,,,3,,,,,,,,,,,,,,,,,,,,2,,1,,,,,,,,,,,,,,20,,,,,,,,,,,,,,3,,,,,,,,,1,,,,,,,,,,,,,,,,,3,,,,,,,,,,1,,,,,,2,,,,,,,,,,,,,,,,,,,,,,3,,,,,,,,,,,,8,,,,,,,,,,,,,,,,,,,,,,,,,,,,,,,,,,,,,,,,,,,,,,,,,,,,,,,,,,,,,,,,,,,,,,,,,,,,,,,,,,,,,,,,,,,,,,,,,,,,,,1,,,,,,,,,,1,2,21,,,,,,,,,,,,,,,,,,,,,,,,,,,,,,,,,,,,,,,5,,,,,,,,,,,1,,,,,,,,,,,,,,,,,16,,,,,,,,,,,,,,,,,,,,,,,,,10,,,,,,,,,,,,,,,,,,,,,,,2,,,,,,4,,,,,,,,,,,,,,,,,,,,,,,,,,,,,,,,,,1,,,,,,3,,,,,,,,,,,,,,,,,,1,,,,,,,,,,,,,,,,,,,,,,3,,,,,,,,,,,,,,2,,,,,,,,,,,,3,,,,1,,,,,,,,,,,,2,,,,,,,,,,,,,,,,,,,,,1,,,1,,,,,,,,,,,,2,,,,,,3,1,,,,,,,,1,,,,,,,,,,,,,,,,,,,,,1,,,,,,,,,,,,,,,,,,,,,,,,,,,,,,,,,4,,,,,,,,,,,,,,4,,,1,,,,,,1,,,,,,,,,,,,,,,,,,,,,,,20,,,,,,,,,,,,,,,,1,,,,,,,,,,4,,,,,,,,,,,,,,,,,,3,,,,,,,,,,,,,,1,,3,,,,,,,,,,,1,,,,,2,2,,,,,,,,,,,,,,,,,,,,,,,,,,1,,,,,,,,,,,,,,,,,,,,,1,14,,,,,,,,,,,,,,,,,,,,,,,,,,,,,,,,,,,,,,,,,,,1,,,,,,,
RadLoTempCFloChangeoverDelay.idf,,,,,,,,,,,,1,,,,,5,,,,,,,,,3,,,,,1,,,,,,,1,,,,,,,,1,,1,,,,,,,,,,,,,,31,,,,,,,,,,,,,,3,,,,,,,,,1,,,,,,,,,,,,,,,,,3,,,,,,,,,,1,,,,,,1,,,,,,,,,,,,,,,,,,,,,,,,,,,,,,,,,,,,,,,,,,,,,,,,,,,,,,,,,,,,,,,,,,,,,,,,,,,,,,,,,,,,,,,,,,,,,,,,,,,,,,,,,,,,,,,,,,,,,,,,,,,,,,,,,,,,,,,,,,,,,,,,,,1,2,32,,,,,,,,,,,,,,,,,,,,,,,,1,,,,,,,,,,,,,,,5,,,,,,,,,,,1,,,,,,,,,,,,,,,,,24,,,,,,,,,,,,,,,,,,,,,,,,,15,1,,,,,,,,,,,,,,,,,,,,,,2,,,,,,6,,,,,,,,,,,,,,,,,,,,,,,,,,,,,,,,,,,,,,,,,,,,,,,,,,,,,,,,,,1,,,,,,,,,,,1,,,,,,,,,,,,,,1,,,,,,,,,,,,,,,,,,,,,,,3,,,,1,,,,,,,,,,,,5,,,,,,,,,,,,,,,,,,,,,1,,,1,,,,,,,,,,,,3,,,,,,,1,,,,,,,,1,,,,,,,,,,,,,,,,,,,,,3,,,,,,,,,,,,,,,,,,,,,,,,,,,,,,,,,6,,,,,,,,,,,,,,6,,,,,,,,,1,,,,,,,,,,,,,,,,,,,,,,,20,,,,,,,,,,,,,,,,1,,,,,,,,,,6,,,,,,,,,,,,,,,,,,3,,,,,,,,,3,,,,,1,,,,,,,,,,,,,1,,,,,2,4,,,,,,,,3,,,,,,,,,,,,,,,,,,1,,,,,,,,,,,,,,,,,,,,,1,14,,,,,,,,,,,,,,,,,,,,,,,,1,,,,,,,,,,,,,,,,,,,1,,,,,,,
RadLoTempCFloCtrlOpt2.idf,,,,,,,,,,,,1,,,,,5,,,,,,,,,3,,,,,1,,,,,,,1,,,,,,,,1,,1,,,,,,,,,,,,,,31,,,,,,,,,,,,,,3,,,,,,,,,1,,,,,,,,,,,,,,,,,3,,,,,,,,,,1,,,,,,3,,,,,,,,,,,,,,,,,,,,,,,,,,,,,,,,,,8,,,,,,,,,,,,,,,,,,,,,,,,,,,,,,,,,,,,,,,,,,,,,,,,,,,,,,,,,,,,,,,,,,,,,,,,,,,,,,,,,,,,,,,,,,,,,,,,,,,,,,,,,,,,,,,,1,2,36,,,,,,,,,,,,,,,,,,,,,,,,1,,,,,,,,,,,,,,,5,,,,,,,,,,,1,,,,,,,,,,,,,,,,,29,,,,,,,,,,,,,,,,,,,,,,,,,15,1,,,,,,,,,,,,,,,,,,,,,,2,,,,,,6,,,,,,,,,,,,,,,,,,,,,,,,,,,,,,,,,,,,,,,,3,,,,,,,,,,,,,,,,,,1,,,,,,,,,,,1,,,,,,,,,,,,,,1,,,,,,,,,,,2,,,,,,,,,,,,3,,,,1,,,,,,,,,,,,5,,,,,,,,,,,,,,,,,,,,,1,,,1,,,,,,,,,,,,3,,,,,,,1,,,,,,,,1,,,,,,,,,,,,,,,,,,,,,3,,,,,,,,,,,,,,,,,,,,,,,,,,,,,,,,,6,,,,,,,,,,,,,,6,,,,,,,,,1,,,,,,,,,,,,,,,,,,,,,,,20,,,,,,,,,,,,,,,,1,,,,,,,,,,6,,,,,,,,,,,,,,,,,,3,,,,,,,,,3,,,,,1,,,,,,,,,,,,,1,,,,,2,4,,,,,,,,3,,,,,,,,,,,,,,,,,,1,,,,,,,,,,,,,,,,,,,,,1,14,,,,,,,,,,,,,,,,,,,,,,,,1,,,,,,,,,,,,,,,,,,,1,,,,,,,
RadLoTempCFloCtrlOpt3.idf,,,,,,,,,,,,1,,,,,5,,,,,,,,,3,,,,,1,,,,,,,1,,,,,,,,1,,1,,,,,,,,,,,,,,31,,,,,,,,,,,,,,3,,,,,,,,,1,,,,,,,,,,,,,,,,,3,,,,,,,,,,1,,,,,,3,,,,,,,,,,,,,,,,,,,,,,,,,,,,,,,,,,8,,,,,,,,,,,,,,,,,,,,,,,,,,,,,,,,,,,,,,,,,,,,,,,,,,,,,,,,,,,,,,,,,,,,,,,,,,,,,,,,,,,,,,,,,,,,,,,,,,,,,,,,,,,,,,,,1,2,37,,,,,,,,,,,,,,,,,,,,,,,,1,,,,,,,,,,,,,,,5,,,,,,,,,,,1,,,,,,,,,,,,,,,,,27,,,,,,,,,,,,,,,,,,,,,,,,,15,1,,,,,,,,,,,,,,,,,,,,,,2,,,,,,6,,,,,,,,,,,,,,,,,,,,,,,,,,,,,,,,,,,,,,,,3,,,,,,,,,,,,,,,,,,1,,,,,,,,,,,1,,,,,,,,,,,,,,1,,,,,,,,,,,2,,,,,,,,,,,,3,,,,1,,,,,,,,,,,,5,,,,,,,,,,,,,,,,,,,,,1,,,1,,,,,,,,,,,,3,,,,,,,1,,,,,,,,1,,,,,,,,,,,,,,,,,,,,,3,,,,,,,,,,,,,,,,,,,,,,,,,,,,,,,,,6,,,,,,,,,,,,,,6,,,,,,,,,1,,,,,,,,,,,,,,,,,,,,,,,20,,,,,,,,,,,,,,,,1,,,,,,,,,,6,,,,,,,,,,,,,,,,,,3,,,,,,,,,3,,,,,1,,,,,,,,,,,,,1,,,,,2,4,,,,,,,,3,,,,,,,,,,,,,,,,,,1,,,,,,,,,,,,,,,,,,,,,1,14,,,,,,,,,,,,,,,,,,,,,,,,1,,,,,,,,,,,,,,,,,,,1,,,,,,,
RadLoTempCFloHeatCool.idf,,,,,,,,,,,,1,,,,,5,,,,,,,,,3,,,,,1,,,,,,,1,,,,,,,,1,,1,,,,,,,,,,,,,,31,,,,,,,,,,,,,,3,,,,,,,,,1,,,,,,,,,,,,,,,,,3,,,,,,,,,,1,,,,,,3,,,,,,,,,,,,,,,,,,,,,,,,,,,,,,,,,,8,,,,,,,,,,,,,,,,,,,,,,,,,,,,,,,,,,,,,,,,,,,,,,,,,,,,,,,,,,,,,,,,,,,,,,,,,,,,,,,,,,,,,,,,,,,,,,,,,,,,,,,,,,,,,,,,1,2,31,,,,,,,,,,,,,,,,,,,,,,,,1,,,,,,,,,,,,,,,5,,,,,,,,,,,1,,,,,,,,,,,,,,,,,21,,,,,,,,,,,,,,,,,,,,,,,,,15,1,,,,,,,,,,,,,,,,,,,,,,2,,,,,,6,,,,,,,,,,,,,,,,,,,,,,,,,,,,,,,,,,,,,,,,3,,,,,,,,,,,,,,,,,,1,,,,,,,,,,,1,,,,,,,,,,,,,,1,,,,,,,,,,,2,,,,,,,,,,,,3,,,,1,,,,,,,,,,,,5,,,,,,,,,,,,,,,,,,,,,1,,,1,,,,,,,,,,,,3,,,,,,,1,,,,,,,,1,,,,,,,,,,,,,,,,,,,,,3,,,,,,,,,,,,,,,,,,,,,,,,,,,,,,,,,6,,,,,,,,,,,,,,6,,,,,,,,,1,,,,,,,,,,,,,,,,,,,,,,,20,,,,,,,,,,,,,,,,1,,,,,,,,,,6,,,,,,,,,,,,,,,,,,3,,,,,,,,,3,,,,,1,,,,,,,,,,,,,1,,,,,2,4,,,,,,,,3,,,,,,,,,,,,,,,,,,1,,,,,,,,,,,,,,,,,,,,,1,14,,,,,,,,,,,,,,,,,,,,,,,,1,,,,,,,,,,,,,,,,,,,1,,,,,,,
RadLoTempCFloHeatCoolCondFD.idf,,,,,,,,,,,,1,,,,,5,,,,,,,,,3,,,,,1,,,,,,,1,,,,,,,,1,,1,,,,,,,,,,,,,,31,,,,,,,,,,,,,,3,,,,,,,,,1,,,,,,,,,,,,,,,,,3,,,,,,,,,,1,,,,,,2,,,,,,,,,,,,,,,,,,,,,,,,,,,,,,,,,,8,,,,,,,,,,,,,,,,,,,,,,,,,,,,,,,,,,,,,,,,,,,,,,,,,,,,,,,,,,,,,,,,,,,,,,,,,,,,,,,,,,,,,,,,,,,,,,,,,,,,,,1,,,,,,,,,,1,2,31,,,,,,,,,,,,,,,,,,,,,,,,1,,,,,,,,,,,,,,,5,,,,,,,,,,,1,,,,,,,,,,,,,,,,,24,,,,,,,,,,,,,,,,,,,,,,,,,15,1,,,,,,,,,,,,,,,,,,,,,,2,,,,,,6,,,,,,,,,,,,,,,,,,,,,,,,,,,,,,,,,,,,,,,,3,,,,,,,,,,,,,,,,,,1,,,,,,,,,,,1,,,,,,,,,,,,,,1,,,,,,,,,,,2,,,,,,,,,,,,3,,,,1,,,,,,,,,,,,5,,,,,,,,,,,,,,,,,,,,,1,,,1,,,,,,,,,,,,3,,,,,,,1,,,,,,,,1,,,,,,,,,,,,,,,,,,,,,3,,,,,,,,,,,,,,,,,,,,,,,,,,,,,,,,,6,,,,,,,,,,,,,,6,,,1,,,,,,1,,,,,,,,,,,,,,,,,,,,,,,20,,,,,,,,,,,,,,,,1,,,,,,,,,,6,,,,,,,,,,,,,,,,,,3,,,,,,,,,3,,,,,1,,3,,,,,,,,,,,1,,,,,2,4,,,,,,,,3,,,,,,,,,,,,,,,,,,1,,,,,,,,,,,,,,,,,,,,,1,14,,,,,,,,,,,,,,,,,,,,,,,,1,,,,,,,,,,,,,,,,,,,1,,,,,,,
RadLoTempCFloHeatCoolRMT.idf,,,,,,,,,,,,1,,,,,5,,,,,,,,,3,,,,,1,,,,,,,1,,,,,,,,2,,1,,,,,,,,,,,,,,31,,,,,,,,,,,,,,3,,,,,,,,,1,,,,,,,,,,,,,,,,,3,,,,,,,,,,1,,,,,,3,,,,,,,,,,,,,,,,,,,,,,,,,,,,,,,,,,8,,,,,,,,,,,,,,,,,,,,,,,,,,,,,,,,,,,,,,,,,,,,,,,,,,,,,,,,,,,,,,,,,,,,,,,,,,,,,,,,,,,,,,,,,,,,,,,,,,,,,,,,,,,,,,,,1,2,35,,,,,,,,,,,,,,,,,,,,,,,,1,,,,,,,,,,,,,,,5,,,,,,,,,,,1,,,,,,,,,,,,,,,,,21,,,,,,,,,,,,,,,,,,,,,,,,,15,1,,,,,,,,,,,,,,,,,,,,,,2,,,,,,6,,,,,,,,,,,,,,,,,,,,,,,,,,,,,,,,,,,,,,,,3,,,,,,,,,,,,,,,,,,1,,,,,,,,,,,1,,,,,,,,,,,,,,1,,,,,,,,,,,2,,,,,,,,,,,,3,,,,1,,,,,,,,,,,,5,,,,,,,,,,,,,,,,,,,,,1,,,1,,,,,,,,,,,,3,,,,,,,1,,,,,,,,1,,,,,,,,,,,,,,,,,,,,,3,,,,,,,,,,,,,,,,,,,,,,,,,,,,,,,,,6,,,,,,,,,,,,,,6,,,,,,,,,1,,,,,,,,,,,,,,,,,,,,,,,20,,,,,,,,,,,,,,,,1,,,,,,,,,,6,,,,,,,,,,,,,,,,,,3,,,,,,,,,3,,,,,1,,,,,,,,,,,,,1,,,,,2,4,,,,,,,,3,,,,,,,,,,,,,,,,,,1,,,,,,,,,,,,,,,,,,,,,1,14,,,,,,,,,,,,,,,,,,,,,,,,1,,,,,,,,,,,,,,,,,,,1,,,,,,,
RadLoTempCFloHeatCool_AddedAutosizing.idf,,,,,,,2,,,,,1,,,,,5,,,,,,,,,3,,,,,1,,,,,,,1,,,,,,,,1,,1,,,,,,,,,,,,,,31,,,,,,,,,,,,,,3,,,,,,,,,1,,,,,,,,,,,1,,,,,,3,,,,,,,,,,1,,,,,,3,,,,,,,,,,,,,,,,,,,,,,1,,,,,,,,,,,,8,,,,,,,,,,,,,,,,,,,,,,,,,,,,,,,,,,,,,,,,,,,,,,,,,,,,,,,,,,,,,,,,,,,,,,,,,,,,,,,,,,,,,,,,,,,,,,,,,,,,,,,,,,,,,,,,1,2,36,,,,,,,,,,,,,,,,,,,,3,,,,1,,,,,,,,,,,,,,,5,,,,,,,,,,,1,,,,,,,,,,,,,,,,,21,,,,,,,,,,,,,,,,,,,,,,,,,15,1,,,,,,,,,,,,,,,,,,,,,,2,,,,,,6,,,,,,,,,,,,,,,,,,,,,,,,,,,,,,,,,,,,,,,,3,,,,,,,,,,,,,,,,,,1,,,,,,,,,,,1,,,,,,,,,,,,,,1,,,,,,,,,,,2,,,,,,,,,,,,3,,,,1,,,,,,,,,,,,5,,,,,,,,,,,,,,,,,,,,,1,,,1,,,,,,,,,,,,3,,,,,,,1,,,,,,,,1,,,,,,,,,,,,,,,,,,,,,3,,,,,,,,,,,,,,,,,,,,,,,,,,,,,,,,,6,,,,,,,,,,,,,,6,,,,,,,,,1,,,,,,,,,,,,,,,,,,,,,,,20,,,,,,,,,,,,,,,,1,,,,,,,,,,6,,,,,1,,,,,,,,,,,,,3,,,,,,,,,3,,,,,1,,1,,,,,,,,,,,1,,,,,2,4,,,,,,,,1,,,,,,,,,,,,,,,,,,1,,,,,,,,,,,,,,,,,,,,,1,14,,,,,,,,,,,,,,,,,,,,,,,,1,,,,,,,,,,,,,,,,,,,1,,,,,,,
RadLoTempCFloISOPipeHT.idf,,,,,,,,,,,,1,,,,,5,,,,,,,,,3,,,,,1,,,,,,,1,,,,,,,,1,,1,,,,,,,,,,,,,,31,,,,,,,,,,,,,,3,,,,,,,,,1,,,,,,,,,,,,,,,,,3,,,,,,,,,,1,,,,,,3,,,,,,,,,,,,,,,,,,,,,,,,,,,,,,,,,,8,,,,,,,,,,,,,,,,,,,,,,,,,,,,,,,,,,,,,,,,,,,,,,,,,,,,,,,,,,,,,,,,,,,,,,,,,,,,,,,,,,,,,,,,,,,,,,,,,,,,,,,,,,,,,,,,1,2,31,,,,,,,,,,,,,,,,,,,,,,,,1,,,,,,,,,,,,,,,5,,,,,,,,,,,1,,,,,,,,,,,,,,,,,21,,,,,,,,,,,,,,,,,,,,,,,,,15,1,,,,,,,,,,,,,,,,,,,,,,2,,,,,,6,,,,,,,,,,,,,,,,,,,,,,,,,,,,,,,,,,,,,,,,3,,,,,,,,,,,,,,,,,,1,,,,,,,,,,,1,,,,,,,,,,,,,,1,,,,,,,,,,,2,,,,,,,,,,,,3,,,,1,,,,,,,,,,,,5,,,,,,,,,,,,,,,,,,,,,1,,,1,,,,,,,,,,,,3,,,,,,,1,,,,,,,,1,,,,,,,,,,,,,,,,,,,,,3,,,,,,,,,,,,,,,,,,,,,,,,,,,,,,,,,6,,,,,,,,,,,,,,6,,,,,,,,,1,,,,,,,,,,,,,,,,,,,,,,,20,,,,,,,,,,,,,,,,1,,,,,,,,,,6,,,,,,,,,,,,,,,,,,3,,,,,,,,,3,,,,,1,,,,,,,,,,,,,1,,,,,2,4,,,,,,,,3,,,,,,,,,,,,,,,,,,1,,,,,,,,,,,,,,,,,,,,,1,14,,,,,,,,,,,,,,,,,,,,,,,,1,,,,,,,,,,,,,,,,,,,1,,,,,,,
RadLoTempCFloTermReheat.idf,,,,,,,,,,,,1,,,,,5,,,,,,,,,3,,,,,1,,,,,,,1,,,,,,,,1,,1,,,,,,,,,,,,,,33,,,,,,,,,,,,,,3,,,,,,,,,1,,,,1,,,,,,,,,,,,,3,,,,,,,,,,1,,,,,,2,,,,,,,,,,,,,,,,,,,,,,,,,,,,,,,,,,10,,,,,,,,,,,,,,,,,,,,,,,,,,,,,,,,,,,,,,,,,,,,,,,,,,,,,,,,,,,,,,,,,,,,,,,,,,,,,,,,,,,,,,,,1,,,,,,,,,,,,,,,,,,,,,,,,1,2,31,,,,,,,,,,,,,,,,,,,,,,,,1,,,,,,,,,,,,,,,5,,,,,,,,,,,1,,,,,,,,,,,,,,,,,22,,,,,,,,,,,,,,,,,,,,,,,,,15,1,,,,,,,,,,,,,,,,,,,,,,6,,,,,,6,,,,,,,,,,,,,,,,,,,,,,,,,,,,,,,,1,,,,,,,,3,,,,,,,,,,,,,,,,,,1,,,,,,,,,,,1,3,,,,,,,,,,,,,1,,,,,,1,,,,,2,,,,,,,,,,,,3,,,,1,,,,,,,1,,,,,5,,,,,,,,,,,,,,,,,,,,,1,,,1,,,,,,,,,1,,,3,,,,,,,1,,,,1,,3,,1,,,,,,,,,,,,,,,1,,,,,,3,,,,,,,,,,,,,,,,,,,,,,,,,,,,,,,,,7,,,,,1,,,,,,,,,6,,,1,,,,,,1,,,,,,,,,,,,,,,,,,,,,,,20,,,,,,,,,,,,,,,3,1,,,,,,,,,,6,,,,,,,,,,,,,,,,,,3,,,,,,,,,3,,,,,1,,3,,,,,,,,,,,1,,,,,2,5,,,,,,,,1,,,,,,,,,,,,,,,,,,1,,,,,,,,,,,,,,,,,,,,,1,14,,,,,,,,,,,,,,,,,,,,,,,,1,,,,,,,,,,,,,1,,,,,,1,,,,1,,,
RadLoTempElecCtrlOpt2.idf,,,,,,,,,,,,1,,,,,5,,,,,,,,,3,,,,,1,,,,,,,1,,,,,,,,1,,1,,,,,,,,,,,,,,30,,,,,,,,,,,,,,,,,,,,,,,1,,,,1,,,,,,,,,,,,,3,,,,,,,,,,1,,,,,,2,,,,,,,,,,,,,,,,,,,,,,3,,,,,,,,,,,,10,,,,,,,,,,,,,,,,,,,,,,,,,,,,,,,,,,,,,,,,,,,,,,,,,,,,,,,,,,,,,,,,,,,,,,,,,,,,,,,,,,,,,,,,1,,,,,,,,,,,,,,1,,,,,,,,,,1,2,30,,,,,,,,,,,,,,,,,,,,,,,,1,,,,,,,,,,,,,,,5,,,,,,,,,,,1,,,,,,,,,,,,,,,,,22,,,,,,,,,,,,,,,,,,,,,,,,,15,1,,,,,,,,,,,,,,,,,,,,,,6,,,,,,6,,,,,,,,,,,,,,,,,,,,,,,,,,,,,,,,1,,,,,,,,3,,,,,,,,,,,,,,,,,,1,,,,,,,,,,,1,3,,,,,,,,,,,,,1,,,,,,1,,,,,2,,,,,,,,,,,,3,,,,1,,,,,,,1,,,,,5,,,,,,,,,,,,,,,,,,,,,1,2,,1,,,,,,,,,1,,,3,,,,,,3,1,3,,,1,,3,,1,,,,,,,,,,,,,,,1,,,,,,3,,,,,,,,,,,,,,,,,,,,,,,,,,,,,,,,,7,,,,,1,,,,,,,,,6,,,1,,,,,,1,,,,,,,,,,,,,,,,,,,,,,,20,,,,,,,,,,,,,,,3,1,,,,,,,,,,6,,,,,,,,,,1,,,,,,,,3,,,,,,,,,,,,,,1,,3,,,,,,,,,,,1,,,,,2,5,,,,,,,,,,,,,,,,,,,,,,,,,,1,,,,,,,,,,,,,,,,,,,,,1,14,,,,,,,,,,,,,,,,,,,,,,,,1,,,,,,,,,,,,,1,,,,,,1,,,,1,,,
RadLoTempElecTermReheat.idf,,,,,,,,,,,,1,,,,,5,,,,,,,,,3,,,,,1,,,,,,,1,,,,,,,,1,,1,,,,,,,,,,,,,,30,,,,,,,,,,,,,,,,,,,,,,,1,,,,1,,,,,,,,,,,,,3,,,,,,,,,,1,,,,,,2,,,,,,,,,,,,,,,,,,,,,,3,,,,,,,,,,,,10,,,,,,,,,,,,,,,,,,,,,,,,,,,,,,,,,,,,,,,,,,,,,,,,,,,,,,,,,,,,,,,,,,,,,,,,,,,,,,,,,,,,,,,,1,,,,,,,,,,,,,,1,,,,,,,,,,1,2,24,,,,,,,,,,,,,,,,,,,,,,,,1,,,,,,,,,,,,,,,5,,,,,,,,,,,1,,,,,,,,,,,,,,,,,20,,,,,,,,,,,,,,,,,,,,,,,,,15,1,,,,,,,,,,,,,,,,,,,,,,6,,,,,,6,,,,,,,,,,,,,,,,,,,,,,,,,,,,,,,,1,,,,,,,,3,,,,,,,,,,,,,,,,,,1,,,,,,,,,,,1,3,,,,,,,,,,,,,1,,,,,,1,,,,,2,,,,,,,,,,,,3,,,,1,,,,,,,1,,,,,5,,,,,,,,,,,,,,,,,,,,,1,2,,1,,,,,,,,,1,,,3,,,,,,3,1,3,,,1,,3,,1,,,,,,,,,,,,,,,1,,,,,,3,,,,,,,,,,,,,,,,,,,,,,,,,,,,,,,,,7,,,,,1,,,,,,,,,6,,,1,,,,,,1,,,,,,,,,,,,,,,,,,,,,,,20,,,,,,,,,,,,,,,3,1,,,,,,,,,,6,,,,,,,,,,1,,,,,,,,3,,,,,,,,,,,,,,1,,3,,,,,,,,,,,1,,,,,2,5,,,,,,,,,,,,,,,,,,,,,,,,,,1,,,,,,,,,,,,,,,,,,,,,1,14,,,,,,,,,,,,,,,,,,,,,,,,1,,,,,,,,,,,,,1,,,,,,1,,,,1,,,
RadLoTempElecTermReheatCondFD.idf,,,,,,,,,,,,1,,,,,5,,,,,,,,,3,,,,,1,,,,,,,1,,,,,,,,1,,1,,,,,,,,,,,,,,30,,,,,,,,,,,,,,,,,,,,,,,1,,,,1,,,,,,,,,,,,,3,,,,,,,,,,1,,,,,,2,,,,,,,,,,,,,,,,,,,,,,,,,,,,,,,,,,10,,,,,,,,,,,,,,,,,,,,,,,,,,,,,,,,,,,,,,,,,,,,,,,,,,,,,,,,,,,,,,,,,,,,,,,,,,,,,,,,,,,,,,,,1,,,,,,,,,,,,,,1,,,,,,,,,,1,2,24,,,,,,,,,,,,,,,,,,,,,,,,1,,,,,,,,,,,,,,,5,,,,,,,,,,,1,,,,,,,,,,,,,,,,,20,,,,,,,,,,,,,,,,,,,,,,,,,15,1,,,,,,,,,,,,,,,,,,,,,,6,,,,,,6,,,,,,,,,,,,,,,,,,,,,,,,,,,,,,,,1,,,,,,,,3,,,,,,,,,,,,,,,,,,1,,,,,,,,,,,1,3,,,,,,,,,,,,,1,,,,,,1,,,,,2,,,,,,,,,,,,3,,,,1,,,,,,,1,,,,,5,,,,,,,,,,,,,,,,,,,,,1,2,,1,,,,,,,,,1,,,3,,,,,,,1,3,,,1,,3,,1,,,,,,,,,,,,,,,1,,,,,,3,,,,,,,,,,,,,,,,,,,,,,,,,,,,,,,,,7,,,,,1,,,,,,,,,6,,,1,,,,,,1,,,,,,,,,,,,,,,,,,,,,,,20,,,,,,,,,,,,,,,3,1,,,,,,,,,,6,,,,,,,,,,,,,,,,,,3,,,,,,,,,,,,,,1,,3,,,,,,,,,,,1,,,,,2,5,,,,,,,,,,,,,,,,,,,,,,,,,,1,,,,,,,,,,,,,,,,,,,,,1,14,,,,,,,,,,,,,,,,,,,,,,,,1,,,,,,,,,,,,,1,,,,,,1,,,,1,,,
RadLoTempHydrChangeoverDelay.idf,,,,,,,2,,,,,1,,,,,5,,,,,,,,,3,,,,,1,,,,,,,1,,,,,,,,1,,1,,,,,,,,,,,,,,31,,,,,,,,,,,,,,3,,,,,,,,,1,,,,,,,,,,,,,,,,,3,,,,,,,,,,1,,,,,,1,,,,,,,,,,,,,,,,,,,,,,3,,,,,,,,,,,,8,,,,,,,,,,,,,,,,,,,,,,,,,,,,,,,,,,,,,,,,,,,,,,,,,,,,,,,,,,,,,,,,,,,,,,,,,,,,,,,,,,,,,,,,,,,,,,,,,,,,,,,,,,,,,,,,1,2,23,,,,,,,,,,,,,,,,,,,,,,,,1,,,,,,,,,,,,,,,5,,,,,,,,,,,1,,,,,,,,,,,,,,,,,18,,,,,,,,,,,,,,,,,,,,,,,,,15,1,,,,,,,,,,,,,,,,,,,,,,2,,,,,,6,,,,,,,,,,,,,,,,,,,,,,,,,,,,,,,,,,3,,,,,,,,,,,,,,,,,,,,,,,,1,,,,,,,,,,,1,,,,,,,,,,,3,,,1,,,,,,,,,,,,,,,,,,,,,,,3,,,,1,,,,,,,,,,,,5,,,,,,,,,,,,,,,,,,,,,1,,,1,,,,,,,,,,,,3,,,,,,3,1,,,,,,,,1,,,,,,,,,,,,,,,,,,,,,3,,,,,,,,,,,,,,,,,,,,,,,,,,,,,,,,,6,,,,,,,,,,,,,,6,,,,,,,,,1,,,,,,,,,,,,,,,,,,,,,,,20,,,,,,,,,,,,,,,,1,,,,,,,,,,6,,,,,,,,,,,,,,,,,,3,,,,,,,,,,,,,,1,,,,,,,,,,,,,1,,,,,2,4,,,,,,,,,,,,,,,,,,,,,,,,,,1,,,,,,,,,,,,,,,,,,,,,1,14,,,,,,,,,,,,,,,,,,,,,,,,1,,,,,,,,,,,,,,,,,,,1,,,,,,,
RadLoTempHydrCoolTower.idf,,,,,,,2,,,,,,,,,,5,,,,,,,,,3,,,,,1,,,,,,,1,,,,,,,,1,,1,,,,,,,,,,,,,,20,,,,,,,,,,,,,,3,,,,,,,,,1,,,,,,,,,,,,,,,,,3,,,,,,,,,,1,,,,,,2,,,,,,,,,,,,,,,,,,,,,,3,,,,,,,,,,,,8,,,,,,,,,,,,,,,,,,,,,,,,,,,,,,,,,,,,,,,,,,,,,,,,,,,,,,,,,,,,,,,,,,,,,,,,,,,,,,,,,,,,,,,,,,,,,,,,,,,,,,1,,,,,,,,,,1,1,22,,,,,,,,,,,,,,,,,,,,,,,,1,,,,,,,,,,,,,,,5,,,,,,,,,,,1,,,,,,,,,,,,,,,,,15,,,,,,,,,,,,,,,,,,,,,,,,,10,1,,,,,,,,,,,,,,,,,,,,,,1,,,,,,4,,,,,,,,,,,,,,,,,,,,,,,,,,,,,,,,,,1,,,,,,3,,,,,,,,,,,,,,,,,,1,,,,,,,,,,,1,,,,,,,,,,,3,,,,,,,,,,,,,,2,,,,,,,,,,,,3,,,,1,,,,,,,,,,,,1,,,,,,,,,,,,,,,,,,,,,1,,,1,,,,,,,,,,,,2,,,,,,3,1,,,,,,,,1,,,,,,,,,,,,,,,,,,,,,1,,,,,,,,,,,,,,,,,,,,,,,,,,,,,,,,,4,,,,,,,,,,,,,,4,,,1,,,,,,1,,,,,,,,,,,,,,,,,,,,,,,20,,,,,,,,,,,,,,,,1,,,,,,,,,,4,,,,,,,,,,,,,,,,,,3,,,,,,,,,,,,,,1,,3,,,,,,,,,,,1,,,,,1,1,,,,,,,,,,,,,,,,,,,,,,,,,,1,,,,,,,,,,,,,,,,,,,,,1,14,,,,,,,,,,,,,,,,,,,,,,,,,,,,,,,,,,,,,,,,,,,1,,,,,,,
RadLoTempHydrCoolTowerCondFD.idf,,,,,,,2,,,,,,,,,,5,,,,,,,,,3,,,,,1,,,,,,,1,,,,,,,,1,,1,,,,,,,,,,,,,,20,,,,,,,,,,,,,,3,,,,,,,,,1,,,,,,,,,,,,,,,,,3,,,,,,,,,,1,,,,,,2,,,,,,,,,,,,,,,,,,,,,,3,,,,,,,,,,,,8,,,,,,,,,,,,,,,,,,,,,,,,,,,,,,,,,,,,,,,,,,,,,,,,,,,,,,,,,,,,,,,,,,,,,,,,,,,,,,,,,,,,,,,,,,,,,,,,,,,,,,1,,,,,,,,,,1,1,22,,,,,,,,,,,,,,,,,,,,,,,,1,,,,,,,,,,,,,,,5,,,,,,,,,,,1,,,,,,,,,,,,,,,,,15,,,,,,,,,,,,,,,,,,,,,,,,,10,1,,,,,,,,,,,,,,,,,,,,,,1,,,,,,4,,,,,,,,,,,,,,,,,,,,,,,,,,,,,,,,,,1,,,,,,3,,,,,,,,,,,,,,,,,,1,,,,,,,,,,,1,,,,,,,,,,,3,,,,,,,,,,,,,,2,,,,,,,,,,,,3,,,,1,,,,,,,,,,,,1,,,,,,,,,,,,,,,,,,,,,1,,,1,,,,,,,,,,,,2,,,,,,3,1,,,,,,,,1,,,,,,,,,,,,,,,,,,,,,1,,,,,,,,,,,,,,,,,,,,,,,,,,,,,,,,,4,,,,,,,,,,,,,,4,,,1,,,,,,1,,,,,,,,,,,,,,,,,,,,,,,20,,,,,,,,,,,,,,,,1,,,,,,,,,,4,,,,,,,,,,,,,,,,,,3,,,,,,,,,,,,,,1,,3,,,,,,,,,,,1,,,,,1,1,,,,,,,,,,,,,,,,,,,,,,,,,,1,,,,,,,,,,,,,,,,,,,,,1,14,,,,,,,,,,,,,,,,,,,,,,,,,,,,,,,,,,,,,,,,,,,1,,,,,,,
RadLoTempHydrCtrlOpt.idf,,,,,,,2,,,,,1,,,,,5,,,,,,,,,3,,,,,1,,,,,,,1,,,,,,,,1,,1,,,,,,,,,,,,,,31,,,,,,,,,,,,,,3,,,,,,,,,1,,,,,,,,,,,,,,,,,3,,,,,,,,,,1,,,,,,2,,,,,,,,,,,,,,,,,,,,,,3,,,,,,,,,,,,8,,,,,,,,,,,,,,,,,,,,,,,,,,,,,,,,,,,,,,,,,,,,,,,,,,,,,,,,,,,,,,,,,,,,,,,,,,,,,,,,,,,,,,,,,,,,,,,,,,,,,,1,,,,,,,,,,1,2,21,,,,,,,,,,,,,,,,,,,,,,,,1,,,,,,,,,,,,,,,5,,,,,,,,,,,1,,,,,,,,,,,,,,,,,18,,,,,,,,,,,,,,,,,,,,,,,,,15,1,,,,,,,,,,,,,,,,,,,,,,2,,,,,,6,,,,,,,,,,,,,,,,,,,,,,,,,,,,,,,,,,3,,,,,,3,,,,,,,,,,,,,,,,,,1,,,,,,,,,,,1,,,,,,,,,,,3,,,1,,,,,,,,,,,2,,,,,,,,,,,,3,,,,1,,,,,,,,,,,,5,,,,,,,,,,,,,,,,,,,,,1,,,1,,,,,,,,,,,,3,,,,,,3,1,,,,,,,,1,,,,,,,,,,,,,,,,,,,,,3,,,,,,,,,,,,,,,,,,,,,,,,,,,,,,,,,6,,,,,,,,,,,,,,6,,,1,,,,,,1,,,,,,,,,,,,,,,,,,,,,,,20,,,,,,,,,,,,,,,,1,,,,,,,,,,6,,,,,,,,,,,,,,,,,,3,,,,,,,,,,,,,,1,,3,,,,,,,,,,,1,,,,,2,4,,,,,,,,,,,,,,,,,,,,,,,,,,1,,,,,,,,,,,,,,,,,,,,,1,14,,,,,,,,,,,,,,,,,,,,,,,,1,,,,,,,,,,,,,,,,,,,1,,,,,,,
RadLoTempHydrCtrlOpt2.idf,,,,,,,2,,,,,1,,,,,5,,,,,,,,,3,,,,,1,,,,,,,1,,,,,,,,1,,1,,,,,,,,,,,,,,31,,,,,,,,,,,,,,3,,,,,,,,,1,,,,,,,,,,,,,,,,,3,,,,,,,,,,1,,,,,,2,,,,,,,,,,,,,,,,,,,,,,3,,,,,,,,,,,,8,,,,,,,,,,,,,,,,,,,,,,,,,,,,,,,,,,,,,,,,,,,,,,,,,,,,,,,,,,,,,,,,,,,,,,,,,,,,,,,,,,,,,,,,,,,,,,,,,,,,,,1,,,,,,,,,,1,2,23,,,,,,,,,,,,,,,,,,,,,,,,1,,,,,,,,,,,,,,,5,,,,,,,,,,,1,,,,,,,,,,,,,,,,,18,,,,,,,,,,,,,,,,,,,,,,,,,15,1,,,,,,,,,,,,,,,,,,,,,,2,,,,,,6,,,,,,,,,,,,,,,,,,,,,,,,,,,,,,,,,,3,,,,,,3,,,,,,,,,,,,,,,,,,1,,,,,,,,,,,1,,,,,,,,,,,3,,,1,,,,,,,,,,,2,,,,,,,,,,,,3,,,,1,,,,,,,,,,,,5,,,,,,,,,,,,,,,,,,,,,1,,,1,,,,,,,,,,,,3,,,,,,3,1,,,,,,,,1,,,,,,,,,,,,,,,,,,,,,3,,,,,,,,,,,,,,,,,,,,,,,,,,,,,,,,,6,,,,,,,,,,,,,,6,,,1,,,,,,1,,,,,,,,,,,,,,,,,,,,,,,20,,,,,,,,,,,,,,,,1,,,,,,,,,,6,,,,,,,,,,,,,,,,,,3,,,,,,,,,,,,,,1,,3,,,,,,,,,,,1,,,,,2,4,,,,,,,,,,,,,,,,,,,,,,,,,,1,,,,,,,,,,,,,,,,,,,,,1,14,,,,,,,,,,,,,,,,,,,,,,,,1,,,,,,,,,,,,,,,,,,,1,,,,,,,
RadLoTempHydrCtrlOpt3.idf,,,,,,,2,,,,,1,,,,,5,,,,,,,,,3,,,,,1,,,,,,,1,,,,,,,,1,,1,,,,,,,,,,,,,,31,,,,,,,,,,,,,,3,,,,,,,,,1,,,,,,,,,,,,,,,,,3,,,,,,,,,,1,,,,,,2,,,,,,,,,,,,,,,,,,,,,,3,,,,,,,,,,,,8,,,,,,,,,,,,,,,,,,,,,,,,,,,,,,,,,,,,,,,,,,,,,,,,,,,,,,,,,,,,,,,,,,,,,,,,,,,,,,,,,,,,,,,,,,,,,,,,,,,,,,1,,,,,,,,,,1,2,26,,,,,,,,,,,,,,,,,,,,,,,,1,,,,,,,,,,,,,,,5,,,,,,,,,,,1,,,,,,,,,,,,,,,,,22,,,,,,,,,,,,,,,,,,,,,,,,,15,1,,,,,,,,,,,,,,,,,,,,,,2,,,,,,6,,,,,,,,,,,,,,,,,,,,,,,,,,,,,,,,,,3,,,,,,3,,,,,,,,,,,,,,,,,,1,,,,,,,,,,,1,,,,,,,,,,,3,,,1,,,,,,,,,,,2,,,,,,,,,,,,3,,,,1,,,,,,,,,,,,5,,,,,,,,,,,,,,,,,,,,,1,,,1,,,,,,,,,,,,3,,,,,,3,1,,,,,,,,1,,,,,,,,,,,,,,,,,,,,,3,,,,,,,,,,,,,,,,,,,,,,,,,,,,,,,,,6,,,,,,,,,,,,,,6,,,1,,,,,,1,,,,,,,,,,,,,,,,,,,,,,,20,,,,,,,,,,,,,,,,1,,,,,,,,,,6,,,,,,,,,,,,,,,,,,3,,,,,,,,,,,,,,1,,3,,,,,,,,,,,1,,,,,2,4,,,,,,,,,,,,,,,,,,,,,,,,,,1,,,,,,,,,,,,,,,,,,,,,1,14,,,,,,,,,,,,,,,,,,,,,,,,1,,,,,,,,,,,,,,,,,,,1,,,,,,,
RadLoTempHydrHeatCool.idf,,,,,,,2,,,,,1,,,,,5,,,,,,,,,3,,,,,1,,,,,,,1,,,,,,,,1,,1,,,,,,,,,,,,,,31,,,,,,,,,,,,,,3,,,,,,,,,1,,,,,,,,,,,,,,,,,3,,,,,,,,,,1,,,,,,2,,,,,,,,,,,,,,,,,,,,,,3,,,,,,,,,,,,8,,,,,,,,,,,,,,,,,,,,,,,,,,,,,,,,,,,,,,,,,,,,,,,,,,,,,,,,,,,,,,,,,,,,,,,,,,,,,,,,,,,,,,,,,,,,,,,,,,,,,,1,,,,,,,,,,1,2,23,,,,,,,,,,,,,,,,,,,,,,,,1,,,,,,,,,,,,,,,5,,,,,,,,,,,1,,,,,,,,,,,,,,,,,18,,,,,,,,,,,,,,,,,,,,,,,,,15,1,,,,,,,,,,,,,,,,,,,,,,2,,,,,,6,,,,,,,,,,,,,,,,,,,,,,,,,,,,,,,,,,3,,,,,,3,,,,,,,,,,,,,,,,,,1,,,,,,,,,,,1,,,,,,,,,,,3,,,1,,,,,,,,,,,2,,,,,,,,,,,,3,,,,1,,,,,,,,,,,,5,,,,,,,,,,,,,,,,,,,,,1,,,1,,,,,,,,,,,,3,,,,,,3,1,,,,,,,,1,,,,,,,,,,,,,,,,,,,,,3,,,,,,,,,,,,,,,,,,,,,,,,,,,,,,,,,6,,,,,,,,,,,,,,6,,,1,,,,,,1,,,,,,,,,,,,,,,,,,,,,,,20,,,,,,,,,,,,,,,,1,,,,,,,,,,6,,,,,,,,,,,,,,,,,,3,,,,,,,,,,,,,,1,,3,,,,,,,,,,,1,,,,,2,4,,,,,,,,,,,,,,,,,,,,,,,,,,1,,,,,,,,,,,,,,,,,,,,,1,14,,,,,,,,,,,,,,,,,,,,,,,,1,,,,,,,,,,,,,,,,,,,1,,,,,,,
RadLoTempHydrHeatCool2D.idf,,,,,,,2,,,,,1,,,,,5,,,,,,,,,3,,,,,1,,,,,,,1,,,,,,,,1,,1,,,,,,,,,,,,,,31,,,,,,,,,,,,,,3,,,,,,,,,1,,,,,,,,,,,,,,,,,3,,,,,,,,,,1,,,,,,2,,,,,,,,,,,,,,,,,,,,,,3,,,,,,,,,,,,8,,,,,,,,,,,,,,,,,,,,,,,,,,,,,,,,,,,,,,,,,,,,,,,,,,,,,,,,,,,,,,,,,,,,,,,,,,,,,,,,,,,,,,,,,,,,,,,,,,,,,,1,,,,,,,,,,1,2,21,,,,,,,,,,,,,,,,,,,,,,,,1,,,,,,,,,,,,,,,5,,,,,,,,,,,1,,,,,,,,,,,,,,,,,18,,,,,,,,,,,,,,,,,,,,,,,,,15,1,,,,,,,,,,,,,,,,,,,,,,2,,,,,,6,,,,,,,,,,,,,,,,,,,,,,,,,,,,,,,,,,1,,,,,,3,,,,,,,,,,,,,,,,,,1,,,,,,,,,,,1,,,,,,,,,,,3,,,1,,,,,,,,,,,2,,,,,,,,,,,,3,,,,1,,,,,,,,,,,,5,,,,,,,,,,,,,,,,,,,,,1,,,1,,,,,,,,,,,,3,,,,,,3,1,,,,,,,,1,,,,,,,,,,,,,,,,,,,,,3,,,,,,,,,,,,,,,,,,,,,,,,,,,,,,,,,6,,,,,,,,,,,,,,6,,,1,,,,,,1,,,,,,,,,,,,,,,,,,,,,,,20,,,,,,,,,,,,,,,,1,,,,,,,,,,6,,,,,,,,,,,,,,,,,,3,,,,,,,,,,,,,,1,,3,,,,,,,,,,,1,,,,,2,4,,,,,,,,,,,,,,,,,,,,,,,,,,1,,,,,,,,,,,,,,,,,,,,,1,14,,,,,,,,,,,,,,,,,,,,,,,,1,,,,,,,,,,,,,,,,,,,1,,,,,,,
RadLoTempHydrHeatCoolDry.idf,,,,,,,2,,,,,1,,,,,5,,,,,,,,,3,,,,,1,,,,,,,1,,,,,,,,1,,1,,,,,,,,,,,,,,31,,,,,,,,,,,,,,3,,,,,,,,,1,,,,,,,,,,,,,,,,,3,,,,,,,,,,1,,,,,,2,,,,,,,,,,,,,,,,,,,,,,3,,,,,,,,,,,,8,,,,,,,,,,,,,,,,,,,,,,,,,,,,,,,,,,,,,,,,,,,,,,,,,,,,,,,,,,,,,,,,,,,,,,,,,,,,,,,,,,,,,,,,,,,,,,,,,,,,,,1,,,,,,,,,,1,2,15,,,,,,,,,,,,,,,,,,,,,,,,1,,,,,,,,,,,,,,,5,,,,,,,,,,,1,,,,,,,,,,,,,,,,,18,,,,,,,,,,,,,,,,,,,,,,,,,15,1,,,,,,,,,,,,,,,,,,,,,,2,,,,,,6,,,,,,,,,,,,,,,,,,,,,,,,,,,,,,,,,,1,,,,,,3,,,,,,,,,,,,,,,,,,1,,,,,,,,,,,1,,,,,,,,,,,3,,,1,,,,,,,,,,,2,,,,,,,,,,,,3,,,,1,,,,,,,,,,,,5,,,,,,,,,,,,,,,,,,,,,1,,,1,,,,,,,,,,,,3,,,,,,3,1,,,,,,,,1,,,,,,,,,,,,,,,,,,,,,3,,,,,,,,,,,,,,,,,,,,,,,,,,,,,,,,,6,,,,,,,,,,,,,,6,,,1,,,,,,1,,,,,,,,,,,,,,,,,,,,,,,20,,,,,,,,,,,,,,,,1,,,,,,,,,,6,,,,,,,,,,,,,,,,,,3,,,,,,,,,,,,,,1,,3,,,,,,,,,,,1,,,,,2,4,,,,,,,,,,,,,,,,,,,,,,,,,,1,,,,,,,,,,,,,,,,,,,,,1,14,,,,,,,,,,,,,,,,,,,,,,,,1,,,,,,,,,,,,,,,,,,,1,,,,,,,
RadLoTempHydrHeatCoolDryCondFD.idf,,,,,,,2,,,,,1,,,,,5,,,,,,,,,3,,,,,1,,,,,,,1,,,,,,,,1,,1,,,,,,,,,,,,,,31,,,,,,,,,,,,,,3,,,,,,,,,1,,,,,,,,,,,,,,,,,3,,,,,,,,,,1,,,,,,2,,,,,,,,,,,,,,,,,,,,,,3,,,,,,,,,,,,8,,,,,,,,,,,,,,,,,,,,,,,,,,,,,,,,,,,,,,,,,,,,,,,,,,,,,,,,,,,,,,,,,,,,,,,,,,,,,,,,,,,,,,,,,,,,,,,,,,,,,,1,,,,,,,,,,1,2,15,,,,,,,,,,,,,,,,,,,,,,,,1,,,,,,,,,,,,,,,5,,,,,,,,,,,1,,,,,,,,,,,,,,,,,18,,,,,,,,,,,,,,,,,,,,,,,,,15,1,,,,,,,,,,,,,,,,,,,,,,2,,,,,,6,,,,,,,,,,,,,,,,,,,,,,,,,,,,,,,,,,1,,,,,,3,,,,,,,,,,,,,,,,,,1,,,,,,,,,,,1,,,,,,,,,,,3,,,1,,,,,,,,,,,2,,,,,,,,,,,,3,,,,1,,,,,,,,,,,,5,,,,,,,,,,,,,,,,,,,,,1,,,1,,,,,,,,,,,,3,,,,,,3,1,,,,,,,,1,,,,,,,,,,,,,,,,,,,,,3,,,,,,,,,,,,,,,,,,,,,,,,,,,,,,,,,6,,,,,,,,,,,,,,6,,,1,,,,,,1,,,,,,,,,,,,,,,,,,,,,,,20,,,,,,,,,,,,,,,,1,,,,,,,,,,6,,,,,,,,,,,,,,,,,,3,,,,,,,,,,,,,,1,,3,,,,,,,,,,,1,,,,,2,4,,,,,,,,,,,,,,,,,,,,,,,,,,1,,,,,,,,,,,,,,,,,,,,,1,14,,,,,,,,,,,,,,,,,,,,,,,,1,,,,,,,,,,,,,,,,,,,1,,,,,,,
RadLoTempHydrHeatCoolMultiZone.idf,,,,,,,2,,,,,1,,,,,5,,,,,,,,,3,,,,,1,,,,,,,1,,,,,,,,1,,1,,,,,,,,,,,,,,27,,,,,,,,,,,,,,3,,,,,,,,,1,,,,,,,,,,,,,,,,,1,,,,,,,,,,1,,,,,,2,,,,,,,,,,,,,,,,,,,,,,1,,,,,,,,,,,,8,,,,,,,,,,,,,,,,,,,,,,,,,,,,,,,,,,,,,,,,,,,,,,,,,,,,,,,,,,,,,,,,,,,,,,,,,,,,,,,,,,,,,,,,,,,,,,,,,,,,,,1,,,,,,,,,,1,2,22,,,,,,,,,,,,,,,,,,,,,,,,1,,,,,,,,,,,,,,,5,,,,,,,,,,,1,,,,,,,,,,,,,,,,,18,,,,,,,,,,,,,,,,,,,,,,,,,15,1,,,,,,,,,,,,,,,,,,,,,,2,,,,,,6,,,,,,,,,,,,,,,,,,,,,,,,,,,,,,,,,,1,,,,,,3,,,,,,,,,,,,,,,,,,1,,,,,,,,,,,1,,,,,,,,,,,1,,,1,,,,,,,,,,,2,,,,,,,,,,,,3,,,,1,,,,,,,,,,,,5,,,,,,,,,,,,,,,,,,,,,1,,,1,,,,,,,,,,,,3,,,,,,1,1,,,,,,,,1,,,,,,,,,,,,,,,,,,,,,3,,,,,,,,,,,,,,,,,,,,,,,,,,,,,,,,,6,,,,,,,,,,,,,,6,,,1,,,,,,1,,,,,,,,,,,,,,,,,,,,,,,20,,,,,,,,,,,,,,,,1,,,,,,,,,,6,,,,,,,,,,,,,,,,,,1,,,,,,,,,,,,,,1,,1,,,,,,,,,,,1,,,,,2,4,,,,,,,,,,,,,,,,,,,,,,,,,1,1,,,,,,,,,,,,,,,,,,,,,1,14,,,,,,,,,,,,,,,,,,,,,,,,1,,,,,,,,,,,,,,,,,,,1,,,,,,,
RadLoTempHydrInterMulti.idf,,,,,,,2,,,,,1,,,,,5,,,,,,,,,3,,,,,1,,,,,,,1,,,,,,,,1,,1,,,,,,,,,,,,,,29,,,,,,,,,,,,,,3,,,,,,,,,1,,,,,,,,,,,,,,,,,2,,,,,,,,,,1,,,,,,2,,,,,,,,,,,,,,,,,,,,,,2,,,,,,,,,,,,8,,,,,,,,,,,,,,,,,,,,,,,,,,,,,,,,,,,,,,,,,,,,,,,,,,,,,,,,,,,,,,,,,,,,,,,,,,,,,,,,,,,,,,,,,,,,,,,,,,,,,,1,,,,,,,,,,3,2,23,,,,,,,,,,,,,,,,,,,,,,,,1,,,,,,,,,,,,,,,5,,,,,,,,,,,1,,,,,,,,,,,,,,,,,18,,,,,,,,,,,,,,,,,,,,,,,,,15,1,,,,,,,,,,,,,,,,,,,,,,2,,,,,,6,,,,,,,,,,,,,,,,,,,,,,,,,,,,,,,,,,1,,,,,,3,,,,,,,,,,,,,,,,,,1,,,,,,,,,,,1,,,,,,,,,,,2,,,1,,,,,,,,,,,2,,,,,,,,,,,,3,,,,1,,,,,,,,,,,,5,,,,,,,,,,,,,,,,,,,,,1,,,1,,,,,,,,,,,,3,,,,,,2,1,,,,,,,,1,,,,,,,,,,,,,,,,,,,,,3,,,,,,,,,,,,,,,,,,,,,,,,,,,,,,,,,6,,,,,,,,,,,,,,6,,,1,,,,,,1,,,,,,,,,,,,,,,,,,,,,,,20,,,,,,,,,,,,,,,,1,,,,,,,,,,6,,,,,,,,,,,,,,,,,,2,,,,,,,,,,,,,,1,,2,,,,,,,,,,,1,,,,,2,4,,,,,,,,,,,,,,,,,,,,,,,,,1,1,,,,,,,,,,,,,,,,,,,,,1,16,,,,,,,,,,,,,,,,,,,,,,,,1,,,,,,,,,,,,,,,,,,,1,,,,,,,
RadLoTempHydrISOPipeHT.idf,,,,,,,2,,,,,1,,,,,5,,,,,,,,,3,,,,,1,,,,,,,1,,,,,,,,1,,1,,,,,,,,,,,,,,31,,,,,,,,,,,,,,3,,,,,,,,,1,,,,,,,,,,,,,,,,,3,,,,,,,,,,1,,,,,,2,,,,,,,,,,,,,,,,,,,,,,3,,,,,,,,,,,,8,,,,,,,,,,,,,,,,,,,,,,,,,,,,,,,,,,,,,,,,,,,,,,,,,,,,,,,,,,,,,,,,,,,,,,,,,,,,,,,,,,,,,,,,,,,,,,,,,,,,,,1,,,,,,,,,,1,2,22,,,,,,,,,,,,,,,,,,,,,,,,1,,,,,,,,,,,,,,,5,,,,,,,,,,,1,,,,,,,,,,,,,,,,,18,,,,,,,,,,,,,,,,,,,,,,,,,15,1,,,,,,,,,,,,,,,,,,,,,,2,,,,,,6,,,,,,,,,,,,,,,,,,,,,,,,,,,,,,,,,,3,,,,,,3,,,,,,,,,,,,,,,,,,1,,,,,,,,,,,1,,,,,,,,,,,3,,,1,,,,,,,,,,,2,,,,,,,,,,,,3,,,,1,,,,,,,,,,,,5,,,,,,,,,,,,,,,,,,,,,1,,,1,,,,,,,,,,,,3,,,,,,3,1,,,,,,,,1,,,,,,,,,,,,,,,,,,,,,3,,,,,,,,,,,,,,,,,,,,,,,,,,,,,,,,,6,,,,,,,,,,,,,,6,,,1,,,,,,1,,,,,,,,,,,,,,,,,,,,,,,20,,,,,,,,,,,,,,,,1,,,,,,,,,,6,,,,,,,,,,,,,,,,,,3,,,,,,,,,,,,,,1,,3,,,,,,,,,,,1,,,,,2,4,,,,,,,,,,,,,,,,,,,,,,,,,,1,,,,,,,,,,,,,,,,,,,,,1,14,,,,,,,,,,,,,,,,,,,,,,,,1,,,,,,,,,,,,,,,,,,,1,,,,,,,
RadLoTempHydrMulti10.idf,,,,,,,2,,,,,1,,,,,4,,,,,,,,,1,,,,,1,,,,,,,1,,,,,,,,1,,1,,,,,,,,,,,,,,27,,,,,,,,,,,,,,1,,,,,,,,,1,,,,,,,,,,,,,,,,,1,,,,,,,,,,2,,,,,,2,,,,,,,,,,,,,,,,,,,,,,1,,,,,,,,,,,,4,,,,,,,,,,,,,,,,,,,,,,,,,,,,,,,,,,,,,,,,,,,,,,,,,,,,,,,,,,,,,,,,,,,,,,,,,,,,,,,,,,,,,,,,,,,,,,,,,,,,,,1,,,,,,,,,,3,2,22,,,,,,,,,,,,,,,,,,,,,,,,1,,,,,,,,,,,,,,,4,,,,,,,,,,,1,,,,,,,,,,,,,,,,,11,,,,,,,,,,,,,,,,,,,,,,,,,15,1,,,,,,,,,,,,,,,,,,,,,,2,,,,,,6,,,,,,,,,,,,,,,,,,,,,,,,,,,,,,,,,,1,,,,,,,,,,,,,,,,,,,,,,,,1,,,,,,,,,,,1,,,,,,,,,,,1,,,1,,,,,,,,,,,,,,,,,,,,,,,,,,,1,,,,,,,,,,,,5,,,,,,,,,,,,,,,,,,,,,1,,,1,,,,,,,,,,,,3,,,,,,1,4,,,,,,,,1,,,,,,,,,,,,,,,,,,,,,3,,,,,,,,,,,,,,,,,,,,,,,,,,,,,,,,,6,,1,,,,,,,,,,,,6,,,1,,,,,,1,,,,,,,,,,,,,,,,,,,,,,,18,,,,,,,,,,,,,,,,1,,,,,,,,,,6,,,,,,,,,,,,,,,,,,1,,,,,,,,,,,,,,1,,1,,,,,,,,,,,1,,,,,2,4,,,,,,,,,,,,,,,,,,,,,,,,,1,1,,,,,,,,,,,,,,,,,,,,,1,15,,,,,,,,,,,,,,,,,,,,,,,,1,,,,,,,,,,,,,,,,,,,1,,,,,,,
RadLoTempHydrTermReheat.idf,,,,,,,2,,,,,1,,,,,5,,,,,,,,,3,,,,,1,,,,,,,1,,,,,,,,1,,1,,,,,,,,,,,,,,33,,,,,,,,,,,,,,,,,,,,,,,1,,,,1,,,,,,,,,,,,,3,,,,,,,,,,1,,,,,,2,,,,,,,,,,,,,,,,,,,,,,3,,,,,,,,,,,,10,,,,,,,,,,,,,,,,,,,,,,,,,,,,,,,,,,,,,,,,,,,,,,,,,,,,,,,,,,,,,,,,,,,,,,,,,,,,,,,,,,,,,,,,1,,,,,,,,,,,,,,1,,,,,,,,,,1,2,25,,,,,,,,,,,,,,,,,,,,,,,,1,,,,,,,,,,,,,,,5,,,,,,,,,,,1,,,,,,,,,,,,,,,,,20,,,,,,,,,,,,,,,,,,,,,,,,,15,1,,,,,,,,,,,,,,,,,,,,,,6,,,,,,6,,,,,,,,,,,,,,,,,,,,,,,,,,,,,,,,1,,1,,,,,,3,,,,,,,,,,,,,,,,,,1,,,,,,,,,,,1,3,,,,,,,,,,3,,,1,,,,,,1,,,,,2,,,,,,,,,,,,3,,,,1,,,,,,,1,,,,,5,,,,,,,,,,,,,,,,,,,,,1,,,1,,,,,,,,,1,,,3,,,,,,3,1,,,,1,,3,,1,,,,,,,,,,,,,,,1,,,,,,3,,,,,,,,,,,,,,,,,,,,,,,,,,,,,,,,,7,,,,,1,,,,,,,,,6,,,1,,,,,,1,,,,,,,,,,,,,,,,,,,,,,,20,,,,,,,,,,,,,,,3,1,,,,,,,,,,6,,,,,,,,,,,,,,,,,,3,,,,,,,,,,,,,,1,,3,,,,,,,,,,,1,,,,,2,5,,,,,,,,,,,,,,,,,,,,,,,,,,1,,,,,,,,,,,,,,,,,,,,,1,14,,,,,,,,,,,,,,,,,,,,,,,,1,,,,,,,,,,,,,1,,,,,,1,,,,1,,,
RefBldgFullServiceRestaurantNew2004_Chicago.idf,,,,,,,1,1,,,,,,,,,7,,,,,,1,,,3,,,1,,,,,,,,2,,,,,,,,,1,,,,,,,,,,,,,,,,10,2,,,,,,,,,,,,,3,2,,7,,,,,,1,18,,,2,2,5,,,,,,2,,,,,2,,1,,,,,,,,,,,,,,2,,,,,,1,,,,,,,,,,,,,,,,2,,,,,,,,,,,,,,,,1,1,,,,,,,,,,,2,,,,,,,,,,,1,,,,,,,,,,,,,,,,,,,,,,,,,,,,,,,,,,,,1,,2,,,,,,,,,,,,,,,,,,,,,,,2,2,,,,,,,,,,,,,,,,,,,,,,2,,1,10,,2,,2,,,,,,,,1,,,,,,,,,6,,,,,,,,,,,,,,,,,,7,,1,,,,,,2,,,1,,,,,,,,,,,,,,,,,32,,,,,,,,,,,,,,,,,,,,,,,,,5,,,,,,,,,,,,,1,,,,,,,,,,6,,,,,,2,,,,,,,,,,,,,,,,,,,,,,,3,,,,,,,,,2,,,,,,,,3,,,,,1,,,1,,,,,,,,,,1,,,,,,1,,,2,,,2,,,,,,,1,2,,,,,,,,,,,2,1,2,,,2,,,1,,,,,,,,,2,,,,1,,,1,,,,2,,,,,1,,,,,,,,,,,,,,,,,,,,,1,10,1,1,,,,,,,,,2,,,1,,,,,,2,3,,,,,,,,1,,,,,,10,,,,,,,,,,,,,,,,,,4,,,,,3,,,,,,,,,,,,2,,,,,,,,,,,,,4,,,,,,,,,,,,,,2,,,,,,,,,1,,,,,,,,,,,,,,,,,,,,,,,18,,,,,,,,,2,,,,,,,1,,,,,,,,2,,2,,,,,2,,,1,,,,,,,,,,2,,,,,,,,,,,,,,1,,2,,,,,,,,,,,1,,3,,,1,1,,,,,,,,,,,,1,,,,,,,,,,,,,,1,3,,,1,,,,,,,,,,,,,,,,,1,14,,,6,,,,,,,,,,,,,,,,,,,,,,,,,,,,,,,,,,2,,,,,,1,,,,2,,,
RefBldgHospitalNew2004_Chicago.idf,,,,,,,4,1,,,,,55,,,,7,,,,,,1,,,55,,,1,,1,,,,,,2,1,,,,,,,,1,,,,,,,,,,,,,,,,126,,,,,,,,,,,,,,46,,,3,,1,,,,1,18,,,,4,5,,,,,,2,,,,,55,,2,,,,,,,,,,,,,,2,,,,,,1,,,,,,,,,,,,,,,,55,,,,,,,,,,,,,,,,1,1,,,1,,,,,,,,2,,,,,,,,,,,1,,,,,,,,,,,,,,,,,,,,,,,,,,,,,,,,,,,,1,,4,,,,,,,,,,,,,,,,,,,,,,,4,4,,,,,,,,,,,,,,,,,,,,,,55,,3,25,,4,,2,,,,,,,,1,,,,,,,,,2,,,1,,,,,,,,,,,,,,,11,,1,,,,,,4,,,1,,,,,,,,,,,,,,,,,51,,,,,,,,,,,,,,,,,,,,,,,,,20,1,,,,,,,,,,,,,,,,,,,,,,61,,,,1,,8,,,,,,,,,,,,,,,,,,,,,,,3,,,,,,,,,8,,,,,,,,49,,,,,1,,,1,,,,,,,,,,1,4,,,,,1,,,,,1,55,,,,,,,1,,,,,,,,,,,,4,30,2,,,55,,,1,,,,,,,,,55,,,,1,,,1,,,,4,,,,,3,,,,,,,,,,,,,,,,2,,,,,1,10,1,1,,,,,,,,,4,,,3,,,,2,,55,40,,,,,,,,1,,,,,,10,,,,,,,,,4,,,,,,2,,,3,,,,,3,,,,,,,,,,,,4,,,,,,,,,,,,,12,,,,,8,,,,,,,,,8,,,,,,,,,1,,,,,,,,,,,,,,,,,,,,,,,402,,,,,2,,,,4,,,,,,59,2,,,,,,,,2,,8,,,,,55,,,30,,,,,,,,,,55,,,,,,,,,,,,,,1,,55,,2,,,,,,,,,1,,3,,,3,9,,,,,,,,,,,,1,,,1,,,,,,,,,,,1,2,,,,,,,,,,,,,,,,,,,,1,15,1,,12,,,,,,,,,,,,,,,,1,,,,,,,,,,,,,,,,,,4,,,,,,1,,,,4,,,
RefBldgLargeHotelNew2004_Chicago.idf,,,,,,,3,1,,,,,13,,,,7,,,,,,2,,,22,,,1,,,,,,,,2,,,,,,,,,1,,,,,,,,,,,,,,,,73,,,,,,,,,,,,,,21,,12,4,,1,,,,1,18,,,12,3,5,,,,,,2,,,,,22,,2,,,,,,,,,,,,,,2,,,,,,1,,,,,,,,,,,,,,,,22,,,,,,,,,,,,,,,,1,1,,,,,,,,,,,2,,,,,,,,,,,1,,,,,,,,,,,,,,,,,,,,,,,,,,,,,,,,,,,,1,,3,,,,,,,,,,,,,,,,,,,,,,,3,3,,,,,,,,,,,,,,,,,,,,,,22,,3,25,,3,,2,,,,,,,,1,,,,,,,,,2,,,,,,,,,,,,,,,,,,11,,1,,,,,,1,,,1,,,,,,,,,,,,,,,,,52,,,,,,,,,,,,,,,,,,,1,,,,,,15,,,,,,,,,,,,,,,,,,,,,,,38,,,,,,6,,,,,,,,,,,,,,,,,,,,,,,3,,,,,,,,,6,,,,,,,,22,,,,,1,,,1,,,,,,,,,,1,1,,,,,1,,,,,,22,,,,,,,1,9,,,,,,,,,,,3,11,2,,,22,,,1,,,,,,,,,21,,,,1,,,1,,,,3,,,,,3,,,,,,,,,,,,,,,,,,,,,1,10,1,1,,,,,,,,,3,,,3,2,,,,,22,30,,,,2,,,,1,,,,,,10,,,,,,,,,,,,,,,1,,,13,,,,,3,,,,,,,,,,,,3,,,,,,,,,,2,,,9,,,,,6,,,,,,,,,6,,,,,,,,,1,,,,,,,,,,,,,,,,,,,,,,,177,,,,,,,,,12,,,,,,25,2,,,,,,,,3,,6,9,,,,22,,,11,,,,,,,,,,22,,,,,,,,1,,,,,,1,,22,,,,,,,,,,,1,,3,,,3,7,,,,,,,,,,,,1,,,1,,,,,,,,,,,1,2,,,,,,,,,,,,,,,,,,,,1,16,1,,9,,,,,,,,,,,,,,,,,,,,,,,,,,,,,,,,,,3,,,,,,1,,,,3,,,
RefBldgLargeOfficeNew2004_Chicago-ReturnReset.idf,,,,,,,4,1,,,,,16,,,,7,,,,,,,,,19,,1,1,,1,,,,,,2,1,,,,,,,,1,,,,,,,,,,,,,,,,62,,,,,,,,,,,,,,15,,4,,,1,,,,1,18,,,,4,5,,,,,,,,,,,16,,1,,,,,,,,,,,,,,2,,,,,,1,,,,,,,,,,,,,,,,16,,,,,,3,,,,,,,,,,1,1,,,2,,,,,,,,2,,,,,,,,,,,1,,,,,,,,,,,,,,,,,,,,,,,,,,,,,,,,,,,,1,,4,,,,,,,,,,,,,,,,,,,,,,,4,4,,,,,,,,,,,,,,,,,,,,,,16,,3,7,,4,,,,,,,,,,1,,,,,,,,,2,,,1,,,,,,,,,,,,,,,10,,1,,,,,,4,,,1,,,,,,,,,,,,,,,,,26,,,,,,,,,,,,,,,,,,,,,,,,,20,1,,,,,,,,,,,,,,,,,,,,,,20,,,,1,,8,,,,,,,,,,,,,,,,,,,,,,,3,,,,,,,,,8,,,,,,,,16,,,,,1,,,1,,,,,,,,,,1,4,,,,,,,,,,1,16,,,,,,,1,,,,,,,,,,,,4,3,2,,,16,,,1,,,,,,,,,16,,,,1,,,1,,,,4,,,,,3,,,,,,,,,,,,,,,,,,,,,1,,1,1,,,,,,,,,4,,,3,,,,,,16,12,,,,,,,,1,,,,,,10,1,,,,,,,,,,,,,,2,,,1,,,,,3,,,,,,,,,,,,4,,,,,,,,,,,,,12,,,,,8,,,,,,,,,8,,,,,,,,,1,,,,,,,,,,,,,,,,,,,,,,,130,,,,,,,,,4,,,,,,20,2,,,,,,,,,,8,,,,,16,,,3,,,,,,,,,,16,,,,,,,,,,,,,,1,,16,,,,,,,,,,,1,,3,,,3,8,,,,,,,,,,,,1,,,1,,,,,,,,,,,1,,,,,,,,,,,,,,,,,,,,,1,15,,,12,,,,,,,,,,,,,,,,1,,,,,,,,,,,,,,,,,,4,,,,,,1,,,,4,,,
RefBldgLargeOfficeNew2004_Chicago.idf,,,,,,,4,1,,,,,16,,,,7,,,,,,,,,19,,,1,,1,,,,,,2,1,,,,,,,,1,,,,,,,,,,,,,,,,62,,,,,,,,,,,,,,15,,4,,,1,,,,1,18,,,,4,5,,,,,,,,,,,16,,1,,,,,,,,,,,,,,2,,,,,,1,,,,,,,,,,,,,,,,16,,,,,,3,,,,,,,,,,1,1,,,2,,,,,,,,2,,,,,,,,,,,1,,,,,,,,,,,,,,,,,,,,,,,,,,,,,,,,,,,,1,,4,,,,,,,,,,,,,,,,,,,,,,,4,4,,,,,,,,,,,,,,,,,,,,,,16,,3,25,,4,,,,,,,,,,1,,,,,,,,,2,,,1,,,,,,,,,,,,,,,10,,1,,,,,,4,,,1,,,,,,,,,,,,,,,,,26,,,,,,,,,,,,,,,,,,,,,,,,,20,1,,,,,,,,,,,,,,,,,,,,,,20,,,,1,,8,,,,,,,,,,,,,,,,,,,,,,,3,,,,,,,,,8,,,,,,,,16,,,,,1,,,1,,,,,,,,,,1,4,,,,,,,,,,1,16,,,,,,,1,,,,,,,,,,,,4,3,2,,,16,,,1,,,,,,,,,16,,,,1,,,1,,,,4,,,,,3,,,,,,,,,,,,,,,,,,,,,1,10,1,1,,,,,,,,,4,,,3,,,,,,16,12,,,,,,,,1,,,,,,10,,,,,,,,,,,,,,,2,,,1,,,,,3,,,,,,,,,,,,4,,,,,,,,,,,,,12,,,,,8,,,,,,,,,8,,,,,,,,,1,,,,,,,,,,,,,,,,,,,,,,,130,,,,,,,,,4,,,,,,20,2,,,,,,,,,,8,,,,,16,,,3,,,,,,,,,,16,,,,,,,,,,,,,,1,,16,,,,,,,,,,,1,,3,,,3,10,,,,,,,,,,,,1,,,1,,,,,,,,,,,1,,,,,,,,,,,,,,,,,,,,,1,15,,,12,,,,,,,,,,,,,,,,1,,,,,,,,,,,,,,,,,,4,,,,,,1,,,,4,,,
RefBldgMediumOfficeNew2004_Chicago.idf,,,,,,,1,1,,,,,15,,,,7,,,,,,,,,18,,,1,,,,,,,,2,,,,,,,,,1,,,,,,,,,,,,,,,,13,3,,,,,,,,,,,,,15,3,,3,,,,,,1,18,,,,3,6,,,,,,,,,,,15,,1,,,,,,,,,,,,,,2,,,,,,1,,,,,,,,,,,,,,,,15,,,,,,3,,,,,,,,,,1,1,,,,,,,,,,,2,,,,,,,,,,,1,,,,,,,,,,,,,,,,,,,,,,,,,,,,,,,,,,,,1,,3,,,,,,,,,,,,,,,,,,,,,,,3,3,,,,,,,,,,,,,,,,,,,,,,15,,1,23,,3,,,,,,,,,,1,,,,,,,,,4,,,,,,,,,,,,,,,,,,9,,1,,,,,,3,,,1,,,,,,,,,,,,,,,,,24,,,,,,,,,,,,,,,,,,,15,,,,,,5,,,,,,,,,,,,,3,,,,,,,,,,18,,,,,,2,,,,,,,,,,,,,,,,,,,,,,,3,,,,,,,,,3,,,,,,,,16,,,,,1,,,1,,,,,,,,,,1,2,,,,,,,,,,,15,,,,,,,1,,,,,,,,,,,,3,3,2,,,15,,,1,,,,,,,,,15,,,,1,,,1,,,,3,,,,,1,,,,,,,,,,,,,,,,,,,,,1,10,1,1,,,,,,,,,3,,,,,,1,,,15,12,,,,,,,,1,,,,,,10,,,,,,,,,,,,,,,,,,6,,,,,3,,,,,,,,,,,,3,,,,,,,,,,,,,5,,,,,,,,,,,,,,2,,,,,,,,,1,,,,,,,,,,,,,,,,,,,,,,,128,,,,,,,,,3,,,,,,,1,,,,,,,,,,2,,,,,15,,,3,,,,,,,,,,15,,,,,,,,,,,,,,1,,15,,,,,,1,,,,,1,,3,,,1,4,,,,,,,,,,,,1,,,,,,,,,,,,,,1,,,,,,,,,,,,,,,,,,,,,1,14,,,9,,,,,,,,,,,,,,,,1,,,,,,,,,,,,,,,,,,3,,,,,,1,,,,3,,,
RefBldgMediumOfficeNew2004_Chicago_JSON_Outputs.idf,,,,,,1,1,1,,,,,15,,,,7,,,,,,,,,18,,,1,,,,,,,,2,,,,,,,,,1,,,,,,,,,,,,,,,,13,3,,,,,,,,,,,,,15,3,,3,,,,,,1,18,,,,3,6,,,,,,,,,,,15,,1,,,,,,,,,,,,,,2,,,,,,1,,,,,,,,,,,,,,,,15,,,,,,3,,,,,,,,,,1,1,,,,,,,,,,,2,,,,,,,,,,,1,,,,,,,,,,,,,,,,,,,,,,,,,,,,,,,,,,,,1,,3,,,,,,,,,,,,,,,,,,,,,,,3,3,,,,,,,,,,,,,,,,,,,,,,15,,1,23,,3,,,,,,,,,,1,,,,,,,,,4,,,,,,,,,,,,,,,,,,9,,1,,,,,,3,,,1,,,,,,,,,,,,,,,,,24,,,,,,,,,,,,,,,,,,,15,,,,,,5,,,,,,,,,,,,,3,,,,,,,,,,18,,,,,,2,,,,,,,,,,,,,,,,,,,,,,,3,,,,,,,,,3,,,,,,,,16,,,,,1,,,1,,,,,,,,,,1,2,,,,,,,,,,,15,,,,,,,1,,,,,,,,,,,,3,3,2,,,15,,,1,,,,,,,,,15,,,,1,,,1,,,,3,,,,,1,,,,,,,,,,,,,,,,,,,,,1,10,1,1,,,,,,,,,3,,,,,,1,,,15,12,,,,,,,,1,,,,,,10,,,,,,,,,,,,,,,,,,6,,,,,3,,,,,,,,,,,,3,,,,,,,,,,,,,5,,,,,,,,,,,,,,2,,,,,,,,,1,,,,,,,,,,,,,,,,,,,,,,,128,,,,,,,,,3,,,,,,,1,,,,,,,,,,2,,,,,15,,,3,,,,,,,,,,15,,,,,,,,,,,,,,1,,15,,,,,,1,,,,,1,,3,,,1,4,,,,,,,,,,,,1,,,,,,,,,,,,,,1,,,,,,,,,,,,,,,,,,,,,1,14,,,9,,,,,,,,,,,,,,,,1,,,,,,,,,,,,,,,,,,3,,,,,,1,,,,3,,,
RefBldgMediumOfficeNew2004_Chicago_OutputControl.idf,,,,,,,1,1,,,,,15,,,,7,,,,,,,,,18,,,1,,,,,,,,2,,,,,,,,,1,,,,,,,,,,,,,,,,13,3,,,,,,,,,,,,,15,3,,3,,,,,,1,18,,,,3,6,,,,,,,,,,,15,,1,,,,,,,,,,,,,,2,,,,,,1,,,,,,,,,,,,,,,,15,,,,,,3,,,,,,,,,,1,1,,,,,,,,,,,2,,,,,,,,,,,1,,,,,,,,,,,,,,,,,,,,,,,,,,,,,,,,,,,,1,,3,,,,,,,,,,,,,,,,,,,,,,,3,3,,,,,,,,,,,,,,,,,,,,,,15,,1,23,,3,,,,,,,,,,1,,,,,,,,,4,,,,,,,,,,,,,,,,,,9,,1,,,,,,3,,,1,,,,,,,1,,,,,,,,,,24,,,,,,,,,,,,,,,,,,,15,,,,,,5,,,,,,,,,,,,,3,,,,,,,,,,18,,,,,,2,,,,,,,,,,,,,,,,,,,,,,,3,,,,,,,,,3,,,,,,,,16,,,,,1,,,1,,,,,,,,,,1,2,,,,,,,,,,,15,,,,,,,1,,,,,,,,,,,,3,3,2,,,15,,,1,,,,,,,,,15,,,,1,,,1,,,,3,,,,,1,,,,,,,,,,,,,,,,,,,,,1,10,1,1,,,,,,,,,3,,,,,,1,,,15,12,,,,,,,,1,,,,,,10,,,,,,,,,,,,,,,,,,6,,,,,3,,,,,,,,,,,,3,,,,,,,,,,,,,5,,,,,,,,,,,,,,2,,,,,,,,,1,,,,,,,,,,,,,,,,,,,,,,,128,,,,,,,,,3,,,,,,,1,,,,,,,,,,2,,,,,15,,,3,,,,,,,,,,15,,,,,,,,,,,,,,1,,15,,,,,,1,,,,,1,,3,,,1,4,,,,,,,,,,,,1,,,,,,,,,,,,,,1,,,,,,,,,,,,,,,,,,,,,1,14,,,9,,,,,,,,,,,,,,,,1,,,,,,,,,,,,,,,,,,3,,,,,,1,,,,3,,,
RefBldgMidriseApartmentNew2004_Chicago.idf,,,,,,,1,1,,,,,,,,,7,,,,,,,,,27,,,1,,,,,,,,2,,,,,,,,,1,,,,,,,,,,,,,,,,54,,,,,,,,,,,,,,27,24,,1,,,,,,1,18,,,3,24,5,,,,,,,,,,,27,,1,,,24,,,,,,,,,,,2,,,,,,1,,,,,,,1,,,,,,,,,27,,,,,,,,,,,,,,,,1,1,,,,,,,,,,,2,,,,,,,,,,,1,,,,,,,,,,,,,,,,,,,,,,,,,,,,,,,,,,,,1,,24,,,,,,,,,,,,,,,,,,,,,,,24,24,,,,,,,,,,,,,,,,,,,,,,27,,1,11,,24,,,,,,,,,,1,,,,,,,,,2,,,,,,,,,,,,,,,,,,8,,1,,,,,,,,,1,,,,,,,,,,,,,,,,,32,,,,,,,,,,,,,,,,,,,3,,,,,,5,,,,,,,,,,,,,,,,,,,,,,,54,,,,,,2,,,,,,,,,,,,,,,,,,,,,,,3,,,,,,,,,24,,,,,,,,25,,,,,1,,,1,,,,,,,,,,1,,,,,,,,,24,,,24,,,,,,,1,24,,,,,,,,,,,24,23,2,,,27,,,1,,,,,,,,,24,,,,1,,,1,,,,24,,,,,1,,,,,,,,,,,,,,,,,,,,,1,10,1,1,,,,,,,,,,,,1,,,,,,27,42,,,,,,,,1,,,,,,10,,,,,,,,,,,,,,,,,,,,,,,3,,,,,,,,,,,,24,,,,,,,,,,,,,26,,,,,,,,,,,,,,2,,,,,,,,,1,,,,,,,,,,,,,,,,,,,,,,,180,,,,,,,,,24,,,,,,,1,,,,,,,,,,2,,,,,27,,,23,,,,,,,,,,27,,,,,,,,3,,,,,,1,,27,,,,,,,,,,,1,,3,,,1,1,,,,,,,,,,,,1,,,,,,,,,,,,,,1,1,,,24,,,,,,,,,,,,,,,,,1,14,,,24,,,,,,,,,,,,,,,,,,,,,,,,,,,,,,,,,,24,,,,,,1,24,,,24,,,
RefBldgOutPatientNew2004_Chicago.idf,,,,,,,2,1,,,,,86,,,,7,,,,,,3,,,118,,,1,,,,,,,,3,,,,,,,,,1,,,,,,,,,,,,,,,,78,2,,,,,,,,,,,,,56,,,3,,1,,,,1,18,,,,2,6,,,,,,,,,,,86,,1,,,,,,,,,,,,,,2,,,,,,1,,,,,,,,,,,,,,,,86,,,,,,,,,,,,,,,,1,1,,,,,,,,,,,2,,,,,,,,,,,1,,,,,,,,,,,,,,,,,,,,,,,,,,,,,,,,,,,,1,,2,,,,,,,,,,,,,,,,,,,,,,,2,2,,,,,,,,,,,,,,,,,,,,,,118,,2,21,,2,,,,,,,,,,1,,,,,,,,,4,,,,,,,,,,,,,,,,,,9,,1,,,,,,2,,,1,,,,,,,,,,,,,,,,,35,,,,,,,,,,,,,,,,,,,41,,,,,,10,,,,,,,,,,,,,2,,,,,,,,,,104,,,,,,4,,,,,,,,,,,,,,,,,,,,,,,3,,,,,,,,,4,,,,,,,,112,,,,,1,,,1,,,,,,,,,,1,2,,,,,30,,,,,,86,,,,,,,1,,,,,,,,,,,,2,15,2,,,116,,,1,,,,,,,,,58,,,,1,,,1,,,,2,,,,,2,,,,,,,,,,,,,,,,1,,,,,1,10,1,1,,,,,,,,,2,,,1,,,,1,,86,100,,,,,,,,1,,,,,,10,,,,,,,,,,,,,,,,,,4,,,,,3,,,,,,,,,,,,2,,,,,,,,,,,,,6,,,,,2,,,,,,,,,4,,,,,,,,,1,,,,,,,,,,,,,,,,,,,,,,,771,,,,,1,,,,2,,,,,,47,2,,,,,,,,6,,4,,,,,2,,,15,,,,,,,,,,86,,,,,,,,,,,,,,1,,86,,1,,,,,,,,,1,,3,,,2,5,,,,,,,,,,,,1,,,,,,,,,,,,,,1,1,,,,,,,,,,,,,,,,,,,,1,14,,,6,,,,,,,,,,,,,,,,1,,,,,,,,,,,,,,,,,,2,,,,,,1,,,,2,,,
RefBldgPrimarySchoolNew2004_Chicago.idf,,,,,,,2,1,,,,,22,,,,7,,,,,,1,,,25,,,1,,,,,,,,2,,,,,,,,,1,,,,,,,,,,,,,,,,49,7,,,,,,,,,,,,,24,3,,7,,1,,,,1,18,,,3,7,6,,,,,,2,,,,,25,,1,,,,,,,,1,,,,,,2,,,,,,1,,,,,,,,,,,,,,,,25,,,,,,,,,,,,,,,,1,1,,,,,,,,,,,2,,,,,,,,,,,1,,,,,,,,,,,,,,,,,,,,,,,,,,,,,,,,,,,,1,,7,,,,,,,,,,,,,,,,,,,,,,,7,7,,,,,,,,,,,,,,,,,,,,,,25,,2,21,,7,,2,,,,,,,,1,,,,,,,,,6,,,,,,,,,,,,,,,,,,7,,1,,,,,,7,,,1,,,,,,,,,,,,,,,,,40,,,,,,,,,,,,,,,,,,,,,,,,,10,,,,,,,,,,,,,5,,,,,,,,,,35,,,,,,4,,,,,,,,,,,,,,,,,,,,,,,3,,,,,,,,,11,,,,,,,,26,,,,,1,,,1,,,,,,,,,,1,4,,,,,1,,,3,,,25,,,,,,,1,3,,,,,,,,,,,7,2,2,,,25,,,1,,,,,,,,,23,,,,1,,,1,,,,7,,,,,2,,,,,,,,,,,,,,,,,,,,,1,10,1,1,,,,,,,,,7,,,2,,,,,,25,42,,,,,,,,1,,,,,,10,,,,,,,,,,,,,,,,,,10,,1,,,3,,,,,,,,,,,,7,,,,,,,,,,,,,11,,1,,,4,,,,,,,,,4,,,,,,,,,1,,,,,,,,,,,,,,,,,,,,,,,171,,,,,,,,,7,,,,,,26,2,,,,,,,,3,,4,,,,,25,,,2,,,,,,,,,,25,,,,,,,,,,,,,,1,,25,,,,,,,,,,,1,,3,,,2,7,,,,,,,,,,,,1,,,,,,,,,,,,,,1,3,,,2,,,,,,,,,,,,,,,,,1,14,,,21,,,,,,,,,,,,,,,,,,,,,,,,,,,,,,,,,,7,,,,,,1,,,,7,,,
RefBldgQuickServiceRestaurantNew2004_Chicago.idf,,,,,,,1,1,,,,,,,,,7,,,,,,1,,,3,,,1,,,,,,,,2,,,,,,,,,1,,,,,,,,,,,,,,,,10,2,,,,,,,,,,,,,3,2,,7,,,,,,1,18,,,2,2,5,,,,,,2,,,,,2,,1,,,,,,,,,,,,,,2,,,,,,1,,,,,,,,,,,,,,,,2,,,,,,,,,,,,,,,,1,1,,,,,,,,,,,2,,,,,,,,,,,1,,,,,,,,,,,,,,,,,,,,,,,,,,,,,,,,,,,,1,,2,,,,,,,,,,,,,,,,,,,,,,,2,2,,,,,,,,,,,,,,,,,,,,,,2,,1,10,,2,,2,,,,,,,,1,,,,,,,,2,6,,,,,,,,,,,,,,,,,,7,,1,,,,,,2,,,1,,,,,,,,,,,,,,,,,32,,,,,,,,,,,,,,,,,,,,,,,,,5,,,,,,,,,,,,,1,,,,,,,,,,6,,,,,,2,,,,,,,,,,,,,,,,,,,,,,,3,,,,,,,,,2,,,,,,,,2,,,,,1,,,1,,,,,,,,,,1,,,,,,1,,,2,,,2,,,,,,,1,2,,,,,,,,,,,2,1,2,,,2,,,1,,,,,,,,,2,,,,1,,,1,,,,2,,,,,1,,,,,,,,,,,,,,,,,,,,,1,10,1,1,,,,,,,,,2,,,1,,,,,,2,3,,,,,,,,1,,,,,,10,,,,,,,,,,,,,,,,,,4,,,,,3,,,,,,,,,,,,2,,,,,,,,,,,,,4,,,,,,,,,,,,,,2,,,,,,,,,1,,,,,,,,,,,,,,,,,,,,,,,18,,,,,,,,,2,,,,,,,1,,,,,,,,2,,2,,,,,2,,,1,,,,,,,,,,2,,,,,,,,,,,,,,1,,2,,,,,,,,,,,1,,3,,,1,1,,,,,,,,,,,,1,,,,,,,,,,,,,,1,3,,,1,,,,,,,,,,,,,,,,,1,14,,,6,,,,,,,,,,,,,,,,,,,,,,,,,,,,,,,,,,2,,,,,,1,,,,2,,,
RefBldgSecondarySchoolNew2004_Chicago.idf,,,,,,,3,1,,,,,41,,,,7,,,,,,1,,,46,,,1,,,,,,,,2,,,,,,,,,1,,,,,,,,,,,,,,,,83,5,,,,,,,,,,,,,44,5,4,8,,1,,,,1,18,,,5,9,7,,,,,,2,,,,,46,,1,,,,,,,,1,,,,,,2,,,,,,1,,,,,,,,,,,,,,,,46,,,,,,,,,,,,,,,,1,1,,,,,,,,,,,2,,,,,,,,,,,1,,,,,,,,,,,,,,,,,,,,,,,,,,,,,,,,,,,,1,,9,,,,,,,,,,,,,,,,,,,,,,,9,9,,,,,,,,,,,,,,,,,,,,,,46,,3,25,,9,,2,,,,,,,,1,,,,,,,,,8,,,,,,,,,,,,,,,,,,9,,1,,,,,,9,,,1,,,,,,,,,,,,,,,,,45,,,,,,,,,,,,,,,,,,,,,,,,,15,,,,,,,,,,,,,,,,,,,,,,,59,,,,,,6,,,,,,,,,,,,,,,,,,,,,,,3,,,,,,,,,13,,,,,,,,48,,,,,1,,,1,,,,,,,,,,1,4,,,,,1,,,5,,,46,,,,,,,1,5,,,,,,,,,,,9,4,2,,,46,,,1,,,,,,,,,42,,,,1,,,1,,,,9,,,,,3,,,,,,,,,,,,,,,,,,,,,1,10,1,1,,,,,,,,,9,,,3,,,,,,46,157,,,,,,,,1,,,,,,10,,,,,,,,,,,,,,,1,,,8,,1,,,3,,,,,,,,,,,,9,,,,,,,,,,1,,,15,,1,,,8,,,,,,,,,6,,,,,,,,,1,,,,,,,,,,,,,,,,,,,,,,,324,,,,,,,,,9,,,,,,45,2,,,,,,,,4,,6,,,,,46,,,4,,,,,,,,,,46,,,,,,,,,,,,,,1,,46,,,,,,,,,,,1,,3,,,3,9,,,,,,,,,,,,1,,,,,,,,,,,,,,1,3,,,5,,,,,,,,,,,,,,,,,1,14,,,27,,,,,,,,,,,,,,,,,,,,,,,,,,,,,,,,,,9,,,,,,1,,,,9,,,
RefBldgSmallHotelNew2004_Chicago.idf,,,,35,,,1,1,,,,,,,,,7,,,,,,1,,,67,,,1,,,,,,,,2,,,,,,,,,1,,,,,,,,,,,,,,,,55,12,,,,,,,,,,,,,67,12,,6,,,,,,1,18,,,28,12,5,,,,,,,,,,,63,,2,,,35,,,,,,,,,,,2,,,,,,1,,,,,,,,,,,,,,,,63,,,,,,,,,,,,,,,,1,1,,,,,,,,,,,2,,,,,,,,,,,1,,,,,,,,,,,,,,,,,,,,,,,,,,,,,,,,,,,,1,,12,,,,,,,,,,,,1,,,,,,,,,,,12,12,,,,,,,,,,,,,,,,,,,,,,64,,1,10,,12,,,,,,,,,,1,,,,,,,,,4,,,,,,,,,,,,,,,,,,9,,1,,,,,,12,,,1,,,,,,,,,,,,,,,,,50,,,,,,,,,,,,,,,,,,,51,,,,,,5,,,,,,,,,,,,,,,,,,,,,,,126,,,,,,2,,,,,,,,,,,,,,,,,,,,,,,3,,,,,,,,,12,,,,,,,,43,,,,,1,,,1,,,,,,,,,,1,,,,,,,,,12,,,12,,,,,,,1,12,,,,,,,,,,,12,36,2,,,63,,,1,,,,,,,,,42,,,,1,,,1,,,,12,,,,,1,,,,,,,,,,,,,,,,,,,,,1,10,1,1,,,,,,,,,12,,,1,,,,,,63,103,,,,,,,,1,,,,,,10,,,,,,,,,,,,,,,,,,47,,,,,3,,,,,,,,,,,,12,,,,,,,,,,,,,14,,,,,,,,,,,,,,2,,,,,,,,,1,,,,,,,,,,,,,,,,,,,,,,,485,,,,,,,,,47,,,,,,,1,,,,,,,,,,2,,,,,63,,,36,,,,,,,,,,63,,,,,,,,16,,,,,,1,,63,,,,,,,,,,,1,,3,,,1,1,,,,,,,,,,,,1,,,,,,,,,,,,,,1,,,,47,,,,,,,,,,,,,,,,,1,14,,,36,,,,,,,,,,,,,,,,,,,,,,,,,,,,,,,,,,12,,,,,,1,,,,12,,,
RefBldgSmallOfficeNew2004_Chicago.idf,,,,,,,1,1,,,,,,,,,7,,,,,,,,,6,,,1,,,,,,,,2,,,,,,,,,1,,,,,,,,,,,,,,,,13,5,,,,,,,,,,,,,6,5,,1,,,,,,1,18,,,4,5,5,,,,,,,,,,,5,,1,,,,,,,,,,,,,,2,,,,,,1,,,,,,,,,,,,,,,,5,,,,,,,,,,,,,,,,1,1,,,,,,,,,,,2,,,,,,,,,,,1,,,,,,,,,,,,,,,,,,,,,,,,,,,,,,,,,,,,1,,5,,,,,,,,,,,,,,,,,,,,,,,5,5,,,,,,,,,,,,,,,,,,,,,,5,,1,10,,5,,,,,,,,,,1,,,,,,,,,2,,,,,,,,,,,,,,,,,,7,,1,,,,,,5,,,1,,,,,,,,,,,,,,,,,22,,,,,,,,,,,,,,,,,,,,,,,,,5,,,,,,,,,,,,,,,,,,,,,,,10,,,,,,2,,,,,,,,,,,,,,,,,,,,,,,3,,,,,,,,,5,,,,,,,,5,,,,,1,,,1,,,,,,,,,,1,,,,,,,,,5,,,5,,,,,,,1,5,,,,,,,,,,,5,1,2,,,5,,,1,,,,,,,,,5,,,,1,,,1,,,,5,,,,,1,,,,,,,,,,,,,,,,,,,,,1,10,1,1,,,,,,,,,5,,,,,,1,,,5,21,,,,,,,,1,,,,,,10,,,,,,,,,,,,,,,,,,5,,,,,3,,,,,,,,,,,,5,,,,,,,,,,,,,7,,,,,,,,,,,,,,2,,,,,,,,,1,,,,,,,,,,,,,,,,,,,,,,,43,,,,,,,,,5,,,,,,,1,,,,,,,,,,2,,,,,5,,,1,,,,,,,,,,5,,,,,,,,,,,,,,1,,5,,,,,,,,,,,1,,3,,,1,1,,,,,,,,,,,,1,,,,,,,,,,,,,,1,1,,,5,,,,,,,,,,,,,,,,,1,14,,,15,,,,,,,,,,,,,,,,1,,,,,,,,,,,,,,,,,,5,,,,,,1,,,,5,,,
RefBldgStand-aloneRetailNew2004_Chicago.idf,,,,,,,,1,,,,,,,,,7,,,,,,,,,5,,,1,,,,,,,,2,,,,,,,,,1,,,,,,,,,,,,,,,,4,,,,,,,,,,,,,,5,4,,4,,,,,,1,18,,,1,4,5,,,,,,,,,,,5,,1,,,4,,,,,,,,,,,2,,,,,,1,,,,,,,,,,,,,,,,5,,,,,,,,,,,,,,,,1,1,,,,,,,,,,,2,,,,,,,,,,,,,,,,,,,,,,,,,,,,,,,,,,,,,,,,,,,,,,,1,,4,,,,,,,,,,,,,,,,,,,,,,,4,4,,,,,,,,,,,,,,,,,,,,,,5,,,10,,4,,,,,,,,,,1,,,,,,,,,6,,,,,,,,,,,,,,,,,,6,,1,,,,,,4,,,1,,,,,,,,,,,,,,,,,15,,,,,,,,,,,,,,,,,,,1,,,,,,,,,,,,,,,,,,,,,,,,,,,,,10,,,,,,,,,,,,,,,,,,,,,,,,,,,,,3,,,,,,,,,4,,,,,,,,4,,,,,1,,,1,,,,,,,,,,1,,,,,,,,,4,,,4,,,,,,,1,4,,,,,,,,,,,4,,2,,,5,,,1,,,,,,,,,5,,,,1,,,1,,,,4,,,,,,,,,,,,,,,,,,,,,,,,,,1,10,1,1,,,,,,,,,4,,,,,,,,,5,3,,,,,,,,1,,,,,,10,,,,,,,,,,,,,,,,,,,,,,,3,,,,,,,,,,,,4,,,,,,,,,,,,,4,,,,,,,,,,,,,,,,,,,,,,,1,,,,,,,,,,,,,,,,,,,,,,,36,,,,,,,,,4,,,,,,,,,,,,,,,,,,,,,,5,,,,,,,,,,,,,5,,,,,,,,1,,,,,,1,,5,,,,,,,,,,,1,,3,,,,,,,,,,,,,,,,1,,,,,,,,,,,,,,1,1,,,4,,,,,,,,,,,,,,,,,1,14,,,4,,,,,,,,,,,,,,,,,,,,,,,,,,,,,,,,,,4,,,,,,1,4,,,4,,,
RefBldgStripMallNew2004_Chicago.idf,,,,,,,,1,,,,,,,,,7,,,,,,,,,10,,,1,,,,,,,,3,,,,,,,,,1,,,,,,,,,,,,,,,,10,,,,,,,,,,,,,,10,10,,4,,,,,,1,18,,,,10,5,,,,,,,,,,,10,,1,,,10,,,,,,,,,,,2,,,,,,1,,,,,,,,,,,,,,,,10,,,,,,,,,,,,,,,,1,1,,,,,,,,,,,2,,,,,,,,,,,,,,,,,,,,,,,,,,,,,,,,,,,,,,,,,,,,,,,1,,10,,,,,,,,,,,,,,,,,,,,,,,10,10,,,,,,,,,,,,,,,,,,,,,,10,,,10,,10,,,,,,,,,,1,,,,,,,,,6,,,,,,,,,,,,,,,,,,7,,1,,,,,,10,,,1,,,,,,,,,,,,,,,,,14,,,,,,,,,,,,,,,,,,,,,,,,,,,,,,,,,,,,,,,,,,,,,,,,20,,,,,,,,,,,,,,,,,,,,,,,,,,,,,3,,,,,,,,,10,,,,,,,,10,,,,,1,,,1,,,,,,,,,,1,,,,,,,,,10,,,10,,,,,,,1,10,,,,,,,,,,,10,,2,,,10,,,1,,,,,,,,,10,,,,1,,,1,,,,10,,,,,,,,,,,,,,,,,,,,,,,,,,1,10,1,1,,,,,,,,,10,,,,,,,,,10,48,,,,,,,,1,,,,,,10,,,,,,,,,,,,,,,,,,,,,,,3,,,,,,,,,,,,10,,,,,,,,,,,,,10,,,,,,,,,,,,,,,,,,,,,,,1,,,,,,,,,,,,,,,,,,,,,,,60,,,,,,,,,10,,,,,,,,,,,,,,,,,,,,,,10,,,,,,,,,,,,,10,,,,,,,,,,,,,,1,,10,,,,,,,,,,,1,,3,,,,,,,,,,,,,,,,1,,,,,,,,,,,,,,1,1,,,10,,,,,,,,,,,,,,,,,1,14,,,10,,,,,,,,,,,,,,,,,,,,,,,,,,,,,,,,,,10,,,,,,1,10,,,10,,,
RefBldgSuperMarketNew2004_Chicago.idf,,,,,,,1,1,,,,,,,,,7,,,,,,2,,,6,,,1,,,,,,,,2,,,,,,,,,1,,,,,,,,,,,,,,,,15,6,,,,,,,,,,,,,6,6,,12,,,,,,1,18,,,6,6,5,,,,,,4,,,,,6,,1,,,,,,,,,,,,,,2,,,,,,1,,,,,,,,,,,,,,,,6,,,,,,,,,,,,,,,,1,1,,,,,,,,,,,2,,,,,,,,,,,1,,,,,,,,,,,,,,,,,,,,,,,,,,,,,,,,,,,,1,,6,,,,,,,,,,,,,,,,,,,,,,,6,6,,,,,,,,,,,,,,,,,,,,,,6,,1,10,,6,,11,,,,,,,,1,,,,,,,,,6,,,,,,,,,,,,,,,,,,6,,1,,,,,,6,,,1,,,,,,,,,,,,,,,,,67,,,,,,,,,,,,,,,,,,,,,,,,,5,,,,,,,,,,,,,5,,,,,,,,,,15,,,,,,2,,,,,,,,,,,,,,,3,,,,,,,,3,,,,,,,,,6,,,,,,,,7,,,,,1,,,1,,,,,,,,,,1,,,,,,1,,,6,,,6,,,,,,,1,6,,,,,,,,,,,6,2,2,,,6,,,1,,,,,,,,,6,,,,1,,,1,,,,6,,,,,1,,,,,,,,,,,,,,,,,,,,,1,10,1,1,,,,,,,,,6,,,1,,,,,,6,1,,,,,,,,1,,,,,,10,,,,,,,,,,,,,,,,,,10,,,,,3,,,,,,,,,,,,6,,,,,,,,,,,,,8,,,,,,,,,,,,,,2,,,,,,,,,1,,,,,,,,,,,,,,,,,,,,,,,38,,,,,,,,,6,,,,,,,1,,,,,,,,3,,2,,,,,6,,,2,,,,,,,,,,6,,,,,,,,,,,,,,1,,6,,,,,,,,,,,1,,3,,,1,1,,,,,,,,,,,,1,,,,,,,,,,,,,,1,14,,,1,,,,,,,,,,,,,,,,,1,14,,,18,,,,,,,,,,,,,,,,,,,,,,,,,,,,,,,,,,6,,,,,,1,,,,6,,,
RefBldgWarehouseNew2004_Chicago.idf,,,,,,,,1,,,,,,,,,7,,,,,,,,,3,,,1,,,,,,,,4,,,,,,,,,1,,,,,,,,,,,,,,,,2,,,,,,,,,,,,,,3,3,,4,,,,,,1,18,,,1,2,5,,,,,,,,,,,3,,1,,,2,,,,,,,,,,,2,,,,,,1,,,,,,,,,,,,,,,,3,,,,,,,,,,,,,,,,1,1,,,,,,,,,,,2,,,,,,,,,,,,,,,,,,,,,,,,,,,,,,,,,,,,,,,,,,,,,,,1,,2,,,,,,,,,,,,,,,,,,,,,,,2,2,,,,,,,,,,,,,,,,,,,,,,3,,,10,,2,,,,,,,,,,1,,,,,,,,,6,,,,,,,,,,,,,,,,,,8,,1,,,,,,2,,,1,,,,,,,,,,,,,,,,,16,,,,,,,,,,,,,,,,,,,,,,,,,,,,,,,,,,,,,,,,1,,,,,,,,6,,,,,,,,,,,,,,,,,,,,,,,,,,,,,3,,,,,,,,,2,,,,,,,,2,,,,,1,,,1,,,,,,,,,,1,,,,,,,,,2,,,2,,,,,,,1,2,,,,,,,,,,,2,,2,,,3,,,1,,,,,,,,,1,,,,1,,,1,,,,2,,,,,,,,,,,,,,,,,,,,,,,,,,1,10,1,1,,,,,,,,,2,,,,,,,,,3,18,,,,,,,,1,,,,,,10,,,,,,,,,,,,,,,,,,,,,,,3,,,,,,,,,,,,2,,,,,,,,,,,,,2,,,,,,,,,,,,,,,,,,,,,,,1,,,,,,,,,,,,,,,,,,,,,,,20,,,,,,,,,2,,,,,,,,,,,,,,,,,,,,,,3,,,,,,,,,,,,,3,,,,,,,,1,,,,,,1,,3,,,,,,,,,,,1,,3,,,,,,,,,,,,,,,,1,,,,,,,,,,,,,,1,1,,,2,,,,,,,,,,,,,,,,,1,14,,,2,,,,,,,,,,,,,,,,,,,,,,,,,,,,,,,,,,2,,,,,,1,2,,,2,,,
ReflectiveAdjacentBuilding.idf,,,,,,,,,,1,,,,,,,4,,,,,,,,,3,,,,,,,,,,,,,,,,,,,,,,,,,,,,,,,,,,,,,,,,,,,,,,,,,,,,,,,,,,,1,,,,,,,,,,,,,,,,,3,,,,,,,,,,2,,,,,,2,,,,,,,,,,,,,,,,,,,,,,,,,,,,,,,,,,6,,,,,,,,,,,,,,,,,,,,,,,,,,,,,,,,,,,,,,,,,,,,,,,,,,,,,,,,,,,,,,,,,,,,,,,,,,,,,,,,,,,,,,,,,,,,,,,,,,,,,,1,,,,,,,,,,,,28,,,,,,,,,,,,,,,,,,,,,,,,,,,,,,,,,,,,,,,6,,,,,,,,,,,1,,,,,,,,,,,,,,,,,10,,,,,,,,,,,,,,,,,,,,,,,,,,,,,3,,,,,,,,,,,,,,,,,,,3,,,,,,,,,,,,,,,,,,,,,,,,,,,,,,,,,,,,,,,,,,,,,,3,,,,,1,,,,,,,,,,,,,1,,,,,,,,,,,,,,,,,,,1,,,,,,,,,,,,,,,,,3,,,,,,,,,,,,3,,,,1,,,,,,,,,,,,,,,,,,,,,,,,,,,,,,,,,1,,,1,,,,,,,,,,,,,,,,,,,2,,,,,,,,1,,,,,,,,,,,,,,,,,,,,,,,,,,,,,,,,,,,,,,,,,,,,,,,,,,,,,,,,1,,,,,,,,,,,,,,,1,,,,,,1,,,,,,,,,,,,,,,,,,,,,,,20,,,,,,,,,,,,,,,,,,,,,,,,,,,,,,,,,,,1,,,,,,,,,3,,,,,,,,,,,,,,1,,3,,,,,,,,,,,1,,,,,,,,,,,,,,,,,,,,,,,,,,,,,,,,1,,,,,,,,,,,,,,,,,,,,,1,9,,,,,,,,,,,,,,,,,,,,,,,,,,,,,,,,,,,,,,,,,,,1,,,,,,,
RefMedOffVAVAllDefVRP.idf,,,,,,,1,1,,,,,15,,,,7,,,,,,,,,18,,,1,,,,,,,,2,,,,,,,,,1,,,,,,,,,,,,,,,,13,3,,,,,,,,,,,,,15,3,,3,,,,,,1,18,,,,3,6,,,,,,,,,,,15,,1,,,,,,,,,,,,,,2,,,,,,1,,,,,,,,,,,,,,,,15,,,,,,3,,,,,,,,,,1,1,,3,,,,,,,,,2,,,,,,,,,,,1,,,,,,,,,,,,,,,,,,,,1,,,,,,,,,,,,,,,,1,,3,,,,,,,,,,,,,,,,,,,,,,,3,3,,,,,,,,,,,,,,,,,,,,,,15,,1,21,,3,,,,,,,,,,1,,,,,,,,,4,,,,,,,,,,,,,,,,,,9,,1,,,,,,3,,,1,,,,,,,,,,,,,,,,,23,,,,,,,,,,,,,,,,,,,15,,,,,,5,,,,,,,,,,,,,3,,,,,,,,,,18,,,,,,2,,,,,,,,,,,,,,,,,,,,,,,3,,,,,,,,,3,,,,,,,,16,,,,,1,,,1,,,,,,,,,,1,3,,,,,,,,,,,15,,,,,,,1,,,,,,,,,,,,3,3,2,,,15,,,1,,,,,,,,,15,,,,1,,,1,,,,3,,,,,1,,,,,,,,,,,,,,,,,,,,,1,10,1,1,,,,,,,,,3,,,,,,,,,15,12,,,,,,,,1,,,,,,10,,,,,,,,,,,,,,,,,,6,,,,,3,,,,,,,,,,,,3,,,,,,,,,,,,,5,,,,,,,,,,,,,,2,,,,,,,,,1,,,,,,,,,,,,,,,,,,,,,,,128,,,,,,,,,3,,,,,,,1,,,,,,,,,,2,,,,,15,,,3,,,,,,,,,,15,,,,,,,,,,,,,,1,,15,,,,,,,,,,,1,,3,,,1,4,,,,,,,,,,,,1,,,,,,,,,,,,,,1,,,,,,,,,,,,,,,,,,,,,1,14,,,9,,,,,,,,,,,,,,,,1,,,,,,,,,,,,,,,,,,3,,,,,,1,,,,3,,,
RefrigeratedWarehouse.idf,,,,,,,,,,,,,,,,83,7,,,,,,,,,14,,,,,,,,,,,4,,,,,,,,,2,,,,,,,,,,,,,,,,,,,,,,,,,,,,,,14,,,,,,,,,1,,,,4,,54,,,,,,,,,,,14,1,,,,,1,,,,2,,,,,,2,,,,,,,,,,,,,,,,,,,,,,,,,,,,,,,,,,,,,,,,,,,,,,,,,,,,,,,,,,,,,,,,,,,,,,,,,,,,,,,,,,,136,,,,,,,,,,,,,,,,,,,,,,,,,,,,,,,,,,,,,9,,,,,,,,,,,,,,,,2,,,,,,,,,9,,,55,,,,,,,,,3,,,,,,,,,,,,,,,,,,,,,,9,,,,,,,,23,,,,,,,,,,,,,,,,,,,,,,,,,,,,67,,,,,,,,,,,,,,9,,,,,4,,,,,,,,,,4,,,,,,,,,,,,,,,,,,,4,,,,10,,,,,,,,,,2,1,,,,,,9,,,,,,,1,3,,,,,,,,,,,,,,,,,14,,,,,1,,,,,,,,,,,,,1,,,,,,,,,,,,,,,,,,,1,,,,,10,,,,,,,,,,,,14,,,,1,,,,,,,7,14,,,,2,,,1,,,,,,,,,,,,,,,,,,,,,,,,,,,,,,1,4,1,1,,,,,,,,,,,,,,,,,,,60,,,,,,,,,,,,,,10,,,,,,,,,,,,,,,,,,1,,,,,,,,,,,,,,,,,,,,,,,,,,,,,,,,1,,,,,,,,,,,,,,,2,,,,,,1,,,,,,,,,,,,,,,,,,,,,,,95,,,,,,,,,,,,,,,,,,,,,,,,,,,,,,,3,,,,,,,,,,,,,14,,,,,,,,4,,,,,,1,,14,,,,,,,,,,,1,,,,,,,,,,,,,,,,,,1,,,,,,,,,,,,,,1,,,,,,,,,,,,3,,,,,4,,,,,16,,,,71,,,,,,,,,,,,,,,,,,,,,,,,,,,,,,1,,,,,,,,,1,,,,,,,
ReliefIndEvapCoolerRTUoffice.idf,,,,,,,,,,,,,,,,,5,,,,,,,,,20,,,,,,,,,,,2,,,,,,,,,1,,,,,,,,,,,,,,,,10,10,,,,,,,,,,,,,20,10,,3,,,,,,1,,,,10,10,,,,,,,,,,,,10,,,,,,,,,,2,,,,,,2,,,,,,1,,,,,,,,,,,,,,,,10,,,,,,10,,,,,,8,,,,,,,,,,,,,,,,,,,,,,,,,,,,,,,,,,,,,,,,,,,,,,,,,,,,,,,,,,,,,,,,,10,,,,,,,,,,,,,,,,,,,,,,,10,10,,,,,,,,,,,,,,,,,,,,,,,,,7,,10,,,,,,,,,,,,,,,,,,,2,,,,,,,,,,,,,,,,,,9,,1,,,,,,10,,,1,,,,,,,,,,,,,,,,,15,,,,,,,,,,,,,,,,,,,,,,,,,,,,,,,,,,,,,,,,,,,,,,,,40,,,,,,,,,,,,,,,,,,,,,,,,,,,,,,,,,,,,,,10,,,,,,,,10,,,,,1,,,,,,,,,,,,,1,,,,,,,,,10,,,10,,,,,,,1,10,,,,,,,,,,,,,,,,10,,,,,,,,,,,,10,,,,1,,,,,,,10,,,,,,,,,,,,,,,,,,,,,,,,,,1,5,,1,,,,,,,,,10,,,,,,,,,10,8,,,,,,,,1,,,,,,10,,,,,,,,,,,,,,,,,,,,,,,,,,,,,,,,,,,10,,,,,,,,,,,,,10,,,,,,,,,,,,,,,,,,,,,,,1,,,,,,,,,,,,,,,,,,,,,,,120,,,,,,,,,10,,,,,,,,,,,,,,,,10,,,,,,1,,,,,,,,,,,,,10,,,,,,,,,,,,,,1,,10,,,,,,,,,,,1,,,,,,,,,,,,,,,,,,1,,,,,,,,,,,,,,1,,,,10,,,,,,,,,,,,,,,,,1,8,,,10,,,,,,,,,,,,,,,,,,,,,,,,,,,,,,,,,,10,,,,,,1,,,,10,,,
ReportDaylightFactors.idf,,,,,,,2,1,,,,,15,,,,7,,,,,,,,,18,,,1,,,,,,,,2,,,,,,,,,1,,,,,,,,,,,,,,,,35,3,,,,,,,,,,,,,15,3,,3,,1,,,,1,18,,,,3,17,,,,,,,,,,,15,,1,,,,,,,,,,,,,,2,,,,,,1,,,,,,,,,,,,,,,,15,,,,,,3,,,,,,,,,,1,1,,,,,,,,,,,2,,,,,,,,,,,1,,,,,,,,,,,,,,,,,,,,,,,,,,,,,,,,,,,,1,,3,,,,,,,,,,,,,,,,,,,,,,,3,3,,,,,,,,,,,,,,,,,,,,,,15,,2,9,,3,,,,,,,,,,1,,,,,,,,,2,,,,,,,,,,,,,,,,,,9,,1,,,,,,3,,,1,,,,,,,,,,,,,,,,,26,,,,,,,,,,,,,,,,,,,,,,,,,10,,,,,,,,,,,,,,,,,,,,,,,18,,,,,,4,,,,,,,,,,,,,,,,,,,,,,,,,,,,,,,,3,,,,,12,,,16,,,,,1,,,1,,,,,,,,,,1,3,,,,,,,,,,,15,,,,,,,1,,,,,,,,,,,,3,3,2,,,15,,,1,,,,,,,,,15,,,,1,,,,,,,3,,,,,2,,,,,,,,,,,,,,,,,,,,,1,4,,1,,,,,,,,,3,,,1,,,,,,15,12,,,,,,,,1,,,,,,10,,,,,,,,,,,,,,,,,,6,,,,,3,,,,,,,,,,,,3,,,,,,,,,,,,,7,,,,,,,,,,,,,,4,,,,,,,,,1,,,,,,,,,,,,,,,,,,,,,,,128,,,,,,,1,,3,,,,,,15,2,,,,,,,,,,4,,,,,15,,,3,,,,,,,,,,15,,,,,,,,,,,,,,1,,15,,,,,,,,,,12,1,,3,,,2,6,,,,,,,,,,,,1,,,,,,,,,,,,,,1,,,,3,,,,,,,,,,,,,,,,,1,14,,,9,,,,,,,,,,,,,,,,1,,,,,,,,,,,,,,,,,,3,,,,,,1,,,,3,,,
ReportHeatEmission_RefFSRestaurant.idf,,,,,,,1,1,,,,,,,,,7,,,,,,1,,,3,,,1,,,,,,,,2,,,,,,,,,1,,,,,,,,,,,,,,,,10,2,,,,,,,,,,,,,3,2,,7,,,,,,1,18,,,2,2,5,,,,,,2,,,,,2,,1,,,,,,,,,,,,,,2,,,,,,1,,,,,,,,,,,,,,,,2,,,,,,,,,,,,,,,,1,1,,,,,,,,,,,2,,,,,,,,,,,1,,,,,,,,,,,,,,,,,,,,,,,,,,,,,,,,,,,,1,,2,,,,,,,,,,,,,,,,,,,,,,,2,2,,,,,,,,,,,,,,,,,,,,,,2,,1,9,,2,,2,,,,,,,,1,,,,,,,,,6,,,,,,,,,,,,,,,,,,7,,1,,,,,,2,,,1,,,,,,,,,,,,,,,,,32,,,,,,,,,,,,,,,,,,,,,,,,,5,,,,,,,,,,,,,1,,,,,,,,,,6,,,,,,2,,,,,,,,,,,,,,,,,,,,,,,3,,,,,,,,,2,,,,,,,,3,,,,,1,,,1,,,,,,,,,,1,,,,,,1,,,2,,,2,,,,,,,1,2,,,,,,,,,,,2,1,2,,,2,,,1,,,,,,,,,2,,,,1,,,1,,,,2,,,,,1,,,,,,,,,,,,,,,,,,,,,1,,1,1,,,,,,,,,2,,,1,,,,,,2,3,,,,,,,,1,,,,,,10,,,,,,,,,,,,,,,,,,4,,,,,3,,,,,,,,,,,,2,,,,,,,,,,,,,4,,,,,,,,,,,,,,2,,,,,,,,,1,,,,,,,,,,,,,,,,,,,,,,,18,,,,,,,,,2,,,,,,,1,,,,,,,,2,,2,,,,,2,,,1,,,,,,,,,,2,,,,,,,,,,,,,,1,,2,,,,,,,,,,,1,,3,,,1,1,,,,,,,,,,,,1,,,,,,,,,,,,,,1,3,,,1,,,,,,,,,,,,,,,,,1,14,,,6,,,,,,,,,,,,,,,,,,,,,,,,,,,,,,,,,,2,,,,,,1,,,,2,,,
RetailPackagedTESCoil.idf,,,,,,,1,1,,,,,,,,,8,,,,,,,,,5,,,1,,,,,,,,2,,,,,,,,,1,,,,,,,,,,38,,,,,,12,4,,,,,,,,,,,,,5,4,,16,,,,,,1,18,,,5,4,,,,,,,,,,,,5,12,1,,,,,,,,,,,,,,2,,,,,,1,,,,,,,,,,,,,,,,5,,,,,,,,,,,,14,,,,1,1,,,,,,,,,,,2,,,,,,,,,,,1,,,,,,,,,,,,,,,,,,,,,,,,,,,,,,,,1,,,,1,,4,,,,,,,,,,,,,,,,,,,,,,,4,4,,,19,,,,,,,,,,,,,,,,,,6,5,,1,33,,4,,,,,,,,,,,,,,,,,,,15,,,,,,,,,,,,,,,,,,6,,1,,,,,,4,,,1,,,,,,,,,,,,,,,,,26,,,,,,,,,,,,4,,,,,,,1,,,,,,4,,,,,,,,,,,,,,,,,,,,,,,10,,,,,,2,,,,,,,,,,6,,,,,,,,,,,,,,,,,,,,,,4,,,,,,,,4,,,,,,,,1,,,,,,,,,,1,,,,,,,,,4,,,4,,,,1,,,,4,,,,,,,,,,,4,1,2,,,5,,,,12,,,4,3,,,,5,,,,1,,,1,,,,4,,,,,1,,,,,,,,,,,,,,,,,,,,,1,2,1,1,,,,,,,,,4,,,1,,,,,,5,3,,,,,,,,1,,,,,,10,,,,,,,,,,,,,,,,,,8,,,,,3,,,,,,,,,,,,4,,,,,,,,,,,,,6,,,,,,,,,,,,,,2,,,,,,,,,1,,,,,,,,,,,5,,,,,,,,,,,,36,,,,,,,,,4,,,,,,,1,,,,,,,,,,2,,,,,5,,,1,,,,,,,,,,5,,,,,,,,1,,,,,,1,,5,,,5,,,,,,,,1,,3,,,1,1,,,,,,,,,,,,1,,,,,,,,,,,,,,1,7,,,,,,,,,,,34,,,,,,,,,1,14,,,12,,,,,,,,,,,,,,,,,,,,,,,,,,,,,,,,,,4,,,,,,1,,,,4,,,
RoomAirflowNetwork.idf,,,,1,,,,,,,,,,,,,5,,,,,,,,,5,,,,,,,,,,,,,,,,,,,,1,,,,,,,,,,,,,,,,,,,,,,,,,4,,,,,,,,3,,,1,,,1,,,,,,,,,,,,,,,,,1,,,,,1,,,,,1,,,,,,2,,,,,,1,,,,,2,,,,,,,,,,,1,,,,,,,,,,,,6,,,,,,,,,,,,,,,,,,,,,,,,,,,,,,,,,,,,,,,,,,,,,,,1,,,,,,,,,,,,,,,,,,,,,,,,9,,,,,,,,,,,,,,,,,,,,,,,,,,,,,,,,,,,,,,,,,,,29,,,,,,,,,,,,,,,,,,,,,2,,,,,,,,,,,,,,,,,,7,,,5,,,,,,,,1,,,,6,,,,,,,1,,,,,,13,,,,,,,,,,,,,,,,,,,1,,,,,,,,,,,,,,,28,,6,,,,,,,,,,,,,,,,,,,,,,,,,,,,,,,,,,,,,,,,,,1,,,,,,,,,1,,1,,,,,5,,,,,1,,,,,,,,,,,,,1,,,,,,,,,,,,,,,,,,,,,,,,,,,,,,,,,,,,3,,,,,,,,,,,,5,,,,1,,,,,,,,,,,,,,,,,,,,,,,,,,,,,,,,,1,,,1,,,,,5,,,,,,,,,,,,,1,8,,,,,,,,1,,,,,,,,,,,,,,,,,,,,,,,,2,,,,,,,,,,,,,,,,,,,,,,,,,,,,,,,,,,,,,,,,,,,,,,,,,,,,,1,,,,,,,,,,,,,,,,,,,4,,,,34,,,,,,,,,1,,,,,,,,,,,,,,,,,,,,,,1,,,,,1,,,,,,,,1,,,,,,1,,,,,,,,1,,1,,,,,,,,,,,1,,,,,,,,,,,,,,,,,,,,,,,,,1,,,,,,,1,,,,1,,,,,,,,,,,,,,,,,1,11,,,,,,,2,,,,,,,,,,,,,,,,,,,,,,,,,,,,,,,,6,,6,,1,,,,,,,
SeriesActiveBranch.idf,,,,,,,3,,,,,,5,,,,6,,,,,,,,,6,,,,,1,,,,,,4,1,,,,,,,,2,,,,,,,,,,,,,,,,31,,,,,,,,,,,,,,5,,1,1,,1,,,,1,,,,,1,,,,,,,,,,,,5,,,,,,2,,,,4,,,,,,2,,,,,,1,,,,,,,,,,,,,,,,5,,,,,,1,,,,,1,14,,,,,1,,,,,,,,,,,,,,,,,,,,,,,,,,,,,,,,,,,,,,,,,,,,,,,,,,,,,,,,,,,,1,,,,,,,,,,,,2,,,,,,,,,,,1,1,,,,,,,,,,,,,2,,,,,,,,,,,2,30,,1,,,,,,,,,,,,,,,,,,,,,,1,,,,,,,,,,,,,,,7,,,,,,,,,,,1,,,,,,,,,,,,,,,,,24,,,,,,,,,,,,,,,,,,,,,,,,,15,1,,,,,,,,,,,,,,,,,,,,,,9,,,,,,6,,,,,,,,,,,,,,,,,,,,,,,6,,,,,,,,,2,,,,,,,,5,,,,,1,,,,,,,,,,,,,1,1,,,,,,,,,,1,5,,,,,,,,,,,,,,,,,,,,,,,,5,,,,,,,,,,,,5,,,,1,,,,,,,1,,,,,1,,,,,,,,1,,,,,,,,,,,,,1,2,,1,,,,,,,,,1,,,1,,,,,,5,6,,,,1,,,,1,,,,,,,,,,,,,,,,,,,,,1,,,,,,,,,,,,,,,,,,,,1,,,,,,,,,,,,,7,,3,,,2,,,,,,,,,6,,,2,,,,,,1,,,,,,,,,,,,,,,,,,,,,,,40,,,,,,,,,1,,,,,,6,1,,,,,,,,,,6,,,,,1,1,,,,,,,,,,,,5,,,,,,,,,,,,,,1,,5,,,,,,,,,,,1,,,,,2,6,,,,,,,,,,,,,,,,,,,,,,,,,,1,,,,,,,,1,,,,,,,,,,,,,1,10,,,1,,,,,,,,,,,,,,,,2,,,,,2,,,,,,,,,,,,,1,,,,,,1,,,,1,,,
ShopWithBIPVT.idf,,,,,,,2,,,,,,,,,,7,,,,,,5,,,5,,,1,,,,,,,,3,,,,1,,,,,2,,,,,,,,,,,,,,,,27,5,,,,,,,,,,,,,5,,,1,,,,,,1,8,,,5,5,7,,,,,,,,,,,5,,,,,,,,,,5,,,,,,2,,,,,,1,,,,,,,,,,,,,,,,5,,,,,,,,,,,,,,,,1,1,,,,,,,,,,,2,,,,,,,,14,,,1,,,,,,,,,,,,,,,,,,,,,,,,,,,,,,,,,,,,1,,5,,,,,,,,,,,,,1,1,,,,,,,,,5,5,,,,,,,,,,,,,,,,,,5,,,,5,,2,77,,5,,,,,,,,,,,,,,,,,,,2,,,,,,,,,,,,,,,,,,9,,1,,,,,,5,,,1,,,,,,,,,,,,,,,,,41,,,,,,,,,,,,,,,,,,,5,,,,,,8,,,,,,,,,,,,,,,,,,,,,,,11,,,,,,4,,,,,,,,,,,,,,,,,,5,,,,,,,,,,,,,,5,,,,,,,,5,,,,,1,,,,,,,,,,,,,1,,,,,,,,,5,,,5,,,,,,,1,5,,,,,,,,,,,5,5,1,,,5,,,,,10,,,,,,,5,,,,1,,,,,,,5,,,,,2,,,,,,,,,,,,,,,,,1,,,,1,,,1,,,,,,,,,5,,,2,,,,,,5,4,,,,,,,,1,,,,,,10,,,,,,,,,,,,,,,,,,5,,,,,3,,,,,,,,,,,,5,,,,,,,,,,,,,9,,1,,,,,,,,,,,,4,,,,,,,,,1,,,,,,,,,,,,,,,,,,,,,,,38,,,,,,,,,5,,,1,,,,2,,,1,,,,,,,4,,,,,5,,,5,5,,,,,,,,,5,,,,,,,,,,,,,,1,,5,,,,,,,,,10,,1,,5,,,2,2,,,,,,,,,,,,1,,,1,,,,,,,,,,,1,1,,,5,,,,,,,,,,,,,,,,,1,19,,,10,,,,,,,,,,,,,,,,,,,,,,,,,,,,,,,,,,5,1,,,,,1,,,,5,,,
ShopWithPVandBattery.idf,,,,,,,1,,,,,,,,,,7,,,,,,5,,,5,,,1,,,,,,,,3,,,,1,,,,,1,,,,,,,,,,,,,,,,17,5,,,,,,,,,,,,,5,,,15,,,,,,1,8,,,5,5,5,,,,,,,,,,,5,,,,,,,,,,5,,,,,,2,,,,,,1,,,,,,,,,,,,,,,,5,,,,,,,,,,,,,,,,1,1,,,,,,,,,,,2,,,,,,,,19,,,1,,,,,,,,,,,,,,,,,,,,,,,,,,,,,,,,,,,,1,,5,,,,,,,,,,,,,,,,,,,,,,,5,5,,,,,,,,,,,,,,,,,,,,,,5,,1,35,,5,,,,,,,,,,,,,,,,,,,10,,,,,,,,,,,,,,,,,,9,,1,,,,,,5,,,1,,,,,,,,,,,,,,,,,40,,,,,,,,,,,,,,,,,,,5,,,,,,5,,,,,,,,,,,,,,,,,,,,,,,10,,,,,,2,,,,,,,,,,,,,,,,,,,,,,,,,,,,,,,,5,,,,,,,,5,,,,,1,,,,,,,,,,,,,1,,,,,,,,,5,,,5,,,,,,,1,5,,,,,,,,,,,5,5,1,,,5,,,,,5,,,,,,,5,,,,1,,,1,,,,5,,,,,1,,,,,,,,,,,,,,,,,,,,,1,,,1,,,,,,,,,5,,,1,,,,,,5,4,,,,,,,,1,,,,,,10,,,,,,,,,,,,,,,,,,5,,,,,3,,,,,1,2,,,,,,5,,,,,,,,,,,,,7,,1,,1,,,,,,,,,,2,,,,,,,,,1,,,,,,,,,,,,,,,,,,,,,,,30,,,,,,,,,5,,,1,,,,1,,,1,,,,,,,2,,,,,5,,,5,,,,,,,,,,5,,,,,,,,,,,,,,1,,5,,,,,,,,,,,1,,5,,,1,1,,,,,,,,,,,,1,,,1,,,,,,,,,,,1,,,,5,,,,,,,,,,,,,,,,,1,19,,,5,,,,,,,,,,,,,,,,,,,,,,,,,,,,,,,,,,5,1,,,,,1,,,,5,,,
ShopWithPVandLiIonBattery.idf,,,,,,,1,,,,,,,,,,7,,,,,,5,,,5,,,1,,,,,,,,3,,,,1,,,,,1,,,,,,,,,,,,,,,,17,5,,,,,,,,,,,,,5,,,15,,,,,,1,8,,,5,5,5,,,,,,,,,,,5,,,,,,,,,,5,,,,,,2,,,,,,1,,,,,,,,,,,,,,,,5,,,,,,,,,,,,,,,,1,1,,,,,,,,,,,2,,,,,,,,19,,,1,,,,,,,,,,,,,,,,,,,,,,,,,,,,,,,,,,,,1,,5,,,,,,,,,,,,,,,,,,,,,,,5,5,,,,,,,,,,,,,,,,,,,,,,5,,1,36,,5,,,,,,,,,,,,,,,,,,,10,,,,,,,,,,,,,,,,,,9,,1,,,,,,5,,,1,,,,,,,,,,,,,,,,,40,,,,,,,,,,,,,,,,,,,5,,,,,,5,,,,,,,,,,,,,,,,,,,,,,,10,,,,,,2,,,,,,,,,,,,,,,,,,,,,,,,,,,,,,,,5,,,,,,,,5,,,,1,1,,,,,,,,,,,,,1,,,,,,,,,5,,,5,,,,,,,1,5,,,,,,,,,,,5,5,1,,,5,,,,,5,,,,,,,5,,,,1,,,1,,,,5,,,,,1,,,,,,,,,,,,,,,,,,,,,1,,,1,,,,,,,,,5,,,1,,,,,,5,4,,,,,,,,1,,,,,,10,,,,,,,,,,,,,,,,,,5,,,,,3,,,,,1,,,,,,,5,,,,,,,,,,,,,7,,1,,,,,,,,,,,,2,,,,,,,,,1,,,,,,,,,,,,,,,,,,,,,,,30,,,,,,,,,5,,,1,,,,1,,,1,,,,,,,2,,,,,5,,,5,,,,,,,,,,5,,,,,,,,,,,,,,1,,5,,,,,,,,,,,1,,5,,,1,1,,,,,,,,,,,,1,,,1,,,,,,,,,,,1,,,,5,,,,,,,,,,,,,,,,,1,19,,,5,,,,,,,,,,,,,,,,,,,,,,,,,,,,,,,,,,5,1,,,,,1,,,,5,,,
ShopWithPVandStorage.idf,,,,,,,1,,,,,,,,,,7,,,,,,5,,,5,,,1,,,,,,,,3,,,,1,,,,,1,,,,,,,,,,,,,,,,17,5,,,,,,,,,,,,,5,,,15,,,,,,1,8,,,5,5,5,,,,,,,,,,,5,,,,,,,,,,5,,,,,,2,,,,,,1,,,,,,,,,,,,,,,,5,,,,,,,,,,,,,,,,1,1,,,,,,,,,,,2,,,,,,,,19,,,1,,,,,,,,,,,,,,,,,,,,,,,,,,,,,,,,,,,,1,,5,,,,,,,,,,,,,,,,,,,,,,,5,5,,,,,,,,,,,,,,,,,,,,,,5,,1,33,,5,,,,,,,,,,,,,,,,,,,10,,,,,,,,,,,,,,,,,,9,,1,,,,,,5,,,1,,,,,,,,,,,,,,,,,40,,,,,,,,,,,,,,,,,,,5,,,,,,5,,,,,,,,,,,,,,,,,,,,,,,10,,,,,,2,,,,,,,,,,,,,,,,,,,,,,,,,,,,,,,,5,,,,,,,,5,,,,,1,,,,,,,,,,,,,1,,,,,,,,,5,,,5,,,,,,,1,5,,,,,,,,,,,5,5,1,,,5,,,,,5,,,,,,,5,,,,1,,,,,,,5,,,,,1,,,,,,,,,,,,,,,,,1,,,,1,,,1,,,,,,,,,5,,,1,,,,,,5,4,,,,,,,,1,,,,,,10,,,,,,,,,,,,,,,,,,5,,,,,3,,,,,,,,,,,,5,,,,,,,,,,,,,7,,1,,,,,,,,,,,,2,,,,,,,,,1,,,,,,,,,,,,,,,,,,,,,,,30,,,,,,,,,5,,,1,,,,1,,,1,,,,,,,2,,,,,5,,,5,,,,,,,,,,5,,,,,,,,,,,,,,1,,5,,,,,,,,,,,1,,5,,,1,1,,,,,,,,,,,,1,,,1,,,,,,,,,,,1,,,,5,,,,,,,,,,,,,,,,,1,19,,,5,,,,,,,,,,,,,,,,,,,,,,,,,,,,,,,,,,5,1,,,,,1,,,,5,,,
ShopWithSimplePVT.idf,,,,,,,2,,,,,,,,,,7,,,,,,5,,,5,,,1,,,,,,,,3,,,,1,,,,,2,,,,,,,,,,,,,,,,27,5,,,,,,,,,,,,,5,,,1,,,,,,1,8,,,5,5,7,,,,,,,,,,,5,,,,,,,,,,5,,,,,,2,,,,,,1,,,,,,,,,,,,,,,,5,,,,,,,,,,,,,,,,1,1,,,,,,,,,,,2,,,,,,,,14,,,1,,,,,,,,,,,,,,,,,,,,,,,,,,,,,,,,,,,,1,,5,,,,,,,,,,,,,,2,,,,,,,,,5,5,,,,,,,,,,,,,,,,,,,,,,5,,2,75,,5,,,,,,,,,,,,,,,,,,,2,,,,,,,,,,,,,,,,,,9,,1,,,,,,5,,,1,,,,,,,,,,,,,,,,,41,,,,,,,,,,,,,,,,,,,5,,,,,,8,,,,,,,,,,,,,,,,,,,,,,,11,,,,,,4,,,,,,,,,,,,,,,,,,,,,,,,,,,,,,,,5,,,,,,,,5,,,,,1,,,,,,,,,,,,,1,,,,,,,,,5,,,5,,,,,,,1,5,,,,,,,,,,,5,5,1,,,5,,,,,10,,,,,,,5,,,,1,,,,,,,5,,,,,2,,,,,,,,,,,,,,,,,1,,,,1,,,1,,,,,,,,,5,,,2,,,,,,5,4,,,,,,,,1,,,,,,10,,,,,,,,,,,,,,,,,,5,,,,,3,,,,,,,,,,,,5,,,,,,,,,,,,,9,,1,,,,,,,,,,,,4,,,,,,,,,1,,,,,,,,,,,,,,,,,,,,,,,30,,,,,,,,,5,,,2,,,,2,,,1,,,,,,,4,,,,,5,,,5,5,,,,,,,,,5,,,,,,,,,,,,,,1,,5,,,,,,,,,10,,1,,5,,,2,2,,,,,,,,,,,,1,,,1,,,,,,,,,,,1,1,,,5,,,,,,,,,,,,,,,,,1,19,,,10,,,,,,,,,,,,,,,,,,,,,,,,,,,,,,,,,,5,1,,,,,1,,,,5,,,
SingleFamilyHouse_HP_Slab.idf,,,,,,,1,,1,,,,,,,,5,,,,,6,,2,,2,,,2,,,,,,,,3,,,,,17,,,,1,,,,,,1,,,,,,,,,,11,,,,,,,,,,,,,,,,,30,,,,,,1,,,,,,6,,,,1,,,,,,,1,,1,,,4,3,,,,2,,,,,,2,,,,,,,,,1,,,,,,,,,,,,,1,,,,,,,,,,,,,,,1,1,,,,,,,,,,1,,,,,,,,,,,,,,,,,,,,,,,,,,,,,,,,8,,,,,1,,,,,,,,,,,,,,,,,,,,,,,,,,,,,1,,1,,,,,,1,1,,,,,,,,,,,,,,,,,,,2,,,1,,1,4,,1,,,,,,,,,,,,,,,,,1,14,28,,,,,,,,,,,,,,,,,,23,,,,,,,,,,,1,,,,,,,,,,,,,,,,,18,,,,,,,,,,,,,,,,,,,1,,,,,,3,,,,,,,,,14,,,,,,1,,,,,,,,2,,,,,,2,,,,,,,,,,,,,,,,,,,,,,,,1,,,,,,,,,,,,1,,,,8,,,,,,,3,,,,1,,,,,,1,1,,,,,,,1,,,,,1,,,,,,,1,1,,,,,,1,,,,,1,5,,,,2,,,,,,,,,,,,1,,,,1,,,,1,,,1,,,,,1,,,,,,,,,,,,,,,,,,,,,1,,,1,,,17,,2,,,,1,,,1,,,,,,1,,,,,1,,,,,,,,,,,,,,,8,,,,,,,,,,,,,1,,,,,,,,,,,,,,,,,,,,,,,,,,,,,,3,,,,,,,,,,,,,,2,,,,,,1,,,1,,,,,,,,,,,,,,,,,,,,,,,15,,,,,,,,,,,,,,,,1,,,,,,,,1,,2,,,,,1,,,5,,,,,,,,,,1,,,,31,,,,,,1,,14,,1,,1,,,,,,,,,,,1,,,,,1,1,,,,,,,1,,,,,,,,,,,,,,,,,,,1,5,,,1,,17,,,,,,,,,,,,,,,,32,,,,,,,,,,,,,1,,,,,,,,,,,,,,,,,,,,,,,,1,,,,,,,,,,1,,,
SingleFamilyHouse_HP_Slab_Dehumidification.idf,,,,,,,1,,1,,,,,,,,5,,,,,6,,2,,2,,,2,,,,,,,,3,,,,,17,,,,1,,,,,,1,,,,,,,,,,11,,,,,,,,,,,,,,,,,31,,,,,,1,,,,,,6,,,,1,,,,,,,1,,1,,,4,3,,,,2,,,,,,2,,,,,,,,,1,,,,,,,,,,,,,1,,,,,,,,,,,,,,,1,1,,,,,,,,,,1,,,,,,,,,,,,,,,,,,,,,,,,,,,,,,,,8,,,,,1,,,,,,,,,,,,,,,,,,,,,,,,,,,,,1,,1,,,,,,1,1,,,,,,,,,,,,1,,,,,,,2,,,1,,1,4,,1,,,,,,,,,,,,,,,,,1,14,30,,,,,,,,,,,,,,,,,,23,,,,,,,,,,,1,,,,,,,,,,,,,,,,,18,,,,,,,,,,,,,,,,,,,1,,,,,,3,,,,,,,,,14,,,,,,1,,,,,,,,2,,,,,,2,,,,,,,,,,,,,,,,,,,,,,,,1,,,,,,,,,,,,1,,,,8,,,,,,,3,,,,1,,,,,,1,1,,,,,,,1,,,,,1,,,,,,,1,1,,,,,,1,,,,,1,5,,,,2,,,,,,,,,,,,1,,,,1,,,,1,,,1,,,,,1,,,,,,,,,,,,,,,,,,,,,1,,,1,,,17,,2,,,,1,,,1,,,,,,1,,,,,1,,,,,,,,,,,,,,,8,,,,,,,,,,,,,1,,,,,,,,,,,,,,,,,,,,,,,,,,,,,,3,,,,,,,,,,,,,,2,,,,,,1,,,1,,,,,,,,,,,,,,,,,,,,,,,15,,,,,,,,,,,,,,,,1,,,,,,,,1,,2,,,,,1,,,5,,,,,,,,,,1,,,,31,,,,,,1,,14,,1,,1,,,,,,,,,,,1,,,,,1,1,,,,,,,1,,,,,,,,,,,,,,,,,,,1,5,,,1,,17,,,,,,,,,,,,,,,,32,,,,,,,,,,,,,1,,,,,,,,,,,,,,,,,,,,,,,,1,,,,,,,,,,1,,,
SingleFamilyHouse_TwoSpeed_CutoutTemperature.idf,,,,,,,,,,,,,,,,,5,,,,,,,,,3,,,,,,,,,,,2,,,,,,,,,2,,,,1,,,,,,,,,,,,1,,,,,,,,,,,,,,3,1,,16,,,,,,1,,,,,,,,,,,,,,,,,1,,,,,1,,,,,1,,,,,,2,,,,,,,,,,,,,,,,,,,,,,,,,,,,,,,,,,12,,,,,,,,,,,,,,,,,,,,,,,,,,,,,,,,,,,,,,,,,,,,,,,,,,,,,,,,,,,,,,,,,,,,,,,,,,,,,,,,,,,,,,,,1,,,,,,,,,,,,,,,,,,,,,,,,,,11,,,,,,,,,,,,,,,,,,,,,15,,,,,,,,,,,,,,,,,,12,,,,,,,,,,,1,,,,,,,,,,,,,,,,,14,,,,,,,,,,,,,,,,,,,,,,,,,,,,,,,,,,,,,,,,1,,,,1,,,,2,,,,,,,,,,,,,,,,,,,,,,,,,,,,,,,,,,,,,,,,,,,,,,1,,,,,1,,,,,,,,,,,,,1,,,,,,,,,,,,1,,,,,,,,1,,,,,,,1,,,,1,,,,,1,,,,,,,,,,,,1,,,,1,,,,,,,1,,,,,,,,,,,1,,,,,,,,,,,,,,,1,,,1,,,,,,,,,1,,,,,,,,,,4,,,,1,,,,1,,,,,,,,,,,,,,,,,,,,,,,,1,,,,,,,,,,,,,,,,,,,,,,,,,,,,,,1,,1,,,,,,,,,,,,,,,,,,,,,1,,,,,,,,,,,,,,,,,,,,,,,25,,,,,,,,,,,,,,,,,,,,,,,,,,,,,,,1,,,,,,,,,,,,,1,,,,,,,,,,,,,,1,,1,,,,,,,,,,,1,,,,,,,,,,,,,,,,,,,,,,,,,,,,,,,,1,3,,,,,,,,,,,,,,,,,,,,1,8,,,,,,,,,,,,,,,,,,,,,,,,,,,,,,,,,,,,,1,,,,,,1,,,,1,,,
SingleFamilyHouse_TwoSpeed_MultiStageElectricSuppCoil.idf,,,,,,,,,,,,,,,,,5,,,,,,,,,3,,,,,,,,,,,2,,,,,,,,,2,,,,,,,,,,,,,,,,1,,,,,,,,,,,,,,3,,,16,,,,,,1,,,,,,,,,,,,,,,,,1,,,,,1,,,,,1,,,,,,2,,,,,,,,,,,,,,,,,,,,,,1,,,,,,,,,,,,12,,,,,,,,,,,,,,,,,,,,,,,,,,,,,,,,,,,,,,,,,,,,,,,,,,,,,,,,,,,,,,,,,,,,,,,,,,,,,,,,,,,,,,,,1,1,,,,,,,,,,,,,,,,,,,,,,,,,13,,,,,,,,,,,,,,,,,,,,1,15,,,,,,,,,,,,,1,,,,,12,,,,,,,,,,,1,,,,,1,,,,,,,,,,,,13,,,,,,,,,,,,,,,,,,,,,,,,,,,,,,,,,,,,,,,,1,,,,1,,,,2,,,,,,,,,,,,,,,,,,,,,,,,,,,,,,,,,,,,,,,,,,,,,,1,,,,,1,,,,,,,,,,,,,1,,,,,,,,,,,,1,,,,,,,,1,,,,,,,1,,,,1,,,,,1,,,,,,,,,,,,1,,,,1,,,,,,,1,,,,,,,,,,,1,,,,,,,,,,,,,,,1,,,1,,,,,,,,,1,,,,,,,,,,4,,,,1,,,,1,,,,,,,,,,,,,,,,,,,,,,,,1,,,,,,,,,,,,,,,,,,,,,,,,,,,,,,1,,1,,,,,,,,,,,,,,,,,,,,,1,,,,,,,,,,,,,,,,,1,,,,,,25,,,,,,,,,,,,,,,,,,,,,,,,,,,,,,,1,,,,,,,,,,,,,1,,,,,,,,,,,,,,1,,1,,,,,,,,,,,1,,,,,,,,,,,,,,,,,,,,,,,,,,,,,,,,1,3,,,,,,,,,,,,,,,,,,,,1,8,,,,,,,,,,,,,,,,,,,,,,,,,,,,,,,,,,,,,1,,,,,,1,,,,1,,,
SingleFamilyHouse_TwoSpeed_MultiStageElectricSuppCoilEMS.idf,,,,,,,,,,,,,,,,,5,,,,,,,,,3,,,,,,,,,,,2,,,,,,,,,2,,,,,,,,,,2,,,,,,1,,,,,,,,,,,,,,3,,,16,,,,,,1,,,,,,,,,,,,,,,,,1,,,,,1,,,,,1,,,,,,2,,,,,,,,,,,,,,,,,,,,,,1,,,,,,,,,,,,12,,,,,,,,,,,,,,,,,,,,,,,,,,,,,,,,,,,,,,,,,,,,,,,,,,,,,,,,,,,1,,,,,,,,,,,,,,,,,,,,,,,,,,,,,1,1,,,1,,,,,,,,,,,,,,,,,,1,,,,14,,,,,,,,,,,,,,,,,,,,1,15,,,,,,,,,,,,,1,,,,,12,,,,,,,,,,,1,,,,,1,,,,,,,,,,,,13,,,,,,,,,,,,1,,,,,,,,,,,,,,,,,,,,,,,,,,,,1,,,,1,,,,2,,,,,,,,,,,,,,,,,,,,,,,,,,,,,,,,,,,,,,,,,,,,,,1,,,,,1,,,,,,,,,,,,,1,,,,,,,,,,,,1,,,,2,,,,1,,,,,,,1,,,,1,,,,,1,,,,,,,,,,,,1,,,,1,,,,,,,1,,,,,,,,,,,1,,,,,,,,,,,,,,,1,,,1,,,,,,,,,1,,,,,,,,,,4,,,,1,,,,1,,,,,,,,,,,,,,,,,,,,,,,,1,,,,,,,,,,,,,,,,,,,,,,,,,,,,,,1,,1,,,,,,,,,,,,,,,,,,,,,1,,,,,,,,,,,1,,,,,,1,,,,,,25,,,,,,,,,,,,,,,,,,,,,,,,,,,,,,,1,,,,,,,,,,,,,1,,,,,,,,,,,,,,1,,1,,,,,,,,,,,1,,,,,,,,,,,,,,,,,,,,,,,,,,,,,,,,1,3,,,,,,,,,,,,,,,,,,,,1,8,,,,,,,,,,,,,,,,,,,,,,,,,,,,,,,,,,,,,1,,,,,,1,,,,1,,,
SingleFamilyHouse_TwoSpeed_MultiStageElectricSuppCoil_SPControl.idf,,,,,,,,,,,,,,,,,5,,,,,,,,,3,,,,,,,,,,,2,,,,,,,,,2,,,,,,,,,,,,,,,,1,,,,,,,,,,,,,,3,,,16,,,,,,1,,,,,,,,,,,,,,1,,,1,,,,,1,,,,,1,,,1,,,2,,,,,,,,,,,,,,,,,,,,,,1,,,,,,,,,,,,12,,,,,,,,,,,,,,,,,,,,,,,,,,,,,,,,,,,,,,,,,,,,,,,,,,,,,,,,,,,,,,,,,,,,,,,,,,,,,,,,,,,,,,,,1,1,,,,,,,,,,,,,,,,,,,,,,,,,17,,,,,,,,,,,,,,,,,,,,1,15,,,,,,,,,,,,,1,,,,,12,,,,,,,,,,,1,,,,,1,,,,,,,,,,,,13,,,,,,,,,,,,,,,,,,,,,,,,,,,,,,,,,,,,,,,,1,,,,1,,,,3,,,,,,,,,,,,,,,,,,,,,,,,,,,,,,,,,,,,,,,,,,,,,,1,,,,,1,,,,,,,,,,,,,1,,,,,,,,,,,,1,,,,,,,,1,,,,,,,1,,,,1,,,,,1,,,,,,,,,,,,1,,,,1,,,,,,,1,,,,,,,,,,,1,,,,,,,,,,,,,,,1,,,1,,,,,,,,,1,,,,,,,,,,4,,,,1,,,,1,,,,,,,,,,,,,,,,,,,,,,,,1,,,,,,,,,,,,,,,,,,,,,,,,,,,,,,1,,1,,,,,,,,,,,,,,,,,,,,,1,,,,,,,,,,,,,,,,,1,,,,,,25,,,,,,,,,,,,,,,,,,,,,,,,,,,,,,,1,,,,,,,,,,,,,1,,,,,,,,,,,,,,1,,1,,,,,,,,,,,1,,,,,,,,,,,,,,,,,,,,,,,,,,,,,,,,1,3,,,,,,,,,,,,,,,,,,,,1,8,,,,,,,,,,,,,,,,,,,,,,,,,,,,,,,,,,,,,1,,,,,,1,,,,1,,,
SingleFamilyHouse_TwoSpeed_ZoneAirBalance.idf,,,,,,,,,,,,,,,,,5,,,,,,,,,3,,,,,,,,,,,2,,,,,,,,,2,,,,1,,,,,,,,,,,,1,,,,,,,,,,,,,,3,1,,16,,,,,,1,,,,,,,,,,,,,,,,,1,,,,,1,,,,,1,,,,,,2,,,,,,,,,,,,,,,,,,,,,,,,,,,,,,,,,,12,,,,,,,,,,,,,,,,,,,,,,,,,,,,,,,,,,,,,,,,,,,,,,,,,,,,,,,,,,,,,,,,,,,,,,,,,,,,,,,,,,,,,,,,1,,,,,,,,,,,,,,,,,,,,,,,,,,11,,,,,,,,,,,,,,,,,,,,,15,,,,,,,,,,,,,,,,,,12,,,,,,,,,,,1,,,,,,,,,,,,,,,,,14,,,,,,,,,,,,,,,,,,,,,,,,,,,,,,,,,,,,,,,,1,,,,1,,,,2,,,,,,,,,,,,,,,,,,,,,,,,,,,,,,,,,,,,,,,,,,,,,,1,,,,,1,,,,,,,,,,,,,1,,,,,,,,,,,,1,,,,,,,,1,,,,,,,1,,,,1,,,,,1,,,,,,,,,,,,1,,,,1,,,,,,,1,,,,,,,,,,,1,,,,,,,,,,,,,,,1,,,1,,,,,,,,,1,,,,,,,,,,4,,,,1,,,,1,,,,,,,,,,,,,,,,,,,,,,,,1,,,,,,,,,,,,,,,,,,,,,,,,,,,,,,1,,1,,,,,,,,,,,,,,,,,,,,,1,,,,,,,,,,,,,,,,,,,,,,,25,,,,,,,,,,,,,,,,,,,,,,,,,,,,,,,1,,,,,,,,,,,,,1,,,,,,,,,,,,,,1,,1,,,,,,,,,,,1,,,1,,,,,,,,,,,,,,,,,,,,,,,,,,,,,1,3,,,,,,,,,,,,,,,,,,,,1,8,,,,,,,,,,,,,,,,,,,,,,,,,,,,,,,,,,,,,1,,,,,,1,,,,1,,,
SmallOffice_CentralDOAS.idf,,,,,,,3,1,,,,,,,,,7,,,,,,,,,6,,,1,,,,,,,,2,,,,,,,,,1,,,,,,,,,,,,,,,,29,5,,,,,,,,,,,,,6,5,1,2,,1,,,,1,18,,,4,6,,,,,,,,,,,,5,,1,,,,,,,,,,,,,,2,,,,,,1,,,,,,,,,,,,,,,,5,,,,,,,,,,,,,,,,1,1,,,,,,,,,,,2,,,,,,,,,,,1,,,,1,,,,,,,,,,,,,,,,,,,,,,,,,,,,,,,,1,,6,,,,,,,,,,,,,,,,,,,,,,,5,5,,,,,,,,,,,,,,,,,,,,,,5,,3,12,,6,,,,,,,,,,1,,,,,,,,,2,,,,,,,,,,,,,,,,,,7,,1,,,,,,5,,,1,,,,,,,,,,,,,,,,,30,,,,,,1,,,,,,,,,,,,,,,,,,,15,,,,,,,,,,,,,,,,,,,,,,,11,,,,,,6,1,,,,,,,,,,,,,,,,,,,,,,,,,,,,,,,6,,,,,,,,5,,,,,1,,,1,,,,,,,,,,1,,,,,,,,,5,,,5,,,,,,,1,5,,,,,,,,,,,5,1,2,,,5,,,1,,,,,,,,,5,,,,1,,,1,,,,5,,,,,3,,,,,,,,,,,,,,,,,,,,,1,9,1,1,,,,,,,,,7,,,2,,,2,,,5,21,,,,1,,,,1,,,,,,10,,,,,,,,,,,,,,,1,,,6,,,,,3,,,,,,,,,,,,5,,,,,,,,,,,,,11,,,,,2,,,,,,,,,6,,,,,,,,,1,,,,,,,,,,,,,,,,,,,,,,,43,,,,,,,,,5,,,,,,1,2,,,,,,,,,,6,,,,,5,,,1,,,,,1,,,,,5,,,,,,,,,,,,,,1,,5,,,,,,,,,,,1,,3,,,3,7,,,,,,,,,,,,1,,,,,,,,,,,,,,1,1,,,5,,,,,,,,,,,,,,,,,1,14,,,15,,,,,,,,,,,,,,,,1,,,,,1,,,,,,,,,,,,,5,,,,,,1,,,,5,,,
SmallOffice_CentralDOAS_WithDOASExhaustFan.idf,,,,,,,3,1,,,,,,,,,7,,,,,,,,,6,,,1,,,,,,,,2,,,,,,,,,1,,,,,,,,,,,,,,,,29,5,,,,,,,,,,,,,6,5,1,2,,1,,,,1,18,,,4,6,,,,,,,,,,,,5,,1,,,,,,,,,,,,,,2,,,,,,1,,,,,,,,,,,,,,,,5,,,,,,,,,,,,,,,,1,1,,,,,,,,,,,2,,,,,,,,,,,1,,,,1,,,,,,,,,,,,,,,,,,,,,,,,,,,,,,,,1,,6,,,,,,,,,,,,,,,,,,,,,,,5,5,,,,,,,,,,,,,,,,,,,,,,5,,3,16,,6,,,,,,,,,,1,,,,,,,,,2,,,,,,,,,,,,,,,,,,7,,1,,,,,,5,,,1,,,,,,,,,,,,,,,,,30,,,,,,1,,,,,,,,,,,,,,,,,,,15,,,,,,,,,,,,,,,,,,,,,,,11,,,,,,6,1,,,,,,,,,,,,,,,,,,,,,,,,,,,,,,,6,,,,,,,,5,,,,,1,,,1,,,,,,,,,,1,,,,,,,,,5,,,5,,,,,,,1,5,,,,,,,,,,,5,1,2,,,5,,,1,,,,,,,,,5,,,,1,,,1,,,,5,,,,,3,,,,,,,,,,,,,,,,,,,,,1,9,1,1,,,,,,,,,7,,,2,,,3,,,5,21,,,,1,,,,1,,,,,,10,,,,,,,,,,,,,,,1,,,6,,,,,3,,,,,,,,,,,,5,,,,,,,,,,,,,11,,,,,2,,,,,,,,,6,,,,,,,,,1,,,,,,,,,,,,,,,,,,,,,,,43,,,,,,,,,5,,,,,,1,2,,,,,,,,,,6,,,,,5,,,1,,,,,1,,,,,5,,,,,,,,,,,,,,1,,5,,,,,,,,,,,1,,3,,,3,7,,,,,,,,,,,,1,,,,,,,,,,,,,,1,1,,,5,,,,,,,,,,,,,,,,,1,14,,,15,,,,,,,,,,,,,,,,1,,,,,1,,,,,,,,,,,,,5,,,,,,1,,,,5,,,
SmOffPSZ-MultiModeDX.idf,,,,,,,,,,,,,,,,,6,,,,,,,,,5,,,,,,,,,,,3,,,,,,,,,3,,,,,,,,,,,,,,,,4,4,,,,,,,,,,,,,5,4,,3,,,,,,1,,,,4,4,,,,,,,,,1,,,4,,,,,,2,,,,2,,,1,,,2,,,,,,,,,,,,,,,,,,,,,,4,,,,,,,,,,,,10,,,,,,,,,,,,,,,,,,,,,,,,,,,,,,,,,,,,,,,,,,,,,,,,,,,,,,,,,,,,,,,,,4,,,,,,,,,,,,,,,,,,,,,,,4,,,,,,,,,,,,,,,,,,,,,,,4,,,13,,1,,,,,,,,,,,,,,,,,,,6,,,,,,,,,,,,,,,,,,9,,,,,,,,,,,1,,,,,,,,,,,,,,,,,12,,,,,,,,,,,,,,,,,,,,3,,,,,,,,,,,,,,,,,,,,,,,,,,,,11,,,,,,,,,,,,,,,,,,,,,,,,,,,,,,,,,,,,,,4,,,,,,,,4,,,,,1,,,,,,,,,,,,,1,,,,,,,,,3,,,4,,,,,,,,4,,,,,,,,,,,4,,,,,4,,,,,,,,,,,,4,,,,1,,,,,,,4,,,,,,,,,,,,,,,,,,,,,,,,,,1,14,,1,,,,,,,,,1,,,,,,,,,4,12,,,,1,,,,1,,,,,,,,,,,,,,,,,,,,,,,,1,,,,,,,,,,,,,,,,,4,,,1,,,,,,,,,,4,,1,,,,,,,,,,,,,,,,,,,,,1,,,,,,,,,,,,,,,,7,,,,,,,29,,,,,1,,,,4,,,,,,,,,,,,,,,,,,,,,,1,,,,,,,,,,,,,4,,,,,,,,,,,,,,1,,4,,1,,,,,,,,,1,,,,,,,,,,,,,,,,,,,,,,,,,,,,,,,,1,,,,1,,,,,,,,,,,,,,,,,1,8,,,5,,,,,,,,,,,,,,,,,,,,,,,,,,,,,,,,,,4,,,,,,1,,,,4,,,
SmOffPSZ.idf,,,,,,,,,,,,,,,,,5,,,,,,,,,5,,,,,,,,,,,3,,,,,,,,,1,,,,,,,,,,,,,,,,4,4,,,,,,,,,,,,,5,4,,3,,,,,,1,,,,4,4,,,,,,,,,,,,4,,,,,,2,,,,2,,,,,,2,,,,,,,,,,,,,,,,,,,,,,4,,,,,,,,,,,,10,,,,,,,,,,,,,,,,,,,,,,,,,,,,,,,,,,,,,,,,,,,,,,,,,,,,,,,,,,,,,,,,,4,,,,,,,,,,,,,,,,,,,,,,,4,,,,,,,,,,,,,,,,,,,,,,,4,,,9,,1,,,,,,,,,,,,,,,,,,,2,,,,,,,,,,,,,,,,,,9,,,,,,,,,,,1,,,,,,,,,,,,,,,,,12,,,,,,,,,,,,,,,,,,,,,,,,,,,,,,,,,,,,,,,,,,,,,,,,13,,,,,,,,,,,,,,,,,,,,,,,,,,,,,,,,,,,,,,4,,,,,,,,4,,,,,1,,,,,,,,,,,,,1,,,,,,,,,4,,,4,,,,,,,,4,,,,,,,,,,,4,,,,,4,,,,,,,,,,,,4,,,,1,,,,,,,4,,,,,,,,,,,,,,,,,,,,,,,,,,1,14,,1,,,,,,,,,1,,,,,,,,,4,12,,,,1,,,,1,,,,,,,,,,,,,,,,,,,,,,,,,,,,,,,,,,,,,,,,,4,,,1,,,,,,,,,,4,,1,,,,,,,,,,,,,,,,,,,,,1,,,,,,,,,,,,,,,,,,,,,,,29,,,,,,,,,4,,,,,,,,,,,,,,,,,,,,,,1,,,,,,,,,,,,,4,,,,,,,,,,,,,,1,,4,,,,,,,,,,,1,,,,,,,,,,,,,,,,,,,,,,,,,,,,,,,,1,,,,4,,,,,,,,,,,,,,,,,1,8,,,4,,,,,,,,,,,,,,,,,,,,,,,,,,,,,,,,,,4,,,,,,1,,,,4,,,
SmOffPSZ_OnOffStagedControl.idf,,,,,,,,,,,,,,,,,5,,,,,,,,,5,,,,,,,,,,,3,,,,,,,,,1,,,,,,,,,,,,,,,,4,4,,,,,,,,,,,,,5,4,,3,,,,,,1,,,,4,4,,,,,,,,,,,,4,,,,,,2,,,,2,,,,,,2,,,,,,,,,,,,,,,,,,,,,,4,,,,,,,,,,,,10,,,,,,,,,,,,,,,,,,,,,,,,,,,,,,,,,,,,,,,,,,,,,,,,,,,,,,,,,,,,,,,,,4,,,,,,,,,,,,,,,,,,,,,,,4,,,,,,,,,,,,,,,,,,,,,,,4,,,9,,1,,,,,,,,,,,,,,,,,,,2,,,,,,,,,,,,,,,,,,9,,,,,,,,,,,1,,,,,,,,,,,,4,,,,,12,,,,,,,,,,,,,,,,,,,,,,,,,,,,,,,,,,,,,,,,,,,,,,,,13,,,,,,,,,,,,,,,,,,,,,,,,,,,,,,,,,,,,,,4,,,,,,,,4,,,,,1,,,,,,,,,,,,,1,,,,,,,,,4,,,4,,,,,,,,4,,,,,,,,,,,4,,,,,4,,,,,,,,,,,,4,,,,1,,,,,,,4,,,,,,,,,,,,,,,,,,,,,,,,,,1,12,,1,,,,,,,,,1,,,,,,,,,4,12,,,,1,,,,1,,,,,,,,,,,,,,,,,,,,,,,,,,,,,,,,,,,,,,,,,4,,,1,,,,,,,,,,4,,1,,,,,,,,,,,,,,,,,,,,,1,,,,,,,,,,,,,,,,,,,,,,,29,,,,,,,,,4,,,,,,,,,,,,,,,,,,,,,,,,,,,,,,,,,,,4,,,,,,,,,,,,,,1,1,,,,,,,,,,,,1,,,,,,,,,,,,,,,,,,,,,,,,4,,,,,,,,1,,,,4,,,,,,,,,,,,,,,,,1,8,,,4,,,,,,,,,,,,,,,,,,,,4,,,,,,,,,,,,,,4,,,,,,1,,,,4,,,
SolarCollectorFlatPlateWater.idf,,,,,,,2,,,,,,,,,,2,,,,,,,,,,,,,,,,,,,,,,,,,,,,,2,,,,,,,,,,,,,,,,18,,,,,,,,,,,,,,,,,,,,,,,1,,,,,,,,,,,,,,,,,,,,,,,,,,,,,,,,,2,,,,,,,,,,,,,,,,,,,,,,,,,,,,,,,,,,,,,,1,1,,,,,,,,,,,,,,,,,,,,,,2,,,,,,,,,,,,,,,,,,,,,,,,,,,,,,,,,,,,,,,,,,,,,,,,,,,,,,,,,,,,,,,,,,,,,,,,,,,,,,,,,,,,,,2,54,,,,,,,,,,,,,,,,,,,,,,,,,,,,,,,,,,,,,,,,,,,,,,,,,,,,,,,,,,,,,,,,,,,10,,,,,,,,,,,,,,,,,,,,,,,,,5,,,,,,,,,,,,,,,,,,,,,,,2,,,,,,4,,,,,,,,,,,,,,,,,,,,,,,,,,,,,,,,,,,,,,,,,,1,,,1,,,,,,,,,,,,,1,,,,,,,,,,,,,,,,,,,,,,,,,,,,,,,,4,,,,,1,,,,,,,,,,,,,,,1,,,,,,,,,,,,2,,,,,,,,,,,,,,,,,,,,,1,2,,1,,,,,,,,,1,1,,2,,,,,,,,,,,,,,,,,,,,,,,,,,,,,,,,,,,,,,,,,,,,,,,,,,,,,,,,,,,,,,,,,,,,1,4,,,,,,,,,,,,,,4,,1,,,,,,,1,,,,,,,,,,,,,,,,,,,,,,,,,,,,,,,,,,,,,,,2,,,,,,,,,,4,,,,,,,,1,6,,,,,,,,,,,,,,,,,,,,,,,1,,,,,,,6,,,,,,1,,,,,2,2,,,,,,,,,,,,,,,,,,,,,,,,,,1,,,,,,,,,,,,,,,,,,,,,,,,,,,,,,,,,,,,,,,,,,,,,,,,,,,,,,,,,,,,,,,,,,,,,,,,
SolarShadingTest.idf,,,,,,,,,,,,,,,,,4,,,,,,,,,9,,,,,,,,,,,,,,,,,,,,1,,,,,,,,,,,,,,,,,,,,,,,,,,,,,,9,,,,,,,,,1,,,,,,,,,,,,,,,,,9,,,,,,1,,,,1,,,,,,2,,,,,,,,,,,,,,,,,,,,,,,,,,,,,,,,,,4,,,,,,,,,,,,,,,,,,,,,,,,,,,,,,,,,,,,,,,,,,,,,,,,,,,,,,,,,,,,,,,,,,,,,,,,,,,,,9,,,,,,,,,,,,,,,,,,,,,,,,,,,,,,,,,,,,,10,,,,,,,,,,,,,,,,,,,,,,,,,,,,,,,,,,,,,,,8,,1,,,,,,,,,1,,,,,,,,,,,,,,,,,22,,,,,,,,,,,,,,,,,,,,,,,,,,,,,9,,,,,,,,,,,,,,,,,,,9,,,,,,,,,,,,,,,,,,,,,,,,,,,,,,,,,,,,,,,,,,,,,,,,,,,1,,,,,,,,,,,,,1,,,,,,,,,,,,,,,,,,,1,,,,,,,,,,,,,,,,,,,,1,,,,,,,,,,,,,1,,,,,,,,,,,,,,,,,,,,,,,,,,,,,,,,,1,,,1,,,,,,,,,,,,,,,,,,,21,,,,,,,,,,,,,,,,,,,,,,,,,,,,,,,,,,,,,,,,,,,,,,,,,,,,,,,,,,,,,,,,,,,,,,,,,,,,,,,,,,,,,1,,,,,,,,,,,,,,,,,,,,,,,70,,,,,,,,,,,,,,,,,,,,,,,,,,,,,,,9,,,,2,,,,,,,,,9,,,,,,,,,,,,,,1,,9,,,,,,,,,,,1,,,,,,,,,,,,,,,,,,,,,,,,,,,,,,,,1,,,,,,,,,,,,,,,,,,,,,1,12,,,,,,,,,,,,,,,,,,,,,,,,,,,,,,,,,,,,,,,,,,,1,,,,,,,
SolarShadingTestGPU.idf,,,,,,,,,,,,,,,,,4,,,,,,,,,9,,,,,,,,,,,,,,,,,,,,1,,,,,,,,,,,,,,,,,,,,,,,,,,,,,,9,,,,,,,,,1,,,,,,,,,,,,,,,,,9,,,,,,1,,,,1,,,,,,2,,,,,,,,,,,,,,,,,,,,,,,,,,,,,,,,,,4,,,,,,,,,,,,,,,,,,,,,,,,,,,,,,,,,,,,,,,,,,,,,,,,,,,,,,,,,,,,,,,,,,,,,,,,,,,,,9,,,,,,,,,,,,,,,,,,,,,,,,,,,,,,,,,,,,,10,,,,,,,,,,,,,,,,,,,,,,,,,,,,,,,,,,,,,,,8,,1,,,,,,,,,1,,,,,,,,,,,,,,,,,22,,,,,,,,,,,,,,,,,,,,,,,,,,,,,9,,,,,,,,,,,,,,,,,,,9,,,,,,,,,,,,,,,,,,,,,,,,,,,,,,,,,,,,,,,,,,,,,,,,,,,1,,,,,,,,,,,,,1,,,,,,,,,,,,,,,,,,,1,,,,,,,,,,,,,,,,,,,,1,,,,,,,,,,,,,1,,,,,,,,,,,,,,,,,,,,,,,,,,,,,,,,,1,,,1,,,,,,,,,,,,,,,,,,,21,,,,,,,,,,,,,,,,,,,,,,,,,,,,,,,,,,,,,,,,,,,,,,,,,,,,,,,,,,,,,,,,,,,,,,,,,,,,,,,,,,,,,1,,,,,,,,,,,,,,,,,,,,,,,70,,,,,,,,,,,,,,,,,,,,,,,,,,,,,,,9,,,,2,,,,,,,,,9,,,,,,,,,,,,,,1,,9,,,,,,,,,,,1,,,,,,,,,,,,,,,,,,,,,,,,,,,,,,,,1,,,,,,,,,,,,,,,,,,,,,1,12,,,,,,,,,,,,,,,,,,,,,,,,,,,,,,,,,,,,,,,,,,,1,,,,,,,
SolarShadingTest_DisableSelfShading.idf,,,,,,,,,,,,,,,,,4,,,,,,,,,9,,,,,,,,,,,,,,,,,,,,1,,,,,,,,,,,,,,,,,,,,,,,,,,,,,,9,,,,,,,,,1,,,,,,,,,,,,,,,,,9,,,,,,1,,,,1,,,,,,2,,,,,,,,,,,,,,,,,,,,,,,,,,,,,,,,,,4,,,,,,,,,,,,,,,,,,,,,,,,,,,,,,,,,,,,,,,,,,,,,,,,,,,,,,,,,,,,,,,,,,,,,,,,,,,,,9,,,,,,,,,,,,,,,,,,,,,,,,,,,,,,,,,,,,,9,,,,,,,,,,,,,,,,,,,,,,,,,,,,,,,,,,,,,,,8,,1,,,,,,,,,1,,,,,,,,,,,,,,,,,22,,,,,,,,,,,,,,,,,,,,,,,,,,,,,9,,,,,,,,,,,,,,,,,,,9,,,,,,,,,,,,,,,,,,,,,,,,,,,,,,,,,,,,,,,,,,,,,,,,,,,1,,,,,,,,,,,,,1,,,,,,,,,,,,,,,,,,,1,,,,,,,,,,,,,,,,,,,,1,,,,,,,,,,,,,1,,,,,,,,,,,,,,,,,,,,,,,,,,,,,,,,,1,,,1,,,,,,,,,,,,,,,,,,,21,,,,,,,,,,,,,,,,,,,,,,,,,,,,,,,,,,,,,,,,,,,,,,,,,,,,,,,,,,,,,,,,,,,,,,,,,,,,,,,,,,,,,1,,,,,,,,,,,,,,,,,,,,,,,70,,,,,,,,,,,,,,,,,,,,,,,,,,,,,,,9,,,,2,,,,,,,,,9,,,,,,,,,,,,,,1,,9,,,,,,,,,,,1,,,,,,,,,,,,,,,,,,,,,,,,,,,,,,,,1,,,,,,,,,,,,,,,,,,,,,1,12,,,,,,,,,,,,,,,,,,,,,,,,,,,,,,,,,,,,,,,,,,,1,,,,,,,
SolarShadingTest_DisableSelfShadingGroup.idf,,,,,,,,,,,,,,,,,4,,,,,,,,,9,,,,,,,,,,,,,,,,,,,,1,,,,,,,,,,,,,,,,,,,,,,,,,,,,,,9,,,,,,,,,1,,,,,,,,,,,1,,,,,,9,,,,,,1,,,,1,,,,,,2,,,,,,,,,,,,,,,,,,,,,,,,,,,,,,,,,,4,,,,,,,,,,,,,,,,,,,,,,,,,,,,,,,,,,,,,,,,,,,,,,,,,,,,,,,,,,,,,,,,,,,,,,,,,,,,,9,,,,,,,,,,,,,,,,,,,,,,,,,,,,,,,,,,,,,9,,,,,,,,,,,,,,,,,,,,,,,,,,,,,,,,,,,,,,,8,,1,,,,,,,,,1,,,,,,,,,,,,,,,,,22,,,,,,,,,,,,,,,,,,,,,,,,,,,,,9,,,,,,,,,,,,,,,,,,,9,,,,,,,,,,,,,,,,,,,,,,,,,,,,,,,,,,,,,,,,,,,,,,,,,,,1,,,,,,,,,,,,,1,,,,,,,,,,,,,,,,,,,1,,,,,,,,,,,,,,,,,,,,1,,,,,,,,,,,,,1,,,,,,,,,,,,,,,,,,,,,,,,,,,,,,,,,1,,,1,,,,,,,,,,,,,,,,,,,21,,,,,,,,,,,,,,,,,,,,,,,,,,,,,,,,,,,,,,,,,,,,,,,,,,,,,,,,,,,,,,,,,,,,,,,,,,,,,,,,,,,,,1,,,,,,,,,,,,,,,,,,,,,,,70,,,,,,,,,,,,,,,,,,,,,,,,,,,,,,,9,,,,2,,,,,,,,,9,,,,,,,,,,,,,,1,,9,,,,,,,,,,,1,,,,,,,,,,,,,,,,,,,,,,,,,,,,,,,,1,,,,,,,,,,,,,,,,,,,,,1,12,,,,,,,,,,,,,,,,,,,,,,,,,,,,,,,,,,,,,,,,,,,1,,,,,,,
SolarShadingTest_ExternalFraction.idf,,,,,,,,,,,,,,,,,4,,,,,,,,,9,,,,,,,,,,,,,,,,,,,,1,,,,,,,,,,,,,,,,,,,,,,,,,,,,,,9,,,,,,,,,1,,,,,,,,,102,,,,,,,,9,,,,,,1,,,,1,,,,,,2,,,,,,,,,,,,,,,,,,,,,,,,,,,,,,,,,,4,,,,,,,,,,,,,,,,,,,,,,,,,,,,,,,,,,,,,,,,,,,,,,,,,,,,,,,,,,,,,,,,,,,,,,,,,,102,,,9,,,,,,,,,,,,,,,,,,,,,,,,,,,,,,,,,,,,,9,,,,,,,,,,,,,,,,,,,,,,,,,,,,,,,,,,,,,,,8,,1,,,,,,,,,1,,,,,,,,,,,,,,,,,22,,,,,,,,,,,,,,,,,,,,,,,,,,,,,9,,,,,,,,,,,,,,,,,,,9,,,,,,,,,,,,,,,,,,,,,,,,,,,,,,,,,,,,,,,,,,,,,,,,,,,1,,,,,,,,,,,,,1,,,,,,,,,,,,,,,,,,,1,,,,,,,,,,,,,,,,,,,,1,,,,,,,,,,,,,1,,,,,,,,,,,,,,,,,,,,,,,,,,,,,,,,,1,,,1,,,,,,,,,,,,,,,,,,,21,,,,,,,,,,,,,,,,,,,,,,,,,,,,,,,,,,,,,,,,,,,,,,,,,,,,,,,,,,,,,,,,,,,,,,,,,,,,,,,,,,,,,1,,,,,,,,,,,,,,,,,,,,,,,70,,,,,,,,,,,,,,,,,,,,,,,,,,,,,,,9,,,,2,,,,,,,,,9,,,,,,,,,,,,,,1,,9,,,,,,,,,,,1,,,,,,,,,,,,,,,,,,,,,,,,,,,,,,,,1,,,,,,,,,,,,,,,,,,,,,1,12,,,,,,,,,,,,,,,,,,,,,,,,,,,,,,,,,,,,,,,,,,,1,,,,,,,
SolarShadingTest_ImportedShading.idf,,,,,,,,,,,,,,,,,4,,,,,,,,,9,,,,,,,,,,,,,,,,,,,,1,,,,,,,,,,,,,,,,,,,,,,,,,,,,,,9,,,,,,,,,1,,,,,,,,,,,,,,,,,9,,,,,,1,,,,1,,,,,,2,,,,,,,,,,,,,,,,,,,,,,,,,,,,,,,,,,4,,,,,,,,,,,,,,,,,,,,,,,,,,,,,,,,,,,,,,,,,,,,,,,,,,,,,,,,,,,,,,,,,,,,,,,,,,,,,9,,,,,,,,,,,,,,,,,,,,,,,,,,,,,,,,,,,,,9,,,,,,,,,,,,,,,,,,,,,,,,,,,,,,,,,,,,,,,8,,1,,,,,,,,,1,,,,,,,,,,,,,,,,,22,,,,,,,,,,,,,,,,,,,,,,,,,,,,,9,,,,,,,,,,,,,,,,,,,9,,,,,,,,,,,,,,,,,,,,,,,,,,,,,,,,,,,,,,,,,,,,,,,,,,,1,,,,,,,,,,,,,1,,,,,,,,,,,,,,,,,,,1,,,,,,,,,,,,,,,,,,,,1,,,,,,,,,,,,,1,,,,,,,,,,,,,,,,,,,,,,,,,,,,,,,,,1,,,1,,,,,,,,,,,,,,,,,,,21,,,,,,,,,,,,,,,,,,,,,,,,,,,,,,,,,,,,,,,,,,,,,,,,,,,,,,,,,,,,,,,,,,,,,,,,,,,,,,,,,,,,,1,,,,,,,,,,,,,,,,,,,,,,,70,,,,,,,,,,,,,,,,,,,,1,,,,,,,,,,,9,,,,2,,,,,,,,,9,,,,,,,,,,,,,,1,,9,,,,,,,,,,,1,,,,,,,,,,,,,,,,,,,,,,,,,,,,,,,,1,,,,,,,,,,,,,,,,,,,,,1,12,,,,,,,,,,,,,,,,,,,,,,,,,,,,,,,,,,,,,,,,,,,1,,,,,,,
SolarShadingTest_SQL.idf,,,,,,,,,,,,,,,,,4,,,,,,,,,9,,,,,,,,,,,,,,,,,,,,1,,,,,,,,,,,,,,,,,,,,,,,,,,,,,,9,,,,,,,,,1,,,,,,,,,,,,,,,,,9,,,,,,1,,,,1,,,,,,2,,,,,,,,,,,,,,,,,,,,,,,,,,,,,,,,,,4,,,,,,,,,,,,,,,,,,,,,,,,,,,,,,,,,,,,,,,,,,,,,,,,,,,,,,,,,,,,,,,,,,,,,,,,,,,,,9,,,,,,,,,,,,,,,,,,,,,,,,,,,,,,,,,,,,,9,,,,,,,,,,,,,,,,,,,,,,,,,,,,,,,,,,,,,,,8,,,,,,,,,,,1,,,,,,,,,,,,,,,,,22,,,,,,,,,,,,,,,,,,,,,,,,,,,,,9,,,,,,,,,,,,,,,,,,,9,,,,,,,,,,,,,,,,,,,,,,,,,,,,,,,,,,,,,,,,,,,,,,,,,,,1,,,,,,,,,,,,,1,,,,,,,,,,,,,,,,,,,1,,,,,,,,,,,,,,,,,,,,,,,,,,,,,,,,,1,,,1,,,,,,,,,,,,,,,,,,,,,,,,,,,,,,1,,,1,,,,,,,,,,,,,,,,,,,21,,,,,,,,,,,,,,,,,,,,,,,,,,,,,,,,,,,,,,,,,,,,,,,,,,,,,,,,,,,,,,,,,,,,,,,,,,,,,,,,,,,,,1,,,,,,,,,,,,,,,,,,,,,,,70,,,,,,,,,,,,,,,,,,,,,,,,,,,,,,,9,,,,2,,,,,,,,,9,,,,,,,,,,,,,,1,,9,,,,,,,,,,,1,,,,,,,,,,,,,,,,,,,,,,,,,,,,,,,,1,,,,,,,,,,,,,,,,,,,,,1,12,,,,,,,,,,,,,,,,,,,,,,,,,,,,,,,,,,,,,,,,,,,1,,,,,,,
SpectralAngularOpticalProperties_TableData.idf,,,,,,,,,,,,,,,,,5,,,,,,,,,4,,,,,,,,,,,,,,,,,,,,2,,,,,,,,,,,,,,,,1,1,,,,,,,,,,,,,,3,,3,,,,,,1,,,,1,1,,,,,,,,,,,,3,3,,,,,,,,,3,,,,,,2,,,,,,,,,,,,,,,,,,,,,,,,,,,,,,,,,,12,,,,,,,,,,,,,,,,,,,,,,,,,,,,,,,,,,,,,,,,,,,,,,,,,,,1,,,,,,,,,,,,,,1,,,,,,,,,,,,,,,,,,,,,,,1,,,,,,,,,,,,,,,,,,,,,,,,,,12,,1,,,,,,,,,,,,,,,,,,,2,,,,,,,,,,,,,,,,,,9,,,,,,,,,,,1,,,,,,,,,,,,,,,,,15,,,,,,,,,,,,,,,1,,,,,,,,,,,,,,,,,,,,,,,,,,,,,,,,,5,,,,,,,,,,,,,,,,,,,,,,,,,,,,,,,,,,,,,,1,,,,,1,,,3,,,,,1,,,,,,,,,,,,,1,,,,,,,,,1,,,3,,,,,,,,1,,,,,,,1,,,,1,,,,,3,,,,1,,,,,,,,3,,,,1,,,,,,,1,,,,,,,,,,,,,,,,,,,,,,,,,,1,,,1,,,,,,,,,1,,,,,,,,,,4,,,,1,,2,,1,,,,,,,,,,,,,,,,,,,,,,,,,,1,,,,,,,,,,,,,,,1,,,,,,,,,,,,,1,,1,,,,,,,,,,,,,,,,,,,,,1,,,,,,,,,,,,,,,,,,,,,,,34,,,,,,,,,1,,,,,,,,,,,,,,,1,,,,,,,1,,,,,1,,,,,,,,3,,,,,,,,,,,,,,1,,3,,,,,,,,,,1,1,,,,,,,,,,,,,,,,,,,,,,,,,,,,,,,,1,,,,1,,,,,,,,2,,,,,,,,,1,10,,,,,,,,,,,,,,,,,,,,,,,,,,,,,,,,,,,,,1,,,,,,1,,,,1,,,
StackedZonesWithInterzoneIRTLayers.idf,,,,,,,,,,,,,,,,,4,,,,,,,,,3,,,,,,,,,,,,,,,,,,,,1,,,,,,,,,,,,,,,,,,,,,,,,,,,,,,,,,,,,,,,1,,,,,,,,,,,,,,,,,3,,,,,,2,,,,1,,,,4,,2,,,,,,,,,,,,,,,,,,,,,,,,,,,,,,,,,,8,,,,,,,,,,,,,,,,,,,,,,,,,,,,,,,,,,,,,,,,,,,,,,,,,,,,,,,,,,,,,,,,,,,,,,,,,,,,,,,,,,,,,,,,,,,,,,,,,,,,,,3,,,,,,,,,6,,,6,,,,,,,,,,,,,,,,,,,,,,,,,,,,,,,,,,,,,,,6,,,,,,,,,,,1,,,,,,,,,,,,,,,,,7,,,,,,,,,,,,,,,,,,,,,,,,,,,,,3,,,,,,,,,,,,,,,,,,,3,,,,,,,,,,,,,,,,,,,,,,,,,,,,1,,,,,,,,,,,,,,,,,,,,,,,1,,,,,,,,,,,,,1,,,,,,,,,,,,,,,,,,,,,,,,,,,,,,,,,,,,,,,1,,,,,,,,,,,,,1,,,,,,,,,,,,,,,,,,,,,,,,,,,,,,,,,1,,,1,,,,,,,,,,,,,,,,,,,2,,,,,,,,1,,,,,,,,,,,,,,,,,,,,,,,,,,,,,,,,,,,,,,,,,,,,,,,,,,,,,,,,,,,,,,,,,,,,,,,3,,,,,,,,,,,,,,,,,,,,,,,,,,,,,18,,,,,,,,,,,,,,,,,,,,,,,,,,,,,,,,,,,,1,,,,,,,,3,,,,,,,,,,,,,,1,,3,,,,,,,,,,,1,,,,,,,,,,,,,,,,,,,,,,,,,1,,,,,,,,,,,,,,,,,,,,,,,,,,,,1,5,,,,,,,,,,,,,,,,,,,,,,,,,,,,,,,,,,,,,,,,,,,1,,,,,,,
Standard621SimplifiedProcedure_PIUterminal.idf,,,,,,,3,,,,,,1,,,,5,,,,,,,,,3,,,,,1,,,,,,,1,,,,,,,,1,,1,,,,,,,,,,,,,,27,,,,,,,,,,,,,,3,,1,,,,,,,1,,,,,,,,,,,2,,,,,,3,,,,,,,,,,1,,,,,,2,,,,,,1,,,,,,,,,,,,,,,,3,,,,,,,,,,,,10,,,,,,,,,,,,,,,,,,,,,,,,,,,,,,,,,,,,,,,,,,,,,,,,,,,,,,,,,,,,,,,,,,,,,,,,,,,,,,,,,,,,,,,,1,1,,,,,,,,,,,,,,,,,,,,,,,,2,27,,,,,,,,,,,,,,,,,,,,,,,,1,,,,,,,,,,,,,,,5,,,,,,,,1,,,1,,,,,,,,,,,,,,,,1,16,,,,,,,,,,,,,,,,,,,,,,,,,15,1,,,,,,,,,,,,,,,,,,,,,,8,,,,,,6,,,,,,,,,,,,,,,,,,,,,,,,,,,,,,,,1,,,,,,,,3,,,,,1,,,,,,,,,,,,,1,1,,,,,,,,,,1,3,,,,,,,,,,,,,,,,,,,3,,,,,2,,,,,,,,,,,,3,,,,1,,,,,,,1,,,,,2,,,,,,,,,,,,,,,,,,,,,1,,,1,,,,,,,,,1,,,3,,,2,,,3,1,,,,,,,,1,,,,,,,,,,,,,,,,,,,,,2,,,,,,,,,,,,,,,,,,,,,,,,,,,,,,,,,7,,,,,1,,,,,,,,,6,,,,,,,,,1,,,,,,,,,,,,,,,,,,,,,,,20,,,,,,,,,,,,,,,3,1,,,,,,,,,,6,,,,,1,,,,,,,,,,,,,3,,,,,,,,,,,,,,1,,3,,,,,,,,,,,1,,,,,2,4,,,,,1,,,,,,,,,,,,,,,,,,,,,1,,,,,,,,,,,,,,,,,,,,,1,9,,,,,,,,,,,,,,,,,,,,,,,,1,,,,,,,,,,,,,1,,,,,,1,,,,1,,,
Standard621SimplifiedProcedure_VAVterminal.idf,,,,,,,2,,,,,,5,,,,6,,,,,,,,,7,,,,,,,,,,,4,,,,,,,,,1,,,,,,,,,,,,,,,,29,,,,,,,,,,,,,,5,,4,1,,1,,,,1,,,,,2,,,,,,,,,,,,5,,,,,,2,,,,4,,,,,,2,,,,,,1,,,,,,,,,,,,,,,,5,,,,,,2,,,,,,20,,,,,,,,,,,,,,,,,,,,,,,,,,,,,,,2,,,,,,,,,,,,,,,,5,,,,,,,,,,,,,,,,,,2,1,,,,,,,,,,,2,,,,,,,,,,,2,2,,,,,,,,,,,,,2,,,,,,,,,,,2,39,,1,,,,,,,,,,,,,,,,,,,,,,,,,,,,,,,,,,,,,7,,,,,,,,,,,1,,,,,,,,,,,,,,,,,22,,,,,,,,,,,,,,,,,,,,,,,,,10,,,,,,,,,,,,,,,,,,,,,,,3,,,,,,4,,,,,,,,,,,,,,,,,,,,,,,,,,,,,,,,4,,,,,,,,5,,,,,1,,,,,,,,,,,,,1,2,,,,,,,,,,,5,,,,,,,,,,,,,,,,,,,,,,,,5,,,1,,,,,,,,,5,,,,1,,,,,,,2,,,,,2,,,,,,,,,,,,,,,,,,,,,1,,,1,,,,,,,,,3,,,2,,,,,,5,6,,,,2,,,,1,,,,,,,,,,,,,,,,,,2,,,1,,,1,,,,,,,,,,,,,,,,,2,,,,,,,,,,,,,6,,3,,,8,,,,,,,,,4,,,2,,,,,,1,,,,,,,,,,,,,,,,,,,,,,,44,,,,,,,,,2,,,,,,9,1,,,,,,,,,,4,,,,,1,,,,,,,,,,,,,5,,,,,,,,,,,,,,1,,5,,,,,,,,,,,1,,,,,2,10,,,,,,,,,,,,,,,,,,,,,,,,,,1,,,,,,,,,,,,,,,,,,,,,1,10,,,2,,,,,,,,,,,,,,,,,,,,,1,,,,,,,,,,,,,2,,,,,,1,,,,2,,,
SteamSystemAutoSize.idf,,,,,,,2,,,,,1,5,,,,6,,,,,,,,,6,,,,,,,,,,,4,,,,,,,,,2,,,,,,,,,,,,,,,,21,,,,,,,,,,,,,,5,,,,,,,,,1,,,,,1,,,,,,,,,,,,5,,,,,,2,,,,4,,,,,,2,,,,,,1,,,,,,,,,,6,,,,,,5,,,,,,1,,,,,,,,,,,,,,,,,,,,,,,,,,,,,,,,,,,,,,,,,,,,,4,,,,,,,,,,,,,,,,,,,,,,,,,,1,,,,,,,,,,,,2,,,,,,,,,,,1,1,,,,,,,,,,,,,5,,,,,,,,,,,2,19,,1,,,,,,,,,,,,,,,,,,,,,,,,,,,,,,,,,,,,,7,1,,,,,,,,,,1,,,,,,,,,,,,,,,,,19,,,,,,,,,,,,,,,,,,,,,,,,,5,,,,,,,,,,,,,,,,,,,,,,,7,,,,,,4,,,,,,,,,,,,,,,,,,,,,,,,,,,,,,,,2,,,,,,,,5,,,,,1,,,,,,,,,,,,,1,1,,,,,,,,,,,5,,,,,,,,,,,,,,,,,,,,,,,,5,,,,,,,,,,,,5,,,,1,,,1,,,,1,,,,,2,,,,,,,,,,,,,,,,,,,,,1,7,,1,,,,,,,,,1,,,1,,,,,,5,6,,,,1,,,,1,,,,,,,,,,,,,,,1,,,,,,1,,,,,,,,,,,,,,,,,,,,1,,,,,,,,,,,,,5,,3,,,1,,,,,,,,,4,,,5,,,,,,1,,,,,,,,,,,,,,,,,,,,,,,44,,,,,,,,,1,,,,,,,1,,1,,,,,,,,4,,,,,5,,,,,,,,,,,,,5,,,,,,,,,,,,,,1,,5,,,,,,,,,,,1,,,,,2,5,,,,,,,,,,,,,,,,,,,,,,,,,,1,,,,,,,,,,,,,,,,,,,,,1,10,,,2,,,,,,,,,,,,,,,,,,,,,,,,,,,,,,,,,,1,,,,,,1,,,,1,,,
SteamSystemAutoSize_DistrictHeatingSteam.idf,,,,,,,2,,,,,1,5,,,,6,,,,,,,,,6,,,,,,,,,,,4,,,,,,,,,2,,,,,,,,,,,,,,,,21,,,,,,,,,,,,,,5,,,,,,,,,1,,,,,1,,,,,,,,,,,,5,,,,,,2,,,,4,,,,,,2,,,,,,1,,,,,,,,,,6,,,,,,5,,,,,,1,,,,,,,,,,,,,,,,,,,,,,,,,,,,,,,,,,,,,,,,,,,,,4,,,,,,,,,,,,,,,,,,,,,,,,,,1,,,,,,,,,,,,2,,,,,,,,,,,1,1,,,,,,,,,,,,,5,,,,,,,,,,,2,38,,1,,,,,,,,,,,,,,,,,,,,,,,,,,,,,,,,,,,,,7,1,,,,,,,,,,1,,,,,,,,,,,,,,,,,19,,,,,,,,,,,,,,,,,,,,,,,,,5,,,,,,,,,,,,,,,,,,,,,,,7,,,,,,4,,,,,,,,,,,,,,,,,,,,,,,,,,,,,,,,2,,,,,,,,5,,,,,1,,,,,,,,,,,,,1,1,,,,,,,,,,,5,,,,,,,,,,,,,,,,,,,,,,,,5,,,,,,,,,,,,5,,,,1,,,1,,,,1,,,,,2,,,,,,,,,,,,,,,,,,,,,1,4,,1,,,,,,,,,1,,,1,,,,,,5,6,,,,1,,,,1,,,,,,,,,,,,,,,1,,,,,,1,,,,,,,1,,,,,,,,,,,,,1,,,,,,,,,,,,,5,,3,,,1,,,,,,,,,4,,,5,,,,,,1,,,,,,,,,,,,,,,,,,,,,,,44,,,,,,,,,1,,,,,,,1,,,,,,,,,,4,,,,,5,,,,,,,,,,,,,5,,,,,,,,,,,,,,1,,5,,,,,,,,,,,1,,,,,2,5,,,,,,,,,,,,,,,,,,,,,,,,,,1,,,,,,,,,,,,,,,,,,,,,1,10,,,2,,,,,,,,,,,,,,,,,,,,,,,,,,,,,,,,,,1,,,,,,1,,,,1,,,
StormWindow.idf,,,,,,,,,,,,,,,,,4,,,,,,,,,3,,,,,,,,,,,,,,,,,,,,,,,,,,,,,,,,,,,,,,,,,,,,,,,,,,,,,,,,,,,1,,,,,,,,,,,,,,,,,3,,,,,,,,,,1,,,,,,2,,,,,,,,,,,,,,,,,,,,,,,,,,,,,,,,,,6,,,,,,,,,,,,,,,,,,,,,,,,,,,,,,,,,,,,,,,,,,,,,,,,,,,,,,,,,,,,,,,,,,,,,,,,,,,,,,,,,,,,,,,,,,,,,,,,,,,,,,1,,,,,,,,,,,,12,,,,,,,,,,,,,,,,,,,,,,,,,,,,,,,,,,,,,,,5,,,,,,,,,,,1,,,,,,,,,,,,,,,,,10,,,,,,,,,,,,,,,,,,,,,,,,,,,,,3,,,,,,,,,,,,,,,,,,,3,,,,,,,,,,,,,,,,,,,,,,,,,,,,,,,,,,,,,,,,,,,,,,3,,,,,1,,,,,,,,,,,,,1,,,,,,,,,,,,,,,,,,,1,,,,,,,,,,,,,,,,,2,,,,,,,,,,,,3,,,,1,,,,,,,,,,,,,,,,,,,,,,,,,,,,,,,,,1,,,1,,,,,,,,,,,,,,,,,,,1,,,,,,,,1,,,,,,,,,,,,,,,,,,,,,,,,,,,,,,,,,,,,,,,,,,,,,,,,,,,,,,,,,,,,,,,,,,,,,,,1,,,,,,1,,,,,,,,,,,,,,,,,,,,,,,20,,,,,,,,,,,,,,,,,,,,,,,,,,,,,,,,,,,,,,,,,,,,3,,,,,,,,,,,,,,1,,3,,,,,,,,,,,1,,,,,,,,,,,,,,,,,,,,,,,,,,,,,,,,1,,,,,,,,,,,,,,,,,,,,,1,9,,,,,,,,,,,,,,,,,,,,,,,,,,,1,,,,,,,,,,,,,,,,1,,,,,,,
StripMallZoneEvapCooler.idf,,,,,,1,,1,,,,,,,,,7,,,,,,,,,10,,,1,,,,,,,,3,,,,,,,,,1,,,,,,,,,,,,,,,,,,,,,,,,,,,,,,10,,,,,,,,,1,9,,,4,,,,,,,,,,,,,10,,1,,,1,,,,,,,,,,,2,,,,,,1,,1,,,,,,,,,,,,,,10,,,,,,,,,,,,,,,,1,1,,,,,,,,,,,2,,,,,,,,,,,,,,,,,,,,,,,,,,,,,,,,,,,,,,,,,,,,,,,,,,,,,,,,,,,2,,,,,,,,5,,,,,,,,,,,,,,,2,,,,,,,,,,,,,10,,,20,,,,,,,,,,,,,,,,,,,,,,,,,,,,,,,,,,,,,,,7,,1,,,,,,10,,,1,,,,,,,,,,,,,,,,,13,,,,,,,,,,,,,,,,,,,,,,,,,,,,,,,,,,,,,,,,,,,,,,,,,,,,,,,,,,,,,,,,,,,,,,,,,,,,1,,,,,,,,,,,,,,,,,,10,,,,,,,,1,,,,,,,,,,1,4,,,,3,,,,,,,,,,1,,,,,,,,,,,,,,,,,,1,,,10,,,,,,,,,,,,10,,,,1,,,1,,,,,,,,,,,,,,,,,,,,2,,,,,,,,,,1,1,1,1,,,,,,,,,10,,,,,,,,,10,48,,,,,,,,1,,,,,,10,,,,,,,,,,,,,,,,,,15,,,,,2,,,,,,4,,,,,,,,,,,,,,,,,,,,,,,,,,,,,,,,,,,,,,,,,,1,,,,,,,10,,,,,,,,,,,,,,,,60,,1,,,,,,,,,,,,,,,,,,,,,,,2,,,,,,10,,,,,,,,,,,,,10,,,,,,,,,,,,,,1,,10,,,,,,1,1,,,,1,,,,,,,,,,,,,,,,,,1,10,,,,,,,,,,,,,1,,,,,,,,,,,,,,,,,1,,,,1,14,,,,,,,,,,,,,,,,,,1,,,,,,,,,,,,,,,,,,,,,,,,,1,,,,,,,
StripMallZoneEvapCoolerAutosized.idf,,,,,,,,1,,,,,,,,,7,,,,,,,,,10,,,1,,,,,,,,3,,,,,,,,,1,,,,,,,,,,,,,,,,,,,,,,,,,,,,,,10,,,,,,,,,1,9,,,,,,,,,,,,,,,,10,,1,,,,,,,,,,,,,,2,,,,,,1,,1,,,,,,,,,,,,,,10,,,,,,,,,,,,,,,,1,1,,,,,,,,,,,2,,,,,,,,,,,,,,,,,,,,,,,,,,,,,,,,,,,,,,,,,,,,,,,,,,,,,,,,,,,2,,,,,,,,5,,,,,,,,,,,,,,,2,,,,,,,,,,,,,10,,,20,,,,,,,,,,,,,,,,,,,,,,,,,,,,,,,,,,,,,,,7,,1,,,,,,10,,,1,,,,,,,,,,,,,,,,,13,,,,,,,,,,,,,,,,,,,,,,,,,,,,,,,,,,,,,,,,,,,,,,,,,,,,,,,,,,,,,,,,,,,,,,,,,,,,1,,,,,,,,,,,,,,,,,,10,,,,,,,,1,,,,,,,,,,1,,,,,3,,,,,,,,,,1,,,,,,,,,,,,,,,,,,1,,,10,,,,,,,,,,,,10,,,,1,,,1,,,,,,,,,,,,,,,,,,,,2,,,,,,,,,,1,1,1,1,,,,,,,,,10,,,,,,9,,,10,48,,,,,,,,1,,,,,,10,,,,,,,,,,,,,,,,,,15,,,,,2,,,,,,4,,,,,,,,,,,,,,,,,,,,,,,,,,,,,,,,,,,,,,,,,,1,,,,,,,10,,,,,,,,,,,,,,,,60,,1,,,,,,,,,,,,,,,,,,,,,,,2,,,,,,10,,,,,,,,,,,,,10,,,,,,,,,,,,,,1,,10,,,,,,2,1,,,,1,,,,,,,,,,,,,,,,,,1,10,,,,,,,,,,,,,1,,,,,,,,,,,,,,,,,1,,,,1,14,,,,,,,,,,,,,,,,,,1,,,,,,,,,,,,,,,,,,,,,,,,,1,,,,,,,
StripMallZoneEvapCoolerRHcutoff.idf,,,,,,1,,1,,,,,,,,,7,,,,,,,,,10,,,1,,,,,,,,3,,,,,,,,,1,,,,,,,,,,,,,,,,,,,,,,,,,,,,,,10,,,,,,,,,1,9,,,4,,,,,,,,,,,,,10,,1,,,1,,,,,,,,,,,2,,,,,,1,,1,,,,,,,,,,,,,,10,,,,,,,,,,,,,,,,1,1,,,,,,,,,,,2,,,,,,,,,,,,,,,,,,,,,,,,,,,,,,,,,,,,,,,,,,,,,,,,,,,,,,,,,,,2,,,,,,,,5,,,,,,,,,,,,,,,2,,,,,,,,,,,,,10,,,6,,,,,,,,,,,,,,,,,,,,,,,,,,,,,,,,,,,,,,,7,,1,,,,,,10,,,1,,,,,,,,,,,,,,,,,13,,,,,,,,,,,,,,,,,,,,,,,,,,,,,,,,,,,,,,,,,,,,,,,,,,,,,,,,,,,,,,,,,,,,,,,,,,,,1,,,,,,,,,,,,,,,,,,10,,,,,,,,1,,,,,,,,,,1,4,,,,3,,,,,,,,,,1,,,,,,,,,,,,,,,,,,1,,,10,,,,,,,,,,,,10,,,,1,,,1,,,,,,,,,,,,,,,,,,,,2,,,,,,,,,,1,1,1,1,,,,,,,,,10,,,,,,,,,10,48,,,,,,,,1,,,,,,10,,,,,,,,,,,,,,,,,,15,,,,,2,,,,,,4,,,,,,,,,,,,,,,,,,,,,,,,,,,,,,,,,,,,,,,,,,1,,,,,,,10,,,,,,,,,,,,,,,,60,,1,,,,,,,,,,,,,,,,,,,,,,,2,,,,,,10,,,,,,,,,,,,,10,,,,,,,,,,,,,,1,,10,,,,,,1,1,,,,1,,,,,,,,,,,,,,,,,,1,10,,,,,,,,,,,,,1,,,,,,,,,,,,,,,,,1,,,,1,14,,,,,,,,,,,,,,,,,,1,,,,,,,,,,,,,,,,,,,,,,,,,1,,,,,,,
Supermarket.idf,,,,,,,,,,,,,,,,,7,,,,,,,,,2,,,,,,,,,,,1,,,,,,,,,2,,,,,,,,,,,,,,,,1,,,,,,,,,,1,,,,,2,,7,,,,,,1,,,,,1,2,,,,,,3,,,,,2,,,,,1,1,,,,1,,,,,,2,,,,,,,,,,,,,,,,,,,,,,,,,,,,,,,,,,9,,,,,,,,,,,,,,,,,,,,,,,,,,,,,,,,,,,,,,,,,,,,,,,,1,,,,,,,,,,,,,,,,,1,,,,,,,,,,,,,,,,,,,,,,,1,,,,,,,,,,,,,,,,,,,,,,,4,,,52,,1,,7,,,,,,,,,,,,,,,,,2,,,,,,,,,,,,,,,,,,8,,,,,,,,,,,1,,,,,,,,,,,,,,,,,32,,,,,,,,,,,,,,,,,,,,,,,,,,,,,,,,,,,,,,,,,,,,,,,,3,,,,,,,,,,,,,,,,,,,,,2,,,,,,,,,,,,,,,,,1,,,,,,,,4,,,,,1,,,,,,,,,,,,,1,,,,,,,,,,,,2,,,,,,,1,2,,,,,,,,,,,1,,,,,2,,,1,,,,,,,,,2,,,,1,,,1,,,,1,,,,,,,,,,,,,,,,,,,,,,,,,,1,,,1,,,,,,,,,2,,,,,,,,,,3,,,,2,,,,1,,,,,,,,,,,,,,,,,,,,,,,,2,,,,,,,,,,,,,,,,,1,,,,,,,,,,,,,1,,1,,,,,,,,,,,,,,,,,,,,,1,,,,,,,,,,,,,,,,,,,,,,,12,,,,,1,,,,1,,,,,,,,,,,,,,,,,,,,,,1,,,,,,,,,,,,,2,,,,,,,,,,,,,,1,,1,,,,,,,,,,,1,,,,,,,,,1,,,,,,,,,1,,,,,,,,,,,,,,1,7,,,1,,,,,,,,,,,,,,,,,1,13,,,,,,,,,,,,,,,,,,,,,,,,,,,,,,,,,,,,,1,,,,,,1,,,,1,,,
SuperMarketDetailed_DesuperHeatingCoil.idf,,,,,,,,,,,,,,,,,7,,,,,,,,,2,,,,,,,,,,,1,,,,,,,,,2,,,,,,,,,,,,,,,,1,,,,,,,,,,1,,,,2,1,,7,,,,,,1,,,,,1,2,,,,,,1,,,,,2,,,,,1,1,,,,1,,,,,,2,,,,,,,,,,,,,,,,,,,,,,,,,,,,,,,,,,9,,,,,,,,,,,,,,,,,,,,,,,,,,,1,,,,,,,,,,,,,,,,,,,,,1,136,,,,,,,,,,,,,,,,1,,,,,,,,,,,,,,,,,,,,,2,,1,,,,,,,,,,,,,,,,1,,,,,,,4,,,68,,1,,7,,,,,,,,,,,,,,,,,3,,,,,,,,,,2,,,,,,,,8,,,,,,,,,,,1,,,,,,,,,,,,,,,,,36,,,,,,,,,,,,,,2,,,,,,,,,,,,,,,,,,,,,,,,,,,,,,,,,,3,,,,6,,,,,,,,,,2,,,,,,,2,,,,,,,,,,,,,,,,,1,,,,,,,,4,,,,,1,,,,,,,,,,,,,1,,,,,,,,,,,,2,,,,,,,1,2,,,,,,,,,,,1,,,,,2,,,1,,,,,,,,7,2,,,,1,,,,,,,1,,,,,,,,,,,,,,,,,,,,,,,,,,1,,,1,,,,,,,,,2,,,,,,,,,,3,,,,2,,,,1,,,,,,,,,,,,,,,,,,,,,,,,2,,,,,,,,,,,,,,,,,1,,,,,,,,,,,,,1,,1,,,,,,,,,,,,,,,,,,,,,1,,,,,,,,,,,,,,,,,,,,,,,12,,,,,1,,,,1,,,,,,,,,,,,,,,,,,,,,,1,,,,,,,,,,,,,2,,,,,,,,,,,,,,1,,1,,,,,,,,,,,1,,,,,,,,,1,,,,,,,1,,1,,,,,,,,,,,,,,1,7,,,1,,,,,,,,,,,,,2,,,,1,13,,,,6,,,,,,,,,,,,,,,,,,,,,,,,,,,,,,1,,,1,,,,,,1,,,,1,,,
SupermarketSecondary.idf,,,,,,,,,,,,,,,,,7,,,,,,,,,2,,,,,,,,,,,1,,,,,,,,,2,,,,,,,,,,,,,,,,1,,,,,,,,,,1,,,,,2,,7,,,,,,1,,,,,1,2,,,,,,1,,,,,2,,,,,1,1,,,,1,,,,,,2,,,,,,,,,,,,,,,,,,,,,,,,1,,,,,,,,,1,9,,,,,,,,,,,,,,,,,,2,,,,,,,,,,,,,,,,,,,,,,,,,,,,,,1,140,,,,,,,,,,,,,,,,1,,,,,,,,,,,,,,,,,,,,,2,,1,,,,,,,,,,,,,,,,,,,,,,,4,,,110,,1,,8,,,,,,,,,,,,,,,,,2,,,,,,,,,,2,,,,,,,,8,,,,,,,,,,,1,,,,,,,,,,,,,,,,,36,,,,,,,,,,,,,,2,,,,,,,,,,,,,,,,,,,,,,,,,,,,,,,,,,3,,,,6,,,,,,,,,40,5,,,,,,,2,,,,,,,,,,,,,,,,,1,,,,,,,,4,,,,,1,,,,,,,,,,,,,1,,,,,,,,,,,,2,,,,,,,1,2,,,,,,,,,,,1,,,,,2,,,1,,,,,,,,14,2,,,,1,,,,,,,1,,,,,,,,,,,,,,,,,,,,,,,,,,1,,,1,,,,,,,,,2,,,,,,,,,,3,,,,2,,,,1,,,,,,,,,,,,,,,,,,,,,,,,2,,,,,,,,,,,,,,,,,1,,,,,,,,,,,,,1,,1,,,,,,,,,,,,,,,,,,,,1,1,,,,,,,,,,,,,,,,,,,,,,,12,,,,,1,,,,1,,,,,,,,,,,,,,,,,,,,,,1,,,,,,,,,,,,,2,,,,,,,,,,,,,,1,,1,,,,,,,,,,,1,,,,,,,,,1,,,,,,,,,1,,,,,,,,,,,,,,1,8,,,1,,,,,,,,,,,,,2,,,,1,13,,,,6,,,,,,,,,,,,,,,,,,,,,,,,,,,,,,3,,,1,,,,,,1,,,,1,,,
SupermarketSubCoolersVariableSuction.idf,,,,,,,,,,,,,,,,,7,,,,,,,,,2,,,,,,,,,,,1,,,,,,,2,,2,,,,,,,,,,,,,,,,1,,,,,,,,,,1,,,,,2,,7,,,,,,1,,,,,1,2,,,,,,1,,,,,2,,,,,1,1,,,,1,,,,,,2,,,,,,,,,,,,,,,,,,,,,,,,1,,,,,,,,,,9,,,,,,,,,,,,,,,,,,,,,,,,,,,,,,,,,,,,,,,,,,,,,,,,1,136,,,,,,,,,,,,,,,,1,,,,,,,,,,,,,,,,,,,,,2,,1,,,,,,,,,,,,,,,,,,,,,,,4,,,59,,1,,8,,,,,,,,,,,,,,,,,2,,,,,,,,,,2,,,,,,,,8,,,,,,,,,,,1,,,,,,,,,,,,,,,,,36,,,,,,,,,,,,,,2,,,,,,,,,,,,,,,,,,,,,,,,,,,,,,,,,,3,,,,6,,,,,,,,,,2,,,,,,,2,,,,,,,,,,,,,,,,,1,,,,,,,,4,,,,,1,,,,,,,,,,,,,1,,,,,,,,,,,,2,,,,,,,1,2,,,,,,,,,,,1,,,,,2,,,1,,,,,,,,7,2,,,,1,,,,,,,1,,,,,,,,,,,,,,,,,,,,,,,,,,1,,,1,,,,,,,,,2,,,,,,,,,,3,,,,2,,,,1,,,,,,,,,,,,,,,,,,,,,,,,2,,,,,,,,,,,,,,,,,1,,,,,,,,,,,,,1,,1,,,,,,,,,,,,,,,,,,,,,1,,,,,,,,,,,,,,,,,,,,,,,12,,,,,1,,,,1,,,,,,,,,,,,,,,,,,,,,,1,,,,,,,,,,,,,2,,,,,,,,,,,,,,1,,1,,,,,,,,,,,1,,,,,,,,,1,,,,,,,,,1,,,,,,,,,,,,,,1,7,,,1,,,,,,,,,,,,,2,,,,1,13,,,,6,,,,,,,,,,,,,,,,,,,,,,,,,,,,,,1,,,1,,,,,,1,,,,1,,,
SupermarketTranscriticalCO2.idf,,,,,,,,,,,,,,,,,7,,,,,,,,,2,,,,,,,,,,,1,,,,,,,,,2,,,,,,,,,,,,,,,,1,,,,,,,,,,1,,,,,2,,7,,,,,,1,,,,,1,2,,,,,,1,,,,,2,,,,,1,1,,,,1,,,,,,2,,,,,,,,,,,,,,,,,,,,,,,,1,,,,,,,,,,9,,,,,,,,,,,,,,,,,,,,,,,,,,,,,,,,,,,,,,,,,,,,,1,,,1,158,,,,,,,,,,,,,,,,1,,,,,,,,,,,,,,,,,,,,,2,,1,,,,,,,,,,,,,,,,,,,,,,,4,,,57,,1,,8,,,,,,,,,,,,,,1,,,2,,,,,,,,,,,,,,,,,,8,,,,,,,,,,,1,,,,,,,,,,,,,,,,,36,,,,,,,,,,,,,,,,,,,,,,,,,,,,,,,,,,,,,,,,,,,,,,,,3,,,,6,,,,,,,,,,2,,,,,,,2,,,,,,,,,,,,,,,,,1,,,,,,,,4,,,,,1,,,,,,,,,,,,,1,,,,,,,,,,,,2,,,,,,,1,2,,,,,,,,,,,1,,,,,2,,,1,,,,,,,,7,2,,,,1,,,1,,,,1,,,,,,,,,,,,,,,,,,,,,,,,,,1,,,1,,,,,,,,,2,,,,,,,,,,3,,,,2,,,,1,,,,,,,,,,,,,,,,,,,,,,,,2,,,,,,,,,,,,,,,,,1,,,,,,,,,,,,,1,,1,,,,,,,,,,,,,,,,,,,,,1,,,,,,,,,,,,,,,,,,,,,,,12,,,,,1,,,,1,,,,,,,,,,,,,,,,,,,,,,1,,,,,,,,,,,,,2,,,,,,,,,,,,,,1,,1,,,,,,,,,,,1,,,,,,,,,1,,,,,,,,,1,,,,,,,,,,,,,,1,7,,,1,,,,,,,,,,,,,1,,,,1,13,,,,6,,,,,,,,,,,,,,,,,,,,,,,,,,,,,,1,,,1,,,,,,1,,,,1,,,
SupermarketTwoStageFlashIntercooler.idf,,,,,,,,,,,,,,,,,7,,,,,,,,,2,,,,,,,,,,,1,,,,,,,,,2,,,,,,,,,,,,,,,,1,,,,,,,,,,1,,,,,2,,3,,,,,,1,,,,,1,2,,,,,,,,,,,2,,,,,1,1,,,,1,,,,,,2,,,,,,,,,,,,,,,,,,,,,,,,1,,,,,,,,,,9,,,,,,,,,,,,,,,,,,,,,,,,,,,,,,,,,,,,,,,,,,,,,,,,1,136,,,,,,,,,,,,,,,,1,,,,,,,,,,,,,,,,,,,,,4,,1,,,,,,,,,,,,,,,,,,,,,,,4,,,60,,1,,8,,,,,,,,,,,,,,,,,2,,,,,,,,,,3,,,,,,,,8,,,,,,,,,,,1,,,,,,,,,,,,,,,,,36,,,,,,,,,,,,,,3,,,,,,,,,,,,,,,,,,,,,,,,,,,,,,,,,,3,,,,8,,,,,,,,,,2,,,,,,,2,,,,,,,,,,,,,,,,,1,,,,,,,,4,,,,,1,,,,,,,,,,,,,1,,,,,,,,,,,,2,,,,,,,1,2,,,,,,,,,,,1,,,,,2,,,1,,,,,,,,7,2,,,,1,,,,,,,1,,,,,,,,,,,,,,,,,,,,,,,,,,1,,,1,,,,,,,,,2,,,,,,,,,,3,,,,2,,,,1,,,,,,,,,,,,,,,,,,,,,,,,2,,,,,,,,,,,,,,,,,1,,,,,,,,,,,,,1,,1,,,,,,,,,,,,,,,,,,,,,1,,,,,,,,,,,,,,,,,,,,,,,12,,,,,1,,,,1,,,,,,,,,,,,,,,,,,,,,,1,,,,,,,,,,,,,2,,,,,,,,,,,,,,1,,1,,,,,,,,,,,1,,,,,,,,,1,,,,,,,,,1,,,,,,,,,,,,,,1,7,,,1,,,,,,,,,,,,,3,,,,1,13,,,,11,,,,,,,,,,,,,,,,,,,,,,,,,,,,,,1,,,1,,,,,,1,,,,1,,,
SupermarketTwoStageShellCoilIntercooler.idf,,,,,,,,,,,,,,,,,7,,,,,,,,,2,,,,,,,,,,,1,,,,,,,,,2,,,,,,,,,,,,,,,,1,,,,,,,,,,1,,,,,2,,3,,,,,,1,,,,,1,2,,,,,,,,,,,2,,,,,1,1,,,,1,,,,,,2,,,,,,,,,,,,,,,,,,,,,,,,1,,,,,,,,,,9,,,,,,,,,,,,,,,,,,,,,,,,,,,,,,,,,,,,,,,,,,,,,,,,1,136,,,,,,,,,,,,,,,,1,,,,,,,,,,,,,,,,,,,,,4,,1,,,,,,,,,,,,,,,,,,,,,,,4,,,60,,1,,8,,,,,,,,,,,,,,,,,2,,,,,,,,,,3,,,,,,,,8,,,,,,,,,,,1,,,,,,,,,,,,,,,,,36,,,,,,,,,,,,,,3,,,,,,,,,,,,,,,,,,,,,,,,,,,,,,,,,,3,,,,8,,,,,,,,,,2,,,,,,,2,,,,,,,,,,,,,,,,,1,,,,,,,,4,,,,,1,,,,,,,,,,,,,1,,,,,,,,,,,,2,,,,,,,1,2,,,,,,,,,,,1,,,,,2,,,1,,,,,,,,7,2,,,,1,,,,,,,1,,,,,,,,,,,,,,,,,,,,,,,,,,1,,,1,,,,,,,,,2,,,,,,,,,,3,,,,2,,,,1,,,,,,,,,,,,,,,,,,,,,,,,2,,,,,,,,,,,,,,,,,1,,,,,,,,,,,,,1,,1,,,,,,,,,,,,,,,,,,,,,1,,,,,,,,,,,,,,,,,,,,,,,12,,,,,1,,,,1,,,,,,,,,,,,,,,,,,,,,,1,,,,,,,,,,,,,2,,,,,,,,,,,,,,1,,1,,,,,,,,,,,1,,,,,,,,,1,,,,,,,,,1,,,,,,,,,,,,,,1,7,,,1,,,,,,,,,,,,,3,,,,1,13,,,,11,,,,,,,,,,,,,,,,,,,,,,,,,,,,,,1,,,1,,,,,,1,,,,1,,,
Supermarket_CascadeCond.idf,,,,,,,,,,,,,,,,,7,,,,,,,,,2,,,,,,,,,,,1,,,,,,,,,2,,,,,,,,,,,,,,,,1,,,,,,,,,,1,,,,,2,,7,,,,,,1,,,,,1,2,,,,,,1,,,,,2,,,,,1,1,,,,1,,,,,,2,,,,,,,,,,,,,,,,,,,,,,,,1,,,,,,,,,,9,,,,,,,,,,,,,,,,,,,,,,,,,,,,,,,,,,,,,,,,,,,,,,,,,136,,,,,,,,,,,,,,,,1,,,,,,,,,,,,,,,,,,,,,3,,1,,,,,,,,,,,,,,,,,,,,,,,4,,,79,,1,,8,,,,,,,,,,,,,,,,,2,,,,,,,,,,2,,,,,,,,8,,,,,,,,,,,1,,,,,,,,,,,,,,,,,36,,,,,,,,,,,,,,3,,,,,,,,,,,,,,,,,,,,,,,,,,,,,,,,,,3,,,,6,,,,,,,,,,2,,,,,,,2,,,,,,,,,,,,,,,,,1,,,,,,,,4,,,,,1,,,,,,,,,,,,,1,,,,,,,,,,,,2,1,,,,,,1,2,,,,,,,,,,,1,,,,,2,,,1,,,,,,,,7,2,,,,1,,,,,,,1,,,,,,,,,,,,,,,,,,,,,,,,,,1,,,1,,,,,,,,,2,,,,,,,,,,3,,,,2,,,,1,,,,,,,,,,,,,,,,,,,,,,,,3,,,,,,,,,,,,,,,,,1,,,,,,,,,,,,,1,,1,,,,,,,,,,,,,,,,,,,,,1,,,,,,,,,,,,,,,,,,,,,,,12,,,,,1,,,,1,,,,,,,,,,,,,,,,,,,,,,1,,,,,,,,,,,,,2,,,,,,,,,,,,,,1,,1,,,,,,,,,,,1,,,,,,,,,1,,,,,,,,,1,,,,,,,,,,,,,,1,7,,,1,,,,,,,,,,,,,2,,,,1,13,,,,10,,,,,,,,,,,,,,,,,,,,,,,,,,,,,,1,,,1,,,,,,1,,,,1,,,
SuperMarket_DesuperHeatingCoil.idf,,,,,,,,,,,,,,,,,7,,,,,,,,,2,,,,,,,,,,,1,,,,,,,,,2,,,,,,,,,,,,,,,,1,,,,,,,,,,1,,,,2,1,,7,,,,,,1,,,,,1,2,,,,,,3,,,,,2,,,,,1,1,,,,1,,,,,,2,,,,,,,,,,,,,,,,,,,,,,,,,,,,,,,,,,9,,,,,,,,,,,,,,,,,,,,,,,,,,,,,,,,,,,,,,,,,,,,,,,,1,,,,,,,,,,,,,,,,,1,,,,,,,,,,,,,,,,,,,,,,,1,,,,,,,,,,,,,,,,1,,,,,,,4,,,52,,1,,7,,,,,,,,,,,,,,,,,2,,,,,,,,,,,,,,,,,,8,,,,,,,,,,,1,,,,,,,,,,,,,,,,,32,,,,,,,,,,,,,,,,,,,,,,,,,,,,,,,,,,,,,,,,,,,,,,,,3,,,,,,,,,,,,,,,,,,,,,2,,,,,,,,,,,,,,,,,1,,,,,,,,4,,,,,1,,,,,,,,,,,,,1,,,,,,,,,,,,2,,,,,,,1,2,,,,,,,,,,,1,,,,,2,,,1,,,,,,,,,2,,,,1,,,,,,,1,,,,,,,,,,,,,,,,,,,,,,,,,,1,,,1,,,,,,,,,2,,,,,,,,,,3,,,,2,,,,1,,,,,,,,,,,,,,,,,,,,,,,,2,,,,,,,,,,,,,,,,,1,,,,,,,,,,,,,1,,1,,,,,,,,,,,,,,,,,,,,,1,,,,,,,,,,,,,,,,,,,,,,,12,,,,,1,,,,1,,,,,,,,,,,,,,,,,,,,,,1,,,,,,,,,,,,,2,,,,,,,,,,,,,,1,,1,,,,,,,,,,,1,,,,,,,,,1,,,,,,,,,1,,,,,,,,,,,,,,1,7,,,1,,,,,,,,,,,,,,,,,1,13,,,,,,,,,,,,,,,,,,,,,,,,,,,,,,,,,,,,,1,,,,,,1,,,,1,,,
Supermarket_Detailed.idf,,,,,,,,,,,,,,,,,7,,,,,,,,,2,,,,,,,,,,,1,,,,,,,,,2,,,,,,,,,,,,,,,,1,,,,,,,,,,1,,,,,2,,3,,,,,,1,,,,,1,2,,,,,,,,,,,2,,,,,1,1,,,,1,,,,,,2,,,,,,,,,,,,,,,,,,,,,,,,1,,,,,,,,,,9,,,,,,,,,,,,,,,,,,,,,,,,,,,,,,,,,,,,,,,,,,,,,,,,1,136,,,,,,,,,,,,,,,,1,,,,,,,,,,,,,,,,,,,,,3,,1,,,,,,,,,,,,,,,,,,,,,,,4,,,56,,1,,8,,,,,,,,,,,,,,,,,2,,,,,,,,,,3,,,,,,,,8,,,,,,,,,,,1,,,,,,,,,,,,,,,,,36,,,,,,,,,,,,,,3,,,,,,,,,,,,,,,,,,,,,,,,,,,,,,,,,,3,,,,8,,,,,,,,,,2,,,,,,,2,,,,,,,,,,,,,,,,,1,,,,,,,,4,,,,,1,,,,,,,,,,,,,1,,,,,,,,,,,,2,,,,,,,1,2,,,,,,,,,,,1,,,,,2,,,1,,,,,,,,7,2,,,,1,,,1,,,,1,,,,,,,,,,,,,,,,,,,,,,,,,,1,,,1,,,,,,,,,2,,,,,,,,,,3,,,,2,,,,1,,,,,,,,,,,,,,,,,,,,,,,,2,,,,,,,,,,,,,,,,,1,,,,,,,,,,,,,1,,1,,,,,,,,,,,,,,,,,,,,,1,,,,,,,,,,,,,,,,,,,,,,,12,,,,,1,,,,1,,,,,,,,,,,,,,,,,,,,,,1,,,,,,,,,,,,,2,,,,,,,,,,,,,,1,,1,,,,,,,,,,,1,,,,,,,,,1,,,,,,,,,1,,,,,,,,,,,,,,1,7,,,1,,,,,,,,,,,,,3,,,,1,13,,,,7,,,,,,,,,,,,,,,,,,,,,,,,,,,,,,1,,,1,,,,,,1,,,,1,,,
SuperMarket_DetailedEvapCondenser.idf,,,,,,,,,,,,,,,,,6,,,,,,,,,2,,,,,,,,,,,1,,,,,,,,,2,,,,,,,,,,,,,,,,1,,,,,,,,,,1,,,,,2,,7,,,,,,1,,,,,1,2,,,,,,1,,,,,2,,,,,1,1,,,,1,,,,,,2,,,,,,,,,,,,,,,,,,,,,,,,1,,,,,,,,,,11,,,,,,,,,,,,,,,,,,,,,,,,,,,,,,,,,,,,,,,,,,,,,,,,1,136,,,,,,,,,,,,,,,,1,,,,,,,,,,,,,,,,,,,,,2,,1,,,,,,,,,,,,,,,,,,,,,,,4,,,24,,1,,8,,,,,,,,,,,,,,,,,2,,,,,,,,,,,,,,,,,,8,,,,,,,,,,,1,,,,,,,,,,,,,,,,,38,,,,,,,,,,,2,,,2,,,,,,,,,,,,,,,,,,,,,,,,,,,,,,,,,,3,,,,6,,,,,,,,,,2,,,,,,,2,,,,,,,,,,,,,,,,,1,,,,,,1,,4,,,,,1,,,,,,,,,,,,,1,,,,,,,,,,,,2,,,,,,,1,2,,,,,,,,,,,1,,,,,2,,,1,,,,,,,,7,2,,,,1,,,,,,,1,,,,,,,,,,,,,,,,,,,,,,,,,,1,,,1,,,,,,,,,2,,,,,,,,,,3,,,,2,,,,1,,,,,,,,,,,,,,,,,,,,,,,,,,,,,,,,,,,,,,,,,1,,,,,,,,,,,,,1,,1,,,,,,,,,,,,,,,,,,,,,1,,,,,,,,,,,,,,,,,,,,,,,12,,,,,1,,,,1,,,,,,,,,,,,,,,,,,,,,,1,,,,,,,,,,,,,2,,,,,,,,,,,,,,1,,1,,,,,,,,,,,1,,,,,,,,,1,,,,,,,,,1,,,,,,,,,,,,,,1,7,,,1,,,,,,,,,,,,,2,,,,1,13,,,,6,,,,,,,,,,,,,,,,,,,,,,,,,,,,,,1,,,1,,,,,,1,,,,1,,,
SuperMarket_DetailedWaterCondenser.idf,,,,,,,,,,,,,,,,,7,,,,,,,,,2,,,,,,,,,,,1,1,,,,,,,,2,,,,,,,,,1,,,,,,,14,1,,,,,,,,,,,,,,,,4,,,,,,1,,,,1,1,2,,,,,,1,,,,,2,,,,,,1,,,,1,,,,,,2,,,,,,,,,,,,,,,,,,,,,,,,1,,,,,,,,,,8,,,,,1,,,,,,,,,,,,,,,,,,,,,,1,,,,,,,,,,,,,,,,,,,,,1,136,,,,,,,,,,,,,,,,1,,,,,,,,,,,,,,,,,,,,,2,,1,,,,,,,,,,,,,,,,,,,,,,,4,,2,37,,1,,8,,,,,,,,,,,,,,,,,2,,,,,,,,,,1,,,,,,,,8,,,,,,,,,,,1,,,,,,,,,,,,,,,,,40,,,,,,,,,,,,,,2,,,,,,,,,,,7,,,,,,,,,,,,,,,,,,,,,,,5,,,,6,,4,,,,,,,,2,,,,,,,2,,,,,,,,,,,,,,,,,2,,,,,,,,4,,,,,1,,,,,,,,,,,,,1,,,,,,,,,,,,2,,,,,,,1,2,,,,,,,,,,,1,,,,,2,,,1,,,,,,,,7,2,,,,1,,,,,,,1,,,,,2,,,,,,,,,,,,,,,,,,,,,1,,,1,,,,,,,,,2,,,2,,,,,,,3,,,,2,,,,1,,,,,,,,,,,,,,,,,,,,,1,,,1,,,,,,,,,,,,,,,,,1,,,,,,,,,,,,,5,,1,,,1,,,,,,,,,4,,,,,,,,,1,,,,,,,,,,,,,,,,,,,,,,,12,,,,,1,,,,1,,,,,,1,1,,,,,,,,,,4,,,,,,,,,,,,,,,,,,2,,,,,,,,,,,,,,1,,,,1,,,,,,,,,1,,,,,2,4,,,1,,,,,,,,,1,,,,,,,,,,,,,,1,7,,,1,,,,,,,,,,,,,1,,,,1,13,,,,6,,,,,,,,,,,,,,,,,,,,,,,,,,,,,,1,,,1,,,,,,1,,,,1,,,
SuperMarket_EvapCondenser.idf,,,,,,,,,,,,,,,,,6,,,,,,,,,2,,,,,,,,,,,1,,,,,,,,,2,,,,,,,,,,,,,,,,1,,,,,,,,,,1,,,,,2,,7,,,,,,1,,,,,1,2,,,,,,3,,,,,2,,,,,1,1,,,,1,,,,,,2,,,,,,,,,,,,,,,,,,,,,,,,,,,,,,,,,,7,,,,,,,,,,,,,,,,,,,,,,,,,,,,,,,,,,,,,,,,,,,,,,,,1,,,,,,,,,,,,,,,,,1,,,,,,,,,,,,,,,,,,,,,,,1,,,,,,,,,,,,,,,,,,,,,,,4,,,29,,1,,7,,,,,,,,,,,,,,,,,2,,,,,,,,,,,,,,,,,,8,,,,,,,,,,,1,,,,,,,,,,,,,,,,,34,,,,,,,,,,,,,,,,,,,,,,,,,,,,,,,,,,,,,,,,,,,,,,,,3,,,,,,,,,,,,,,,,,,,,,2,,,,,,,,,,,,,,,,,1,,,,,,1,,4,,,,,1,,,,,,,,,,,,,1,,,,,,,,,,,,2,,,,,,,1,2,,,,,,,,,,,1,,,,,2,,,1,,,,,,,,,2,,,,1,,,,,,,1,,,,,,,,,,,,,,,,,,,,,,,,,,1,,,1,,,,,,,,,2,,,,,,,,,,3,,,,2,,,,1,,,,,,,,,,,,,,,,,,,,,,,,,,,,,,,,,,,,,,,,,1,,,,,,,,,,,,,1,,1,,,,,,,,,,,,,,,,,,,,,1,,,,,,,,,,,,,,,,,,,,,,,12,,,,,1,,,,1,,,,,,,,,,,,,,,,,,,,,,1,,,,,,,,,,,,,2,,,,,,,,,,,,,,1,,1,,,,,,,,,,,1,,,,,,,,,1,,,,,,,,,1,,,,,,,,,,,,,,1,7,,,1,,,,,,,,,,,,,,,,,1,13,,,,,,,,,,,,,,,,,,,,,,,,,,,,,,,,,,,,,1,,,,,,1,,,,1,,,
Supermarket_SharedAirCondenser.idf,,,,,,,,,,,,,,,,,7,,,,,,,,,2,,,,,,,,,,,1,,,,,,,,,2,,,,,,,,,,,,,,,,1,,,,,,,,,,1,,,,,2,,7,,,,,,1,,,,,1,2,,,,,,1,,,,,2,,,,,1,1,,,,1,,,,,,2,,,,,,,,,,,,,,,,,,,,,,,,1,,,,,,,,,,9,,,,,,,,,,,,,,,,,,,,,,,,,,,,,,,,,,,,,,,,,,,,,,,,1,136,,,,,,,,,,,,,,,,1,,,,,,,,,,,,,,,,,,,,,2,,1,,,,,,,,,,,,,,,,,,,,,,,4,,,57,,1,,8,,,,,,,,,,,,,,,,,2,,,,,,,,,,1,,,,,,,,8,,,,,,,,,,,1,,,,,,,,,,,,,,,,,36,,,,,,,,,,,,,,2,,,,,,,,,,,,,,,,,,,,,,,,,,,,,,,,,,3,,,,6,,,,,,,,,,2,,,,,,,2,,,,,,,,,,,,,,,,,1,,,,,,,,4,,,,,1,,,,,,,,,,,,,1,,,,,,,,,,,,2,,,,,,,1,2,,,,,,,,,,,1,,,,,2,,,1,,,,,,,,7,2,,,,1,,,,,,,1,,,,,,,,,,,,,,,,,,,,,,,,,,1,,,1,,,,,,,,,2,,,,,,,,,,3,,,,2,,,,1,,,,,,,,,,,,,,,,,,,,,,,,2,,,,,,,,,,,,,,,,,1,,,,,,,,,,,,,1,,1,,,,,,,,,,,,,,,,,,,,,1,,,,,,,,,,,,,,,,,,,,,,,12,,,,,1,,,,1,,,,,,,,,,,,,,,,,,,,,,1,,,,,,,,,,,,,2,,,,,,,,,,,,,,1,,1,,,,,,,,,,,1,,,,,,,,,1,,,,,,,,,1,,,,,,,,,,,,,,1,7,,,1,,,,,,,,,,,,,1,,,,1,13,,,,6,,,,,,,,,,,,,,,,,,,,,,,,,,,,,,1,,,1,,,,,,1,,,,1,,,
SuperMarket_SharedEvapCondenser.idf,,,,,,,,,,,,,,,,,6,,,,,,,,,2,,,,,,,,,,,1,,,,,,,,,2,,,,,,,,,,,,,,,,1,,,,,,,,,,1,,,,,2,,7,,,,,,1,,,,,1,2,,,,,,1,,,,,2,,,,,1,1,,,,1,,,,,,2,,,,,,,,,,,,,,,,,,,,,,,,1,,,,,,,,,,11,,,,,,,,,,,,,,,,,,,,,,,,,,,,,,,,,,,,,,,,,,,,,,,,1,136,,,,,,,,,,,,,,,,1,,,,,,,,,,,,,,,,,,,,,2,,1,,,,,,,,,,,,,,,,,,,,,,,4,,,24,,1,,8,,,,,,,,,,,,,,,,,2,,,,,,,,,,,,,,,,,,8,,,,,,,,,,,1,,,,,,,,,,,,,,,,,38,,,,,,,,,,,1,,,2,,,,,,,,,,,,,,,,,,,,,,,,,,,,,,,,,,3,,,,6,,,,,,,,,,2,,,,,,,2,,,,,,,,,,,,,,,,,1,,,,,,1,,4,,,,,1,,,,,,,,,,,,,1,,,,,,,,,,,,2,,,,,,,1,2,,,,,,,,,,,1,,,,,2,,,1,,,,,,,,7,2,,,,1,,,,,,,1,,,,,,,,,,,,,,,,,,,,,,,,,,1,,,1,,,,,,,,,2,,,,,,,,,,3,,,,2,,,,1,,,,,,,,,,,,,,,,,,,,,,,,,,,,,,,,,,,,,,,,,1,,,,,,,,,,,,,1,,1,,,,,,,,,,,,,,,,,,,,,1,,,,,,,,,,,,,,,,,,,,,,,12,,,,,1,,,,1,,,,,,,,,,,,,,,,,,,,,,1,,,,,,,,,,,,,2,,,,,,,,,,,,,,1,,1,,,,,,,,,,,1,,,,,,,,,1,,,,,,,,,1,,,,,,,,,,,,,,1,7,,,1,,,,,,,,,,,,,2,,,,1,13,,,,6,,,,,,,,,,,,,,,,,,,,,,,,,,,,,,1,,,1,,,,,,1,,,,1,,,
SuperMarket_WaterCondenser.idf,,,,,,,,,,,,,,,,,7,,,,,,,,,2,,,,,,,,,,,1,1,,,,,,,,2,,,,,,,,,,,,,,,,14,1,,,,,,,,,,,,,,,,7,,,,,,1,,,,1,1,2,,,,,,3,,,,,2,,,,,,1,,,,1,,,,,,2,,,,,,,,,,,,,,,,,,,,,,,,,,,,,,,,,,8,,,,,1,,,,,,,,,,,,,,,,,,,,,,1,,,,,,,,,,,,,,,,,,,,,1,,,,,,,,,,,,,,,,,1,,,,,,,,,,,,,,,,,,,,,,,1,,,,,,,,,,,,,,,,,,,,,,,4,,2,29,,1,,7,,,,,,,,,,,,,,,,,2,,,,,,,,,,,,,,,,,,8,,,,,,,,,,,1,,,,,,,,,,,,,,,,,36,,,,,,,,,,,,,,,,,,,,,,,,,7,,,,,,,,,,,,,,,,,,,,,,,5,,,,,,4,,,,,,,,,,,,,,,2,,,,,,,,,,,,,,,,,2,,,,,,,,4,,,,,1,,,,,,,,,,,,,1,,,,,,,,,,,,2,,,,,,,1,2,,,,,,,,,,,1,,,,,2,,,1,,,,,,,,,2,,,,1,,,,,,,1,,,,,2,,,,,,,,,,,,,,,,,,,,,1,,,1,,,,,,,,,2,,,2,,,,,,,3,,,,2,,,,1,,,,,,,,,,,,,,,,,,,,,1,,,2,,,,,,,,,,,,,,,,,1,,,,,,,,,,,,,5,,1,,,1,,,,,,,,,4,,,,,,,,,1,,,,,,,,,,,,,,,,,,,,,,,12,,,,,1,,,,1,,,,,,1,1,,,,,,,,,,4,,,,,,,,,,,,,,,,,,2,,,,,,,,,,,,,,1,,,,1,,,,,,,,,1,,,,,2,4,,,1,,,,,,,,,1,,,,,,,,,,,,,,1,7,,,1,,,,,,,,,,,,,,,,,1,13,,,,,,,,,,,,,,,,,,,,,,,,,,,,,,,,,,,,,1,,,,,,1,,,,1,,,
SupplyPlenumVAV.idf,,,,,,,,,,,,1,3,,,,5,,,,,,,,,4,,,,,1,,,,,,,1,,,,,,,,1,,1,,,,,,,,,,,,,,30,,,,,,,,,,,,,,,,,,,,,,,1,,,,,,,,,,,,,,,,,3,,,,,,,,,,1,,,,,,2,,,,,,,,,,,,,,,,,,,,,,,,,,,,,,,,,,10,,,,,,,,,,,,,,,1,,,,,,,,,,,,,,,,,,,,,,,,,,,,,,,,,,,,,,,,,,,,,,,,,,,,,,,,,,,,,,,,,,,,,,,,,1,,,,,,,,,,,,,,,,,,,,,,,,,2,33,,,,,,,,,,,,,,,,,,,,,,,,1,,,,,,,,,,,,,,,7,,,,,,,,,,,1,,,,,,,,,,,,,,,,,18,,,,,,,,,,,,,,,,,,,,,,,,,15,1,,,,,,,,,,,,,,,,,,,,,,6,,,,,,6,,,,,,,,,,,,,,,,,,,,,,,,,,,,,,,,1,,,,,,,,3,,,,,1,,,,,,,,,,,,,1,1,,,,,,,,,,1,3,,,,,,,,,,,,,1,,,,,,1,,,,,2,,,,,,,,,,,,3,,,,1,,,,,,,1,,,,,5,,,,,,,,,,,,,,,,,,,,,1,,,1,,,,,,,,,1,,,3,,,,,,,1,,,,1,,,,1,,,,,,,,,,,,,,,1,,,,,,3,,,,,,,,,,,,,,,,,,,,,,,,,,,,,,,,,7,,,,,1,,,,,,,,,6,,,,,,,,,1,,,,,,,,,,,,,,,,,,,,,,,31,,,,,,,,,,,,,,,3,1,,,,,,,,,,6,,,,,1,,,,,,,,,,,,,3,,,,,,,,,,,,,,1,,3,,,,,,,,,,,1,,,,,2,5,,,,,,,,,,,,,,,,,,,,,,,,,,1,,,,,,,,,,,,,,,,,,,,,1,10,,,,,,,,,,,,,,,,,,,,,,,,1,,,,,,,,,,,,,1,,,,,,1,,,,1,,,
SurfaceGroundHeatExchanger.idf,,,,,,,,,,,,1,5,,,,6,,,,,,,,,6,,,,,1,,,,,,4,,,,,,,,,2,,1,,,,,,,,,,,,,,33,,,,,,,,,,,,,,5,,1,,,,,,,1,,,,,1,,,,,,,,,,,,5,,,,,,2,,,,4,,,,,,2,,,,,,1,,,,,,,,,,,,,,,,5,,,,,,1,,,,,1,10,,,,,,,,,,,,,,,,,,,,,,,,,,,,,,,,,,,,,,,,,,,,,,,,,,,,,,,,,,,,,,,,,1,,,,,,,,,,,,2,,,,,,,,,,,1,1,,,,,,,,,,,,,2,,,,,,,,,,1,2,26,,1,,,,,,,,,,,,,,,,,,,,,,1,,,,,,,,,,,,,,,8,,,,,,,,,,,1,,,,,,,,,,,,,,,,,21,,,1,,,,,,,,,,,,,,1,,,,,,,,15,1,,,,,,,,,,,,,,,,,,,,,,4,,,,,,6,,,,,,,20,1,,,,,,,,,,,,,,,,,,,,,,,,2,,,,,,,,5,,,,,,,,,,,,,,,,,,1,1,,,,,,,,,,1,5,,,,,,,,,,,,,1,,,,,,,,,,,5,,,,,,,,,,,,5,,,,1,,,,,,,1,,,,,6,,,,,,,,,,,,,,,,,,,,,1,,,1,,,,,,,,,1,,,3,,,,,,5,6,,,,1,,,,1,,,,,,,,,,,,,,,,,,,,,3,,,,,,,,,,,,,,,,,,,,1,,,,,,,,,,,,,7,,3,,,2,,,,1,,,,,6,,,2,,,,,,1,,,,,,,,,,,,,,,,,,,,,,,40,,,,,,,,,1,,,,,,6,1,,,,,,,,,,6,,,,,1,,,,,,,,,,,,,5,,,,,,,,,,,,,,1,,5,,,,,,,,,,,1,,,,,2,5,,,,,,,,,,,,,,,,,,,,,,,,,,1,,,,,,,,,,,,,,,,,,,,,1,11,,,1,,,,,,,,,,,,,,,,,,,,,1,,,,,,,,,,1,,,1,,,,,,1,,,,1,,,
SurfaceHeatSourceTerm_RefBldgSmallOfficeNew2004.idf,,,,,,,1,1,,,,,,,,,7,,,,,,,,,6,,,1,,,,,,,,2,,,,,,,,,1,,,,,,,,,,,,,,,,13,5,,,,,,,,,,,,,6,5,,1,,,,,,1,18,,,4,5,5,,,,,,,,,,,5,,1,,,,,,,,,,,,,,2,,,,,,1,,,,,,,,,,,,,,,,5,,,,,,,,,,,,,,,,1,1,,,,,,,,,,,2,,,,,,,,,,,1,,,,,,,,,,,,,,,,,,,,,,,,,,,,,,,,,,,,1,,5,,,,,,,,,,,,,,,,,,,,,,4,5,5,,,,,,,,,,,,,,,,,,,,,,5,,1,12,,5,,,,,,,,,,1,,,,,,,,,2,,,,,,,,,,,,,,,,,,7,,1,,,,,,5,,,1,,,,,,,,,,,,,,,,,24,,,,,,,,,,,,,,,,,,,,,,,,,5,,,,,,,,,,,,,,,,,,,,,,,10,,,,,,2,,,,,,,,,,,,,,,,,,,,,,,3,,,,,,,,,5,,,,,,,,5,,,,,1,,,1,,,,,,,,,,1,,,,,,,,,5,,,5,,,,,,,1,5,,,,,,,,,,,5,1,2,,,5,,,1,,,,,,,,,5,,,,1,,,1,,,,5,,,,,1,,,,,,,,,,,,,,,,,,,,,1,10,1,1,,,,,,,,,5,,,,,,1,,,5,21,,,,,,,,1,,,,,,10,,,,,,,,,,,,,,,,,,5,,,,,3,,,,,,,,,,,,5,,,,,,,,,,,,,7,,,,,,,,,,,,,,2,,,,,,,,,1,,,,,,,,,,,,,,,,,,,,,,,43,,,,,,,,,5,,,,,,,1,,,,,,,,,,2,,,,,5,,,1,,,,,,,,,,5,,,,,,,,,,,,,,1,,5,,,,,,,,,,,1,,3,,,1,1,,,,,,,,,,,,1,,,,,,,,,,,,,,1,1,,,5,,,,,,,,,,,,,,,,,1,14,,,15,,,,,,,,,,,,,,,,1,,,,,,,,,,,,,,,,,,5,,,,,,1,,,,5,,,
SurfacePropGroundSurfaces_LWR.idf,,,,,,,,,,,,,,,,,3,,,,,,,,,5,,,,,,,,,,,,,,,,,,,,1,,,,,,,,,,,,,,,,,,,,,,,,,,,,,,,,,,,,,,,1,,,,,,,,,15,,,,,,,,,,,,,,1,,,,1,,,,,,2,,,,,,,,,,,,,,,,,,,,,,,,,,,,,,,,,,,,,,,,,,,,,,,,,,,,,,,,,,,,,,,,,,,,,,,,,,,,,,,,,,,,,,,,,,,,,,,,,,,,,,,,,,,,4,,,7,,,,,,,,,,,,,,,,,,,,,,,,,,,,,,,,,,3,,,47,,,,,,,,,,,,,,,,,,,,,,,,,,,,,,,,,,,,,,,8,,,,,,,,,,,1,,,,,,,,,,,,,,,,,14,,,,,,,,,,,,,,,,,,,,,,,,,,,,,,,,,,,,,,,,,,,,,,,,,,,,,,,,,,,,5,,,,,,,,,,,,,,,,,,,,,,,,,,,,,,,,,,5,,,,,1,,,,,,,,,,,,,1,,,,,,,,,,,,,,,,,,,,,,,,,,,,,,,,,,,,5,,,1,,,,,,,,,5,,,,1,,3,,,,,,,,,,,,,,,,,,,,,,,,,,,,,,,1,1,,1,,,,,,,,,,,,,,,,,,,26,,,,,,,,,,,,,,,,,,,,,,,,,,,,,,,,,,,,,,,,,,,,,,,,,,,,,,,,,,,,,,,,,,,,,,,,,,,,,,,,,,,,,1,,,,,,,,,,,,,,,,,,,,,,,50,,,,,,,,,,,,,,,,,,,,,,,,,,,,,,,,,,,,,,,,,,,,,,,,,,,,,,,,,,1,,,,,,,,,,,,,1,,,,,,,,,,,,,,,,,,,,,,,,,,,,,,,,1,,,,,,,,,,,,,,,,,,,,,1,13,3,,,,,,,,,,,,,,,,,,,,,,,,,,,,,,,,,,,,,,,,,,1,,,,,,,
SurfacePropTest_SurfLWR.idf,,,,,,,,,,,,,,,,,2,,,,,,,,,5,,,,,,,,,,,,,,,,,,,,1,,,,,,,,,,,,,,,,,,,,,,,,,,,,,,,,,,,,,,,1,,,,,,,,,3,,,,,,,,,,,,,,1,,,,1,,,,,,2,,,,,,,,,,,,,,,,,,,,,,,,,,,,,,,,,,,,,,,,,,,,,,,,,,,,,,,,,,,,,,,,,,,,,,,,,,,,,,,,,,,,,,,,,,,,,,,,,,,,,,,,,,,,1,,,7,,,,,,,,,,,,,,,,,,,,,,,,,,,,,,,,,,3,,,8,,,,,,,,,,,,,,,,,,,,,,,,,,,,,,,,,,,,,,,8,,,,,,,,,,,1,,,,,,,,,,,,,,,,,11,,,,,,,,,,,,,,,,,,,,,,,,,,,,,,,,,,,,,,,,,,,,,,,,,,,,,,,,,,,,,,,,,,,,,,,,,,,,,,,,,,,,,,,,,,,,,,5,,,,,1,,,,,,,,,,,,,1,,,,,,,,,,,,,,,,,,,,,,,,,,,,,,,,,,,,5,,,1,,,,,,,,,5,,,,1,,3,,,,,,,,,,,,,,,,,,,,,,,,,,,,,,,1,1,,1,,,,,,,,,,,,,,,,,,,26,,,,,,,,,,,,,,,,,,,,,,,,,,,,,,,,,,,,,,,,,,,,,,,,,,,,,,,,,,,,,,,,,,,,,,,,,,,,,,,,,,,,,1,,,,,,,,,,,,,,,,,,,,,,,50,,,,,,,,,,,,,,,,,,,,,,,,,,,,,,,,,,,,,,,,,,,,,,,,,,,,,,,,,,1,,,,,,,,,,,,,1,,,,,,,,,,,,,,,,,,,,,,,,,,,,,,,,1,,,,,,,,,,,,,,,,,,,,,1,13,3,,,,,,,,,,,,,,,,,,,,,,,,,,,,,,,,,,,,,,,,,,1,,,,,,,
SurfaceTest.idf,,,,,,,,,,,,,,,,,2,,,,,,,,,5,,,,,,,,,,,,,,,,,,,,1,,,,,,,,,,,,,,,,,,,,,,,,,,,,,,,,,,,,,,,1,,,,,,,,,,,,,,,,,,,,,,,1,,,,1,,,,,,2,,,,,,,,,,,,,,,,,,,,,,,,,,,,,,,,,,6,,,,,,,,,,,,,,,,,,,,,,,,,,,,,,,,,,,,,,,,,,,,,,,,,,,,,,,,,,,,,,,,,,,,,,,,,,,,,7,,,,,,,,,,,,,,,,,,,,,,,,,,,,,,,,,,3,,,12,,,,,,,,,,,,,,,,,,,,,,,,,,,,,,,,,,,,,,,8,,,,,,,,,,,1,,,,,,,,,,,,,,,,,10,,,,,,,,,,,,,,,,,,,,,,,,,,,,,,,,,,,,,,,,,,,,,,,,,,,,,,,,,,,,,,,,,,,,,,,,,,,,,,,,,,,,,,,,,,,,,,5,,,,,1,,,,,,,,,,,,,1,,,,,,,,,,,,,,,,,,,1,,,,,,,,,,,,,,,,,5,,,1,,,,,,,,,5,,,,1,,,,,,,,,,,,,,,,,2,,,,,,,,,,,,,,,,1,1,,1,,,,,,,,,,,,,,,,,,,26,,,,,,,,,,,,,,,,,,,,,,,,,,,,,,,,,,,,,,,,,,,,,,,,,,,,,,,,,,,,,,,,,,,,,,,,,,,,,,,,,,,,,1,,,,,,,,,,,,,,,,,,,,,,,50,,,,,,,,,,,,,,,,,,,,,,,,,,,,,,,,,,,,,,,,,,,,,,,,,,,,,,,,,,1,,,,,,,,,,,,,1,,,,,,,,,,,,,,,,,,,,,,,,,,,,,,,,1,,,,,,,,,,,,,,,,,,,,,1,13,3,,,,,,,,,,,,,,,,,,,,,,,,,,,,,,,,,,,,,,,,,,1,,,,,,,
SurfaceZonePropTest_LocalEnv.idf,,,,,,,,,,,,,,,,,2,,,,,,,,,5,,,,1,,,,,,,,,,,,,,,,1,,,,,,,,,,,,,,,,,,,,,,,,,,,,,,1,,,,,,,,,1,,,,,,,,,2,,,,,,,,,,,,,,1,,,,1,,,,,,2,,,,,,,,,,,,,,,,,,,,,,,,,,,,,,,,,,,,,,,,,,,,,,,,,,,,,,,,,,,,,,,,,,,,,,,,,,,,,,,,,,,,,,,,,,,,,,,,,,,,,,,,,,,,4,,,7,,,,,,,,,,,,,,,,,,,,,,,,,,,,,,,,,,3,,,14,,,,,,,,,,,,,,,,,,,,,,,,,,,,,,,,,,,,,,,8,,,,,,,,,,,1,,,,,,,,,,,,,,,,,11,,,,,,,,,,,,,,,,,,,,,,,,,,,,,,,,,,,,,,,,,,,,,,,,,,,,,,,,,,,,,,,,,,,,,,,,,,,,,,,,,,,,,,,,,,,,,,5,,,,,,,,,,,,,,,,,,1,,,,,,,,,,,,,,,,,,,1,,,,,,,,,,,,,,,,,5,,,,,,,,,,,,5,,,,1,,,,,,,,,,,,,,,,,,,,,,,,,,,,,,,,,1,1,,1,,,,,,,,,,,,,,,,,,,26,,,,,,,,,,,,,,,,,,,,,,,,,,,,,,,,2,,,,,,,,,,,,,,,,,,,,,,,,,,,,,,,,,,,,,,,,,,,,,,,,,,,,,1,,,,,,,,,,,,,,,,,,,,,,,50,,,,,,,,,,,,,,,,,,,,,,,,,,,,,,,,,,,,,,,,,,,,,,,,,,,,,,,,,,1,,,,,,,,,,,,,1,,,,,,,,,,,,,,,,,,,,,,,,,,,,,,,,1,,,,,,,,,,,,,,,,,,,,,1,13,3,,,,,,,,,,,,,,,,,,,,,,,,,,,,,,,,,,,,,,,,,,1,,,,,,,
TermReheat.idf,,,,,,,,,,,,1,,,,,5,,,,,,,,,3,,,,,1,,,,,,,1,,,,,,,,2,,1,,,,,,,,,,,,,,30,,,,,,,,,,,,,,,,,,,,,,,1,,,,1,,,,,,,,,,,,,3,,,,,,,,,,1,,,,,,2,,,,,,,,,,,,,,,,,,,,,,,,,,,,,,,,,,10,,,,,,,,,,,,,,,,,,,,,,,,,,,,,,,,,,,,,,,,,,,,,,,,,,,,,,,,,,,,,,,,,,,,,,,,,,,,,,,,,,,,,,,,1,,,,,,,,,,,,,,1,,,,,,,,,,,2,20,,,,,,,,,,,,,,,,,,,,,,,,1,,,,,,,,,,,,,,,5,,,,,,,,,,,1,,,,,,,,,,,,,,,,,18,,,,,,,,,,,,,,,,,,,,,,,,,15,1,,,,,,,,,,,,,,,,,,,,,,6,,,,,,6,,,,,,,,,,,,,,,,,,,,,,,,,,,,,,,,1,,,,,,,,3,,,,,,,,,,,,,,,,,,1,,,,,,,,,,,1,3,,,,,,,,,,,,,1,,1,,,,1,,,,,2,,,,,,,,,,,,3,,,,1,,,,,,,1,,,,,5,,,,,,,,,,,,,,,,,,,,,1,,,1,,,,,,,,,1,,,3,,,,,,,1,,,,1,,3,,1,,,,,,,,,,,,,,,1,,,,,,3,,,,,,,,,,,,,,,,,,,,,,,,,,,,,,,,,7,,,,,1,,,,,,,,,6,,,1,,,,,,1,,,,,,,,,,,,,,,,,,,,,,,20,,,,,,,,,,,,,,,3,1,,,,,,,,,,6,,,,,,,,,,,,,,,,,,3,,,,,,,,,,,,,,1,,3,,,,,,,,,,,1,,,,,2,5,,,,,,,,,,,,,,,,,,,,,,,,,,1,,,,,,,,,,,,,,,,,,,,,1,9,,,,,,,,,,,,,,,,,,,,,,,,1,,,,,,,,,,,,,1,,,,,,1,,,,1,,,
TermReheatPri-SecLoop.idf,,,,,,,,,,,,1,,,,,5,,,,,,,,,3,,,,,1,,,,,,,1,,,,,,,,1,,1,,,,,,,,,,,,,,30,,,,,,,,,,,,,,,,,,,,,,,1,,,,1,1,,,,,,,,,,,,3,,,,,,,,,,1,,,,,,2,,,,,,,,,,,,,,,,,,,,,,,,,,,,,,,,,,10,,,,,,,,,,,,,,,,,,,,,,,,,,,,,,,,,,,,,,,,,,,,,,,,,,,,,,,,,,,,,,,,,1,,,,,,,,,,,,,,,,,,,,,,,1,,,,,,,,,,,,,,1,,,,,,,,,,,2,24,,1,,,,,,,,,,,,,,,,,,,,,,1,,,,,,,,,,,,,,,5,,,,,,,,,,,1,,,,,,,,,,,,,,,,,19,,,,,,,,,,,,,,,,,,,,,,,,,14,1,,,,,,,,,,,,,,,,,,,,,,9,,,,,,6,,,,,,,,,,,,,,,,,,,,,,,,,,,,,,,,2,,,,,,,,3,,,,,,,,,,,,,,,,,,1,,,,,,,,,,,1,3,,,,,,,,,,,,,1,,1,,,,1,,,,,2,,,,,,,,,,,,3,,,,1,,,,,,,1,,,,,5,,,,,,,,,,,,,,,,,,,,,1,,,1,,,,,,,,,1,,,3,,,,,,,1,,,,1,,3,,1,,,,,,,,,,,,,,,1,,,,,,3,,,,,,,,,,,,,,,,,,,,1,,,,,,,,,,,,,7,,,,,1,,,,,,,,,6,,,1,,,,,,1,,,,,,,,,,,,,,,,,,,,,,,20,,,,,,,,,1,,,,,,3,1,,,,,,,,,,6,,,,,,,,,,,,,,,,,,3,,,,,,,,,,,,,,1,,3,,,,,,,,,,,1,,,,,2,6,,,,,,,,,,,,,,,,,,,,,,,,,,1,,,,,,,,,,,,,,,,,,,,,1,9,,,,,,,,,,,,,,,,,,,1,,,,,1,,,,,,,,,,,,,1,,,,,,1,,,,1,,,
TermReheatScheduledPump.idf,,,,,,,,,,,,1,,,,,5,,,,,,,,,3,,,,,1,,,,,,,1,,,,,,,,2,,1,,,,,,,,,,,,,,30,,,,,,,,,,,,,,,,,,,,,,,1,,,,1,,,,,,,,,,,,,3,,,,,,,,,,1,,,,,,2,,,,,,,,,,,,,,,,,,,,,,,,,,,,,,,,,,10,,,,,,,,,,,,,,,,,,,,,,,,,,,,,,,,,,,,,,,,,,,,,,,,,,,,,,,,,,,,,,,,,,,,,,,,,,,,,,,,,,,,,,,,1,,,,,,,,,,,,,,1,,,,,,,,,,,2,17,,,,,,,,,,,,,,,,,,,,,,,,1,,,,,,,,,,,,,,,5,,,,,,,,,,,1,,,,,,,,,,,,,,,,,19,,,,,,,,,,,,,,,,,,,,,,,,,15,1,,,,,,,,,,,,,,,,,,,,,,6,,,,,,6,,,,,,,,,,,,,,,,,,,,,,,,,,,,,,,,1,,,,,,,,3,,,,,,,,,,,,,,,,,,1,,,,,,,,,,,1,3,,,,,,,,,,,,,1,,1,,,,1,,,,,2,,,,,,,,,,,,3,,,,1,,,,,,,1,,,,,5,,,,,,,,,,,,,,,,,,,,,1,,,1,,,,,,,,,1,,,3,,,,,,,1,,,,1,,3,,1,,,,,,,,,,,,,,,1,,,,,,3,,,,,,,,,,,,,,,,,,,,,,,,,,,,,,,,,7,,,,,1,,,,,,,,,6,,,1,,,,,,1,,,,,,,,,,,,,,,,,,,,,,,20,,,,,,,,,,,,,,,3,1,,,,,,,,,,6,,,,,,,,,,,,,,,,,,3,,,,,,,,,,,,,,1,,3,,,,,,,,,,,1,,,,,2,5,,,,,,,,,,,,,,,,,,,,,,,,,,1,,,,,,,,,,,,,,,,,,,,,1,9,,,,,,,,,,,,,,,,,,,,,,,,1,,,,,,,,,,,,,1,,,,,,1,,,,1,,,
TermReheatSurfTC.idf,,,,,,,,,,,,1,,,,,5,,,,,,,,,3,,,,,1,,,,,,,1,,,,,,,,1,,1,,,,,,,,,,,,,,30,,,,,,,,,,,,,,,,,,,,,,,1,,,,1,,,,,,,,,,,,,3,,,,,,,,,,1,,,,,,2,,,,,,,,,,,,,,,,,,,,,,,,,,,,,,,,,,10,,,,,,,,,,,,,,,,,,,,,,,,,,,,,,,,,,,,,,,,,,,,,,,,,,,,,,,,,,,,,,,,,,,,,,,,,,,,,,,,,,,,,,,,1,,,,,,,,,,,,,,1,,,,,,,,,,,2,24,,,,,,,,,,,,,,,,,,,,,,,,1,,,,,,,,,,,,,,,5,,,,,,,,,,,1,,,,,,,,,,,,,,,,,18,,,,,,,,,,,,,,,,,,,,,,,,,15,1,,,,,,,,,,,,,,,,,,,,,,6,,,,,,6,,,,,,,,,,,,,,,,,,,,,,,,,,,,,,,,1,,,,,,,,3,,,,,,,,,,,,,,,,,,1,,,,,,,,,,,1,3,,,,,,,,,,,,,1,,,,,,1,,,,,2,,,,,,,,,,,,3,,,,1,,,,,,,1,,,,,5,,,,,,,,,,,,,,,,,,,,,1,,,1,,,,,,,,,1,,,3,,,,,,,1,,,,1,,3,,1,,,,,,,,,,,,,,,1,,,,,,3,,,,,,,,,,,,,,,,,,,,,,,,,,,,,,,,,7,,,,,1,,,,,,,,,6,,,1,,,,,,1,,,,,,,,,,,,,,,,,,,,,,,20,,,,,,,,,,,,,,,3,1,,,,,,,,,,6,,,,,,,,,,,,,,,,,,3,,,,,,,,,,,,,,1,,3,,,,,,,,,,,1,,,,,2,5,,,,,,,,,,,,,,,,,,,,,,,,,,1,,,,,,,,,,,,,,,,,,,,,1,9,,,,,,,,,,,,,,,,,,,,,,,,1,,,,,,,,,,,,,1,,,,,,1,,,,1,,,
TermReheatZoneExh.idf,,,,,,,,,,,,1,,,,,5,,,,,,,,,3,,,,,1,,,,,,,1,,,,,,,,,,1,,,,,,,,,,,,,,30,,,,,,,,,,,,,,,,,,,,,,,1,,,,1,1,,,,,,,,,,,,3,,,,,,,,,,1,,,,,,2,,,,,,,,,,,,,,,,,,,,,,,,,,,,,,,,,,10,,,,,,,,,,,,,,,,,,,,,,,,,,,,,,,,,,,,,,,,,,,,,,,,,,,,,,,,,,,,,,,,,1,,,,,,,,,,,,,,,,,,,,,,,1,,,,,,,,,,,,,,1,,,,,,,,,,,2,16,,1,,,,,,,,,,,,,,,,,,,,,,1,,,,,,,,,,,,,,,5,,,,,,,,,,,1,,,,,,,,,,,,,,,,,19,,,,,,,,,,,,,,,,,,,,,,,,,15,1,,,,,,,,,,,,,,,,,,,,,,10,,,,,,6,,,,,,,,,,,,,,,,,,,,,,,,,,,,,,,,2,,,,,,,,3,,,,,,,,,,,,,,,,,,1,,,,,,,,,,,1,3,,,,,,,,,,,,,1,,,,,,1,,,,,2,,,,,,,,,,,,3,,,,1,,,,,,,1,,,,,5,,,,,,,,,,,,,,,,,,,,,1,,,1,,,,,,,,,1,,,3,,,,,,,1,,,,1,,3,,1,,,,,,,,,,,,,,,1,,,,,,3,,,,,,,,,,,,,,,,,,,,1,,,,,,,,,,,,,7,,,,,1,,,,,,,,,6,,,1,,,,,,1,,,,,,,,,,,,,,,,,,,,,,,20,,,,,,,,,1,,,,,,3,1,,,,,,,,2,,6,,,,,,,,,,,,,,,,,,3,,,,,,,,,,,,,,1,,3,,,,,,,,,,,1,,,,,2,6,,,,,,,,,,,,,,,,,,,,,,,,,,1,,,,,,,,,,,,,,,,,,,,,1,9,,,,,,,,,,,,,,,,,,,,,,,,1,,,,,,,,,,,,,1,,,,,,1,,,,1,,,
TermRhDualSetpointWithDB.idf,,,,,,,,,,,,1,,,,,5,,,,,,,,,3,,,,,1,,,,,,,1,,,,,,,,2,,1,,,,,,,,,,,,,,30,,,,,,,,,,,,,,,,,,,,,,,1,,,,1,,,,,,,,,,,,,3,,,,,,,,,,1,,,,,,2,,,,,,,,,,,,,,,,,,,,,,,,,,,,,,,,,,10,,,,,,,,,,,,,,,,,,,,,,,,,,,,,,,,,,,,,,,,,,,,,,,,,,,,,,,,,,,,,,,,,,,,,,,,,,,,,,,,,,,,,,,,1,,,,,,,,,,,,,,,,,,,,,,,,,2,22,,,,,,,,,,,,,,,,,,,,,,,,1,,,,,,,,,,,,,,,5,,,,,,,,,,,1,,,,,,,,,,,,,,,,,17,,,,,,,,,,,,,,,,,,,,,,,,,15,1,,,,,,,,,,,,,,,,,,,,,,6,,,,,,6,,,,,,,,,,,,,,,,,,,,,,,,,,,,,,,,1,,,,,,,,3,,,,,,,,,,,,,,,,,,1,,,,,,,,,,,1,3,,,,,,,,,,,,,1,,,,,,1,,,,,2,,,,,,,,,,,,3,,,,1,,,,,,,1,,,,,5,,,,,,,,,,,,,,,,,,,,,1,,,1,,,,,,,,,1,,,3,,,,,,,1,,,,1,,3,,1,,,,,,,,,,,,,,,1,,,,,,3,,,,,,,,,,,,,,,,,,,,,,,,,,,,,,,,,7,,,,,1,,,,,,,,,6,,,,,,,,,1,,,,,,,,,,,,,,,,,,,,,,,20,,,,,,,,,,,,,,,3,1,,,,,,,,,,6,,,,,1,,,,,,,,,,,,,3,,,,,,,,,,,,,,1,,3,,,,,,,,,,,1,,,,,2,5,,,,,,,,,,,,,,,,,,,,,,,,,,1,,,,,,,,,,,,,,,,,,,,,1,9,,,,,,,,,,,,,,,,,,,,,,,,1,,,,,,,,,,,,,1,,,,,,1,,,,1,,,
TermRHDXSystem.idf,,,,,,,,,,,,,,,,,5,,,,,,,,,3,,,,,,,,,,,,,,,,,,,,2,,,,,,,,,,,,,,,,1,1,,,,,,,,,,,,,,2,,3,,,,,,1,,,,1,,,,,,,,,,,,,3,,,,,,,,,,1,,,,,,2,,,,,,,,,,,,,,,,,,,,,,,,,,,,,,,,,,12,,,,,,,,,,,,,,,,,,,,,,,,,,,,,,,,,,,,,,,,,,,,,,,,,,,,,,,,,,,,,,,,,,,,,,,,,,,,,,,,,,,,,,,,1,,,,,,,,,,,,,,1,,,,,,,,,,,,21,,,,,,,,,,,,,,,,,,,,,2,,,,,,,,,,,,,,,,,,5,,,,,,,,,,,1,,,,,,,,,,,,,,,,,13,,,,,,,,,,,,,,,,,,,1,,,,,,,,,,,,,,,,,,,,,,,,,,,,,4,,,,,,,,,,,,,,,,,,,,,,,,,,,,,,,,,,,,,,,,,,,,,,3,,,,,1,,,,,,,,,,,,,1,,,,,,,,,,,,3,,,,,,,,,,,,,,,1,,,,1,,,,,2,,,,,,,,,,,,3,,,,1,,,,,,,1,,,,,,,,,,,,,,,,,,,,,,,,,,1,,,1,,,,,,,,,1,,,,,,,,,,1,,,,1,,3,,1,,,,,,,,,,,,,,,,,,,,,,,,,,,,,,,,,,,,,,,,,,,,,,,,,,,,,,1,,,,,,,,,,,,,,,,,1,,,,,,1,,,,,,,,,,,,,,,,,,,,,,,20,,,,,,,,,,,,,,,,,,,,,,,,,,,,,,,,,,,,,,,,,,,,3,,,,,,,,,,,,,,1,,3,,,,,,,,,,,1,,,,,,1,,,,,,,,,,,,,,,,,,,,,,,,,,1,,,,1,,,,,,,,,,,,,,,,,1,9,,,,,,,,,,,,,,,,,,,,,,,,,,,,,,,,,,,,,1,,,,,,1,,,,1,,,
TermRHGasElecCoils.idf,,,,,,,,,,,,1,,,,,5,,,,,,,,,3,,,,,1,,,,,,,1,,,,,,,,2,,,,,,,,,,,,,,,,20,,,,,,,,,,,,,,,2,,,,,,,,1,,,,1,,,,,,,,,,,,,3,,,,,,,,,,1,,,,,,2,,,,,,,,,,,,,,,,,,,,,,,,,,,,,,,,,,14,,,,,,,,,,,,,,,,,,,,,,,,,,,,,,,,,,,,,,,,,,,,,,,,,,,,,,,,,,,,,,,,,,,,,,,,,,,,,,,,,,,,,,,,1,,,,,,,,,,,,,,1,,,,,,,,,,,1,22,,,,,,,,,,,,,,,,,,,,,,,,1,,,,,,,,,,,,,,,5,,,,,,,,,,,1,,,,,,,,,,,,,,,,,17,,,,,,,,,,,,,,,,,,,1,,,,,,10,1,,,,,,,,,,,,,,,,,,,,,,5,,,,,,4,,,,,,,,,,,,,,,,,,,,,,,,,,,,,,,,1,,,,,,,,3,,,,,,,,,,,,,,,,,,1,,,,,,,,,,,1,3,,,,,,,,,,,,,1,,,,,,1,,,,,2,,,,,,,,,,,,3,,,,1,,,,,,,1,,,,,4,,,,,,,,,,,,,,,,,,,,,1,3,,1,,,,,,,,,1,,,2,,,,,,,1,,,,1,,3,,1,,,,,,,,,,,,,,,1,,,,,,3,,,,,,,,,,,,,,,,,,,,,,,,,,,,,,,,,5,,,,,1,,,,,,,,,4,,,1,,,,,,1,,,,,,,,,,,,,,,,,,,,,,,20,,,,,,,,,,,,,,,,,,,,,,,,,,4,,,,,,,,,,,,,,,,,,3,,,,,,,,,,,,,,1,,3,,,,,,,,,,,1,,,,,1,4,,,,,,,,,,,,,,,,,,,,,,,,,,1,,,,,,,,,,,,,,,,,,,,,1,9,,,,,,,,,,,,,,,,,,,,,,,,1,,,,,,,,,,,,,1,,,,,,1,,,,1,,,
TermRhGenericOAHeatRecMinExh.idf,,,,,,,,,,,,1,,,,,5,,,,,,,,,3,,,,,1,,,,,,,1,,,,,,,,2,,1,,,,,,,,,,,,,,30,,,,,,,,,,,,,,,,,,,,,,,1,,,,1,1,,,,,,,,,,,,3,2,,,,,,,,,1,,,,,,2,,,,,,,,,1,,,,,,,,,,,,,,,,,,,,,,,,,10,,,,,,,,,,,,,,,,,,,,,,,,,,,,,,,,,,,,,,,,,,,,,,,,,,,,,,,,,,,,,,,,,1,,,,,,,,,,,,,,,,,,,,,,,1,,,,,,,,,,,,,,1,,,,,,,,,,,2,31,,1,,,,,,,,,,,,,,,,,,,,,,1,,,,,,,,,,,,,,,5,,,,,,,,,,,1,,,,,,,,,,,,,,,,,20,,,,,,,,,,,,,,,,,,,,,,,,,15,1,,,,,,,,,,,,,,,,,,,,,,9,,,,,,6,,,,,,,,,,,,,,,,,,,,,,,,,,,,,,,,2,,,,,,,,3,,,,,,,,,,,,,,,,,,1,,,,,,,,,,,1,3,,,,,,,,,,,,,1,,,,,,1,,,,,2,,,,1,,,,,,,,3,,,,1,,,,,,,1,,,,,5,,,,,,,,,,,,,,,,,,,,,1,,,1,,,,,,,,,1,,,3,,,,,,,1,,,,1,,3,,1,,,,,,,,,,,,,,,1,,,,,,3,,,,,,,,,,,,,,,,,,,,1,,,,,,,,,,,,,7,,,,,1,,,,,,,,,6,,,1,,,,,,1,,,,,,,,,,,,,,,,,,,,,,,20,,,,,,,,,1,,,,,,3,1,,,,,,,,,,6,,,,,,,,,,,,,,,,,,3,,,,,,,,,,,,,,1,,3,,,,,,,,,,,1,,,,,2,7,,,,,,,,,,,,,,,,,,,,,,,,,,1,,,,,,,,,,,,1,,,,,,,,,1,9,,,,,,,,,,,,,,,,,,,,,,,,1,,,,,,,,,,,,,1,,,,,,1,,,,1,,,
TermRhGenericOAHeatRecPreheat.idf,,,,,,,,,,,,1,,,,,5,,,,,,,,,3,,,,,1,,,,,,,1,,,,,,,,2,,1,,,,,,,,,,,,,,30,,,,,,,,,,,,,,,,,,,,,,,1,,,,1,1,,,,,,,,,,,,3,2,,,,,,,,,1,,,,,,2,,,,,,,,,1,,,,,,,,,,,,,,,,,,,,,,,,,10,,,,,,,,,,,,,,,,,,,,,,,,,,,,,,,,,,,,,,,,,,,,,,,,,,,,,,,,,,,,,,,,,1,,,,,,,,,,,,,,,,,,,,,,,1,,,,,,,,,,,,,,1,,,,,,,,,,,2,32,,1,,,,,,,,,,,,,,,,,,,,,,1,,,,,,,,,,,,,,,5,,,,,,,,,,,1,,,,,,,,,,,,,,,,,20,,,,,,,,,,,,,,,,,,,1,,,,,,15,1,,,,,,,,,,,,,,,,,,,,,,9,,,,,,6,,,,,,,,,,,,,,,,,,,,,,,,,,,,,,,,2,,,,,,,,3,,,,,,,,,,,,,,,,,,1,,,,,,,,,,,1,3,,,,,,,,,,,,,1,,,,,,1,,,,,2,,,,1,,,,,,,,3,,,,1,,,,,,,1,,,,,5,,,,,,,,,,,,,,,,,,,,,1,,,1,,,,,,,,,1,,,3,,,,,,,1,,,,1,,3,,1,,,,,,,,,,,,,,,1,,,,,,3,,,,,,,,,,,,,,,,,,,,1,,,,,,,,,,,,,7,,,,,1,,,,,,,,,6,,,1,,,,,,1,,,,,,,,,,,,,,,,,,,,,,,20,,,,,,,,,1,,,,,,3,1,,,,,,,,,,6,,,,,,,,,,,,,,,,,,3,,,,,,,,,,,,,,1,,3,,,,,,,,,,,1,,,,,2,7,,,,,,,,,,,,,,,,,,,,,,,,,,1,,,,,,,,,,,,1,,,,,,,,,1,9,,,,,,,,,,,,,,,,,,,,,,,,1,,,,,,,,,,,,,1,,,,,,1,,,,1,,,
TermRhSingleHeatCoolNoDB.idf,,,,,,,,,,,,1,,,,,5,,,,,,,,,3,,,,,1,,,,,,,1,,,,,,,,2,,1,,,,,,,,,,,,,,30,,,,,,,,,,,,,,,,,,,,,,,1,,,,1,,,,,,,,,,,,,3,,,,,,,,,,1,,,,,,2,,,,,,,,,,,,,,,,,,,,,1,,,,,,,,,,,,,10,,,,,,,,,,,,,,,,,,,,,,,,,,,,,,,,,,,,,,,,,,,,,,,,,,,,,,,,,,,,,,,,,,,,,,,,,,,,,,,,,,,,,,,,1,,,,,,,,,,,,,,,,,,,,,,,,,2,20,,,,,,,,,,,,,,,,,,,,,,,,1,,,,,,,,,,,,,,,5,,,,,,,,,,,1,,,,,,,,,,,,,,,,,16,,,,,,,,,,,,,,,,,,,,,,,,,15,1,,,,,,,,,,,,,,,,,,,,,,6,,,,,,6,,,,,,,,,,,,,,,,,,,,,,,,,,,,,,,,1,,,,,,,,3,,,,,,,,,,,,,,,,,,1,,,,,,,,,,,1,3,,,,,,,,,,,,,1,,,,,,1,,,,,2,,,,,,,,,,,,3,,,,1,,,,,,,1,,,,,5,,,,,,,,,,,,,,,,,,,,,1,,,1,,,,,,,,,1,,,3,,,,,,,1,,,,1,,3,,1,,,,,,,,,,,,,,,1,,,,,,3,,,,,,,,,,,,,,,,,,,,,,,,,,,,,,,,,7,,,,,1,,,,,,,,,6,,,,,,,,,1,,,,,,,,,,,,,,,,,,,,,,,20,,,,,,,,,,,,,,,3,1,,,,,,,,,,6,,,,,,,,,,,,,,,,,,3,,,,,,,,,,,,,,1,,3,,,,,,,,,,,1,,,,,2,5,,,,,,,,,,,,,,,,,,,,,,,,,,1,,,,,,,,,,,,,,,,,,,,,1,9,,,,,,,,,,,,,,,,,,,,,,,,1,,,,,,,,,,,,,1,,,,,,1,,,,1,,,
ThermalChimneyTest.idf,,,,,,,,,,,,,,,,,2,,,,,,,,,4,,,,,,,,,,,,,,,,,,,,1,,,,,,,,,,,,,,,,,,,,,,,,,,,,,,2,,,,,,,,,1,,,,,,,,,,,,,,,,,,,,,,,,,,,2,,,,,,2,,,,,,,,,,,,,,,,,,,,,,,,,,,,,,,,,,2,2,,,,,,,,,,,,,,,,,,,,,,,,,,,,,,,,,,,,,,,,,,,,,,,,,,,,,,,,,,,,,,,,,,,,,,,,,,,,,,,,,,,,,,,,,,,,,,,,,,,,,,,,,,,,,,,,,20,,,,,,,,,,,,,,,,,,,,,,,,,,,,,,,,,,,,,,,7,,,,,,,,,,,1,,,,,,,,,,,,,,,,,3,,,,,,,,,,,,,,,,,,,,,,,,,,,,,,,,,,,,,,,,,,,,,,,,,,,,,,,,,,,,,,,,,,,,,,,,,,,,,,,,,,,,,,,,,,,,,,,,,,,1,,,,,,,,,,,,,1,,,,,,,,,,,,,,,,,,,,,,,,,,,,,,,,,,,,,,,,,,,,,,,,,,,,1,,,,,,,,,,,,,,,,,,,,,,,,,,,,,,,,,1,,,1,,,,,,,,,,,,,,,,,,,4,,,,,,,,1,,,,,,,,,,,,,,,,,,,,,,,,,,,,,,,,,,,,,,,,,,,,,,,,,,,,,,,,1,,,,,,,,,,,,,,,,,,,,,1,,,,,,,,,,,,,,,,,,,,,,,26,,,,,,,,,,,,,,,,,,,,,,,,,,,,,,,,,,,,,,,,,,,,,,,,,,,,,,,,,,1,,,,,,,,,,,,,1,,,,,,,,,,,,,,,,,,,,,,,,,,,,,,,,1,,,,,,,,,,,,,,,,,,,,,1,13,,,,,,,,,,,,,,,,,,,,,,,,,,,,,,,,,,,,,,,,,,,1,,,,,,,
ThermochromicWindow.idf,,,,,,,1,1,,,,,,,,,7,,,,,,,,,6,,,1,,,,,,,,8,,,,,,,,,1,,,,,,,,,,,,,,,,13,5,,,,,,,,,,,,,5,5,,15,,,,,,1,30,,,5,5,,,,,,,,,,,,5,,,,,,,,,,25,,,,,,2,,,,,,1,,,,,,,,,,,,,,,,5,,,,,,,,,,,,,,,,1,1,,,,,,,,,,,9,,,,,,,,31,,,1,,,,,,,,,,,,,,,,,,,,,,,,,,,,,,,,,,,,1,,5,,,,,,,,,,,,,,,,,,,,,,,5,5,,,,,,,,,,,,,,,,,,,,,,5,,1,3,,5,,,,,,,,,,,,,,,,,,,10,,,,,,,,,,,,,,,,,,13,,1,,,,,,5,,,1,,,,,,,,,,,,,,,,,25,,,,,,,,,,,,,,,21,,,,,,,,,,5,,,,,,,,,,,,,,,,,,,,,,,10,,,,,,2,,,,,,,,,,,,,,,,,,,,,,,,,,,,,,,,5,,,,,,,,5,,,,,1,,,,,,,,,1,,,,1,,,,,,,,,5,,,5,,,,,,,1,5,,,,,,,,,,,5,1,4,,,5,,,1,,,,,,,,,5,,,,1,,,,,,,5,,,,,1,,,,,,,,,,,,,,,,,,,,,1,,,1,,,,,,,,,5,,,,,,,,,5,21,,,,,,,,1,,,,,,10,,,,,,,,,,,,,,,,,,5,,,,,5,,,,,,,,,,,,5,,,,,,,,,,,,,7,,2,,,,,,,,,,,,2,,,,,,,,,1,,,,,,,,,,,,,,,,,,,,,,,43,,,,,,,,,5,,,,,,,1,,,,,,,,,,2,,,,,5,,,1,,,,,,,,,,5,,,,,,,,,,,,,,1,,5,,,,,,,,,,,1,,,,,1,1,,,,,,,,,,,,1,,,,,,,,,,,,,,1,,,,5,,,,,,,,,,,,,,,,,1,27,,,15,,,,,,,,,,,,,,,,1,,,,,,,,,,,,,,,,,,5,,,,,,1,,,,5,,,
TransparentInsulationSimple.idf,,,,,,,,,,,,,,,,,4,,,,,,,,,1,,,,,,,,,,,2,,,,,,,,,,,,,,,,,,,,,,,,,,,,,,,,,,,,,,,,,,,,,,,,1,,,,,,,,,,,,,,,,,1,,,,,,,,,,1,,,,,,2,,,,,,,,,,,,,,,,,,,,,,,,,,,,,,,,,,,,,,,,,,,,,,,,,,,,,,,,,,,,,,,,,,,,,,,,,,,,,,,,,,,,,,,,,,,,,,,,,,,,,,,,,,,,,,,,,,,,,,,,,,,,,,,,,,,,,,,,1,,,,,,,,,,,,10,,,,,,,,,,,,,,,,,,,,,,,,,,,,,,,,,,,,,,,3,,,,,,,,,,,1,,,,,,,,,,,,,,,,,4,,,,,,,,,,,,,,,,,,,,,,,,,,,,,1,,,,,,,,,,,,,,,,,,,1,,,,,,,,,,,,,,,,,,,,,,,,,,,,,,,,,,,,,,,,,,,,,,,,,,,1,,,,,,,,,,,,,1,,,,,,,,,,,,,,,,,,,1,,,,,,,,,,,,,,,,,,,,,,,,,,,,,,,,,1,,,,,,,,,,,,,,,,,,,,,,,,,,,,,,,,,1,,,1,,,,,,,,,,,,,,,,,,,,,,,,,,,1,,,,,,,,,,,,,,,,,,,,,,,,,,,,,,,,,,,,,,,,,,,,,,,,,,1,,,,,,,,,,,,,,,,,,,,,1,,,,,,1,,,,,,,,,,,,,,,,,,,,,,,6,,,,,,,,,,,,,,,,,,,,,,,,,,,,,,,,,,,,,,,,,,,,1,,,,,,,,,,,,,,1,,1,,,,,,,,,,,1,,,,,,,,,,,,,,,,,,,,,,,,,,,,,,,,1,,,,,,,,,,,,,,,,,,,,,1,9,,,,,,,,,,,,,,,,,,,,,,,,,,,,,,,,,,,,,,,,,,,1,,,,,,,
TranspiredCollectors.idf,,,,,,,,,,,,,,,,,6,,,,,,,,,15,,,,,,,,,,,3,,,,1,,,,,2,,,,,,,,,,,,,,,,9,5,1,,,,,,1,,,,,,10,8,,3,,,,,,1,,,,9,9,2,,,,,,,,,,,9,,,,,,1,,,,5,,,,,,2,,,,,,1,,,,,,,,,,,,,,,,5,,,,,,,,,,,,,,,,,,,,,,,,,,,,,,,,,,,,,,,,,,,,,,,,,,,,,,,,,,,,,,,,,,,,5,,,,,,,,,9,,,,,,,,,,,,,,,,,,,,,,,9,5,,,,,,,,,,,,,2,,,,,,,,,5,,,28,,9,,,,,,,,,,,,,,,,,,,2,,,,,,,,,,,,,,,,,,8,,,,,,,,5,,,1,,,,,,,,,,,,,,,,,19,,,,,,,,,,,,,,,,,,,,,,,,,,,,,,,,,,,,,,,,,,,,,,,,36,,,,,,,,,,,,,,,,,,,,,,,,5,,,,,,,,,,,,,,9,,,,,,,,5,,,,,1,,,,,,,,,,,,,1,,,,,,,,,9,,,9,,,,,,,1,9,,,,,,,,,,,4,,,,,10,,,,,2,,,,,,,10,,,,1,,,,,,,4,,,,,,,,,,,,,,,,,,,,,,,,,,1,,,1,,,,,,,,,9,,,,,,,,,5,2,,,,4,,,,1,,,,,,10,,,,,,,,,,,,,,,,,,,,,,,,,,,,,,,,,,,9,,,,,,,,,,,,,9,,1,,,,,,,,,,,,,,,2,,,,,,1,,,,,,,,,,,,,,,,,,,,,,,91,,,,,,,,,9,,,1,,,,,,,,,,,,,,,,,,,1,,,,,,,,,,,,,9,,,,,,,,,,,,,,1,,9,,,,,,,,,,,1,,,,,,,,,,,,,,,,,,1,,,,,,,,,,,,,,1,,,,5,,,,,,,,,,,,,1,,,,1,12,,,9,,,,,,,,,,,,,,,,,,,,,,,,,,,,,,,,,,9,1,,,,,1,,,,9,,,
TRHConstFlowChillerOneBranch.idf,,,,,,,,,,,,,,,,,5,,,,,,,,,3,,,,,1,,,,,,,1,,,,,,,,2,,1,,,,,,,,,,,,,,24,,,,,,,,,,,,,,,,,,,,,,,1,,,,1,,,,,,,,,,,,,3,,,,,,,,,,1,,,,,,2,,,,,,,,,,,,,,,,,,,,,,,,,,,,,,,,,,10,,,,,,,,,,,,,,,,,,,,,,,,,,,,,,,,,,,,,,,,,,,,,,,,,,,,,,,,,,,,,,,,,,,,,,,,,,,,,,,,,,,,,,,,1,,,,,,,,,,,,,,1,,,,,,,,,,,2,31,,,,,,,,,,,,,,,,,,,,,,,,1,,,,,,,,,,,,,,,5,,,,,,,,,,,1,,,,,,,,,,,,,,,,,17,,,,,,,,,,,,,,,,,,,,,,,,,13,1,,,,,,,,,,,,,,,,,,,,,,6,,,,,,5,,,,,,,,,,,,,,,,,,,,,,,,,,,,,,,,1,,,,,,,,3,,,,,,,,,,,,,,,,,,1,,,,,,,,,,,1,3,,,,,,,,,,,,,1,,1,,,,1,,,,,2,,,,,,,,,,,,3,,,,1,,,,,,,1,,,,,2,,,,,,,,,,,,,,,,,,,,,1,,,1,,,,,,,,,1,,,1,,,,,,,1,,,,1,,3,,1,,,,,,,,,,,,,,,1,,,,,,2,,,,,,,,,,,,,,,,,,,,,,,,,,,,,,,,,7,,,,,1,,,,,,,,,5,,,1,,,,,,1,,,,,,,,,,,,,,,,,,,,,,,20,,,,,,,,,,,,,,,3,1,,,,,,,,,,5,,,,,,,,,,,,,,,,,,3,,,,,,,,,,,,,,1,,3,,,,,,,,,,,1,,,,,2,3,,,,,,,,,,,,,,,,,,,,,,,,,,1,,,,,,,,,,,,,,,,,,,,,1,9,,,,,,,,,,,,,,,,,,,2,,,,,,,,,,,,,,,,,,1,,,,,,1,,,,1,,,
TRHEvapCoolerOAStaged.idf,,,,,,,,,,,,,,,,,5,,,,,,,,,3,,,,,,,,,,,,,,,,,,,,1,,,,,,,,,,,,,,,,1,,,,,,,,,,,,,,,2,,,,,,,,1,,,,1,1,,,,,,,,,,,,3,,,,,,,,,,1,,,,,,2,,,,,,,,,,,,,,,,,,,,,,,,,,,,,,,,,,12,,,,,,,,,,,,,,,,,,,,,,,,,,,,,,,,,,,,,,,,,,,,,,,,,,,,,,,,,,,,,,,,,1,,,,,,,,,,,,,,,,,,1,,,,,1,,,,,,,,,,,,,,1,,,,,,,,,,,,27,,1,,,,,,,,,,,,,,,,,,,,,,,,,,,,,,,,,,,,,5,,,,,,,,,,,1,,,,,,,,,,,,,,,,,13,,,,,,,,,,,,,,,,,,,1,,,,,,,,,,,,,,,,,,,,,,,,,,,,,6,,,,,,,,,,,,,,,,,,,,,,,,,,,,,,,,,,,,,,1,,,,,,,,3,,,,,1,,,,,,,,,,,,,1,,,,,,,,,,,,3,,,,,,,,,,,,,,,,,,,1,,,,,2,,,,,,,,,,,,3,,,,1,,,,,,,1,,,,,,,,,,,,,,,,,,,,,,,,,,1,,,1,,,,,,,,,1,,,,,,,,,,1,,,,1,,3,,1,,,,,,,,,,,,,,,,,,,,,,,,1,,,,,,,,,,,,,,,,,1,,,,,,,,,,,,,1,,,,,,,,,,,,,,,,,1,,,,,,1,,,,,,,,,,,,,,,,,,,,,,,20,,,,,,,,,1,,,,,,,,,,,,,,,,,,,,,,,,,,,,,,,,,,,3,,,,,,,,,,,,,,1,,3,,,,,,,1,,,,1,,,,,,2,,,,,,,,,,,,,,,,,,,,,,,,,,1,,,,,,,,,,,,,,,,,,,,,1,9,,,,,,,,,,,,,,,,,,,,,,,,,,,,,,,,,,,,,1,,,,,,1,,,,1,,,
TRHEvapCoolerOAStagedWetCoil.idf,,,,,,,,,,,,,,,,,5,,,,,,,,,3,,,,,,,,,,,,,,,,,,,,1,,,,,,,,,,,,,,,,1,,,,,,,,,,,,,,,2,,,,,,,,1,,,,1,1,,,,,,,,,,,,3,,,,,,,,,,1,,,,,,2,,,,,,,,,,,,,,,,,,,,,,,,,,,,,,,,,,12,,,,,,,,,,,,,,,,,,,,,,,,,,,,,,,,,,,,,,,,,,,,,,,,,,,,,,,,,,,,,,,,,1,,,,,,,,,,,,,,,,,,1,,,,,1,,,,,,,,,,1,,,,1,,,,,,,,,,,,26,,1,,,,,,,,,,,,,,,,,,,,,,,,,,,,,,,,,,,,,5,,,,,,,,,,,1,,,,,,,,,,,,,,,,,13,,,,,,,,,,,,,,,,,,,1,,,,,,,,,,,,,,,,,,,,,,,,,,,,,6,,,,,,,,,,,,,,,,,,,,,,,,,,,,,,,,,,,,,,1,,,,,,,,3,,,,,1,,,,,,,,,,,,,1,,,,,,,,,,,,3,,,,,,,,,,,,,,,,,,,1,,,,,2,,,,,,,,,,,,3,,,,1,,,,,,,1,,,,,,,,,,,,,,,,,,,,,,,,,,1,,,1,,,,,,,,,1,,,,,,,,,,1,,,,1,,3,,1,,,,,,,,,,,,,,,,,,,,,,,,1,,,,,,,,,,,,,,,,,1,,,,,,,,,,,,,1,,,,,,,,,,,,,,,,,1,,,,,,1,,,,,,,,,,,,,,,,,,,,,,,20,,,,,,,,,1,,,,,,,,,,,,,,,,,,,,,,,,,,,,,,,,,,,3,,,,,,,,,,,,,,1,,3,,,,,,,,,,,1,,,,,,2,,,,,,,,,,,,,,,,,,,,,,,,,,1,,,,,,,,,,,,,,,,,,,,,1,9,,,,,,,,,,,,,,,,,,,,,,,,,,,,,,,,,,,,,1,,,,,,1,,,,1,,,
TwoWayCommonPipe_Pri-Sec.idf,,,,,,,3,,,,,,1,,,,7,,,,,,,,,6,,,,,,,,,,,4,1,,,,,,,,2,,,,,,,,,,,,,,,,30,,,,,,,,,,,,,,5,,,2,,1,,,,1,,,,4,1,,,,,,,,,,,,5,,,,,,2,,,,4,,,,,,2,,,,,,1,,,,,,,,,,,,,,,,5,,,,,,1,,,,,,14,,,,,,,,,,,,,,,,,,,,,,,,,,,,,,,,,,,,,,,,,,,,,,,,,,,,,,,,,,,,,,,,,1,,,,,,,,,,,,2,,,,,,,,,,,1,1,,,,,,,,,,,,,,,,,,,,,,,,2,7,,1,,,,,,,,,,,,,,,,,,,2,,,1,,,,,,,,,,,,,,,7,,,,,,,,1,,,1,,,,,,,,,,,,,,,,4,17,,,,,,,,,,,,,,,,,,,,,,,,,14,1,,,,,,,,,,,,,,,,,,,,,,1,,,,,,6,,,,,,,,,,,,,,,,,,,,,,,,,,,,,,,,2,,,,,,,,5,,,,,1,,,,,,,,,,,,,1,1,,,,,,,,,,1,5,,,,,,,,,,,,,,,,,,,4,,,,,5,,,1,,,,,,,,,5,,,,1,,,,,,,1,,,,,2,,,,,,,,,,,,,,,,,,,,,1,,,1,,,,,,,,,1,,,2,1,,,,,5,6,,,,,,,,1,,,,,,,,,,,,,,,1,,,,,,2,,,1,,,,,,,,,,,,,,,,,1,,,,,,,,,,1,,,7,,3,,,2,,,,,,,,,6,,,,,,,,,1,,,,,,,,,,,,,,,,,,,,,,,40,,,,,,,,,1,,,,,,6,1,,,,,,,,,,6,,,,,1,,,,,,,,,,,,,5,,,,,,,,,,,,,,1,,5,,,,,,,,,,,1,,,,,2,5,,,,,,,,,,,,,,,,,,,,,,,,,,1,,,,,,,,,,,,,,,,,,,,,1,10,,,2,,,,,,,,,,,,,,,,2,,,,,,,,,,,,,,,,,,1,,,,,,1,,,,1,,,
UnitaryHybridAC_DedicatedOutsideAir.idf,,,,,,,,,,,,,,,,,5,,,,,,,,,1,,,,,,,,,,,2,,,,,,,,,1,,,,,,,,,,,,,,,,,,,,,,,,,,,,,,1,,,,,,,,,1,,,,,,,,,,,,,,,,,1,30,,,,,,,,,,,,,,,2,,,,,,,,,,,,,,,,,,,,,,1,,,,,,,,,,,,,,,,,,,,,,,,,,,,,,,,,,,,,,,,,,,,,,,,,,,,,,,,,,,,,,,,,,,,,,,,,,,,,,,,,,,,,,,,,,,,,,,,,,,,,,,,,,,,,,,,,,,,,,,,,,,,,,82,,,,,,,,,,,,,,,,,,,,,,,,,,,,,,,,,,,,,,,3,,,,,,,,,,,1,,,,,,,,,,,,,,,,,14,,,,,,,,,,,,,,,,,,,,,,,,,,,,,,,,,,,,,,,,,,,,,,,,,,,,,,,,,,,,,,,,,,,,,,,,,,,,,,,,,,,,,,,,,,,,,,,,,,,,,,,,,,,,,,,,1,,,,,,,,,,,,,,,,,,,,,,,,,,,,,,,,,,,,,,,,6,,,,,,,,1,,,,1,,,1,,,,,,,,,,,,,,,,,,,,,,,,,,,,,,1,1,,1,,,,,,,,,,,,,,,,,,1,,,,,,,,,1,,,,,,,,,,,,,,,,,,,,,,,,1,,,,,,,,,,,,,,,,,,,,,,,,,,,,,,,,,,,,,,,,1,,,,,,,,,,,,,1,,,,,,,,,,,,,,,,,,,,,,,6,,,,,1,,,,,,,,,,,,,,,,,,,,,,,,,,1,,,,,,,,,,,,,1,,,,,,,,,,,,,,1,,1,,,,,,,,,,,1,,,,,,,,,,,,,,,,,,,1,,,,,,,,,,,,,1,,,,,,,,,,,,36,,,,,,,,,1,1,,,,,,,,,,,,,,,,,,,,,,,,,,,,,,,,,,,,,,,,,,,1,,,,,,,
UnitarySystem_5ZoneWaterLoopHeatPump.idf,,,,,,,2,,,,,,,,,,6,,,,,,,,,6,,,,,,,,,,,2,,,,,,,,,2,,,,,,,,,,,,,,,,23,,,,,,,,,,,,,,5,5,,3,,1,,,,1,,,,,,,,,,,,,,,,,5,,,,,4,2,,,,2,,,,,,2,,,,,,1,,,,,,,,,,,,5,,,,5,,,,,,,,,,,,12,,,,,,,,,,,,,,,,,,,,,,,,,,,,,,,,,,,,,,,,,,,,,,,,,136,,,,,,,,,,,,,,,,,,,,,,,,,,,,2,,,,,,,,,,,5,5,,,,,,,,,,,,,2,,,,,,,,,,,1,45,,,,,,,,,,,,,,,,,,,,,,,,,,,,,,,,,,,,,,,7,,,,,,,,,,,1,,,,,5,,,,,,,,,,,,17,,,,,,,,,,,,,,,,,,,,,,,,,5,,,,,,,,,,,,,,,,,,,,,,,5,,,,,,2,,,,,,,,2,,,,,,,,3,,,,,,,,,,,,,,,,,,,,,,,,5,,,,,,,,,,,,,,,,,,1,,,,,,,,,,,,5,,,,,,,,5,,,,,,,1,,,,5,,,,,5,,,,,,,,,,,7,5,,,,1,,,,,,,5,,,,,2,,,,,,,,,,,,,,,,,,,,,1,,,1,,,,,,,,,5,,,,,,1,,,5,6,,,,5,,,,1,,,,,,,,,,,,,,,,,,,,,1,,,2,,,,,,,,,,,,,,,,,,,,,,,,,,,,,,7,,1,,,,,,,,,,,,2,,,2,,,,,,1,,,,,,,,,,,,,,,,,,,,,,,40,,,,,,,,,,,,,,,,1,,,,,,,,,,2,,,,,1,,,,,,,,,,,,,5,,,,,,,,,,,,,,1,,5,,,,,,,,,,,1,,,,,1,,,,,,,,,,,,,,,,,,,,,,,,,,,1,,,,,,,,,,,,,,,,,,,,,1,10,,,,,,,,,,,,,,,,,,,1,,,,,1,,,,,,,,,,1,,,5,,,5,,,1,,,,5,,,
UnitarySystem_DXCoilSystemAuto.idf,,,,,,,,,,,,,,,,,5,,,,,,,,,3,,,,,,,,,,,,,,,,,,,,2,,,,,,,,,,,,,,,1,1,,,,,,,,,,,,,,,1,,4,,,,,,1,,,,,1,,,,,,,,,,,,3,,,,,,,,,,1,,,,,,2,,,,,,,,,,,,,,,,,,,,,,3,,,,,,,,,,,,12,,,,,,,,,,,,,,,,,,,,,,,,,,,,,,,,,,,,,,,,,,,,,,,,,,,,,,,,,,,,,,,,,1,,1,,,,,1,,,,,,,,,,,,,,,,1,1,,,,,,,,,,,,,1,,,,,,,,,,,,16,,1,,,,,,,,,,,,,,,,,,,2,,,,,,,,,,,,,,,,,,5,,,,,,,,,,,1,,,,,2,,,,,,,,,,,,15,,,,,,,,,,,,,,,,,,,,,,,,,,,,,,,,,,,,,,,,,,,,,,,,8,,,,,,,,,,,,,,,,,,,,,,,,,,,,,,,,,,,,,,1,,,,,,,,3,,,,,1,,,,,,,,,,,,,1,,,,,,,,,1,,,3,,,,,,,1,3,,,,,,,,,,,1,,,,,2,,,,,,,,,,,,3,,,,1,,,,,,,1,,,,,,,,,,,,,,,,,,,,,,,,,,1,,,1,,,,,,,,,2,,,,,,1,,,3,1,,,,2,,,,1,,,,,,,,,,,,,,,,,,,,,,,,2,,,,,,,,,,,,,,,,,1,,,,,,,,,,,,,1,,,,,,,,,,,,,,,,,1,,,,,,1,,,,,,,,,,,,,,,,,,,,,,,20,,,,,,,,,1,,,,,,,,,,,,,,,,,,,,,,1,,,,,,,,,,,,,3,,,,,,,,,,1,,,,1,,3,,,,,,,,,,,1,,,,,,,,,,,,,,,,,,,,,,,,,,,,,,,,1,3,,,,,,,,,,,,,,,,,,,,1,9,,,,,,,,,,,,,,,,,,,,,,1,,,,,,,,,,,,,,,1,,,,,,1,,,,1,,,
UnitarySystem_FurnaceWithDXSystemRHcontrol.idf,,,,,,,,,,,,,,,,,6,,,,,,,,,3,,,,,,,,,,,,,,,,,,,,3,,,,,,,,,,,,,,,1,1,1,,,,,,,,,,,,,,2,,3,,,,,,1,,,,,1,,,,,,,,,,,,3,,,,,,,,,,1,,,,,,2,,,,,,,,,,,,,,,,,,,,,,,,,,,,,,,,,,12,,,,,,,,,,,,,,,,,,,,,,,,,,,,,,,,,,,,,,,,,,,,,,,,,,,,,,,,,,,,,,,,,1,,1,,,,,1,,,,,,,,,,,,,,,,1,,,,,,,,,,,,,,,,,,,,,,,,,,32,,1,,,,,,,,,,,,,,,,,,,2,,,,,,,,,,,,,,,,,,5,,,,,,,,,,,1,,,,,1,,,,,,,,,,,,17,,,,,,,,,,,,,,,,,,,,,,,,,,,,,,,,,,,,,,,,,,,,,,,,4,,,,,,,,,,,,,,,,,,,,,,,,,,,,,,,,,,,,,,1,,,,,,,,3,,,,,1,,,,,,,,,,,,,1,,,,,,,,,1,,,3,,,,,,,1,3,,,,,,,1,,,,1,,,,,2,,,,,,,,,,,,3,,,,1,,,,,,,1,,,,,,,,,,,,,,,,,,,,,,,,,,1,,,1,,,,,,,,,2,,,,,,1,,,,1,,,,2,,,,1,,,,,,,,,,,,,,,,,,,,,,,,1,,,,,,,,,,,,,,,,,1,,,,,,,,,,,,,1,,,,,,,,,,,,,,,,,,,,,,,1,,,,,,,,,,,,,,,,,,,,,,,20,,,,,1,,,,1,,,,,,,,,,,,,,,,,,,,,,1,,,,,,,,,,,,,3,,,,,,,,,,,,,,1,,1,,,,,,,,,,,1,,,,,,1,,,,,,,,,,,,1,,,,,,,,,,,,,,1,1,,,1,,,,,,,,,,,,,,,,,1,9,,,1,,,,,,,,,,,,,,,,,,,1,,,,,,,,,,,,,,,1,,,,,,1,,,,1,,,
UnitarySystem_HeatPumpAuto.idf,,,,,,,,,,,,,,,,,5,,,,,,,,,3,,,,,,,,,,,,,,,,,,,,2,,,,,,,,,,,,,,,1,1,,,,,,,,,,,,,,,1,,4,,,,,,1,,,,,1,,,,,,,,,,,,3,,,,,,,,,,1,,,,,,2,,,,,,,,,,,,,,,,,,,,,,3,,,,,,,,,,,,12,,,,,,,,,,,,,,,,,,,,,,,,3,,,,,,,,,,,,,,,,,,,,,,,,,,,,,,,,,,,,,,,,,1,,1,,,,,1,,,,,,,,,,,,,,,,1,1,,,,,,,,,,,,,1,,,,,,,,,,,,18,,1,,,,,,,,,,,,,,,,,,,2,,,,,,,,,,,,,,,,,,5,,,,,,,,,,,1,,,,,1,,,,,,,,,,,,14,,,,,,,,,,,,,,,,,,,,,,,,,,,,,,,,,,,,,,,,,,,,,,,,7,,,,,,,,,,,,,,,,,,,,,,,,,,,,,,,,,,,,,,1,,,,,,,,3,,,,,1,,,,,,,,,,,,,1,,,,,,,,,,,,3,,,,,,,1,3,,,,,,,,,,,1,,,,,2,,,,,,,,,,,,3,,,,1,,,,,,,1,,,,,,,,,,,,,,,,,,,,,,,,,,1,,,1,,,,,,,,,2,,,,,,1,,,3,1,,,,2,,,,1,,,,,,,,,,,,,,,,,,,,,,,,1,,,,,,,,,,,,,,,,,1,,,,,,,,,,,,,1,,,,,,,,,,,,,,,,,1,,,,,,1,,,,,,,,,,,,,,,,,,,,,,,20,,,,,,,,,1,,,,,,,,,,,,,,,,,,,,,,,,,,,,,,,,,,,3,,,,,,,,,,1,,,,1,,3,,,,,,,,,,,1,,,,,,,,,,,,,,,,,,,,,,,,,,,,,,,,1,3,,,,,,,,,,,,,,,,,,,,1,9,,,,,,,,,,,,,,,,,,,,,,1,,,,,,,,,,,,,,,1,,,,,,1,,,,1,,,
UnitarySystem_MultiSpeedCoils_SingleMode.idf,,,,,,,,,,,,,,,,,5,,,,,,,,,3,,,,,,,,,,,,,,1,,,,,,2,,,,,,,,,,,,,,,1,1,,,,,,,,,,,,,,,1,,16,,,,,,1,,,,,1,,,,,,,,,,,,3,,,,,,,,,,1,,,,,,2,,,,,,,,,,,,,,,,,,,,,,3,,,,,,,,,,,,12,,,,,,,,,,,,,,,,,,,,,,,,,,,,,,,,,,,,,,,,,,,,,,,,,,,,,,,,,,,,,,,,,1,,4,,,,,1,,,,,,,,,,,,,,,,1,1,,,,,,,,,,,,,1,,,,,,,,,,,,20,,1,,,,,,,,,,,,,,,,,,,19,,,,,,,,,,,,,,,,,,5,,,,,,,,,,,1,,,,,1,,,,,,,,,,,,14,,,,,,,,,,,,,,,,,,,,,,,,,,,,,,,,,,,,,,,,,,,,1,,,,7,,,,,,,,,,,,,,,,,,,,,,,,,,,,,,,,,,,,,,1,,,,,,,,3,,,,,1,,,,,,,,,,,,,1,,,,,,,,,,,,3,,,,,,,1,3,,,,,,,,,,,1,,,,,2,,,,,,,,,,,,3,,,,1,,,,,,,1,,,,,,,,,,,,,,,,,,,,,,,,,,1,,,1,,,,,,,,,2,,,,,,1,,,3,1,,,,2,,,,1,,,,,,,,,,,,,,,,,,,,,,,,1,,,,,,,,,,,,,,,,,1,,,,,,,,,,,,,1,,,,,,,,,,,,,,,,,1,,,,,,1,,,,,,,,,,,,,,,,,1,,,,,,20,,,,,,,,,1,,,,,,,,,,,,,,,,,,,,,,,,,,,,,,,,,,,3,,,,,,,,,,,,,,1,,3,,,,,,,,,,,1,,,,,,,,,,,,,,,,,,,,,,,,,,,,,,,,1,23,,,,,,,,,,,,,,,,,,,,1,9,,,,,,,,,,,,,,,,,,,,,,1,,,,,,,,,,,,,,,1,,,,,,1,,,,1,,,
UnitarySystem_MultiSpeedDX.idf,,,,,,,,,,,,,,,,,7,,,,,,,,,6,,,,,,,,,,,2,,,,,,,,,2,,,,,,,,,,,,,,,5,5,,,,,,,,,,,,,,5,2,,9,,,,,,1,,,,,5,,,,,,,,,,,,5,,,,,,2,,,,4,,,5,,,2,,,,,,1,,,,,,,,,,,,,,,,5,,,,,,,,,,,,10,,,,,,,,,,,,,,,,,,,,,,,,,,,,,,,,,,,,,,,,,,,,,,,5,,,,,,,,,,,,,,,,,,5,,17,,,,,5,,,,,2,,,,,,,,,,,5,5,,,,,,,,,,,,,,,,,,,,,,,,,17,,5,,,,,,,,,,,,,,,,,,,19,,,,,,,,,,,,,,,,,,7,,,,,,,,,,,1,,,,,5,,,,,,,,,,,,12,,,,,,,,,,,,,,,,,,,3,,,,,,,,,,,,,,,,,,,,,,,,,2,,,,,,,,,,,,,,,,,,,,,,,,,,,,,,,,,,,,,,,,,,5,,,,,,,,5,,,,,,,,,,,,,,,,,,1,5,,,,,,,,,,,5,,,,,,,,5,,,,,,,,,,,5,,,,,5,,,,,,,,,,,,5,,,,1,,,,,,,5,,,,,,,,,,,,,,,,,,,,,,,,,,1,,,1,,,,,,,,,5,,,,,,,,,5,6,,,,5,,,,1,,,,,,,,,,,,,,,,,,,,,,,,7,,,,,,,,,,,,,,,,,5,,,,,,,,,,,,,5,,3,,,,,,,,,,,,,,,,,,,,,1,,,,,,,,,,,,,,,,,5,,,,,,40,,,,,,,,,5,,,,,,,,,,,,,,,,,,,,,,1,,,,,,,,,,,,,5,,,,,,,,,,,,,,1,,5,,,,,,,,,,,1,,,,,,,,,,,,,,,,,,,,,,,,,,,,,,,,1,18,,,,,,,,,,,,,,,,,,,,1,10,,,5,,,,,,,,,,,,,,,,,,,5,,,,,,,,,,,,,,,5,,,,,,1,,,,5,,,
UnitarySystem_MultiSpeedDX_EconoStaging.idf,,,,,,,,,,,,,,,,,7,,,,,,,,,6,,,,,,,,,,,2,,,,,,,,,1,,,,,,,,,,,,,,,3,5,,,,,,,,,,,,,,5,2,,9,,,,,,1,,,,,5,,,,,,,,,,,,5,,,,,,2,,,,4,,,5,,,2,,,,,,1,,,,,,,,,,,,,,,,5,,,,,,,,,,,,10,,,,,,,,,,,,,,,,,,,,,,,,,,,,,,,,,,,,,,,,,,,,,,,5,,,,,,,,,,,,,,,,,,5,,9,,,,,3,,,,,2,,,,,,,,,,,5,5,,,,,,,,,,,,,,,,,,,,,,,,,54,,5,,,,,,,,,,,,,,,,,,,19,,,,,,,,,,,,,,,,,,7,,,,,,,,,,,1,,,,,5,,,,,,,,,,,,13,,,,,,,,,,,,,,,,,,,3,,,,,,,,,,,,,,,,,,,,,,,,,2,,,,,,,,,,,,,,,,,,,,,,,,,,,,,,,,,,,,,,,,,,5,,,,,,,,5,,,,,,,,,,,,,,,,,,1,4,,,,,,,,,,,5,,,,,,,,5,,,,,,,,,,,5,,,,,5,,,,,,,,,,,,5,,,,1,,,,,,,5,,,,,,,,,,,1,,,,,,,,,,,,,,,1,,,1,,,,,,,,,5,,,,,,1,,,5,6,,,,5,,,,1,,,,,,,,,,,,,,,,,,,,,,,,7,,,,,,,,,1,,,,,,,,5,,,,,,,,,,,,,5,,3,,,,,,,,,,,,,,,,,,,,,1,,,,,,,,,,,,,,,,,5,,,,,,40,,,,,,,,,5,,,,,,,,,,,,,,,,,,,,,,1,,,,,,,,,,,,,5,,,,,,,,,,,,,,1,,5,,,,,,,,,,,1,,,,,,,,,,,,,,,,,,,,,,,,,,,,,,,,1,18,,,,,,,,,,,,,,,,,,,,1,10,,,5,,,,,,,,,,,,,,,,,,,3,,,,,,,,,,,,,,,5,,,,,,1,,,,5,,,
UnitarySystem_SingleSpeedDX.idf,,,,,,,,,,,,,,,,,7,,,,,,,,,6,,,,,,,,,,,2,,,,,,,,,2,,,,,,,,,,,,,,,5,5,,,,,,,,,,,,,,5,2,,19,,,,,,1,,,,,5,,,,,,,,,,,,5,,,,,5,2,,,,4,,,5,,,2,,,,,,1,,,,,,,,,,,,,,,,5,,,,,,,,,,,,10,,,,,,,,,,,,,,,,,,,,,,,,,,,,,,,,,,,,,,,,,,,,,,,5,,,,,,,,,,,,,,,,,,5,,5,,,,,5,,,,,2,,,,,,,,,,,5,5,,,,,,,,,,,,,,,,,,,,,,,,,17,,5,,,,,,,,,,,,,,,,,,,12,,,,,,,,,,,,,,,,,,7,,,,,,,,,,,1,,,,,5,,,,,,,,,,,,12,,,,,,,,,,,,,,,,,,,3,,,,,,,,,,,,,,,,,,,,,,,,,,,,,,,,,,,,,,,,,,,,,,,,,,,,,,,,,,,,,,,,,,,5,,,,,,,,5,,,,,,,,,,,,,,,,,,1,,,,,,,,,,,,5,,,,,,,,5,,,,,,,,,,,5,,,,,5,,,,,,,,,,,,5,,,,1,,,,,,,5,,,,,,,,,,,,,,,,,,,,,,,,,,1,,,1,,,,,,,,,5,,,,,,,,,5,6,,,,5,,,,1,,,,,,,,,,,,,,,,,,,,,,,,5,,,,,,,,,,,,,,,,,5,,,,,,,,,,,,,5,,3,,,,,,,,,,,,,,,,,,,,,1,,,,,,,,,,,,,,,,,,,,,,,40,,,,,,,,,5,,,,,,,,,,,,,,,,,,,,,,1,,,,,,,,,,,,,5,,,,,,,,,,2,,,,1,,5,,,,,,,,,,,1,,,,,,,,,,,,,,,,,,,,,,,,,,,,,,,,1,8,,,,,,,,,,,,,,,,,,,,1,10,,,5,,,,,,,,,,,,,,,,,,,5,,,,,,,,,,,,,,,5,,,,,,1,,,,5,,,
UnitarySystem_SubcoolReheatDX.idf,,,,,,,,,,,,,,,,,7,,,,,,,,,6,,,,,,,,,,,2,,,,,,,,,2,,,,,,,,,,,,,,,5,5,,,,,,,,,,,,,,5,2,,28,,,,,,1,,,,,5,,,,,,,,,,,,5,,,,,5,2,,,,4,,,5,,,2,,,,,,1,,,,,,,,,,,,,,,,5,,,,,,,,,,,,10,,,,,,,,,,,,,,,,,,,,,,,,,,,,,,,,,,,,,,,,,,,,,,,5,,,,,,,,,,,,,,,,,,5,,7,,,,,5,,,,,2,,,,,,,,,,,5,5,,,,,,,,,,,,,,,,,,,,,,,,,19,,5,,,,,,,,,,,,,,,,,,,21,,,,,,,,,,,,,,,,,,7,,,,,,,,,,,1,,,,,5,,,,,,,,,,,,13,,,,,,,,,,,,,,,,,,,3,,,,,,,,,,,,,,,,,,,,,,,,,,,,,,,,,,,,,,,,,,,,,,,,,,,,,,,,,,,,,,,,,,,5,,,,,,,,5,,,,,1,,,,,,,,,,,,,1,,,,,,,,,,,,5,,,,,,,,5,,,,,,,,,,,5,,,,,5,,,1,,,,,,,,,5,,,,1,,,,,,,5,,,,,,,,,,,,,,,,,,,,,,,,,,1,,,1,,,,,,,,,5,,,,,,,,,5,6,,,,5,,,,1,,,,,,,,,,,,,,,,,,,,,,,,5,,,,,,,,,,,,,,,,,5,,,,,,,,,,,,,5,,3,,,,,,,,,,,,,,,,,,,,,1,,,,,,,,,,,,,,,,,,,,,,,40,,,,,1,,,,5,,,,,,,,,,,,,,,,,,,,,,1,,,,,,,,,,,,,5,,,,,,,,,,2,,,,1,,5,,,,,,,,,,,1,,,,,,,,,,,,,,,,,,,,,,,,,,,,,,,,1,8,,,,,,,,,,,,,,,,,,,,1,10,,,5,,,,,,,,,,,,,,,,,,,7,,,,,,,,,,,,,,,5,,,,,,1,,,,5,,,
UnitarySystem_TwoSpeedDX.idf,,,,,,,,,,,,,,,,,7,,,,,,,,,6,,,,,,,,,,,2,,,,,,,,,2,,,,,,,,,,,,,,,5,5,,,,,,,,,,,,,,5,2,,9,,,,,,1,,,,,5,,,,,,,,,,,,5,,,,,,2,,,,4,,,5,,,2,,,,,,1,,,,,,,,,,,,,,,,5,,,,,,,,,,,,10,,,,,,,,,,,,,,,,,,,,,,,,,,,,,,,,,,,,,,,,,,,,,,,5,,,,,,,,,,,,,,,,,,5,,10,,,,,5,,,,,2,,,,,,,,,,,5,5,,,,,,,,,,,,,,,,,,,,,,,,,17,,5,,,,,,,,,,,,,,,,,,,22,,,,,,,,,,,,,,,,,,7,,,,,,,,,,,1,,,,,5,,,,,,,,,,,,12,,,,,,,,,,,,,,,,,,,3,,,,,,,,,,,,,,,,,,,,,,,,,,,,,,,,,,,,,,,,,,,,,,,,,,,,,,,,,,,,,,,,,,,5,,,,,,,,5,,,,,,,,,,,,,,,,,,1,5,,,,,,,,,,,5,,,,,,,,5,,,,,,,,,,,5,,,,,5,,,,,,,,,,,,5,,,,1,,,,,,,5,,,,,,,,,,,,,,,,,,,,,,,,,,1,,,1,,,,,,,,,5,,,,,,,,,5,6,,,,5,,,,1,,,,,,,,,,,,,,,,,,,,,,,,5,,,,,,,,,,,,,,,,,5,,,,,,,,,,,,,5,,3,,,,,,,,,,,,,,,,,,,,,1,,,,,,,,,,,,,,,,,,,,,,,40,,,,,,,,,5,,,,,,,,,,,,,,,,,,,,,,1,,,,,,,,,,,,,5,,,,,,,,,,2,,,,1,,5,,,,,,,,,,,1,,,,,,,,,,,,,,,,,,,,,,,,,,,,,,,,1,18,,,,,,,,,,,,,,,,,,,,1,10,,,5,,,,,,,,,,,,,,,,,,,5,,,,,,,,,,,,,,,5,,,,,,1,,,,5,,,
UnitarySystem_TwoStageDX.idf,,,,,,,,,,,,,,,,,7,,,,,,,,,6,,,,,,,,,,,2,,,,,,,,,2,,,,,,,,,,,,,,,5,5,,,,,,,,,,,,,,5,2,,19,,,,,,1,,,,,5,,,,,,,,,,,,5,,,,,5,2,,,,4,,,5,,,2,,,,,,1,,,,,,,,,,,,,,,,5,,,,,,,,,,,,10,,,,,,,,,,,,,,,,,,,,,,,,,,,,,,,,,,,,,,,,,,,,,,,5,,,,,,,,,,,,,,,,,,5,,10,,,,,5,,,,,2,,,,,,,,,,,5,5,,,,,,,,,,,,,,,,,,,,,,,,,17,,5,,,,,,,,,,,,,,,,,,,12,,,,,,,,,,,,,,,,,,7,,,,,,,,,,,1,,,,,5,,,,,,,,,,,,13,,,,,,,,,,,,,,,,,,,3,,,,,,,,,,,,,,,,,,,,,,,,,,,,,,,,,,,,,,,,,,,,,,,,,,,,,,,,,,,,,,,,,,,5,,,,,,,,5,,,,,,,,,,,,,,,,,,1,,,,,,,,,,,,5,,,,,,,,5,,,,,,,,,,,5,,,,,5,,,,,,,,,,,,5,,,,1,,,,,,,5,,,,,,,,,,,,,,,,,,,,,,,,,,1,,,1,,,,,,,,,5,,,,,,,,,5,6,,,,5,,,,1,,,,,,,,,,,,,,,,,,,,,,,,5,,,,,,,,,,,,,,,,,5,,,,,,,,,,,,,5,,3,,,,,,,,,,,,,,,,,,,,,1,,,,,,,,,,,,,,,,,,,,,,,40,,,,,4,,,,5,,,,,,,,,,,,,,,,,,,,,,1,,,,,,,,,,,,,5,,,,,,,,,,2,,,,1,,5,,,,,,,,,,,1,,,,,,,,,,,,,,,,,,,,,,,,,,,,,,,,1,8,,,,,,,,,,,,,,,,,,,,1,10,,,5,,,,,,,,,,,,,,,,,,,5,,,,,,,,,,,,,,,5,,,,,,1,,,,5,,,
UnitarySystem_TwoStageDXWithHumidityControl.idf,,,,,,,,,,,,,,,,,7,,,,,,,,,6,,,,,,,,,,,2,,,,,,,,,2,,,,,,,,,,,,,,,5,5,,,,,,,,,,,,,,5,2,,19,,,,,,1,,,,,5,,,,,,,,,,,,5,,,,,5,2,,,,4,,,5,,,2,,,,,,1,,,,,,,,,,,,,,,,5,,,,,,,,,,,,10,,,,,,,,,,,,,,,,,,,,,,,,,,,,,,,,,,,,,,,,,,,,,,,5,,,,,,,,,,,,,,,,,,5,,20,,,,,5,,,,,2,,,,,,,,,,,5,5,,,,,,,,,,,,,,,,,,,,,,,,,17,,5,,,,,,,,,,,,,,,,,,,22,,,,,,,,,,,,,,,,,,7,,,,,,,,,,,1,,,,,5,,,,,,,,,,,,13,,,,,,,,,,,,,,,,,,,3,,,,,,,,,,,,,,,,,,,,,,,,,,,,,,,,,,,,,,,,,,,,,,,,,,,,,,,,,,,,,,,,,,,5,,,,,,,,5,,,,,,,,,,,,,,,,,,1,,,,,,,,,,,,5,,,,,,,,5,,,,,,,,,,,5,,,,,5,,,,,,,,,,,,5,,,,1,,,,,,,5,,,,,,,,,,,,,,,,,,,,,,,,,,1,,,1,,,,,,,,,5,,,,,,,,,5,6,,,,5,,,,1,,,,,,,,,,,,,,,,,,,,,,,,5,,,,,,,,,,,,,,,,,5,,,,,,,,,,,,,5,,3,,,,,,,,,,,,,,,,,,,,,1,,,,,,,,,,,,,,,,,,,,,,,40,,,,,4,,,,5,,,,,,,,,,,,,,,,,,,,,,1,,,,,,,,,,,,,5,,,,,,,,,,2,,,,1,,5,,,,,,,,,,,1,,,,,,,,,,,,,,,,,,,,,,,,,,,,,,,,1,8,,,,,,,,,,,,,,,,,,,,1,10,,,5,,,,,,,,,,,,,,,,,,,10,,,,,,,,,,,,,,,5,,,,,,1,,,,5,,,
UnitarySystem_VariableSpeedDX_SZVAV.idf,,,,,,,,,,,,,,,,,7,,,,,,,,,6,,,,,,,,,,,2,,,,,,,,,1,,,,,,,,,,,,,,,2,5,,,,,,,,,,,,,,5,2,,11,,,,,,1,,,,,5,,,,,,,,,,,,5,,,,,,2,,,,4,,,5,,,2,,,,,,1,,,,,,,,,,,,,,,,5,,,,,,,,,,,,10,,,,,,,,,,,,,,,,,,,,,,,,,,,,,,,,,,,,,,,,,,,,,,,5,,,,,,,,,,,,,,,,,,5,,6,,,,,2,,,,,2,,,,,,,,1,,,5,5,,,,,,,,,,,,,,,,,,,,,,,,,23,,5,,,,,,,,,,,,,,,,,,,21,,,,,,,,,,,,,,,,,,7,,,,,,,,,,,1,,,,,5,,1,,,,,,,,,,13,,,,,1,,,,,,,,,,,,,,2,,,,,,,,,,,,,,,,,,,,,,,,,2,,,,,,,,,,,,,,,,,,,,,,,,,,,,,,,,,,,,,,,,,,5,,,,,,,,5,,,,,,,,,,,,,,,,,,1,4,,,,,,,,,,,5,,,,,,,,4,,,,,,,,,,,5,,,,,5,,,,,,,,,,,,5,,,,1,,,,,,,5,,,,,,,,,,,1,,,,,,,,,,,,,,,1,,,1,,,,,,,,,5,,,,,,1,,,5,6,,,,5,,,,1,,,,,,,,,,,,,,,,,,,,,,,,7,,,,,,,,,2,,,,,,,,5,,,,,,,,,,,,,5,,3,,,,,,,,,,,,,,,,,,,,,1,,,,,,,,,,,,,,,,,4,,,,,,40,,,,,,,,,5,,,,,,,,,,,,,,,,,,,,,,1,,,,,,,,,,,,,5,,,,,,,,,,,,,,1,,5,,,,,,,,,,,1,,,,,,,,,,,,,,,,,,,,,,,,,,,,,,,,1,19,,,,,,,,,,,,,,,,,,,,1,10,,,5,,,,,,,,,,,,,,,,,,,2,,,,,,,,,,,,,,,5,,,,,,1,,,,5,,,
UnitarySystem_VSCoolingCoil.idf,,,,,,,,,,,,,,,,,5,,,,,,,,,3,,,,,,,,,,,,,,,,,,,,2,,,,,,,,,,,,,,,1,1,,,,,,,,,,,,,,,1,,4,,,,,,1,,,,,1,,,,,,,,,,,,3,,,,,,,,,,1,,,,,,2,,,,,,,,,,,,,,,,,,,,,,3,,,,,,,,,,,,12,,,,,,,,,,,,,,,,,,,,,,,,,,,,,,,,,,,,,,,,,,,,,,,,,,,,,,,,,,,,,,,,,1,,2,,,,,1,,,,,,,,,,,,,,,,1,1,,,,,,,,,,,,,1,,,,,,,,,,,,24,,1,,,,,,,,,,,,,,,,,,,2,,,,,,,,,,,,,,,,,,5,,,,,,,,,,,1,,,,,1,,,,,,,,,,,,14,,,,,,,,,,,,,,,,,,,,,,,,,,,,,,,,,,,,,,,,,,,,,,,,7,,,,,,,,,,,,,,,,,,,,,,,,,,,,,,,,,,,,,,1,,,,,,,,3,,,,,1,,,,,,,,,,,,,1,,,,,,,,,,,,3,,,,,,,1,3,,,,,,,,,,,1,,,,,2,,,,,,,,,,,,3,,,,1,,,,,,,1,,,,,,,,,,,,,,,,,,,,,,,,,,1,,,1,,,,,,,,,2,,,,,,1,,,3,1,,,,2,,,,1,,,,,,,,,,,,,,,,,,,,,,,,1,,,,,,,,,,,,,,,,,1,,,,,,,,,,,,,1,,,,,,,,,,,,,,,,,1,,,,,,1,,,,,,,,,,,,,,,,,,,,,,,20,,,,,,,,,1,,,,,,,,,,,,,,,,,,,,,,,,,,,,,,,,,,,3,,,,,,,,,,1,,,,1,,3,,,,,,,,,,,1,,,,,,,,,,,,,,,,,,,,,,,,,,,,,,,,1,3,,,,,,,,,,,,,,,,,,,,1,9,,,,,,,,,,,,,,,,,,,,,,1,,,,,,,,,,,,,,,1,,,,,,1,,,,1,,,
UnitarySystem_VSCoolingCoil_2.idf,,,,,,,,,,,,,,,,,5,,,,,,,,,3,,,,,,,,,,,,,,,,,,,,1,,,,,,,,,,,,,,,,1,,,,,,,,,,,,,,,1,,4,,,,,,1,,,,,1,,,,,,,,,,,,3,8,,,,,,,,,1,,,,,,2,,,,,,,,,,,,,,,,,,,,,,3,,,,,,,,,,,,12,,,,,,,,,,,,,,,,,,,,,,,,,,,,,,,,,,,,,,,,,,,,,,,,,,,,,,,,,,,,,,,,,1,,,,,,,,,,,,,,,,,,,,,,,1,1,,,,,,,,,,,,,1,,,,,,,,,,,,32,,1,,,,,,,,,,,,,,,,,,,2,,,,,,,,,,,,,,,,,,5,,,,,,,,,,,1,,,,,1,,,,,,,,,,,,14,,,,,,,,,,,,,,,,,,,,,,,,,,,,,,,,,,,,,,,,,,,,,,,,7,,,,,,,,,,,,,,,,,,,,,,,,,,,,,,,,,,,,,,1,,,,,,,,3,,,,,1,,,,,,,,,,,,,1,,,,,,,,,,,,3,,,,,,,1,3,,,,,,,,,,,1,,,,,2,,,,3,,,,,,,,3,,,,1,,,,,,,1,,,,,,,,,,,,,,,,,,,,,,,,,,1,2,,1,,,,,,,,,2,,,,,,1,,,3,1,,,,2,,,,1,,,,,,,,,,,,,,,,,,,,,,,,1,,,,,,,,,1,,,,,,,,1,,,,,,,,,,,,,1,,,,,,,,,,,,,,,,,1,,,,,,1,,,,,,,,,,,,,,,,,,,,,,,20,,,,,,,,,1,,,,,,,,,,,,,,,,,,,,,,,,,,,,,,,,,,,3,,,,,,,,,,1,,,,1,,3,,,,,,,,,,,1,,,,,,,,,,,,,,,,,,,,,,,,,,,,,,,,1,3,,,,,,,,,,,5,,,,,1,,,,1,9,,,,,,,,,,,,,,,,,,,,,,,,,,,,,,,,,,,,,1,,,,,,1,,,,1,,,
UnitarySystem_VSCoolingCoil_ASHRAE205.idf,,,,,,,,,,,,,,,,,5,,,,,,,,,3,,,,,,,,,,,,,,,,,,,,1,,,,,,,,,,,,,,,,1,,,,,,,,,,,,,,,1,,4,,,,,,1,,,,,1,,,,,,,,,,,1,3,,,,,,,,,,1,,,,,,2,,,,,,,,,,,,,,,,,,,,,,3,,,,,,,,,,,,12,,,,,,,,,,,,,,,,,,,,,,,,,,,,,,,,,,,,,,,,,,,,,,,,,,,,,,,,,,,,,,,,,1,,,,,,,1,,,,,,,,,,,,,,,,1,1,,,,,,,,,,,,,1,,,,,,,,,,,,32,,1,,,,,,,,,,,,,,,,,,,2,,,,,,,,,,,,,,,,,,5,,,,,,,,,,,1,,,,,1,,,,,,,,,,,,14,,,,,,,,,,,,,,,,,,,,,,,,,,,,,,,,,,,,,,,,,,,,,,,,7,,,,,,,,,,,,,,,,,,,,,,,,,,,,,,,,,,,,,,1,,,,,,,,3,,,,,1,,,,,,,,,,,,,1,,,,,,,,,,,,3,,,,,,,1,3,,,,,,,,,,,1,,,,,2,,,,3,,,,,,,,3,,,,1,,,,,,,1,,,,,,,,,,,,,,,,,,,,,,,,,,1,1,,1,,,,,,,,,2,,,,,,1,,,3,1,,,,2,,,,1,,,,,,,,,,,,,,,,,,,,,,,,1,,,,,,,,,,,,,,,,,1,,,,,,,,,,,,,1,,,,,,,,,,,,,,,,,1,,,,,,1,,,,,,,,,,,,,,,,,,,,,,,20,,,,,,,,,1,,,,,,,,,,,,,,,,,,,,,,,,,,,,,,,,,,,3,,,,,,,,,,1,,,,1,,3,,,,,,,,,,,1,,,,,,,,,,,,,,,,,,,,,,,,,,,,,,,,1,3,,,,,,,,,,,5,,,,,,,,,1,9,,,,,,,,,,,,,,,,,,,,,,,,,,,,,,,,,,,,,1,,,,,,1,,,,1,,,
UnitarySystem_VSHeatPumpWaterToAirEquationFit.idf,,,,,,,,,,,,,,,,,6,,,,,,,,,6,,,,,,,,,,,4,,,,,,,,,2,,,,,,,,,,,,,,,,22,,,,,,,,,,,,,5,5,5,,11,5,,,,,1,,,,,5,,,,,,,,,,,,5,,,,,4,2,,,,4,,,,,,2,,,,,,1,,,,,,,,,,,,,,,,5,,,,,,,,,,,,12,,,,,,,,,,,,,,,,,,,,,,,,,,,,,,,,,,,,,,,,,,,,,,,,,,,,,,,,,,,,,,,,,5,,,,,,,,,,,,2,,,,,,,,,,,5,,,,,,,,,,,,,,,,,1,,,,,,,,,42,1,5,,,,,,,,,,,,,,,,,,,6,,,1,,,,,,,,,,,,,,,7,,,,,,,,,,,1,1,,,,1,,,,,,,,,,,,14,,,,,,,,,,,,,,,,,,,,,,,,,5,1,,,,,,,,,,,,,,,,,,,,,,15,,,,,,2,,,,,,,,,,,,,,,,,,,,,,,,,,,,,,,,5,,,,,,,,5,,,,,1,,,,,,,,,,,,,1,,,,,,,,,,,1,5,,,,,,,1,5,,,,,,,,,,,5,,,,,5,,,,,,1,,,,,,5,,,,1,,,,,,,5,,,,,,,,,,,,,,,,,1,,,,,,,,,1,,,1,,,,,,,,,10,,,,,,1,,,5,6,,,,10,,,,1,,,,,,,,,,,,,,,,,,,,,,,,,,,,,,,,,,,,,,,,,5,,,,,,,,,,,,,7,,3,,,,,,,1,,,,,2,,,,,,,,,1,,,,,,,,,,,,,,,,,,,,,,,40,,,,,,,,,5,,,,,,,,,,,,,,,,,2,,,,,5,,,,,,,,,,,1,,5,,,,,,,,,,,,,,1,,5,,,,,,,,,,,1,,,,,,,,,,,,,,,,,,1,,,,,4,,,,,,,,,1,,,,,,,,,,,,,,,,,,,,,1,10,,,,,,,,,,,,,,,,,,,1,,,,,,,,,,,,,,,,,,5,,,,,,1,,,,5,,,
UnitarySystem_WaterCoils_wMultiSpeedFan.idf,,,,,,,3,,,,,,,,,,9,,,,,,,,,3,,,,,1,,,,,,,,,,,,,,,3,,1,,,,,,,,,,,,,,25,,,,,,,,,,,,,,,,1,,,,,,,1,,,,,1,,,,,,,,,,,,3,,,,,1,,,,,1,,,,,,2,,,,,,1,,,,,,,,,,,,,,,,3,,,,,,,,,,,,7,,,,,,,,,,,,,,,,,,,,,,,,,,,,,,,,,,,,,,,,,,,,,,,,,,,,,,,,,,,,,,,,,1,,,,,,,,,,,,,,,,,,,,,,,1,1,,,,,,,,,,,,,,,,,,,,,,,,3,54,,1,,,,,,,,,,,,,,,,,,,,,,,,,,,,,,,,,,,,,5,,,,,,,,,,,1,,,,,1,,,,,,,,,,,,22,,,,,,,,,,,,,,,,,,,,,,,,,15,,,,,,,,,,,,,,,,,,,,,,,6,,,,,,6,,,,,,,,,,,,,,,,,,1,,,,,,,,,,,,,,1,,,,,,,,3,,,,,1,,,,,,,,,,,,,1,,,,,,,,,1,,,3,,,,,,1,1,3,,,,,,,,,,,1,,,,,2,,,,,,1,,,,,,3,,,,1,,,,,,,1,,,,,3,,,,,,,,,,,,,,,,,,,,,1,,,1,,,,,,,,,2,,,3,,1,,,,3,2,,,,2,,,,1,,,,,,,,,,,,,,,,,,,,,2,,,,,,,,,,,,,,,,,,,,1,,,,,,,,,,,,,7,,,,,,,,,,,,,,6,,,,,,,,,1,,,,,,,,,,,,,,,,,1,,,,,,20,,,,,1,,,,1,,,,,,1,1,,,,,,,,,,6,,,,,1,,,,,,,,,,,,,3,,,,,,,,,,,,,,1,,3,,,,,,,,,,,1,,,,,3,3,,,,,,,,,,,,1,,,,,,,,,,,,,,1,2,,,,,,,,,,,,,,,1,,,,,1,12,,,1,,,,,,,,,,,,,,,,,,,,,1,,,,,,,,,,,,,1,,,,,,1,,,,1,,,
UnitarySystem_ZoneVSWSHP_wDOAS.idf,,,,,,,1,,,,,,,,,,4,,,,,,,,,1,,,,,,,,,,,1,,,,,,,,,1,,,,,,,,,,,,,,,,10,,,,,,,,,,,,,1,,1,,11,1,,,,,1,,,,1,1,,,,,,,,,,,,1,,,,,1,,,,,,,,,,,2,,,,,,1,,,,,,,,,,,,,,,,1,,,,,,,,,,,,10,,,,,,,,,,,,,,,,,,,,,,,,,,,,,,,,,,,,,,,,,,,,,,,,,,,,,,,,,,,,,,,,,1,,,,,,,,,,,,,,,,,,,,,,,1,,,,,,,,,,,,,,,,,1,,,,,,,,,50,1,2,,,,,,,,,,,,,,,,,,,6,,,1,,,,,,,,,,,,,,,3,,,,,,,,,,,1,1,,,,1,,,,,,,,,,,,14,,,,,,,,,,,,,,,,,,,,,,,,,5,1,,,,,,,,,,,,,,,,,,,,,,2,,,,,,2,,,,,,,,,,,,,,,,,,,,,,,,,,,,,,,,1,,,,,,,,1,,,,,1,,,,,,,,,,,,,1,,,,,,,,,1,,1,1,,,,,,,1,1,,,,,,,,,,,1,,,,,1,,,,,,1,,,,,,1,,,,1,,,,,,,1,,,,,,,,,,,,,,,,,1,,,,,,,,,1,,,1,,,,,,,,,1,,,1,,,,,,1,,,,,1,,,,1,,,,,,,,,,,,,,,,,,,,,,,,,,,,,,,,,,,,,,,,,1,,,,,,,,,,,,,3,,,,,,,,,1,,,,,2,,,,,,,,,1,,,,,,,,,,,,,,,,,,,,,,,6,,,,,,,,,1,,,,,,,,,,,,,,,,,2,,,,,1,,,,,,,,,,,1,,1,,,,,,,,,,,,,,1,,1,,,,,,,,,,,1,,,,,,,,,,,,,,,,,,,,,,,,,,,,,,,,1,,,,,,,,,,,,,,,,,,,,,1,5,,,1,,,,,,,,,,,,,,,,,,,,,,,,,,,,,,,,,,1,,,,,,1,,,,1,,,
UnitHeater.idf,,,,,,,,,,,,,,,,,5,,,,,,,,,3,,,,,,,,,,,,,,,,,,,,1,,1,,,,,,,,,,,,,,10,,,,,,,,,,,,,,,,,,,,,,,1,,,,3,,,,,,,,,,,,,3,,,,,,,,,,1,,,,,,2,,,,,,,,,,,,,,,,,,,,,,,,,,,,,,,,,,10,,,,,,,,,,,,,,,,,,,,,,,,,,,,,,,,,,,,,,,,,,,,,,,,,,,,,,,,,,,,,,,,,,,,,,,,,,,,,,,,,,,,,,,,,,,,,,,,,,,,,,1,,,,,,,,,,,1,18,,,,,,,,,,,,,,,,,,,,,,,,,,,,,,,,,,,,,,,5,,,,,,,,,,,1,,,,,,,,,,,,,,,,,15,,,,,,,,,,,,,,,,,,,,,,,,,5,,,,,,,,,,,,,,,,,,,,,,,7,,,,,,2,,,,,,,,,,,,,,,,,,,,,,,,,,,,,,,,,,,,,,,,3,,,,,,,,,,,,,,,,,,1,,,,,,,,,,,,,,,,,,,,,,,,,,,,,,,,,,,,2,,,,,,,,,,,,3,,,,1,,,,,,,,,,,,1,,,,,,,,,,,,,,,,,,,,,1,1,,1,,,,,,,,,,,,1,,,,,,,1,,,,,,,,1,,,,,,,,,,,,,,,,,,,,,,,,,,,,,,,,,,,,,,,,,,,,,,,,,,,,,,2,,,,,,,,,,,,,,2,,,1,,,,,,1,,,,,,,,,,,,,,,,,,,,,,,20,,,,,,,,,,,,,,,3,1,,,,,,,,,,2,,,,,,,,,,,,,,,,,,3,,,,,,,,3,,,,,,1,,3,,,,,,,,,,,1,,,,,1,1,,,,,,,,,,,,,,,,,,,,,,,,,,1,,,,,,,,,,,,,,,,,,,,,1,9,,,,,,,,,,,,,,,,,,,,,,,,,,,,,,,,,,,,,,,,,,,1,,,,,,,
UnitHeaterAuto.idf,,,,,,,1,,,,,,,,,,5,,,,,,,,,3,,,,,,,,,,,,,,,,,,,,1,,1,,,,,,,,,,,,,,10,,,,,,,,,,,,,,,,,,,,,,,1,,,,,,,,,,,,,,,,,3,,,,,,,,,,1,,,,,,2,,,,,,1,,,,,,,,,,,,,,,,3,,,,,,,,,,,,10,,,,,,,,,,,,,,,,,,,,,,,,,,,,,,,,,,,,,,,,,,,,,,,,,,,,,,,,,,,,,,,,,,,,,,,,,,,,,,,,,,,,,,,,,,,,,,,,,,,,,,1,,,,,,,,,,,1,18,,,,,,,,,,,,,,,,,,,,,,,,,,,,,,,,,,,,,,,5,,,,,,,,,,,1,,,,,,,,,,,,,,,,,14,,,,,,,,,,,,,,,,,,,,,,,,,5,,,,,,,,,,,,,,,,,,,,,,,7,,,,,,2,,,,,,,,,,,,,,,,,,,,,,,,,,,,,,,,,,,,,,,,3,,,,,,,,,,,,,,,,,,1,,,,,,,,,,,,,,,,,,,,,,,,,,,,,,,,,,,,2,,,,,,,,,,,,3,,,,1,,,,,,,,,,,,1,,,,,,,,,,,,,,,,,,,,,1,1,,1,,,,,,,,,,,,1,,,3,,,3,1,,,,,,,,1,,,,,,,,,,,,,,,,,,,,,,,,,,,,,,,,,,,,,,,,,,,,,,,,,,,,,,2,,,,,,,,,,,,,,2,,,1,,,,,,1,,,,,,,,,,,,,,,,,,,,,,,20,,,,,,,,,,,,,,,3,1,,,,,,,,,,2,,,,,,,,,,,,,,,,,,3,,,,,,,,3,,,,,,1,,3,,,,,,,,,,,1,,,,,1,1,,,,,,,,,,,,,,,,,,,,,,,,,,1,,,,,,,,,,,,,,,,,,,,,1,9,,,,,,,,,,,,,,,,,,,,,,,,,,,,,,,,,,,,,,,,,,,1,,,,,,,
UnitHeaterGasElec.idf,,,,,,,,,,,,,,,,,5,,,,,,,,,3,,,,,,,,,,,,,,,,,,,,1,,,,,,,,,,,,,,,,,,,,,,,,,,,,,,,1,,,,,,,,1,,,,3,,,,,,,,,,,,,3,,,,,,,,,,1,,,,,,2,,,,,,,,,,,,,,,,,,,,,,,,,,,,,,,,,,12,,,,,,,,,,,,,,,,,,,,,,,,,,,,,,,,,,,,,,,,,,,,,,,,,,,,,,,,,,,,,,,,,,,,,,,,,,,,,,,,,,,,,,,,,,,,,,,,,,,,,,1,,,,,,,,,,,,18,,,,,,,,,,,,,,,,,,,,,,,,,,,,,,,,,,,,,,,5,,,,,,,,,,,1,,,,,,,,,,,,,,,,,13,,,,,,,,,,,,,,,,,,,2,,,,,,,,,,,,,,,,,,,,,,,,,,,,,6,,,,,,,,,,,,,,,,,,,,,,,,,,,,,,,,,,,,,,,,,,,,,,3,,,,,,,,,,,,,,,,,,1,,,,,,,,,,,,,,,,,,,,,,,,,,,,,,,,,,,,2,,,,,,,,,,,,3,,,,1,,,,,,,,,,,,,,,,,,,,,,,,,,,,,,,,,1,,,1,,,,,,,,,,,,,,,,,,,1,,,,,,,,1,,,,,,,,,,,,,,,,,,,,,,,,,,,,,,,,,,,,,,,,,,,,,,,,,,,,,,,,,,,,,,,,,,,,,,,1,,,,,,1,,,,,,,,,,,,,,,,,,,,,,,20,,,,,,,,,,,,,,,,,,,,,,,,,,,,,,,,,,,,,,,,,,,,3,,,,,,,,3,,,,,,1,,3,,,,,,,,,,,1,,,,,,,,,,,,,,,,,,,,,,,,,,,,,,,,1,,,,,,,,,,,,,,,,,,,,,1,9,,,,,,,,,,,,,,,,,,,,,,,,,,,,,,,,,,,,,,,,,,,1,,,,,,,
UnitVent5Zone.idf,,,,,,,,,,,,1,,,,,5,,,,,,,,,6,,,,,,,,,,,4,,,,,,,,,1,,1,,,,,,,,,,,,,,19,,,,,,,,,,,,,,,1,2,,,,,,,1,,,,5,,,,,,,,,,,,,5,,,,,,2,,,,4,,,,,,2,,,,,,,,,,5,,,,,,,,,,,,,,,,,,,,,,,,10,,,,,,,,,,,,,,,,,,,,,,,,,,,,,,,,,,,,,,,,,,,,,,,,,,,,,,,,,,,,,,,,,,,,,,,,,,,,,2,,,,,,,,,,,,,,,,,,,,,,,,,1,,,,,,,,,,,2,36,,,,,,,,,,,,,,,,,,,,,,,,,,,,,,,,,,,,,,,7,,,,,,,,,,,1,,,,,,,,,,,,,,,,,16,,,,,,,,,,,,,,,,,,,1,,,,,,10,,,,,,,,,,,,,,,,,,,,,,,12,,,,,,4,,,,,,,,,,,,,,,,,,,,,,,,,,,,,,,,,,,,,,,,5,,,,,,,,,,,,,,,,,,1,,,,,,,,,,,,,,,,,,,,,,,,,,,,,,,,,,,,5,,,,,,,,,,,,5,,,,1,,,,,,,,,,,,2,,,,,,,,,,,,,,,,,,,,,1,1,,1,,,,,,,,,,,,2,,,,,,,6,,,,,,,,1,,,,,,,,,,,,,,,,,,,,,1,,,5,,,,,,,,,,,,,,,,,,,,,,,,,,,,,,4,,3,,,,,,,,,,,,4,,,1,,,,,,1,,,,,,,,,,,,,,,,,,,,,,,40,,,,,,,,,,,,,,,3,1,,,,,,,,,,4,,,,,,,,,,,,,,,,,,5,,,,,,,,,,,,,,1,,5,,,,,,,,,,,1,,,,,2,2,,,,,,,,,,,,,,,,,,,,,,,,,,1,,,,,,,,,,,,,,,,,,,,,1,10,,,,,,,,,,,,,,,,,,,,,,,,,,,,,,,,,,,,,,,,,,,1,,,,,,,
UnitVent5ZoneAuto-CycFan2-Variable-MinOAOn-Annual-SelectMonths-Detailed.idf,,,,,,,2,,,,,1,,,,,5,,,,,,,,,6,,,,,,,,,,,4,,,,,,,,,3,,1,,,,,,,,,,,,,,19,,,,,,,,,,,,,,,1,2,,,,,,,1,,,,,,,,,,,,,,,,,5,,,,,,2,,,,4,,,,,,2,,,,,,,,,,5,,,,,,,,,,,,5,,,,,,,,,,,,10,,,,,,,,,,,,,,,,,,,,,,,,,,,,,,,,,,,,,,,,,,,,,,,,,,,,,,,,,,,,,,,,,,,,,,,,,,,,,2,,,,,,,,,,,,,,,,,,,,,,,,,1,,,,,,,,,,,2,45,,,,,,,,,,,,,,,,,,,,2,,,,,,,,,,,,,,,,,,,7,,,,,,,,,,,1,,,,,,,,,,,,,,,,,16,,,,,,,,,,,,,,,,,,,1,,,,,,10,,,,,,,,,,,,,,,,,,,,,,,12,,,,,,4,,,,,,,,,,,,,,,,,,,,,,,,,,,,,,,,,,,,,,,,5,,,,,,,,,,,,,,,,,,1,,,,,,,,,,,,,,,,,,,,,,,,,,,,,,,,,,,,5,,,,,,,,,,,,5,,,,1,,,,,,,,,,,,2,,,,,,,,,,,,,,,,,,,,,1,1,,1,,,,,,,,,,,,2,,,5,,,5,6,,,,,,,,1,,,,,,,,,,,,,,,,,,,,,1,,,5,,,,,,,,,,,,,,,,,,,,,,,,,,,,,,4,,3,,,,,,,,,,,,4,,,1,,,,,,1,,,,,,,,,,,,,,,,,,,,,,,40,,,,,,,,,,,,,,,3,1,,,,,,,,,,4,,,,,,,,,,,,,,,,,,5,,,,,,,,,,,,,,1,,5,,,,,,,,,,,1,,,,,2,2,,,,,,,,,,,,,,,,,,,,,,,,,,1,,,,,,,,,,,,,,,,,,,,,1,10,,,,,,,,,,,,,,,,,,,,,,,,,,,,,,,,,,,,,,,,,,,1,,,,,,,
UnitVent5ZoneAuto.idf,,,,,,,2,,,,,1,,,,,5,,,,,,,,,6,,,,,,,,,,,4,,,,,,,,,2,,1,,,,,,,,,,,,,,19,,,,,,,,,,,,,,,1,2,,,,,,,1,,,,,,,,,,,,,,,,,5,,,,,,2,,,,4,,,,,,2,,,,,,,,,,5,,,,,,,,,,,,5,,,,,,,,,,,,10,,,,,,,,,,,,,,,,,,,,,,,,,,,,,,,,,,,,,,,,,,,,,,,,,,,,,,,,,,,,,,,,,,,,,,,,,,,,,2,,,,,,,,,,,,,,,,,,,,,,,,,1,,,,,,,,,,,2,36,,,,,,,,,,,,,,,,,,,,1,,,,,,,,,,,,,,,,,,,7,,,,,,,,,,,1,,,,,,,,,,,,,,,,,16,,,,,,,,,,,,,,,,,,,1,,,,,,10,,,,,,,,,,,,,,,,,,,,,,,12,,,,,,4,,,,,,,,,,,,,,,,,,,,,,,,,,,,,,,,,,,,,,,,5,,,,,,,,,,,,,,,,,,1,,,,,,,,,,,,,,,,,,,,,,,,,,,,,,,,,,,,5,,,,,,,,,,,,5,,,,1,,,,,,,,,,,,2,,,,,,,,,,,,,,,,,,,,,1,1,,1,,,,,,,,,,,,2,,,5,,,5,6,,,,,,,,1,,,,,,,,,,,,,,,,,,,,,1,,,5,,,,,,,,,,,,,,,,,,,,,,,,,,,,,,4,,3,,,,,,,,,,,,4,,,1,,,,,,1,,,,,,,,,,,,,,,,,,,,,,,40,,,,,,,,,,,,,,,3,1,,,,,,,,,,4,,,,,,,,,,,,,,,,,,5,,,,,,,,,,,,,,1,,5,,,,,,,,,,,1,,,,,2,2,,,,,,,,,,,,,,,,,,,,,,,,,,1,,,,,,,,,,,,,,,,,,,,,1,10,,,,,,,,,,,,,,,,,,,,,,,,,,,,,,,,,,,,,,,,,,,1,,,,,,,
UnitVent5ZoneFixedOANoCoilOpt.idf,,,,,,,,,,,,1,,,,,5,,,,,,,,,6,,,,,,,,,,,4,,,,,,,,,1,,1,,,,,,,,,,,,,,18,,,,,,,,,,,,,,,,1,,,,,,,1,,,,5,,,,,,,,,,,,,5,,,,,,2,,,,4,,,,,,2,,,,,,,,,,5,,,,,,,,,,,,,,,,,,,,,,,,10,,,,,,,,,,,,,,,,,,,,,,,,,,,,,,,,,,,,,,,,,,,,,,,,,,,,,,,,,,,,,,,,,,,,,,,,,,,,,2,,,,,,,,,,,,,,,,,,,,,,,,,1,,,,,,,,,,,2,36,,,,,,,,,,,,,,,,,,,,,,,,,,,,,,,,,,,,,,,7,,,,,,,,,,,1,,,,,,,,,,,,,,,,,16,,,,,,,,,,,,,,,,,,,,,,,,,10,,,,,,,,,,,,,,,,,,,,,,,12,,,,,,4,,,,,,,,,,,,,,,,,,,,,,,,,,,,,,,,,,,,,,,,5,,,,,,,,,,,,,,,,,,1,,,,,,,,,,,,,,,,,,,,,,,,,,,,,,,,,,,,5,,,,,,,,,,,,5,,,,1,,,,,,,,,,,,2,,,,,,,,,,,,,,,,,,,,,1,1,,1,,,,,,,,,,,,2,,,,,,,6,,,,,,,,1,,,,,,,,,,,,,,,,,,,,,1,,,5,,,,,,,,,,,,,,,,,,,,,,,,,,,,,,4,,3,,,,,,,,,,,,4,,,1,,,,,,1,,,,,,,,,,,,,,,,,,,,,,,40,,,,,,,,,,,,,,,3,1,,,,,,,,,,4,,,,,,,,,,,,,,,,,,5,,,,,,,,,,,,,,1,,5,,,,,,,,,,,1,,,,,2,2,,,,,,,,,,,,,,,,,,,,,,,,,,1,,,,,,,,,,,,,,,,,,,,,1,10,,,,,,,,,,,,,,,,,,,,,,,,,,,,,,,,,,,,,,,,,,,1,,,,,,,
US+SF+CZ4A+hp+crawlspace+IECC_2006_VRF.idf,,,,,,,1,,,,,,,,,,5,,,,,6,,2,,3,,,2,,,,,,,,3,,,,,17,,,1,1,,,,,,,,,,,,,,,,10,,,,,,,,,,,,,,,,,34,,,,,,1,,,,,,6,,,,1,,,,,,,1,,1,,,,3,,,,2,,,,,,2,,,,,,,,,,,,,,,,,,,,,,1,,,,,,,,,,,,,,,1,1,,,,,,,,,,1,,,,,,,,,,,,,1,,,,,,,,,,,,,,,,,,,8,,,88,,1,,,,,,,,,,,,,,,,,,,,,,,,,,,,,1,,,,,,,,,,,,,,,,,,,,,,,,,,,,2,,,1,,1,84,,2,,,,,,,,,,,,,,,,,1,16,46,,,,,,,,,,,,,,,,,,24,,,,,,,,,,,1,,,,,,,,,,,,,,,,,21,,,,,,,,,,,,,,,,,,,1,,,,,,3,,,,,,,,,18,,,,,,1,,,,,,,,3,,,,,,2,,,,,,,,2,,,,,1,,,,,,,,,1,,1,,,,,,,,,,,,1,,,,8,,,,,,,,,,,,,,,,,,1,,,,,,,1,1,,,,,,,,,,,1,,,,,,,,,,,,,5,,,,2,,,,,,,,,,,7,1,,,,1,,,,1,,,,,,,,1,,,,,,,,,,,,,,,,,,,,,1,,,1,,,,,3,,,,1,,,1,,,1,,,1,,,,,1,,,,,,,,,,,,,,,,,,,,,,,,,,,,1,,,,,,,,,,,,,,,,,,,,,,,,,,,,,,2,,,,,,,,,,,,,,2,,,,,,1,,,1,,,,,,,,,,,,,,,,,,,,,,,24,,,1,,,,,,1,,,,,,,1,,,,,,,,,,2,,,,,1,,,5,,,,,,1,,,,1,,,,31,,,,,,,,,,1,,1,,,,,,1,,,,,1,,,,,1,1,,,,,,,1,,,,,,,,,,,,,,,,,,,1,5,,,,,17,,,,,,,,,,,,,,,,32,,,,,,,,,,,,,,,,,,,,,,,,,,,,,,,,,,1,,,,,,,,,,,,,,,,
UserDefinedRoomAirPatterns.idf,,,,,,,3,,,,,,9,,,,8,,,,,,,,,11,,,1,,1,,,,,,3,1,,,,,,,,1,,,,,,,,,,,,,,,,33,,,,,,,,,,,,,,11,,,1,,1,,,,1,6,,,,1,1,,,,,,,,,,,9,,,,,,,,,,4,,,,,,2,,,,,,1,,,,,,,,,,,,,,,,9,,,,,,,,,,,,,,,,,1,,,,,,,,,,,2,,,,,,,,,,,,,,,,,,,,,,,,,,,,,,,,,,,,,,,,,,,,,,,1,,1,,,,,,,,,,,,,,,,,,,,,,,1,1,,,,,,,,,,,,,,,,,,,,,,9,,2,27,,1,,,,,,,,,,,,,,,,,,,,,,1,,,,,,,,,,,,,,,9,,1,,,,,,,,,1,,,,,,,,,,,,,,,,,31,,,,,,,,,,,,,,,,,,,,,,,,,15,1,,,,,,,,,,,,,,,,,,,,,,12,,,,,,6,,,,,,,,,,,,,,,,,,,,,,,,,,,,,,,,2,,,9,,,,,9,,,,,,,,,,,,,,,,,,1,1,,,,,,,,,,1,9,,,,,,,1,,,,,,,,,,,,1,,2,,,9,,,,,,,,,,,,9,,,,1,,,,,,,1,,,,,2,,,,,,,,,,,,,,,,,,,,,1,,,1,,,,,,,,,1,,,2,,,,,,9,60,,,,1,,,,1,,5,,2,,10,,,,,,,,,1,,,,,,2,,,,,,,,3,,,,,,,,,,,,1,1,,,,,,,,,,,,7,,1,,,1,,,,,,,,5,6,,,,,,,,,1,,,,,,,,,,,,,,,,,,,,,,9,370,,,,,,,,,1,,,,,,9,1,,,,,,,,2,,6,,,,,9,,,,,,,,,,,,,9,,,,,,,,,,,,,,1,,9,,,,,,,,,,,1,,6,,,2,4,,,,,,,,,,,,1,,,,,,,,,,,,,,1,,,,,,,,,,,,,,,,,,,,,1,12,,,2,,,,,,,,,,,,,,,,1,,,,,1,,,,,,,,,,,,,1,,,,,,1,,,,1,,,
UserInputViewFactorFile-LshapedZone.idf,,,,,,,,,,,,,,,,,4,,,,,,,,,2,,,,,,,,,,,,,,,,,,,,,,,,,,,,,,,,,,,,,,,,,,,,,,,,,,2,,,,,,,,,1,,,,,,,,,,,,,,,,,2,,,,,,,,,,,,,,,,2,,,,,,,,,,,,,,,,,,,,,,,,,,,,,,,,,,,,,,,,,,,,,,,,,,,,,,,,,,,,,,,,,,,,,,,,,,,,,,,,,,,,,,,,,,,,,,,,,,,,,,,,,,,,,,,,,,,,,,,,,,,,,,,,,,,,,,,,2,,,,,,,,,,,,5,,,,,,,,,,,,,,,,,,,,,,,,,,,,,,,,,,,,,,,1,,,,,,,,,,,1,,,,,,,,,,,,,,,,,16,,,,,,,,,,,,,,,,,,,,,,,,,,,,,2,,,,,,,,,,,2,,,,,,,,2,,,,,,,,,,,,,,,,,,,,,,,,,,,,1,,,,,,,,,,,,,,,,,,2,,,,,1,,,,,,,,,,,,,1,,,,,,,,,,,,,,,,,,,,,,,,,,,,,,,,,,,,2,,,2,,,,,,,,,2,,,,1,,,,,,,,,,,,,,,,,,,,,,,,,,,,,,,,,,,,1,,,,,,,,,,,,,,,,,,,,,,,,,,,1,,,,,,,,,,,,,,,,,,,,,,,,,,,,,,,,,,,,,,,,,,,,,,,,,,,,,,,,,,,,,,,,,,,,,,,2,,,,,,1,,,,,,,,,,,,,,,,,,,,,,,20,,,,,,,,,,,,,,,,,,,,,,,,,,,,,,,,,,,,,,,,,,,,2,,,,,,,,,,,,,,1,,2,,,,,,,,,,,1,,,,,,,,,,,,,,,,,,,,,,,,,,,,,,,,1,,,,,,,,,,1,,,,,,,,,,,1,2,,,,,,,,,,,,,,,,,,,,,,,,,,,,,,,,,,,,,,,,,,,1,,,,,,,
VariableRefrigerantFlow_5Zone.idf,,,,,,,,,,,,,,,,,6,,,,,,,,,6,,,,,,,,,,,4,,,,,,,,,2,,,,,,,,,,,,,,,,,,,,,,,,,,,,,,5,,,4,,,,,,1,,,,,,,,5,,,,,,,,,5,,,,,,2,,,,4,,,,,,2,,,,,,1,,,,,,,,,,,,,,,,5,,,,,,,,,,,,6,,,,,,,,,,,,,,,,,,,,,,,,,,,,,,,,,,,,,,,,,,,,,,,,,,,,,,,,,,,,,,,,,,,,,,,,,,,,,2,,,,,,,,,,,,,,,,,,,,,,,,,2,,,,,,,,,,,,47,,1,,,,,,,,,,,,,,,,,,,13,,,,,,,,,,,,,,,,,,7,,,,,,,,1,,,1,,,,,,,,,,,,,,,,,16,,,,,,,,,,,,,,,,,,,,,,,,,,,1,,,,,,,,,,,,,,,,,,,,,11,,,,,,,,,,,,,,,,,,,5,,,,,,,,,1,,,,,,,,,,,,,,,,,,5,,,,,1,,,1,,,,,,,,,,1,,,,,,,,,,,,,,,,,,,,,,,,,,,,,,,,,,,,5,,,,,,,,,,,,5,,,,1,,,,,,,,,,,,,,,,,,,,,,,,,,,,,,,,,1,12,,1,,,,,,,,,1,,,,,,5,,,5,6,,,,,,,,1,,,,,,,,,,,,,,,,,,,,,,,,,,,,,,,,,,,,,,,,,,,,,,,,,,,,,,,,3,,,,,,,,,,,,,,,2,,,,,,1,,,,,,,,,,,,,,,,,,,,,,,40,,,,,,,,,5,,,,,,,,,,,,,,,,,,,,,,1,,,,,,,,,1,,,,5,,,,,,,,,,,,,,1,,5,,,,,,,,,,,1,,,,,,,,,,,,,,,,,5,,,,,,,,,1,,,,,,1,10,,,,,,,,,,,,,,,,2,,,,1,10,,,,,,,,,1,,,,,,,,,,,,,,,,,,,,,,,,,,,,,,,,,,1,,,,,,,
VariableRefrigerantFlow_5Zone_wAirloop.idf,,,,,,,,,,,,,,,,,6,,,,,,,,,6,,,,,,,,,,,4,,,,,,,,,2,,,,,,,,,,,,,,,,1,,,,,,,,,,,,,,5,,,4,,,,,,1,,,,,1,,,6,,,,,,,,,5,,,,,,2,,,,4,,,,,,2,,,,,,1,,,,,,,,,,,,,,,,5,,,,,,,,,,,,6,,,,,,,,,,,,,,,,,,,,,,,,,,,,,,,,,,,,,,,,,,,,,,,,,,,,,,,,,,,,,,,,,1,,,,,,,,,,,,2,,,,,,,,,,,1,1,,,,,,,,,,,,,2,,,,,,,,,,,,64,,1,,,,,,,,,,,,,,,,,,,13,,,,,,,,,,,,,,,,,,7,,,,,,,,,,,1,,,,,,,,,,,,,,,,,17,,,,,,,,,,,,,,,,,,,,,,,,,,,1,,,,,,,,,,,,,,,,,,,,,10,,,,,,,,,,,,,,,,,,,6,,,,,,,,,1,,,,,,,,,,1,,,,,,,,5,,,,,1,,,1,,,,,,,,,,1,,,,,,,,,,,,5,,,,,,,,5,,,,,,,,,,,1,,,,,5,,,,,,,,,,,,5,,,,1,,,,,,,1,,,,,,,,,,,,,,,,,,,,,,,,,,1,12,,1,,,,,,,,,1,,,,,,5,,,5,6,,,,1,,,,1,,,,,,,,,,,,,,,,,,,,,,,,,,,,,,,,,,,,,,,,,1,,,,,,,,,,,,,1,,3,,,,,,,,,,,,,,,2,,,,,,1,,,,,,,,,,,,,,,,,,,,,,,40,,,,,,,,,6,,,,,,,,,,,,,,,,,,,,,,1,,,,,,,,,1,,,,5,,,,,,,,,,,,,,1,,5,,,,,,,,,,,1,,,,,,3,,,,,,,,,,,6,,,,,,,,,1,,,,,,1,10,,,,,,,,,,,,,,,,2,,,,1,10,,,1,,,,,,,,,,,,,,,,,,,,,,,,,,,,,,,,,,1,,,,,,1,,,,1,,,
VariableRefrigerantFlow_FluidTCtrl_5Zone.idf,,,,,,,,,,,,,,,,,6,,,,,,,,,6,,,,,,,,,,,4,,,,,,,,5,2,,,,,,,,,,,,,,,,,,,,,,,,,,,,,,5,,,5,,,,,,1,,,,,,,,,,,,,,,,,5,,,,,,2,,,,4,,,,,,2,,,,,,1,,,,,,,,,,,,,,,,5,,,,,,,,,,,,6,,,,,,,,,,,,,,,,,,,,,,,,,,,,,,,,,,,,,,,,,,,,,,,,,88,,,,,,,,,,,,,,,,,,,,,,,,,,,,2,,,,,,,,,,,,,,,,,,,,,,,,,2,,,,,,,,,,,,47,,1,,,,,,,,,,,,,,,,,,,10,,,,,,,,,,,,,,,,,,7,,,,,,,,,,,1,,,,,,,,,,,,,,,,,14,,,,,,,,,,,,,,,,,,,,,,,,,,,,,,,,,,,,,,,,,,,,,,,,11,,,,,,,,,,,,,,2,,,,,5,,,,,,,,,1,,,,,,,,,,,,,,,,,,5,,,,,1,,,1,,,,,,,,,,1,,,,,,,,5,,,,,,,,,,,,,,,,,,,,,,,,,,,,5,,,,,,,,,,,7,5,,,,1,,,,,,,,,,,,,,,,,,,,,,,,,,,,,,,,,1,12,,1,,,,,,,,,,,,,,,5,,,5,6,,,,,,,,1,,,,,,,,,,,,,,,,,,,,,,,,,,,,,,,,,,,,,,,,,,,,,,,,,,,,,,,,3,,,,,,,,,,,,,,,2,,,,,,1,,,,,,,,,,,,,,,,,,,,,,,40,,,1,,,,,,5,,,,,,,,,,,,,,,,,,,,,,1,,,,,,,,,1,,,,5,,,,,,,,,,,,,,1,,5,,,,,,5,,,,,1,,,,,,,,,,,,,,,,,,,,,,,,,,,,,,,,1,2,,,,,,,,,,,,,,,,,,,,1,10,,,,,,,,,,,,,,,,,,,,,,,,,,,,,,,,,,1,,,,,,,,,1,,,,,,,
VariableRefrigerantFlow_FluidTCtrl_HR_5Zone.idf,,,,,,,,,,,,,,,,,6,,,,,,,,,6,,,,,,,,,,,4,,,,,,,,5,2,,,,,,,,,,,,,,,,,,,,,,,,,,,,,,5,,,5,,,,,,1,,,,,,,,,,,,,,,,,5,,,,,,2,,,,4,,,,,,2,,,,,,1,,,,,,,,,,,,,,,,5,,,,,,,,,,,,6,,,,,,,,,,,,,,,,,,,1,,,,,,,,,,,,,,,,,,,,,,,,,,,,,,88,,,,,,,,,,,,,,,,,,,,,,,,,,,,2,,,,,,,,,,,,,,,,,,,,,,,,,2,,,,,,,,,,,,53,,1,,,,,,,,,,,,,,,,,,,10,,,,,,,,,,,,,,,,,,7,,,,,,,,,,,1,,,,,,,,,,,,,,,,,14,,,,,,,,,,,,,,,,,,,,,,,,,,,,,,,,,,,,,,,,,,,,,,,,11,,,,,,,,,,,,,,2,,,,,5,,,,,,,,,1,,,,,,,,,,,,,,,,,,5,,,,,1,,,1,,,,,,,,,,1,,,,,,,,5,,,,,,,,,,,,,,,,,,,,,,,,,,,,5,,,,,,,,,,,7,5,,,,1,,,,,,,,,,,,,,,,,,,,,,,,,,,,,,,,,1,12,,1,,,,,,,,,,,,,,,5,,,5,6,,,,,,,,1,,,,,,,,,,,,,,,,,,,,,,,,,,,,,,,,,,,,,,,,,,,,,,,,,,,,,,,,3,,,,,,,,,,,,,,,2,,,,,,1,,,,,,,,,,,,,,,,,,,,,,,40,,,,,,,,,5,,,,,,,,,,,,,,,,,,,,,,1,,,,,,,,,1,,,,5,,,,,,,,,,,,,,1,,5,,,,,,5,,,,,1,,,,,,,,,,,,,,,,,,,,,,,,,,,,,,,,1,2,,,,,,,,,,,,,,,,,,,,1,10,,,,,,,,,,,,,,,,,,,,,,,,,,,,,,,,,,1,,,,,,,,,1,,,,,,,
VariableRefrigerantFlow_FluidTCtrl_wSuppHeater_5Zone.idf,,,,,,,2,,,,,,,,,,6,,,,,,,,,6,,,,,,,,,,,4,,,,,,,,5,2,,1,,,,,,,,,,,,,,16,,,,,,,,,,,,,,5,2,,5,,,,,,1,,,,,,,,,,,,,,,,,5,,,,,,2,,,,4,,,,,,2,,,,,,1,,,,,,,,,,1,,,,,,5,,,,,,,,,,,,,,,,,,,,,,,,,,,,,,,,,,,,,,,,,,,,,,,,,,,5,,,,,,,,,,88,,,,,,,,,,,,,,,,,,,,,,,,,,,,2,,,,,,,,,,,,,,,,,,,,,,,,,2,,,,,,,,,,,2,50,,1,,,,,,,,,,,,,,,,,,,10,,,,,,,,,,,,,,,,,,7,1,,,,,,,,,,1,,,,,,,,,,,,,,,,,17,,,,,,,,,,,,,,,,,,,1,,,,,,5,,,,,,,,,,,,,,,,,,,,,,,12,,,,,,4,,,,,,,,2,,,,,5,,,,,,,,,,,,,,,,,,,,,,,,,,,5,,,,,,,,1,,,,,,,,,,1,,,,,,,,5,,,,,,,,,,,,,,,,,,,,,,,,,,,,5,,,,,,,,,,,7,5,,,,,,,,,,,,,,,,2,,,,,,,,,,,,,,,,,,,,,1,,,1,,,,,,,,,,,,1,,,5,,,5,6,,,,,,,,1,,,,,,,,,,,,,,,,,,,,,,,,,,,,,,,,,,,,,,,,,,,,,,,,,,,,,,4,,3,,,,,,,,,,,,4,,,2,,,,,,1,,,,,,,,,,,,,,,,,,,,,,,40,,,1,,,,,,5,,,,,,1,2,,1,,,,,,,,4,,,,,1,,,,,,,,,1,,,,5,,,,,,,,,,,,,,1,,5,,,,,,5,,,,,1,,,,,2,3,,,,,,,,,,,,,,,,,,,,,,,,,,1,2,,,,,,,,,,,,,,,,,,,,1,10,,,,,,,,,,,,,,,,,,,,,,,,,,,,,,,,,,1,,,,,,,,,1,,,,,,,
VariableRefrigerantFlow_wSuppHeater_5Zone.idf,,,,,,,2,,,,,,,,,,6,,,,,,,,,6,,,,,,,,,,,4,,,,,,,,,2,,1,,,,,,,,,,,,,,16,,,,,,,,,,,,,,5,2,,5,,,,,,1,,,,,,,,,,,,,,,,,5,,,,,,2,,,,4,,,,,,2,,,,,,1,,,,,,,,,,1,5,,,,,5,,,,,,,,,,,,,,,,,,,,,,,,,,,,,,,,,,,,,,,,,,,,,,,,,,,5,,,,,,,,,,,,,,,,,,,,,,,,,,,,,,,,,,,,,,2,,,,,,,,,,,,,,,,,,,,,,,,,2,,,,,,,,,,,2,50,,1,,,,,,,,,,,,,,,,,,,13,,,,,,,,,,,,,,,,,,7,1,,,,,,,,,,1,,,,,,,,,,,,,,,,,17,,,,,,,,,,,,,,,,,,,1,,,,,,5,,1,,,,,,,,,,,,,,,,,,,,,12,,,,,,4,,,,,,,,,,,,,5,,,,,,,,,,,,,,,,,,,,,,,,,,,5,,,,,,,,1,,,,,,,,,,1,,,,,,,,,,,,,,,,,,,,,,,,,,,,,,,,,,,,5,,,,,,,,,,,,5,,,,,,,,,,,,,,,,2,,,,,,,,,,,,,,,,,,,,,1,,,1,,,,,,,,,,,,1,,,5,,,5,6,,,,,,,,1,,,,,,,,,,,,,,,,,,,,,,,,,,,,,,,,,,,,,,,,,,,,,,,,,,,,,,4,,3,,,,,,,,,,,,4,,,2,,,,,,1,,,,,,,,,,,,,,,,,,,,,,,40,,,,,,,,,5,,,,,,1,2,,1,,,,,,,,4,,,,,1,,,,,,,,,1,,,,5,,,,,,,,,,,,,,1,,5,,,,,,,,,,,1,,,,,2,3,,,,,,,,,,,,,,,,,,,,,,,,,,1,10,,,,,,,,,,,,,,,,2,,,,1,10,,,,,,,,,,,,,,,,,,,,,,,,,,,,,,,,,5,,,,,,,,,,1,,,,,,,
VaryingLocationAndOrientation.idf,,,,,,,,,,,,,,,,,,,,,,,,,,1,,,,,,,,,,,,,,,,,,,,1,,,,,,,,,,,,,,,,,,,,,,,,,,,,,,,,,,,,,,,1,,,,,,,,,,,,,,,,,,,,,,,,,,,,,,,,,2,,,,,,,,,,,,,,,,,,,,,,,,,,,,,,,,,,,,,,,,,,,,,,1,,,,,,,,,,,,,,,,,,,,,,,,,,,,,,,,,,,,,,,,,,,,,,,,,,,,,,,,,,,,,,,,,,,,,,,,,,,,,,,,,,,,,,,,,,,,,,,,,,,,,,4,,,,,,,,,,,,,,,,,,,,2,,,,,,,,,,,,,,,,,,,1,,1,,,,,,,,,,,,,,,,,,,,,,,,,,4,,,,,,,,,,,,,,,,,,,,,,,,,,,,,,,,,,,,,,,,,,,,,,,,,,,,,,,,,,,,,,,,,,,,,,,,1,,,,1,,,,,,,,,,,,,,,,,,,,,,,,,,,,,,,,,,,,1,,,,,,,,,,,,,,,,,,,,,,,,,,,,,,,,,,,,,,,,,,,,,,,,,,,,1,,,,,,,,,,,,,,,,,,,,,,,,,,,,,,,,,1,,,1,,,,,,,,,,,,,,,,,,,,,,,,,,,,,,,,,,,,,,,,,,,,,,,,,,,,,,,,,,,,,,,,,,,,,,,,,,,,,,,,,,,,,,,,,,,,,,,,,,,,,,,,1,,,,,,,,,,,,,,1,,,,,,,,,6,,,,,,,,,,,,,,,,,,,,,,,,,,,,,,,,,,,,,,,,,,,,,,,,,,,,,,,,,,1,,,,,,,,,,,,,1,,,,,,,,,,,,,,,,,,,,,,,,,,,,,,,,1,,,,,,,,,,,,,,,,,,,,,,3,,,,,,,,,,,,,,,,,,,,,,,,,,,,,,,,,,,,,,,,,,,,,,,,,,
VAVSingleDuctConstFlowBoiler.idf,,,,,,,,,,,,1,3,,,,5,,,,,,,,,3,,,,,1,,,,,,,1,,,,,,,,2,,,,,,,,,,,,,,,,29,,,,,,,,,,,,,,,,,1,,1,,,,1,,,,,,,,,,,,,,,,,3,,,,,,,,,,1,,,,,,2,,,,,,,,,,,,,,,,,,,,,,,,,,,,,,,,,,14,,,,,,,,,,,,,,,,,,,,,,,,,,,,,,,,,,,,,,,,,,,,,,,,,,,,,,,,,,,,,,,,,,,,,,,,,,,,,,,,,,,,,,,,1,,,,,,,,,,,,,,,,,,,,,,,,,2,37,,,,,,,,,,,,,,,,,,,,,,,,1,,,,,,,,,,,,,,,5,,,,,,,,,,,1,,,,,,,,,,,,,,,,,18,,,,,,,,,,,,,,,,,,,,,,,,,14,1,,,,,,,,,,,,,,,,,,,,,,6,,,,,,6,,,,,,,,,,,,,,,,,,,,,,,,,,,,,,,,1,,,,,,,,3,,,,,1,,,,,,,,,,,,,1,1,,,,,,,,,,1,3,,,,,,,,,,,,,1,,,,,,1,,,,,2,,,,,,,,,,,,3,,,,1,,,,,,,1,,,,,5,,,,,,,,,,,,,,,,,,,,,1,,,1,,,,,,,,,1,,,2,,,,,,,1,,,,1,,,,1,,,,,,,,,,,,,,,1,,,,,,3,,,,,,,,,,,,,,,,,,,,,,,,,,,,,,,,,7,,,,,1,,,,,,,,,6,,,,,,,,,1,,,,,,,,,,,,,,,,,,,,,,,20,,,,,,,,,,,,,,,3,1,,,,,,,,,,6,,,,,1,,,,,,,,,,,,,3,,,,,,,,,,,,,,1,,3,,,,,,,,,,,1,,,,,2,5,,,,,,,,,,,,,,,,,,,,,,,,,,1,,,,,,,,,,,,,,,,,,,,,1,9,,,,,,,,,,,,,,,,,,,1,,,,,1,,,,,,,,,,,,,1,,,,,,1,,,,1,,,
VAVSingleDuctReheat.idf,,,,,,,,,,,,1,3,,,,5,,,,,,,,,3,,,,,1,,,,,,,1,,,,,,,,2,,1,,,,,,,,,,,,,,30,,,,,,,,,,,,,,,,,,,,,,,1,,,,,,,,,,,,,,,,,3,,,,,,,,,,1,,,,,,2,,,,,,,,,,,,,,,,,,,,,,,,,,,,,,,,,,10,,,,,,,,,,,,,,,,,,,,,,,,,,,,,,,,,,,,,,,,,,,,,,,,,,,,,,,,,,,,,,,,,,,,,,,,,,,,,,,,,,,,,,,,1,,,,,,,,,,,,,,,,,,,,,,,,,2,34,,,,,,,,,,,,,,,,,,,,,,,,1,,,,,,,,,,,,,,,5,,,,,,,,,,,1,,,,,,,,,,,,,,,,,18,,,,,,,,,,,,,,,,,,,,,,,,,15,1,,,,,,,,,,,,,,,,,,,,,,6,,,,,,6,,,,,,,,,,,,,,,,,,,,,,,,,,,,,,,,1,,,,,,,,3,,,,,1,,,,,,,,,,,,,1,1,,,,,,,,,,1,3,,,,,,,,,,,,,1,,,,,,1,,,,,2,,,,,,,,,,,,3,,,,1,,,,,,,1,,,,,5,,,,,,,,,,,,,,,,,,,,,1,,,1,,,,,,,,,1,,,3,,,,,,,1,,,,1,,,,1,,,,,,,,,,,,,,,1,,,,,,3,,,,,,,,,,,,,,,,,,,,,,,,,,,,,,,,,7,,,,,1,,,,,,,,,6,,,,,,,,,1,,,,,,,,,,,,,,,,,,,,,,,20,,,,,,,,,,,,,,,3,1,,,,,,,,,,6,,,,,1,,,,,,,,,,,,,3,,,,,,,,,,,,,,1,,3,,,,,,,,,,,1,,,,,2,5,,,,,,,,,,,,,,,,,,,,,,,,,,1,,,,,,,,,,,,,,,,,,,,,1,9,,,,,,,,,,,,,,,,,,,,,,,,1,,,,,,,,,,,,,1,,,,,,1,,,,1,,,
VAVSingleDuctReheatBaseboard.idf,,,,,,,,,,,,1,2,,,,5,,,,,,,,,3,,,,,1,,,,,,,1,,,,,,,,2,,1,,,,,,,,,,,,,,30,,,,,,,,,,,,,,,,,,,,,,,1,,,,,,,,,,,,,,,,,3,,,,,,,,,,1,,,,,,2,,,,,,,,,,,,,,,,,,,,,,3,,,,,,,,,,,,10,,,,,,,,,,,,,,,,,,,,,,,,,,,,,,,,,,,,,,,,,,,,,,,,,,,,,,,,,,,,,,,,,,,,,,,,,,,,,,,,,,,,,1,,,1,,,,,,,,,,,,,,,,,,,,,,,,,2,32,,,,,,,,,,,,,,,,,,,,,,,,1,,,,,,,,,,,,,,,5,,,,,,,,,,,1,,,,,,,,,,,,,,,,,18,,,,,,,,,,,,,,,,,,,,,,,,,15,1,,,,,,,,,,,,,,,,,,,,,,6,,,,,,6,,1,,,,,,,,,,,,,,,,,,,,,,,,,,,,,,1,,,,,,,,3,,,,,1,,,,,,,,,,,,,1,1,,,,,,,,,,1,3,,,,,,,,,,,,,1,,,,,,1,,,,,2,,,,,,,,,,,,3,,,,1,,,,,,,1,,,,,5,,,,,,,,,,,,,,,,,,,,,1,,,1,,,,,,,,,1,,,3,,,,,,3,1,,,,1,,,,1,,,,,,,,,,,,,,,1,,,,,,3,,,,,,,,,,,,,,,,,,,,,,,,,,,,,,,,,7,,,,,1,,,,,,,,,6,,,,,,,,,1,,,,,,,,,,,,,,,,,,,,,,,20,,,,,,,,,,,,,,,2,1,,,,,,,,,,6,,,,,1,,,,,,,,,,,,,3,,,,,,,,,,,,,,1,,3,,,,,,,,,,,1,,,,,2,5,,,,,,,,,,,,,,,,,,,,,,,,,,1,,,,,,,,,,,,,,,,,,,,,1,9,,,,,,,,,,,,,,,,,,,,,,,,1,,,,,,,,,,,,,1,,,,,,1,,,,1,,,
VAVSingleDuctReheatNoReheat.idf,,,,,,,,,,,,1,2,,,,5,,,,,,,,,3,,,,,1,,,,,,,1,,,,,,,,2,,1,,,,,,,,,,,,,,29,,,,,,,,,,,,,,,,,,,,,,,1,,,,,,,,,,,,,,,,,3,,,,,,,,,,1,,,,,,2,,,,,,,,,,,,,,,,,,,,,,,,,,,,,,,,,,10,,,,,,,,,,,,,,,,,,,,,,,,,,,,,,,,,,,,,,,,,,,,,,,,,,,,,,,,,,,,,,,,,,,,,,,,,,,,,,,,,,,,,1,,,1,,,,,,,,,,,,,,,,,,,,,,,,,2,32,,,,,,,,,,,,,,,,,,,,,,,,1,,,,,,,,,,,,,,,5,,,,,,,,,,,1,,,,,,,,,,,,,,,,,18,,,,,,,,,,,,,,,,,,,,,,,,,15,1,,,,,,,,,,,,,,,,,,,,,,6,,,,,,6,,,,,,,,,,,,,,,,,,,,,,,,,,,,,,,,1,,,,,,,,3,,,,,1,,,,,,,,,,,,,1,1,,,,,,,,,,1,3,,,,,,,,,,,,,1,,,,,,1,,,,,2,,,,,,,,,,,,3,,,,1,,,,,,,1,,,,,5,,,,,,,,,,,,,,,,,,,,,1,,,1,,,,,,,,,1,,,3,,,,,,,1,,,,1,,,,1,,,,,,,,,,,,,,,1,,,,,,3,,,,,,,,,,,,,,,,,,,,,,,,,,,,,,,,,7,,,,,1,,,,,,,,,6,,,,,,,,,1,,,,,,,,,,,,,,,,,,,,,,,20,,,,,,,,,,,,,,,2,1,,,,,,,,,,6,,,,,1,,,,,,,,,,,,,3,,,,,,,,,,,,,,1,,3,,,,,,,,,,,1,,,,,2,5,,,,,,,,,,,,,,,,,,,,,,,,,,1,,,,,,,,,,,,,,,,,,,,,1,9,,,,,,,,,,,,,,,,,,,,,,,,1,,,,,,,,,,,,,1,,,,,,1,,,,1,,,
VAVSingleDuctReheat_DualMax.idf,,,,,,,,,,,,1,3,,,,5,,,,,,,,,3,,,,,1,,,,,,,1,,,,,,,,2,,1,,,,,,,,,,,,,,30,,,,,,,,,,,,,,,,,,,,,,,1,,,,,,,,,,,,,,,,,3,,,,,,,,,,1,,,,,,2,,,,,,,,,,,,,,,,,,,,,,,,,,,,,,,,,,10,,,,,,,,,,,,,,,,,,,,,,,,,,,,,,,,,,,,,,,,,,,,,,,,,,,,,,,,,,,,,,,,,,,,,,,,,,,,,,,,,,,,,,,,1,,,,,,,,,,,,,,,,,,,,,,,,,2,40,,,,,,,,,,,,,,,,,,,,,,,,1,,,,,,,,,,,,,,,5,,,,,,,,,,,1,,,,,,,,,,,,,,,,,18,,,,,,,,,,,,,,,,,,,,,,,,,15,1,,,,,,,,,,,,,,,,,,,,,,6,,,,,,6,,,,,,,,,,,,,,,,,,,,,,,,,,,,,,,,1,,,,,,,,3,,,,,1,,,,,,,,,,,,,1,1,,,,,,,,,,1,3,,,,,,,,,,,,,1,,,,,,1,,,,,2,,,,,,,,,,,,3,,,,1,,,,,,,1,,,,,5,,,,,,,,,,,,,,,,,,,,,1,,,1,,,,,,,,,1,,,3,,,,,,,1,,,,1,,,,1,,,,,,,,,,,,,,,1,,,,,,3,,,,,,,,,,,,,,,,,,,,,,,,,,,,,,,,,7,,,,,1,,,,,,,,,6,,,,,,,,,1,,,,,,,,,,,,,,,,,,,,,,,20,,,,,,,,,,,,,,,3,1,,,,,,,,,,6,,,,,1,,,,,,,,,,,,,3,,,,,,,,,,,,,,1,,3,,,,,,,,,,,1,,,,,2,5,,,,,,,,,,,,,,,,,,,,,,,,,,1,,,,,,,,,,,,,,,,,,,,,1,9,,,,,,,,,,,,,,,,,,,,,,,,1,,,,,,,,,,,,,1,,,,,,1,,,,1,,,
VAVSingleDuctReheat_MaxSAT_ReverseActing.idf,,,,,,,,,,,,1,3,,,,5,,,,,,,,,3,,,,,1,,,,,,,1,,,,,,,,2,,1,,,,,,,,,,,,,,30,,,,,,,,,,,,,,,,,,,,,,,1,,,,,,,,,,,,,,,,,3,,,,,,,,,,1,,,,,,2,,,,,,,,,,,,,,,,,,,,,,,,,,,,,,,,,,10,,,,,,,,,,,,,,,,,,,,,,,,,,,,,,,,,,,,,,,,,,,,,,,,,,,,,,,,,,,,,,,,,,,,,,,,,,,,,,,,,,,,,,,,1,,,,,,,,,,,,,,,,,,,,,,,,,2,73,,,,,,,,,,,,,,,,,,,,,,,,1,,,,,,,,,,,,,,,5,,,,,,,,,,,1,,,,,,,,,,,,,,,,,18,,,,,,,,,,,,,,,,,,,,,,,,,15,1,,,,,,,,,,,,,,,,,,,,,,6,,,,,,6,,,,,,,,,,,,,,,,,,,,,,,,,,,,,,,,1,,,,,,,,3,,,,,1,,,,,,,,,,,,,1,1,,,,,,,,,,1,3,,,,,,,,,,,,,1,,,,,,1,,,,,2,,,,,,,,,,,,3,,,,1,,,,,,,1,,,,,5,,,,,,,,,,,,,,,,,,,,,1,,,1,,,,,,,,,1,,,3,,,,,,,1,,,,1,,,,1,,,,,,,,,,,,,,,1,,,,,,3,,,,,,,,,,,,,,,,,,,,,,,,,,,,,,,,,7,,,,,1,,,,,,,,,6,,,,,,,,,1,,,,,,,,,,,,,,,,,,,,,,,20,,,,,,,,,,,,,,,3,1,,,,,,,,,,6,,,,,1,,,,,1,,,,,,,,3,,,,,,,,,,,,,,1,,3,,,,,,,,,,,1,,,,,2,5,,,,,,,,,,,,,,,,,,,,,,,,,,1,,,,,,,,,,,,,,,,,,,,,1,9,,,,,,,,,,,,,,,,,,,,,,,,1,,,,,,,,,,,,,1,,,,,,1,,,,1,,,
VAVSingleDuctVarFlowBoiler.idf,,,,,,,,,,,,1,3,,,,5,,,,,,,,,3,,,,,1,,,,,,,1,,,,,,,,2,,,,,,,,,,,,,,,,29,,,,,,,,,,,,,,,,,1,,1,,,,1,,,,,,,,,,,,,,,,,3,,,,,,,,,,1,,,,,,2,,,,,,,,,,,,,,,,,,,,,,,,,,,,,,,,,,14,,,,,,,,,,,,,,,,,,,,,,,,,,,,,,,,,,,,,,,,,,,,,,,,,,,,,,,,,,,,,,,,,,,,,,,,,,,,,,,,,,,,,,,,1,,,,,,,,,,,,,,,,,,,,,,,,,2,34,,,,,,,,,,,,,,,,,,,,,,,,1,,,,,,,,,,,,,,,5,,,,,,,,,,,1,,,,,,,,,,,,,,,,,18,,,,,,,,,,,,,,,,,,,,,,,,,14,1,,,,,,,,,,,,,,,,,,,,,,6,,,,,,6,,,,,,,,,,,,,,,,,,,,,,,,,,,,,,,,1,,,,,,,,3,,,,,1,,,,,,,,,,,,,1,1,,,,,,,,,,1,3,,,,,,,,,,,,,1,,,,,,1,,,,,2,,,,,,,,,,,,3,,,,1,,,,,,,1,,,,,5,,,,,,,,,,,,,,,,,,,,,1,,,1,,,,,,,,,1,,,3,,,,,,,1,,,,1,,,,1,,,,,,,,,,,,,,,1,,,,,,3,,,,,,,,,,,,,,,,,,,,,,,,,,,,,,,,,7,,,,,1,,,,,,,,,6,,,,,,,,,1,,,,,,,,,,,,,,,,,,,,,,,20,,,,,,,,,,,,,,,3,1,,,,,,,,,,6,,,,,1,,,,,,,,,,,,,3,,,,,,,,,,,,,,1,,3,,,,,,,,,,,1,,,,,2,6,,,,,,,,,,,,,,,,,,,,,,,,,,1,,,,,,,,,,,,,,,,,,,,,1,9,,,,,,,,,,,,,,,,,,,,,,,,1,,,,,,,,,,,,,1,,,,,,1,,,,1,,,
VentilatedSlab.idf,,,,,,,,,,,,1,,,,,5,,,,,,,,,6,,,,,,,,,,,4,,,,,,,,,1,,1,,,,,,,,,,,,,,19,,,,,,,,,,,,,,5,1,2,,,,,,,1,,,,,,,,,,,,,,,,,5,,,,,,2,,,,4,,,,,,2,,,,,,,,,,,,,,,,,,,,,,,,,,,,,,,,,,10,,,,,,,,,,,,,,,,,,,,,,,,,,,,,,,,,,,,,,,,,,,,,,,,,,,,,,,,,,,,,,,,,,,,,,,,,,,,,2,,,,,,,,,,,,,,,,,,,,,,,,,,,,,,,,,,,3,2,41,,,,,,,,,,,,,,,,,,,,,,,,,,,,,,,,,,,,,,,10,,,,,,,,,,,1,,,,,,,,,,,,,,,,,23,,,,,,,,,,,,,,,,,,,1,,,,,,10,,,,,,,,,,,,,,,,,,,,,,,8,,,,,,4,,,,,,,,,,,,,,,,,,,,,,,,,,,,,,,,,,,,,,,,5,,,,,,,,,,,,,,,,,,1,,,,,,,,,,,,,,,,,,,,,,,,,,,,,,,,,,,,5,,,,,,,,,,,,5,,,,1,,,,,,,,,,,,2,,,,,,,,,,,,,,,,,,,,,1,1,,1,,,,,,,,,,,,2,,,5,,,,6,,,,,,,,1,,,,,,,,,,,,,,,,,,,,,1,,,6,,,,,,,,,,,,,,,,,,,,,,,,,,,,,,4,,3,,,,,,,,,,,,4,,,,,,,,,1,,,,,,,,,,,,,,,,,,,,,,,40,,,,,,,,,,,,,,,3,1,,,,,,,,,,4,,,,,,,,,,,,,,,,,,5,,,,,,,,,,,,,,1,,,,,,,,,,,,,1,,,,,2,2,,,,,,,,,,,,,,,,,,,,,,,,,,1,,,,,,,,,,,,,,,,,,,,,1,17,,5,,,,,,,,,,,,,,,,,,,,,,,,,,,,,,,,,,,,,,,,,1,,,,,,,
VentilatedSlab_SeriesSlabs.idf,,,,,,,,,,,,1,,,,,5,,,,,,,,,6,,,,,,,,,2,,4,,,,,,,,,1,,1,,,,,,,,,,,,,,17,,,,,,,,,,,,,,5,,2,,,,,,,1,,,,2,,,,,,,,,,,,,2,,,,,,2,,,,4,,,,,,2,,,,,,,,,,,,,,,,,,,,,,,,,,,,,,,,,,10,,,,,,,,,,,,,,,,,,,,,,,,,,,,,,,,,,,,,,,,,,,,,,,,,,,,,,,,,,,,,,,,,,,,,,,,,,,,,2,,,,,,,,,,,,,,,,,,,,,,,,,,,,,,,,,,,3,2,25,,,,,,,,,,,,,,,,,,,,,,,,,,,,,,,,,,,,,,,9,,,,,,,,,,,1,,,,,,,,,,,,,,,,,23,,,,,,,,,,,,,,,,,,,1,,,,,,10,,,,,,,,,,,,,,,,,,,,,,,2,,,,,,4,,,,,,,,,,,,,,,,,,,,,,,,,,,,,,,,,,,,,,,,5,,,,,,,,,,,,,,,,,,1,,,,,,,,,,,,,,,,,,,,,,,,,,,,,,,,,,,,5,,,,,,,,,,,,5,,,,1,,,1,,,,,,,,,2,,,,,,,,,,,,,,,,,,,,,1,1,,1,,,,,,,,,,,,2,,,,,,,6,,,,,,,,1,,,,,,,,,,,,,,,,,,,,,1,,,2,,,,,,,,,,,,,,,,,,,,,,,,,,,,,,4,,3,,,,,,,,,,,,4,,,,,,,,,1,,,,,,,,,,,,,,,,,,,,,,,40,,,,,,,,,,,,,,,1,1,,,,,,,,,,4,,,,,,,,,,,,,,,,,,2,,,,,,,,,,,,,,1,,,,,,,,,,,,,1,,,,,2,2,,,,,,,,,,,,,,,,,,,,,,,,,,1,,,,,,,,,,,,,,,,,,,,,1,17,,2,,,,,,,,,,,,,,,,,,,,,,,,,,,,,,,,,,,,,,,,,1,,,,,,,
VentilationSimpleTest.idf,,,,,,,,,,,,,,,,,2,,,,,,,,,3,,,,,,,,,,,,,,,,,,,,1,,,,,,,,,,,,,,,,,,,,,,,,,,,,,,,,,,,,,,,1,,,,,,,,,,,,,,,,,,,,,,,,,,,1,,,,,,3,,,,,,,,,,,,,,,,,,,,,,,,,,,,,,,,,,6,,,,,,,,,,,,,,,,,,,,,,,,,,,,,,,,,,,,,,,,,,,,,,,,,,,,,,,,,,,,,,,,,,,,,,,,,,,,,21,,,,,,,,,,,,,,,,,,,,,,,,,,,,,,,,,,,,,9,,,,,,,1,,,,,,,,,,,,,,,,,,,,,,,,,,,,,,,,4,,,,,,,,,,,1,,,,,,,,,,,,,,,,,5,,,,,,,,,,,,,,,,,,,,,,,,,,,,,,,,,,,,,,,,3,,,,,,,,,,,,,,,,,,,,,,,,,,,,,,,,,,,,,,,,,,,,,,,,,,,,,,3,,,,,1,,,,,,,,,,,,,1,,,,,,,,,,,,,,,,,,,,,,,,,,,,,,,,,,,,3,,,,,,,,,,,,3,,,,1,,,1,,,,,,,,,,,,,,,,,,,,,,,,,,,,,,1,1,,1,,,,,,,,,,,,,,,,,,,24,,,,,,,,,,,,,,,,,,,,,,,,,,,,,,,,,,,,,,,,,,,,,,,,,,,,,,,,,,,,,,,,,,,,,,,,,,,,,,,,,,,,,1,,,,,,,,,,,,,,,,,,,,,,,54,,,,,,,,,,,,,,,,,,,,,,,,,,,,,,,,,,,,,,,,,,,,,,,,,,,,,,,,,,1,,,,,,,,,,,,,1,,,,,,,,,,,,,,,,,,,,,,,,,,,,,,,,1,,,,,,,,,,,,,,,,,,,,,1,10,,,,,,,,,,,,,,,,,,,,,,,,,,,,,,,,,,,,,,,,,,,1,,,,,,,
VRFMultispeedFan.idf,,,,,,,,,,,,,,,,,7,,,,,,,,,6,,,,,,,,,,,4,,,,,,,,,2,,,,,,,,,,,,,,,,1,,,,,,,,,,,,,,5,,,4,,,,,,1,,,,3,1,,,5,,,,,,,,,5,2,,,,,2,,,,4,,,,,,2,,,,,,1,,,1,,,,,,,,,,,,,5,,,,,,,,,,,,6,,,,,,,,,,,,,,,,,,,,,,,,,,,,,,,,,,,,,,,,,,,,,,,1,,,,,,,,,,,,,,,,,,1,,,,,,,,5,,,,2,,,,,,,,,,,1,1,,,,,,,,,,,,,2,,,,,,,,,,,,77,,1,,,,,,,,,,,,,,,,,,,13,,,,,,,,,,,,,,,,,,7,,,,,,,,,,,1,,,,,,,,,,,,,,,,,17,,,,,,,,,,,,,,,,,,,,,,,,,,,1,,,,,,,,,,,,,,,,,,,,,6,,,,,,,,,,,,,,,,,,,5,,,,,,,,,1,,,,,,,,,,1,,,,,,,,5,,,,,1,,,1,,,,,,,,,,1,1,,,,,,,,,,,5,,,,,,,,,,,,,,,,,,,1,,,,,5,,,,1,,,,,,,,5,,,,1,,,,,,,1,,,,,,,,,,,,,,,,,,,,,,,,,,1,12,,1,,,,,,,,,1,,,,,,2,,,5,6,,,,1,,,,1,,,,,,,,,,,,,,,,,,,,,,,,,,,,,,,,,,,,,,,,,1,,,,,,,,,,,,,1,,3,,,,,,,,,,,,,,,2,,,,,,1,,,,,,,,,,,,,,,,,1,,,,,,40,,,,,,,,,1,,,,,,,,,,,,,,,,,,,,,,1,,,,,,,,,1,,,,5,,,,,,,,,,,,,,1,,5,,,,,,,,,,,1,,,,,,,,,,,,,,,,,5,,,,,,,,,1,,,,,,1,10,,,,,,,,,,,1,,,,,2,,,,1,10,,,,,,,,,,,,,,,,,,,,,,,,,,,,,,,,,,,,,1,,,,,,1,,,,1,,,
VSDXCoilSystemAuto.idf,,,,,,,,,,,,,,,,,5,,,,,,,,,3,,,,,,,,,,,,,,,,,,,,2,,,,,,,,,,,,,,,,1,1,,,,,,,,,,,,,,1,,4,,,,,,1,,,,1,1,,,,,,,,,,,,3,,,,,,,,,,1,,,,,,2,,,,,,,,,,,,,,,,,,,,,,3,,,,,,,,1,,,,12,,,,,,,,,,,,,,,,,,,,,,,,,,,,,,,,,,,,,,,,,,,,,,,,,,,,,,,,,,,,,,,,,1,,,,,,,,,,,,,,,,,,,,,,,1,1,,,,,,,,,,,,,1,,,,,,,,,,,,7,,1,,,,,,,,,,,,,,,,,,,20,,,,,,,,,,,,,,,,,,5,,,,,,,,,,,1,,,,,,,,,,,,,,,,,15,,,,,1,,,,,,,,,,,,,,,,,,,,,,,,,,,,,,,,,,,,,,,,,,,8,,,,,,,,,,,,,,,,,,,,,,,,,,,,,,,,,,,,,,1,,,,,,,,3,,,,,1,,,,,,,,,,,,,1,,,,,,,,,1,,,3,,,,,,,1,3,,,,,,,,,,,1,,,,,2,,,,,,,,,,,,3,,,,1,,,,,,,1,,,,,,,,,,,,,,,,,,,,,,,,,,1,,,1,,,,,,,,,2,,,,,,,,,3,1,,,,2,,,,1,,,,,,,,,,,,,,,,,,,,,,,,1,,,,,,,,,1,,,,,,,,1,,,,,,,,,,,,,1,,,,,,,,,,,,,,,,,1,,,,,,1,,,,,,,,,,,,,,,,,,,,,,,20,,,,,,,,,1,,,,,,,,,,,,,,,,,,,,,,1,,,,,,,,,,,,,3,,,,,,,,,,,,,,1,,3,,,,,,,,,,,1,,,,,,,,,,,,,,,,,,,,,,,,,,,,,,,,1,4,,,,,,,,,,,,,,,,,,,,1,9,,,,,,,,,,,,,,,,,,,,,,,,,,,,,,,,,,,,,1,,,,,,1,,,,1,,,
VSHeatPumpWaterHeater.idf,,,,,,,3,,,,,,5,,,,7,,,,,,,,,6,,,,,1,,,,,,4,1,,,,,,,,2,,,,,,,,,,,,,,,,30,,,,,,,,,,,,,,5,,1,1,,,,,,1,,,,,1,,,,,,,,,,,,5,,,,,,2,,,,4,,,,,,2,,,,,,1,,,,,,,,,,,,,,,,5,,,,,,1,,,5,,,10,,,,1,1,,,,,,,,,,,,,,,,,,,,,,6,,,,,,,,,,,,,,,,5,,,,,,,,,,,,,,,,,,,,,,1,,,,,,,,,,,,2,,,,,,,,,,,1,1,,,,,,,,,,,,,2,,,,,,,,,,,2,23,,1,,,,,,,,,,,,,,,,,,,2,,,1,,,,,,,,,,,,,,,7,,,,,,,,,,,1,,,,,,,,,,,,,,,,,33,,,,,,,,,,,,,,,,,,,,,,,,,15,1,,,,,,,,,,,,,,,,,,,,,,12,,,,,,6,,,,,,,,,,,,,,,,,,,,,,,,,,,,,,,,2,,,,,,,,5,,,,,1,,,,,,,,,,,,,1,1,,,,,,,,,,1,5,,,,,,,,,,,,,,,,,,,,,,,,5,,,,,,,,,,,,5,,,,1,,,,,,,1,,,,,2,,,,,,,,,,,,,,,,,,,,,1,,,1,,,,,,,,,1,,,3,,,5,,,5,6,,,,1,,,,1,,,,,,,,,,,,,,,,,,,,,2,,,2,,,,,,,,,,,,,,,,,1,,,,,,,,,,,,,7,,3,,,2,,,,,,,,,6,,,2,,,,,,1,,,,,,,,,,,,,,,,,,,,,,,40,,,,,1,,,,1,,,,,,6,1,,,,,,,,,,6,,,,,1,,,,,,,,,,,,,5,,,,,,,,,,,,,,1,,5,,1,,,,,,,,,1,,,,,2,4,,,,,,,,,,,,,,,,,,,,,,,,,,1,1,,,,,,,,,,,,,,,,,,,,1,10,,,2,,,,,,,,,,,,,,,,,,,,,1,,,,,,,,,,,,,1,,,,,,1,,,,1,,,
VSHeatPumpWaterToAirEquationFit.idf,,,,,,,,,,,,,,,,,6,,,,,,,,,6,,,,,,,,,,,4,,,,,,,,,2,,,,,,,,,,,,,,,,22,,,,,,,,,,,,,5,5,5,,11,5,,,,,1,,,,,5,,,,,,,,,,,,5,,,,,5,2,,,,4,,,,,,2,,,,,,1,,,,,,,,,,,,,,,,5,,,,,,,,,,,,12,,,,,,,,,,,,,,,,,,,,,,,,,,,,,,,,,,,,,,,,,,,,,,,,,,,,,,,,,,,,,,,,,5,,,,,,,,,,,,2,,,,,,,,,,,5,,,,,,,,,,,,,,,,,1,,,,,,,,,42,1,5,,,,,,,,,,,,,,,,,,,6,,,1,,,,,,,,,,,,,,,7,,,,,,,,,,,1,1,,,,,,,,,,,,,,,,14,,,,,,,,,,,,,,,,,,,,,,,,,5,1,,,,,,,,,,,,,,,,,,,,,,15,,,,,,2,,,,,,,,,,,,,,,,,,,,,,,,,,,,,,,,5,,,,,,,,5,,,,,1,,,,,,,,,,,,,1,,,,,,,,,,,1,5,,,,,,,1,5,,,,,,,,,,,5,,,,,5,,,,,,1,,,,,,5,,,,1,,,,,,,5,,,,,,,,,,,,,,,,,1,,,,,,,,,1,,,1,,,,,,,,,10,,,,,,,,,5,6,,,,10,,,,1,,,,,,,,,,,,,,,,,,,,,,,,,,,,,,,,,,,,,,,,,5,,,,,,,,,,,,,7,,3,,,,,,,1,,,,,2,,,,,,,,,1,,,,,,,,,,,,,,,,,,,,,,,40,,,,,,,,,5,,,,,,,,,,,,,,,,,2,,,,,5,,,,,,,,,,,1,,5,,,,,,,,,,,,,,1,,5,,,,,,,,,,,1,,,,,,,,,,,,,,,,,,1,,,,,5,,,,,,,,,1,,,,,,,,,,,,,,,,,,,,,1,10,,,,,,,,,,,,,,,,,,,1,,,,,,,,,,,,,,,,,,5,,,,,,1,,,,5,,,
VSHeatPumpWaterToAirWithRHControl.idf,,,,,,,,,,,,,,,,,6,,,,,,,,,6,,,,,1,,,,,,4,,,,,,,,,2,,,,,,,,,,,,,,,,22,,,,,,,,,,,,,5,5,5,,11,5,,,,,1,,,,,5,,,,,,,,,,,,5,,,,,5,2,,,,4,,,,,,2,,,,,,1,,,,,,,,,,,,,,,,5,,,,,,,,,,,,12,,,,,1,,,,,,,,,,,,,,,,,,,,,,,,,,,,,,,,,,,,,,,,,,,,,,,,,,,,,,,,,,,,5,,,,,,,,,,,,2,,,,,,,,,,,5,,,,,,,,,,,,,,,,,,,,,,,,,,36,,5,,,,,,,,,,,,,,,,,,,6,,,1,,,,,,,,,,,,,,,7,,,,,,,,,,,1,,,,,,,,,,,,,,,,,16,,,,,,,,,,,,,,,,,,,,,,,,,5,1,,,,,,,,,,,,,,,,,,,,,,15,,,,,,2,,,,,,,,,,,,,,,,,,,,,,,,,,,,,,,,5,,,,,,,,5,,,,,1,,,,,,,,,,,,,1,,,,,,,,,,,1,5,,,,,,,1,5,,,,,,,,,,,5,,,,,5,,,,,,,,,,,,5,,,,1,,,,,,,5,,,,,,,,,,,,,,,,,,,,,,,,,,1,,,1,,,,,,,,,10,,,,,,,,,5,6,,,,10,,,,1,,,,,,,,,,,,,,,,,,,,,,,,,,,,,,,,,,,,,,,,,5,,,,,,,,,,,,,7,,3,,,,,,,1,,,,,2,,,,,,,,,1,,,,,,,,,,,,,,,,,,,,,,,40,,,,,5,,,,5,,,,,,,,,,,,,,,,,2,,,,,5,,,,,,,,,,,1,,5,,,,,,,,,,,,,,1,,5,,,,,,,,,,,1,,,,,,,,,,,,,,,,,,1,,,,,5,,,,,,,,,1,,,,,,,,,,,,,,,,,,,,,1,10,,,,,1,,,,,,,,,,,,,,1,,,,,,,,,,,,,,,,,,5,,,,,,1,,,,5,,,
VSWaterHeaterHeatPumpStratifiedTank.idf,,,,,,,1,,1,,,,,,,,1,,,,,,,,,,,,,,,,,,,,,,,,,,,,,1,,,,,,,,,,,,,,,,6,,,,,,,,,,,,,,,,,1,,,,,,1,,,,,,,,,,,,,,,,,,,,,,1,,,,,,,,,,,2,,,,,,,,,,,,,,,,,,,,,,,,,,,,,,,1,,,,,,,1,,,,,,,,,,,,,,,,,,,,,,,,,,,,,,,,,,,,,,,1,,,,,,,,,,,,,,,,,,,,,,,,,,,,,,,,,,,,,,,,,,,,,,,,,,,,,,,,,,,,,,,,,,,,,,1,34,,,,,,,,,,,,,,,,,,,,,2,,,,,,,,,,,,,,,,,,,,,,,,,,,,,,,,,,,,,,,,,,,,,,8,,,,,,,,,,,,,,,,,,,,,,,,,3,,,,,,,,,,,,,,,,,,,,,,,,,,,,,2,,,,,,,,,,,,,,,,,,,,,,,,,,,,,,,,,,,,,,,,,,,,,,,,,,,,,,,,,,1,,,,,,,,,,,,,,,,,,,,,,,,,,,,,,,,2,,,,,,,,,,,,,,,,,,,,1,,,,,,,,,,,,1,,,,,,,,,,,,,,,,,,,,,1,,,1,,,,,,,,,,,,1,,,,,,,,,,,,,,,,,,,,,,,,,,,,,,,,,,,,,,,1,,,,,,,,,,,,,,,,,,,,,,,,,,,,,,2,,,,,,,,,,,,,,2,,,,,,,,,1,,,,,,,,,,,,,,,,,,,,,,,,,,,,,,,,,,,,,,,1,,,,,,,,,,2,,,,,,,,1,,,,,,,,,,,,,,,,,,,,,,,,1,,,,,,,,,,,,,1,,,,,1,1,,,,,,,,,,,,,,,,,,,,,,,,,,1,1,,,,,,,,,,,,,,,,,,,,,,,,,,,,,,,,,,,,,,,,,,,,,,,,,,,,,,,,,,,,,,,,,,,,,,,
WaterCooledChillerWithVSCondenserControl.idf,,,,,,,3,,,,,,55,,,,61,,,,,,,,,59,,,,,,,,,,,1,,,,,,,,,1,,,,,,,,,,,,,,,,81,,,,,,,,,,,,,,5,,1,1,,1,,,,1,,,,,1,,,,,,5,,,,,,55,,2,,,,,,,,,,,,,,2,,,,,,1,,,,,,,,,,,,,,,,55,,,,,,,,,,,,,,,,1,,,1,1,,,,,,,,,,,,,,,,,,,,,,,,,,,,,,,,,,,,,,,55,,,,,,,1,,,,,,,,,,,1,,,,,,,,,,,,,,,,5,,,,,,,1,1,,,,,,,,,,,,,,,,,,,,,,,,3,44,,1,,,,,,,,,,,,,,,,,,4,4,,,,,,,,,,,,,,,,,57,7,,,,,,,,1,,,,,,,,,,,,,,,,,,,,57,,,,,,,,,,,,,,,,,,,,,,,,,15,,,,,,,,,,,,,,,,,,,,,,,112,,,,1,,6,,,,,,,,,,,,,,,,,,,,,,1,,,,,,,,,,2,,,,,,,,1,,,,,,,,,,,,,,,,,,1,1,,,,,,,,,,,55,,,,,4,1,,,,,,,,,,,,,1,,,,,56,,,,,,,,,,,,1,,,23,1,,,1,,,,1,,,,,3,,,,,,,,,,,,,,,,,,,,,1,,1,1,,,,1,,,,,2,,,4,1,,,,,1,44,,,,1,,,,,,,,,,,,,,,,,,,,,,,,,2,,,1,,,,,,,,,,,,,,,,,1,,,,,,,,,,,,,7,,,,,2,,,,,,,,,6,,,,,,,,,1,,,,,,,,,,,,,,,,,,,,,,,481,,,,,,,,,1,,,,,,56,1,,,,,,,,,,6,,,,,55,1,,,,,,,,,,,,55,,,,,,,,,,,,,,1,,55,,,,,,,,,,,1,,,,,3,3,,,,,,,,,,,,,,,,,,,,,,,,,,1,2,,,,,13,,,,,,,,,,,1,,,,,7,,,3,,,,,,,,,,,,,,,,,,,,,,,,,,,,,,,,,,1,,,,,,1,,,,1,,,
WaterHeaterDHWPlantLoop.idf,,,,,,,1,,1,,,,,,,,1,,,,,,,,,,,,,,,,,,,,,,,,,,,,,1,,,,,,,,,,,,,,,,6,,,,,,,,,,,,,,,,,,,,,,,1,,,,,,,,,,,,,,,,,,,,,,,,,,,,,,,,,2,,,,,,,,,,,,,,,,,,,,,,,,,,,,,,,,,,,,,,1,,,,,,,,,,,,,,,,,,,,,,,,,,,,,,,,,,,,,,,,,,,,,,,,,,,,,,,,,,,,,,,,,,,,,,,,,,,,,,,,,,,,,,,,,,,,,,,,,,,,,,,,,,,,,1,23,,,,,,,,,,,,,,,,,,,,,,,,,,,,,,,,,,,,,,,,,,,,,,,,,,,,,,,,,,,,,,,,,,,6,,,,,,,,,,,,,,,,,,,,,,,,,3,,,,,,,,,,,,,,,,,,,,,,,,,,,,,2,,,,,,,,,,,,,,,,,,,,,,,,,,,,,,,,,,,,,,,,,,,,,,,,,,,,,,,,,,1,,,,,,,,,,,,,,,,,,,,,,,,,,,,,,,,2,,,,,,,,,,,,,,,,,,,,1,,,1,,,,,,,,,1,,,,,,,,,,,,,,,,,,,,,1,,,1,,,,,,,,,,,,1,,,,,,,,,,,,,,,,,,,,,,,,,,,,,,,,,,,,,,,,,,,,,,,,,,,,,,,,,,,,,,,,,,,,,2,,,,,,,,,,,,,,2,,,,,,,,,1,,,,,,,,,,,,,,,,,,,,,,,,,,,,,,,,,,,,,,,1,,,,,,,,,,2,,,,,,,,1,,,,,,,,,,,,,,,,,,,,,,,,1,,,,,,,,,,,,,1,,,,,1,1,,,,,,,,,,,,,,,,,,,,,,,,,,1,,,,,,,,,,,,,,,,,,,,,,,,,,,,,,,,,,,,,,,,,,,,,,,,,,,,,,,,,,,,,,,,,,,,,,,,
WaterHeaterHeatPumpStratifiedTank.idf,,,,,,,1,,1,,,,,,,,1,,,,,,,,,,,,,,,,,,,,,,,,,,,,,1,,,,,,,,,,,,,,,,6,,,,,,,,,,,,,,,,,1,,,,,,1,,,,,,,,,,,,,,,,,,,,,,,,,,,,,,,,,2,,,,,,,,,,,,,,,,,,,,,,,,,,,,,,,1,,,,,,,1,,,,,,,,,,,,,,,,,,,,,,,,,,,,,,,,,,,,,,,,,,,,,,,,,,,,,,,,,,,,,,,,,,1,,,,,,,,,,,,,,,,,,,,,,,,,,,,,,,,,,,,,,,,,,,1,34,,,,,,,,,,,,,,,,,,,,,2,,,,,,,,,,,,,,,,,,,,,,,,,,,,,,,,,,,,,,,,,,,,,,8,,,,,,,,,,,,,,,,,,,,,,,,,3,,,,,,,,,,,,,,,,,,,,,,,,,,,,,2,,,,,,,,,,,,,,,,,,,,,,,,,,,,,,,,,,,,,,,,,,,,,,,,,,,,,,,,,,1,,,,,,,,,,,,,,,,,,,,,,,,,,,,,,,,2,,,,,,,,,,,,,,,,,,,,1,,,,,,,,,,,,1,,,,,,,,,,,,,,,,,,,,,1,,,1,,,,,,,,,,,,1,,,1,,,,,,,,,,,,,,,,,,,,,,,,,,,,,,,,,,,,1,,,,,,,,,,,,,,,,,,,,,,,,,,,,,,2,,,,,,,,,,,,,,2,,,,,,,,,1,,,,,,,,,,,,,,,,,,,,,,,,,,,,,,,,,,,,,,,1,,,,,,,,,,2,,,,,,,,1,,,,,,,,,,,,,,,,,,,,,,,,1,,,,,,,,,,,,,1,,,,,1,1,,,,,,,,,,,,,,,,,,,,,,,,,,1,,,,,,,,,,,,,,,,,,,,,,,,,,,,,,,,,,,,,,,,,,,,,,,,,,,,,,,,,,,,,,,,,,,,,,,,
WaterHeaterHeatPumpWrappedCondenser.idf,,,,,,,1,,1,,,,,,,,1,,,,,,,,,,,,,,,,,,,,,,,,,,,,,1,,,,,,,,,,,,,,,,6,,,,,,,,,,,,,,,,,1,,,,,,1,,,,,,,,,,,,,,,,,,,,,,,,,,,,,,,,,2,,,,,,,,,,,,,,,,,,,,,,,,,,,,,,,,,,,,,,1,,,,,,,,,,,,,,,,,,,,,,,,,,,,,,,,,,,,,,,,,,,,,,,,,,,,,,,,,,,,,,,,,,,,,,,,,,,,,,,,,,,,,,,,,,,,,,,,,,,,,,,,,,,,,1,36,,,,,,,,,,,,,,,,,,,,,2,,,,,,,,,,,,,,,,,,,,,,,,,,,,,,,,,,,,,,,,,,,,,,8,,,,,,,,,,,,,,,,,,,,,,,,,3,,,,,,,,,,,,,,,,,,,,,,,,,,,,,2,,,,,,,,,,,,,,,,,,,,,,,,,,,,,,,,,,,,,,,,,,,,,,,,,,,1,,,,,,,1,,,,,,,,,,,,,,,,,,,,,,,,,,1,,,,,,2,,,,,,,,,,,,,,,,,,,,1,,,,,,,,,,,,1,,,,,,,,,,,,,,,,,,,,,1,,,1,,,,,,,,,,,,1,,,1,,,,,,,,,,,,,,,,,,,,,,,,,,,,,,,,,,,,1,,,,,,,,,,,,,,,,,,,,,,,,,,,,,,2,,,,,,,,,,,,,,2,,,,,,,,,1,,,,,,,,,,,,,,,,,,,,,,,,,,,,,,,,,,,,,,,1,,,,,,,,,,2,,,,,,,,1,,,,,,,,,,,,,,,,,,,,,,,,1,,,,,,,,,,,,,1,,,,,1,1,,,,,,,,,,,,,,,,,,,,,,,,,,1,,,,,,,,,,,,,,,,,,,,,,,,,,,,,,,,,,,,,,,,,,,,,,,,,,,,,,,,,,,,,,,,,,,,,,,,
WaterHeaterStandAlone.idf,,,,,,,,,1,,,,,,,,2,,,,,,,,,,,,,,,,,,,,,,,,,,,,,1,,,,,,,,,,,,,,,,,,,,,,,,,,,,,,,,,,,,,,,1,,,,,,,,,,,,,,,,,,,,,,,,,,,,,,,,,2,,,,,,,,,,,,,,,,,,,,,,,,,,,,,,,,,,4,,,,1,,,,,,,,,,,,,,,,,,,,,,,3,,,,,,,,,,,,,,,,,,,,,,,,,,,,,,,,,,,,,,,,,,,,,,,,,,,,,,,,,,,,,,,,,,,,,,,,,,,,,,,,,,,,,,,57,,,,,,,,,,,,,,,,,,,,,,,,,,,,,,,,,,,,,,,,,,,,,,,,,,,,,,,,,,,,,,,,,,,4,,,,,,,,,,,,,,,,,,,,,,,,,,,,,,,,,,,,,,,,,,,,,,,,,,,,,,,,,,,,,,,,,,,,,,,,,,,,,,,,,,,,,,,,,,,,,,,,,,,,,,,,,,,,,,,,1,,,,,,,,,,,,,,,,,,,,,,,,,,,,,,,,,,,,,,,,,,,,,,,,,,,,1,,,,,,,,,,,,,,,,,,,,,,,,,,,,,,,,,1,6,,1,,,,,,,,,,,,,,,,,,,,,,,,,,,,,,,,,,,,,,,,,,,,,,,,,,,1,,,,,,,,,,,,,,,,,,,,,,,,,,,,,,,,,,,,,,,,,,,,,,,,,,,,,1,,,,,,,,,,,,,,,,,,,,,,,,,,,,,,,,,,,,,,,,,,,,,,,,,,,,,,,,,,,,,,,,,,,,,,,,,,,,,,,,,1,,,,,,,,,,,,,1,,,,,,,,,,,,,,,,,,,,,,,,,,,,,,,,1,,,,,,,,,,,,,,,,,,,,,,,,,,,,,,,,,,,,,,,,,,,,,,,,,,,,,,,,,,,,,,,,,,,,,,,,
WaterSideEconomizer_Integrated.idf,,,,,,,3,,,,,,5,,,,6,,,,,,,,,6,,,,,1,,,,,,4,1,,,,,,,,1,,,,,,,,,,,,,,,,31,,,,,,,,,,,,,,5,,1,6,,1,,,,1,,,,,1,,,,,,,,,,,,5,,,,,,2,,,,4,,,,,,2,,,,,,1,,,,,,,,,,,,,,,,5,,,,,,1,,,,,,14,,,,,1,,,,,,,,,,,,,,,,,,,,,,,,,,,,,,,,,,,,,,,,,,,,,,,,,,,,,,,,,,,,1,,,,,,,,,,,,2,,,,,,,,,,,1,1,,,,,,,,,,,,,2,,,,,,,,,,,2,21,,1,,,,,,,,,,,,,,,,,,,,,,1,,1,,,,,,,,,,,,,7,,,,,,1,,,,,1,,,,,,,,,,,,,,,,,21,,,,,,,,,,,,,,,,,,,,,,,,,15,1,,,,,,,,,,,,,,,,,,,,,,10,,,,,,6,,,,,,,,,,,,,,,,,,,,,,,,,,,,,,,,2,,,,,,,,5,,,,,1,,,,,,,,,,,,,1,1,,,,,,,,,,1,5,,,,,,,,,,,,,,,,,,,,,,,,5,,,1,,,,,,,,,5,,,,1,,,1,,,,1,,,,,2,,,,,,,,,,,,,,,,,,,,,1,,,1,,,,,,,,,1,,,3,,,,,,5,6,,,,1,,,,1,,,,,,,,,,,,,,,,,,,,,2,,,,,,,,,,,,,,,,,,,,1,,,,,,,,,,,,,7,,3,,,2,,,,,,,,,6,,,2,,,,,,1,,,,,,,,,,,,,,,,,,,,,,,40,,,,,,,,,1,,,,,,6,1,,,,,,,,,,6,,,,,1,,,,,,,,,,,,,5,,,,,,,,,,,,,,1,,5,,,,,,,,,,,1,,,,,2,5,,,,,,,,,,,,,,,,,,,,,,,,,,1,,,,,,,,,,,,,,,,,,,,,1,10,,,1,,,,,,,,,,,,,,,,,,,,,,,,,,,,,,,,,,1,,,,,,1,,,,1,,,
WaterSideEconomizer_NonIntegrated.idf,,,,,,,3,,,,,,5,,,,6,,,,,,,,,6,,,,,1,,,,,,4,1,,,,,,,,1,,,,,,,,,,,,,,,,32,,,,,,,,,,,,,,5,,1,6,,1,,,,1,,,,,1,,,,,,,,,,,,5,,,,,,2,,,,4,,,,,,2,,,,,,1,,,,,,,,,,,,,,,,5,,,,,,1,,,,,,14,,,,,1,,,,,,,,,,,,,,,,,,,,,,,,,,,,,,,,,,,,,,,,,,,,,,,,,,,,,,,,,,,,1,,,,,,,,,,,,2,,,,,,,,,,,1,1,,,,,,,,,,,,,2,,,,,,,,,,,2,21,,1,,,,,,,,,,,,,,,,,,,,,,1,,1,,,,,,,,,,,,,7,,,,,,1,,,,,1,,,,,,,,,,,,,,,,,20,,,,,,,,,,,,,,,,,,,,,,,,,15,1,,,,,,,,,,,,,,,,,,,,,,10,,,,,,6,,,,,,,,,,,,,,,,,,,,,,,,,,,,,,,,2,,,,,,,,5,,,,,1,,,,,,,,,,,,,1,1,,,,,,,,,,1,5,,,,,,,,,,,,,,,,,,,,,,,,5,,,1,,,,,,,,,5,,,,1,,,,,,,1,,,,,2,,,,,,,,,,,,,,,,,,,,,1,,,1,,,,,,,,,1,,,2,,,,,,5,6,,,,1,,,,1,,,,,,,,,,,,,,,,,,,,,2,,,,,,,,,,,,,,,,,,,,1,,,,,,,,,,,,,7,,3,,,2,,,,,,,,,6,,,2,,,,,,1,,,,,,,,,,,,,,,,,,,,,,,40,,,,,,,,,1,,,,,,6,1,,,,,,,,,,6,,,,,1,,,,,,,,,,,,,5,,,,,,,,,,,,,,1,,5,,,,,,,,,,,1,,,,,2,5,,,,,,,,,,,,,,,,,,,,,,,,,,1,,,,,,,,,,,,,,,,,,,,,1,10,,,1,,,,,,,,,,,,,,,,1,,,,,,,,,,,,,,,,,,1,,,,,,1,,,,1,,,
WaterSideEconomizer_PreCoolCoil.idf,,,,,,,1,,,,,,5,,,,9,,,,,,,,,6,,,,,,,,,,,4,,,,,,,,,4,,,,,,,,,,,,,,,1,8,,,,,,,,,,,,,,5,7,1,4,,,,,,1,,,,,1,,,,,,,,,,,,5,,,,,,2,,,,4,,,,,,2,,,,,,1,,,,,,,,,,,,,,,,5,,,,,,1,,,,,,,,,,,,,,,,,,,,,,,,,,,,,,,,,,,,,,,,,,,,,,,,,,,,,,,,,,,,,,,,,,,,,,,1,,1,,,,,1,,,,,2,,,,,,,,,,,1,1,,,,,,,,,,,,,2,,,,,,,,,,,1,73,,1,,,,,,,,,,,,,,,,,,1,6,,,,,,,,,,,,,,,,,,7,,,,,,,,,,,1,,,,,1,,,,,,,,,,,,17,,,,,,,,,1,,,,,,,,,,,,,,,,4,,,,,,,,,,,,,,,,,,,,,,,8,,,,,,2,,,,,,,,,,,,1,,,,,,,,,,,,,,,,,,,,1,,,,,,,,5,,,,,1,,,,,,,,,,,,,1,,,,,,,,,,,,5,,,,,,,,,,,,,,,,,,,,,,,,5,,,,,,,,,,,,5,,,,1,,,,,,,1,,,,,1,,,,,,,,,,,,,,,,,,,,,1,,,1,,,,,,,,,1,,,1,2,,1,,,1,6,,,,1,,,,1,,,,,,,,,,,,,,,,,,,,,1,,,1,,,,,,,,,,,,,,,,1,1,,,,,,,,,,,,,3,,3,,,,,,,,,,,,2,,,2,,,,,,1,,,,,,,,,,,,,,,,,,,,,,,40,,,,,5,,,,1,,,,,,,,,,,,,,,,,2,,,,,1,,,,,,,,,,,,,5,,,,,,,,,,,,,,1,,5,,,,,,,,,,,1,,,,,1,,,,,,,,,,,,,1,,,,,,,,,,,,,,1,2,,,,,,,,,,,,,,,,,,,,1,10,,,1,,,,,,,,,,,,,,,,,,,1,,,,,,,,1,,,,,,,1,,,,,,1,,,,1,,,
WCE_Diffuse_Shade.idf,,,,,,,,,,,,,,,,,1,,,,,,,,,1,,,,,,,,,,,2,,,,,,,,,1,,,,,,,,,,,,,,,,,,,,,,,,,,,,,,,,,,,,,,,1,,,,,,,,,,,,,,,,,1,,,,,,,,,,1,,,,,,2,,,,,,,,,,,,,,,,,,,,,,,,,,,,,,,,,,,,,,,,,,,,,,,,,,,,,,,,,,,,,,,,,,,,,,,,,,,,,,,,,,,,,1,,,,,,,,,,,,,,,,,,,,,,,,,,,,,,,,,,,,,,,,,,,,,,,,,,,,,,,,,,,,,,,27,,,,,,,,,,,,,1,,,,,,,,,,,,,,,,,,,,,,,,,,5,,1,,,,,,,,,1,,,,,,,,,,,,,,,,,3,,,,,,,,,,,,,,,,,,,,,,,,,,,,,1,,,,,,,,,,,,,,,,,,,1,,,,,,,,,,,,,,,,,,,,,,,,,,,,1,,,,,,,,,,,,,,,,,,,,,,,,,,,,,,,,,,,,1,,,,,,,,,,,,,,2,,,,,,,,,,,,,,,,,,,,,,,,,,,,,,,,,,,,,,,,,,,,,,,1,,,,,,,,,,,,,,,,,,,,,,,,1,,,1,,,,,,,,,,,,,,,,,,,1,,,,,,,,1,,,,,,10,,,,,,,,,,,,,,,,,,,,,,,,,,,,,,,,,,,,,,,,,,,,,,,,,,,,,,,,,,,,,,,,,,,,,,,,,,,,,,,,,,,,,,,,,,,,,,6,,,,,,,,,,,,,,,,,,,,,,,,,,,,,,,1,,,,,1,,,,,,,,1,,,,,,,,,,,,,,1,,1,,,,,,,,,,,1,,,,,,,,,,,,,,,,,,,,,,,,,,,,,,,,,,,,,,,,,,,,,,,,,,,,,1,8,,,,,,,,,,,,,,,,,,,,,,,,,,,,,,,,,,,,,,,,,,,,,,,,,,
WCE_DoubleClear_BSDF.idf,,,,,,,,,,,,,,,,,1,,,,,,,,,1,,,,,,,,,,,2,,,,,,,,,1,,,,,,,,,,,,,,,,,,,,,,,,,,,,,,,,,,,,,,,1,,,,,,,,,,,,,,,,,1,,,,,,,,,,1,,,,,1,2,,,,,,,,,,,,,,,,,,,,,,,,,,,,,,,,,,,,,,,,,,,,,,,,,,,,,,,,,,,,,,,,,,,,,,,,,,,,,,,,,,,,,,,,,,,,,,,,,,,,,,,,,,,,,,,,,,,,,,,,,,,,,,,,,,,,,,,,,,,,,,,,,,,,26,,,,,,,,,,,,,,,,,,,,,,,,,,,,,,,,,,,,,,,5,,1,,,,,,,,,1,,,,,,,,,,,,,,,,,3,,,,,,,,,,,,,,,,,,,,,,,,,,,,,1,,,,,,,,,,,,,,,,,,,1,,,,,,,,,,,,,,,,,,,,,,,,,,,,1,,,,,,,,,,,,,,,,,,,,,,,,,,,,,,,,,,,,1,,,,1,,,,,,,,,,,,,,,,,,,,,,,,,,,,,,,,,,,,,,,,,,,,,,,,,,,,,,,,,1,,,,,,,,,,,,,,,,,,,,,,,,1,,,1,,,,,,,,,,,,,,,,,,,1,,,,,,,,1,,,,,,10,,,,,,,,,,,,,,,,,,,,,,,,,,,,,,,,,,,,,,,,,,,,,,,,,,1,,,,,,,,,,,,,,,,,,,,,,,,,,,,,,,,,,,,,,,,,,,,6,,,,,,,,,,,,,,,,,,,,,,,,,,,,,,,1,,,,,1,,,,,,,,1,,,,,,,,,,,1,,,1,,1,,,,,,,,,,,1,,,,9,,,,,,,,,,,,,,,,,,,,,,,,,,,,,,,,,,,,,,,,,,,,,,,,,1,8,,,,,,,,,,,,,,,,,,,,,,,,,,,,,,,,,,,,,,,,,,,,,,,,,,
WCE_Interior_VB_-45_deg.idf,,,,,,,,,,,,,,,,,1,,,,,,,,,1,,,,,,,,,,,2,,,,,,,,,1,,,,,,,,,,,,,,,,,,,,,,,,,,,,,,,,,,,,,,,1,,,,,,,,,,,,,,,,,1,,,,,,,,,,1,,,,,,2,,,,,,,,,,,,,,,,,,,,,,,,,,,,,,,,,,,,,,,,,,,,,,,,,,,,,,,,,,,,,,,,,,,,,,,,,,,,,,,,,,,,,1,,,,,,,,,,,,,,,,,,,,,,,,,,,,,1,,,,,,,,,,,,,,,,,,,,,,,,,,,,,,,,,,25,,,,,,,,,,,,,,,,,,,,,,,,,,,,,,,,,,,,,,,5,,1,,,,,,,,,1,,,,,,,,,,,,,,,,,3,,,,,,,,,,,,,,,,,,,,,,,,,,,,,1,,,,,,,,,,,,,,,,,,,1,,,,,,,,,,,,,,,,,,,,,,,,,,,,1,,,,,,,,,,,,,,,,,,,,,,,,,,,,,,,,,,,,1,,,,,,,,,,,,,,2,,,,,,,,,,,,,,,,,,,,,,,,,,,,,,,,,,,,,,,,,,,,,,,1,,,,,,,,,,,,,,,,,,,,,,,,1,,,1,,,,,,,,,,,,,,,,,,,1,,,,,,,,1,,,,,,10,,,,,,,,,,,,,,,,,,,,,,,,,,,,,,,,,,,,,,,,,,,,,,,,,,,,,,,,,,,,,,,,,,,,,,,,,,,,,,,,,,,,,,,,,,,,,,6,,,,,,,,,,,,,,,,,,,,,,,,,,,,,,,1,,,,,1,,,,,,,,1,,,,,,,,,,,,,,1,,1,,,,,,,,,,,1,,,,,,,,,,,,,,,,,,,,,,,,,,,,,,,,,,,,,,,,,,,,,,,,,,,,,1,8,,,,,,,,,,,,,,,,,,,,,,,,,,,,,,,,,,,,,,,,,,,,,,,,,,
WeatherTimeBins.idf,,,,,,,,,,,,,,,,,1,,,,,,,,,,,,,,,,,,,,,,,,,,,,,1,,,,,,,,,,,,,,,,,,,,,,,,,,,,,,,,,,,,,,,1,,,,,,,,,,,,,,,,,,,,,,,,,,,,,,,,,1,,,,,,,,,,,,,,,,,,,,,,,,,,,,,,,,,,,,,,,,,,,,,,,,,,,,,,,,,,,,,,,,,,,,,,,,,,,,,,,,,,,,,,,,,,,,,,,,,,,,,,,,,,,,,,,,,,,,,,,,,,,,,,,,,,,,,,,,,,,,,,,,,,,,12,,,,,,,,,,,,,,,,,,,,,,,,,,,,,,,,,,,,,,,,,,,,,,,,,,,,,,,,,,,,,,,,,,,1,,,,,,,,,,,,,,,,,,,,,,,,,,,,,,,,,,,,,,,,,,,,,,,,,,,,,,,,,,,,,,,,,,,,,,,,,,,,,9,,,,,,,,,,,,,,,,,,,,,,,,,,,,,,,,,,,,,,,,,,,,,,,,,,,,,,,,,,,,,,,,,,,,,,,,,,,,,,,,,,,,,,,1,,,,,,,,,,,,,,,,,,,,,,,,,,,,,,,,,1,,,1,,,,,,,,,,,,,,,,,,,,,,,,,,,,,,,,,,,,,,,,,,,,,,,,,,,,,,,,,,,,,,,,,,,,,,,,,,,,,,,,,,,,,,,,,,,,,,,,,,,,,,,,1,,,,,,,,,,,,,,,,,,,,,,,,,,,,,,,,,,,,,,,,,,,,,,,,,,,,,,,,,,,,,,,,,,,,,,,,,,,,,,,,,1,,,,,,,,,,,,,1,,,,,,,,,,,,,,,,,,,,,,,,,,,,,,,,1,,,,,,,,,,,,,,,,,,,,,,,,,,,,,,,,,,,,,,,,,,,,,,,,,,,,,,,,,,,,,,,,,,,,,,,,
WindACAirtoAir.idf,,,,,,,1,,,,,,,,,,5,,,,,,,,,3,,,,,,,,,,,,,,,,,,,,2,,1,,,,,,,,,,,,,,10,,,,,,,,,,,,,,,,,4,,,,,,1,,,,2,,,,,,,,,,,,,3,,,,,1,,,,,1,,,,,,2,,,,,,1,,,,,,,,,,,,,,,,3,,,,,,,,,,,,10,,,,,,,,,,,,,,,,,,,,,,,,,,,,,,,,,,,,,,,,,,,,,,,,,,,,,,,,,,,,,,,,,,,,,,,,,,,,,,,,,,,,,,,,,,,,,,,,,,,,,,1,,,,,,,,,,,1,28,,1,,,,,,,,,,,,,,,,,,,4,,,,,,,,,,,,,,,,,,5,,,,,,,,,,,1,,,,,,,,,,,,,,,,,16,,,,,,,,,,,,,,,,,,,,,,,,,5,,,,,3,,,,,,,,,,,,,,,,,,8,,,,,,2,,3,,,,,,,,,,,,,,,,,,,,,,,,,,,,,,,,,,,,,,3,,,,,,,,,,,,,,,,,,1,,,,,,,,,,,,,,,,,,,,,,,,,,,,,,,,,,,,2,,,,,,,,,,,,3,,,,1,,,,,,,,,,,,1,,,,,,,,,,,,,,,,,,,,,1,,,1,,,,,,,,,,,,1,,,,,,3,1,,,,,,,,1,,,,,,,,,,,,,,,,,,,,,,,,,,,,,,,,,1,,,,,,,,,,,,,,,,,,,,,2,,,,,,,,,,,,,,2,,,1,,,,,,1,,,,,,,,,,,,,,,,,,,,,,,20,,,,,,,,,3,,,,,,,1,,,,,,,,,,2,,,,,,,,,,,,,,,,,,3,,,,,,,,,,,,,,1,,3,,,,,,,,,,,1,,,,,1,1,,,,,,,,,,,,,,,,,,,,,,,,,,1,1,,,2,,,,,,,,,,,,,,,,,1,9,,,,,,,,,,,,,,,,,,,,,,,,,,,,,,,,,,,,,,,,,,,1,,,,,,,
WindACAuto.idf,,,,,,,1,,,,,,,,,,5,,,,,,,,,3,,,,,,,,,,,,,,,,,,,,2,,1,,,,,,,,,,,,,,10,,,,,,,,,,,,,,,,,3,,,,,,1,,,,2,,,,,,,,,,,,,3,,,,,1,,,,,1,,,,,,2,,,,,,1,,,,,,,,,,,,,,,,3,,,,,,,,,,,,10,,,,,,,,,,,,,,,,,,,,,,,,,,,,,,,,,,,,,,,,,,,,,,,,,,,,,,,,,,,,,,,,,,,,,,,,,,,,,,,,,,,,,,,,,,,,,,,,,,,,,,1,,,,,,,,,,,1,28,,1,,,,,,,,,,,,,,,,,,,2,,,,,,,,,,,,,,,,,,5,,,,,,,,,,,1,,,,,,,,,,,,,,,,,16,,,,,,,,,,,,,,,,,,,,,,,,,5,,,,,3,,,,,,,,,,,,,,,,,,8,,,,,,2,,3,,,,,,,,,,,,,,,,,,,,,,,,,,,,,,,,,,,,,,3,,,,,,,,,,,,,,,,,,1,,,,,,,,,,,,,,,,,,,,,,,,,,,,,,,,,,,,2,,,,,,,,,,,,3,,,,1,,,,,,,,,,,,1,,,,,,,,,,,,,,,,,,,,,1,,,1,,,,,,,,,,,,1,,,,,,3,1,,,,,,,,1,,,,,,,,,,,,,,,,,,,,,,,,,,,,,,,,,,,,,,,,,,,,,,,,,,,,,,2,,,,,,,,,,,,,,2,,,1,,,,,,1,,,,,,,,,,,,,,,,,,,,,,,20,,,,,,,,,3,,,,,,,1,,,,,,,,,,2,,,,,,,,,,,,,,,,,,3,,,,,,,,,,,,,,1,,3,,,,,,,,,,,1,,,,,1,1,,,,,,,,,,,,,,,,,,,,,,,,,,1,,,,3,,,,,,,,,,,,,,,,,1,9,,,,,,,,,,,,,,,,,,,,,,,,,,,,,,,,,,,,,,,,,,,1,,,,,,,
WindACRHControl.idf,,,,,,,,,,,,,,,,,6,,,,,,,,,3,,,,,,,,,,,1,,,,,,,,,2,,1,,,,,,,,,,,,,,10,,,,,,,,,,,,,,3,,,4,,,,,,1,,,,,,,,,,,,,,,,,3,,,,,3,,,,,1,,,,,,2,,,,,,,,,,,,,,,,,,,,,,3,,,,,,,,,,,,10,,,,,,,,,,,,,,,,,,,,,,,,,,,,,,,,,,,,,,,,,,,,,,,,,,,,,,,,,,,,,,,,,,,,,,,,,,,,,,,,,,,,,,,,,,,,,,,,,,,,,1,,,,,,,1,,,3,,1,43,,1,,,,,,,,,,,,,,,,,,,4,,,,,,,,,,,,,,,,,,6,,,,,,,,,,,1,,,,,,,,,,,,,,,,,16,,,,,,,,,,,,,,,,,,,,,,,,,5,,,,,3,,,,,,,,,,,,,,,,,,8,,,,,,2,,3,,,,,,,,,,,,,,,,,,,,,,,,,,,,,,,,,,,,,,3,,,,,1,,,,,,,,,,,,,1,,,,,,,,,,,,,,,,,,,,,,,,,,,,,,,,,,,,2,,,,,,,,,,,,3,,,,1,,,,,,,,,,,,1,,,,,,,,,,,,,,,,,,,,,1,,,1,,,,,,,,,,,,1,,,,,,3,1,,,,,,,,1,,,,,,,,,,,,,,,,,,,,,,,,,,,,,,,,,,,,,,,,,,,,,,,,,,,,,,2,,,,,,,,,,,,,,2,,,,,,,,,1,,,,,,,,,,,,,,,,,,,,,,,20,,,,,3,,,,3,,,,,,,1,,,,,,,,,,2,,,,,1,,,,,,,,,,,,,3,,,,,,,,,,,,,,1,,3,,,,,,,,,,,1,,,,,1,1,,,,,,,,,,,,,,,,,,,,,,,,,,1,,,,3,,,,,,,,,,,,,,,,,1,10,,,,,,,,,,,,,,,,,,,,,,,,,,,,,,,,,,,,,,,,,,,1,,,,,,,
WindowTests.idf,,,,,,,,,,,,,,,,,3,,,,,,,,,10,,,,,,,,,,,,,,,,,,,,2,,,,,,,,,,,,,,,,,,,,,,,,,,,,,,,,,,,,,,,1,,,,,,4,,,,,,,,,,,,,,,,,1,,,,5,,,,,,2,,,,,,,,,,,,,,,,,,,,,,,,,,,,,,,,,,4,,,,,,,,,,,,,,,,,,,,,,,,,,,,,,,,,,,,,,,,,,,,,,,,,,,5,,,,,,,,,,,,,,,,,,,,,,,,,,,,,,,,,,,,,,,,,,,,,,,,,,,,,,,,,,,,,,,15,,,,,,,,,,,,,2,,,,,,,1,,,,,,,,,,,,,,,,,,,16,,,,,,,,,,,1,,,,,,,,,,,,,,,,,1,,,,,,,,,,,,,,,,,,,,,,,,,,,,,,,,,,,,,,,,,,,,,,,,,,,,,,,,,,,,,,,,,,,,,,,,,,,,,,,,,,,,,,,,,,,2,,,,,,,,1,,,,,,,,,,,,,1,,,,,,,,,,,,,,,,,,,1,,,,,,,,,,,,,,,,,2,,,,,,,,,,,,,,,,1,,,,,,,,,,,,,,,,,,,,,,,,,,,,,,,,,1,,,1,,,,,,,,,,,,,,,,,,,40,,,,,,,,1,,,,,,,,,,,,,,,,,,,,,,,1,,,,,,,,,,,,,,,,,,,,,,,,,,,,,,,,,1,,,,,,,,,,,,,,,,,,,,,1,,,,,,,,,,,,,,,,,,,,,,,60,,,,,,,,,,,,,,,,,,,,,,,,,,,,,,,,,,,,,,,,,,,,,,,,,,,,,,,,,,1,,,,,,,,,,,,2,1,,,,,,,,,,,,,,,,,,,,,,,,,,,,,,,,1,,,,,,,,,,,,,,,,,,,,,1,9,,,,,,,,,,,,1,,,,,,,,,,,,,,,,,,,,,,,,,,,,,,,1,,,,,,,
WindowTestsSimple.idf,,,,,,,,,,,,,,,,,3,,,,,,,,,9,,,,,,,,,,,,,,,,,,,,2,,,,,,,,,,,,,,,,,,,,,,,,,,,,,,,,,,,,,,,1,,,,,,4,,,,,,,,,,,,,6,,,,1,,,,1,,,,,,2,,,,,,,,,,,,,,,,,,,,,,,,,,,,,,,,,,4,,,,,,,,,,,,,,,,,,,,,,,,,,,,,,,,,,,,,,,,,,,,,,,,,,,3,,,,,,,,,,,,,,,,,,,,,,,,,,,,,,,,,,,,,,,,,,,,,,,,,,,,,,,,,,,,,,,14,,,,,,,,,,,,,2,,,,,,,,,,,,,,,,,,,,,,,,,,15,,,,,,,,,,,1,,,,,,,,,,,,,,,,,1,,,,,,,,,,,,,,,,,,,,,,,,,,,,,,,,,,,,,,,,,,,,,,,,,,,,,,,,,,,,,,,,,,,,,,,,,,,,,,,,,,,,,,,,,,,,,,,,,,,1,,,,,,,,,,,,,1,,,,,,,,,,,,,,,,,,,1,,,,,,,,,,,,,,,,,,,,1,,,,,,,,,,,,,1,,,,,,,,,,,,,,,,,,,,,,,,,,,,,,,,,1,,,1,,,,,,,,,,,,,,,,,,,36,,,,,,,,1,,,,,,,,,,,,,,,,,,,,,,,1,,,,,,,,,,,,,,,,,,,,,,,,,,,,,,,,,,,,,,,,,,,,,,,,,,,,,,1,,,,,,,,,,,,,,,,,,,,,,,54,,,,,,,,,,,,,,,,,,,,,,,,,,,,,,,,,,,,,,,,,,,,,,,,,,,,,,,,,,1,,,,,,,,,,,,,1,,,,,,,,,,,,,,,,,,,,,,,,,,,,,,,,1,,,,,,,,,,,,,,,,,,,,,1,9,,,,,,,,,,,,1,,,,,,,,,,,,,,,,,,,,,,,,,,,,,,,1,,,,,,,
WWHPSimpleAuto.idf,,,,,,,2,,,,,1,,,,,6,,,,,,,,,3,,,,,,,,,,,,,,,,,,,,2,,1,,,,,,,,,,,,,,30,,,,,,,,,,,,,,,,,,,,,,,1,,,,1,,,,,,,,,,,,,3,,,,,,,,,,1,,,,,,2,,,,,,1,,,,,,,,,,,,,,,,3,,,,,,,,,,,,10,,,,,,,,,,,,,,,,,,,,,,,,,,,,,,,,,,,,,,,,,,,,,,,,,,,,,,,,,,,,,,,,,,,,,,,,,,,,,,,,,,,,,,,,1,1,,,,,,,,,,,,,,,,1,,,,,,,,2,21,1,,,,,,,,,,,,,,,,,,,,,,,1,,,,,,,,,,,,,,,5,,,,,,,,,,,1,1,,,,,,,,,,,,,,,,18,,,,,,,,,,,,,,,,,,,,,,,,,15,1,,,,,,,,,,,,,,,,,,,,,,6,,,,,,6,,,,,,,,,,,,,,,,,,,,,,,,,,,,,,,,1,,,,,,,,3,,,,,,,,,,,,,,,,,,1,,,,,,,,,,,1,3,,,,,,,,,,,,,,,1,,,,1,,,,,2,,,,,,1,,,4,,,3,,,,1,,,1,,,,1,,,,,4,,,,,,,,,,,,1,,,,,,,,,1,,,1,,,,,,,1,,1,,,,,,,,,3,1,,,,1,,3,,1,,,,,,,,,,,,,,,1,,,,,,2,,,,,,,,,,,,,,,,,,,,,,,,,,,,,,,,,7,,,,,1,,,,1,,,,,6,,,,,,,,,1,,,,,,,,,,,,,,,,,,,,,,,20,,,,,,,,,,,,,,,3,2,,,,,,,,,,6,,,,,1,,,,,,,,,,,1,,3,,,,,,,,,,,,,,1,,3,,,,,,,,,,,1,,,,,2,3,,,,,,,,,,,,,,,,,,,,,,,,,,1,,,,,,,1,,,,,,,,,,,,,,1,9,,,,,,,,,,,,,,,,,,,3,,,,,,,,,,,,,,,,,,1,,,,,,,,,,1,,,
ZoneCoupledGroundHTBasement.idf,,,,,,,,,,,,,,,,,1,,,,,,,,,2,,,,,,,,,,,1,,,,,,,,,1,,,,,,,,,,,,,,,,,,,,,,,,,,,,,,,,,,,,,,,1,,,,,,,,,,,,,,,,,1,,,,,,,,,,,,,,,,2,,,,,,,,,,,,,,,,,,,,,,,,,,,,,,,,,,,,,,,,,,,,,,,,,,,,,,,,,,,,,,,,,,,,,,,,,,,,,,,,,,,,,,,,,,,,,,,,,,,,,,,,,,,,,,,,,,,,,,,,,,,,,,,,,,,,,,,,,,,,,,,,,,,,12,,,,,,,,,,,,,,,,,,,,,,,,,,,,,,,,,,,,,,,5,,,,,,,,,,,,,,,,,,,,,,,,,,,,2,,,,,,,,,,,,,,,,,,,,,,,,,,,,,1,,,,,,,,,,,,,,,,,,,,,,,,,,,,,,,,,,,,,,,,,,,2,,,,,,,,,,,,,,,,,,,,,,,,,,,,,,,,,,,,,,,,1,,,,,,,,,,,,,,,,,,,,,,,,,,,,,,,,,,,,,,,,,,1,,,,,,,,,,1,,,,,,,,,,,,,,,,,,,,,,,,,,,,,,,,,1,,,1,,,,,,,,,,,,,,,,,,,,,,,,,,,,,,,,,,,,,,,,,,,,,,,,,,,,,,,,,,,,,,,,,,,,,,,,,,,,,,,,,,,,,,,,,,,,,,,,,,,,,,,,1,,,,,,,,,,,,,,,,,,,,,,,11,,,,,,,,,,,,,,,,,,,,,,1,,,,,,,,,1,,,,,,,,,,,,,1,,,,,,,,,,,,,,1,,1,,,,,,,,,,,1,,,,,,,,,,,,,,,,,,,,,,,,,,,,,,,,1,,,,,,,,,,,,,,,,,,,,,,7,,,,,,,,,,,,,,,,,,,,,,,,,,,,,,,,,,,,,,,,,,,,,,,,,,
ZoneCoupledGroundHTSlabInGrade.idf,,,,,,,,,,,,,,,,,1,,,,,,,,,1,,,,,,,,,,,1,,,,,,,,,1,,,,,,,,,,,,,,,,,,,,,,,,,,,,,,,,,,,,,,,1,,,,,,,,,,,,,,,,,1,,,,,,,,,,,,,,,,2,,,,,,,,,,,,,,,,,,,,,,,,,,,,,,,,,,,,,,,,,,,,,,,,,,,,,,,,,,,,,,,,,,,,,,,,,,,,,,,,,,,,,,,,,,,,,,,,,,,,,,,,,,,,,,,,,,,,,,,,,,,,,,,,,,,,,,,,,,,,,,,,,,,,5,,,,,,,,,,,,,,,,,,,,,,,,,,,,,,,,,,,,,,,3,,,,,,,,,,,,,,,,,,,,,,,,,,,,2,,,,,,,,,,,,,,,,,,,,,,,,,,,,,1,,,,,,,,,,,,,,,,,,,,,,,,,,,,,,,,,,,,,,,,,,,1,,,,,,,,,,,,,,,,,,,,,,,,,,,,,,,,,,,,,,,,1,,,,,,,,,,,,,,,,,,,,,,,,,,,,,,,,,,,,,,,,,,1,,,,,,,,,,1,,,,,,,,,,,,,,,,,,,,,,,,,,,,,,,,,1,,,1,,,,,,,,,,,,,,1,,,,,,,,,,,,,,,,,,,,,,,,,,,,,,,,,,,,,,,,,,,,,,,,,,,,,,,,,,,,,,,,,,,,,,,,,,,,,,,,,,,,,,,,,,1,,,,,,,,,,,,,,,,,,,,,,,6,,,,,,,,,,,,,,,,,,,,,,,,,,,,,,,1,,,,,,,,,,,,,1,,,,,,,,,,,,,,1,,1,,,,,,,,,,,1,,,,,,,,,,,,,,,,,,,,,,,,,,,,,,,,1,,,,,,,,,,,,,,,,,,,,,,6,,,,,,,,,,,,,,,,,,,,,,,,,,,,,,,,,,,,,,,,,,,,,,,,,,
ZoneCoupledGroundHTSlabOnGrade.idf,,,,,,,,,,,,,,,,,1,,,,,,,,,1,,,,,,,,,,,1,,,,,,,,,1,,,,,,,,,,,,,,,,,,,,,,,,,,,,,,,,,,,,,,,1,,,,,,,,,,,,,,,,,1,,,,,,,,,,,,,,,,2,,,,,,,,,,,,,,,,,,,,,,,,,,,,,,,,,,,,,,,,,,,,,,,,,,,,,,,,,,,,,,,,,,,,,,,,,,,,,,,,,,,,,,,,,,,,,,,,,,,,,,,,,,,,,,,,,,,,,,,,,,,,,,,,,,,,,,,,,,,,,,,,,,,,5,,,,,,,,,,,,,,,,,,,,,,,,,,,,,,,,,,,,,,,3,,,,,,,,,,,,,,,,,,,,,,,,,,,,2,,,,,,,,,,,,,,,,,,,,,,,,,,,,,1,,,,,,,,,,,,,,,,,,,,,,,,,,,,,,,,,,,,,,,,,,,1,,,,,,,,,,,,,,,,,,,,,,,,,,,,,,,,,,,,,,,,1,,,,,,,,,,,,,,,,,,,,,,,,,,,,,,,,,,,,,,,,,,1,,,,,,,,,,1,,,,,,,,,,,,,,,,,,,,,,,,,,,,,,,,,1,,,1,,,,,,,,,,,,,,1,,,,,,,,,,,,,,,,,,,,,,,,,,,,,,,,,,,,,,,,,,,,,,,,,,,,,,,,,,,,,,,,,,,,,,,,,,,,,,,,,,,,,,,,,,1,,,,,,,,,,,,,,,,,,,,,,,6,,,,,,,,,,,,,,,,,,,,,,,,,,,,,,,1,,,,,,,,,,,,,1,,,,,,,,,,,,,,1,,1,,,,,,,,,,,1,,,,,,,,,,,,,,,,,,,,,,,,,,,,,,,,1,,,,,,,,,,,,,,,,,,,,,,6,,,,,,,,,,,,,,,,,,,,,,,,,,,,,,,,,,,,,,,,,,,,,,,,,,
ZoneCoupledKivaBasement.idf,,,,,,,,,,,,,,,,,1,,,,,,,,,2,,,,,,,,,,,1,,,,,,,,,1,,,,,,,,,,,,,,,,,,,,,,,,,,,,,,,,,,,,,,,1,,,,,,,,,,,,,,,,,1,,,,,,,,,,,,,,,,2,,,,,,,,,,,,,,,,,,,,,,,,,,,,,,,,,,,,,,,,,,,,,,,,,,,,,,,,,,,,,,,,,,,,,,,,,,,,,,,,,,,,,,,,,,,,,,,,,,,,,,,,,,,,,,,,,,,,,,,,,,,,,,,,,,,,,,,,,,,,,,,,,,,,4,,,,,,,,,,,,,,,,,,,,,,,,,,,,,,,,,,,,,,,5,,,,,,,,,,,,,,,,,,,,,,,,,,,,2,,,,,,,,1,,,,,,,,,,,,,,,,,,,,,1,,,,,,,,,,,,,,,,,,,,,,,,,,,,,,,,,,,,,,,,,,,,,,,,,,,,,,,,,,,,,,,,,,,,,,,,,1,,,,,,,,,,1,,,,,,,,,,,,,,,,,,,,,,,,,,,,,,,,,,,,,,,,,,,,,,,,,,,,1,,,,,,,,,,,,,,,,,,,,,,,,,,,,,,,,,1,,,1,,,,,,,,,,,,,,,,,,,,,,,,,,,,,,,,,,,,,,,,,,,,,,,,,,,,,,,,,,,,,,,,,,,,,,,,,,,,,,,,,,,,,,,,,,,,,,,,,,,,,,,,1,,,,,,,,,,,,,,,,,,,,,,,11,,,,,,,,,,,,,,,,,,,,,,,,,,,,,,,1,,,,,,,,,,,,,1,,,,,,,,,,,,,,1,,1,,,,,,,,,,,1,,,,,,,,,,,,,,,,,,,,,,,,,,,,,,,,1,,,,,,,,,,,,,,1,,,,,,,,7,,,,,,,,,,,,,,1,,,,,,,,,,,,,,,,,,,,,,,,,,,,,,,,,,,,
ZoneCoupledKivaBasementAdaptiveConvection.idf,,,,,,,,,,,,,,,,,1,,,,,,,,,2,,,,,,,,,,,1,,,,,,,,,1,,,,,,,,,,,,,,,,,,,,,,,,,,,,,,,,,,,,,1,,1,,,,,,,,,,,,,,,,,1,,,,,,,,,,,,,,,,2,,,,,,,,,,,,,,,,,,,,,,,,,,,,,,,,,,,,,,,,,,,,,,,,,,,,,,,,,,,,,,1,,,,,,,,,,,,,,,,,,,,,,,,,,,,,,,,,,,,,,,,,,,,,,,,,,,,,,,,,,,,,,,,,,,,,,,,,,,,,,,,,,,,,,4,,,,,,,,,,,,,,,,,,,,,,,,,,,,,,,,,,,,,,,5,,,,,,,,,,,1,,,,,,,,,,,,,,,,,2,,,,,,,,1,,,,,,,,,,,,,,,,,,,,,1,,,,,,,,,,,,,,,,,,,,,,,,,,,,,,,,,,,,,,,,,,,,,,,,,,,,,,,,,,,,,,,,,,,,,,,,,1,,,,,,,,,,1,,,,,,,,,,,,,,,,,,,,,,,,,,,,,,,,,,,,,,,,,,,,,,,,,,,,1,,,,,,,,,,,,,,,,,,,,,,,,,,,,,,,,,1,,,1,,,,,,,,,,,,,,,,,,,,,,,,,,,,,,,,,,,,,,,,,,,,,,,,,,,,,,,,,,,,,,,,,,,,,,,,,,,,,,,,,,,,,,,,,,,,,,,,,,,,,,,,1,,,,,,,,,,,,,,,,,,,,,,,11,,,,,,,,,,,,,,,,,,,,,,,,,,,,,,,1,,,,,,,,,,,,,1,,,,,,,,,,,,,,1,,1,,,,,,,,,,,1,,,,,,,,,,,,,,,,,,,,,,,,,,,,,,,,1,,,,,,,,,,,,,,1,,,,,,,1,7,,,,,,,,,,,,,,1,,,,,,,,,,,,,,,,,,,,,,,,,,,,,,,,,,,,
ZoneCoupledKivaConvection.idf,,,,,,,,,,,,1,,,,,5,,,,,,,,,3,,,,,1,,,,,,,1,,,,,,,,1,,1,,,,,,,,,,,,,,30,,,,,,,,,,,,,,,,,,,,,,,1,,,,1,,,,,,,,,,,,,3,,,,,,,,,,1,,,,,,2,,,,,,,,,,,,,,,,,,,,,,,,,,,,,,,,,,10,,,,,,,,,,,,,,,,,,,,,,,,,,,,,,,,,,,,,,,,,,,,,,,,,,,,,,,,,,,,,,,,,,,,,,,,,,,,,,,,,,,,,,,,1,,,,,,,,,,,,,,1,,,,,,,,,,,2,22,,,,,,,,,,,,,,,,,,,,,,,,1,,,,,,,,,,,,,,,5,,,,,,,,,,,1,,,,,,,,,,,,,,,,,18,,,,,,,,,,,,,,,,,,,,,,,,,15,1,,,,,,,,,,,,,,,,,,,,,,6,,,,,,6,,,,,,,,,,,,,,,,,,,,,,,,,,,,,,,,1,,,,,,,,3,,,,,1,,,,,,,,,,,,,1,,,,,,,,,,,1,3,,,,,,,,,,,,,1,,,,,,1,,,,,2,,,,,,,,,,,,3,,,,1,,,,,,,1,,,,,5,,,,,,,,,,,,,,,,,,,,,1,,,1,,,,,,,,,1,,,3,,,,,,,1,,,,1,,3,,1,,,,,,,,,,,,,,,1,,,,,,3,,,,,,,,,,,,,,,,,,,,,,,,,,,,,,,,,7,,,,,1,,,,,,,,,6,,,1,,,,,,1,,,,,,,,,,,,,,,,,,,,,,,20,,,,,,,,,,,,,,,3,1,,,,,,,,,,6,,,,,,,,,,,,,,,,,,3,,,,,,,,,,,,,,1,,3,,,,,,,,,,,1,,,,,2,5,,,,,,,,,,,,,,,,,,,,,,,,,,1,,,,,,,,,,,,,,,,,,,,,1,9,,,,,,,,,,,,,,3,,,,,,,,,,1,,,,,,,,,,,,,1,,,,,,,,,,1,,,
ZoneCoupledKivaConvectionAdaptiveSmallOffice.idf,,,,,,,1,1,,,,,,,,,7,,,,,,,,,6,,,1,,,,,,,,2,,,1,,,,,,2,,,,,,,,,,,,,,,,13,5,,,,,,,,,,,,,5,5,,3,,,,1,,1,18,,,5,5,,,,,,,,,,,,5,,1,,,,,,,,,,,,2,,2,,,,,,1,,,,,,,,,,,,,,,,5,,,,,,,,,,1,,,,,,1,1,,,,,,,,,,,2,,,,,,,,,,,1,1,,,,,,,,,,,,,,,,,,,,,,,,,,,,,,,,,,,1,,5,,,,,,,,,,,,,,,,,,,,,,,5,5,,,,,,,,,,,,,,,,,,,,,,5,,1,30,,5,,,,,,,,,,,,,,,,,,,2,,,,,,,,,,,,,,,,,,7,,1,,,,,,5,,,1,,,,,,,,,,,,,,,,,22,,,,,,,,,,,,,,,,,,,,,,,,,5,,,,,,,,,,,,,,,,,,,,,,,10,,,,,,2,,,,,,,,,,,,,,,,,,,,,,1,,,,,,,,,,5,,,,,,,,5,,,,,1,,,,,,,,,,,,,1,,,,,,,,,5,,,5,,,,,,,1,5,,,,,,,,,,,5,1,2,,,5,,,1,,,,,,,,,5,,,,1,,,1,,,,5,,,,,1,,,,,,,,,,,,,,,,,,,,,1,4,,1,,,,,,,,,5,,,,,,,,,5,21,,,,,,,,1,,,,,,10,,,,,,,,,,,,,,,,,,5,,,,,3,,,,,,,,,,,,5,,,,,,,,,,,,,7,,,,,,,,,,,,,,2,,,,,,,,,1,,,,,,,,,,,,,,,,,,,,,,,43,,,,,,,,,5,,,,,,,1,,,,,,,,,,2,,,,,5,,,1,,,,,,,,,,5,,,,,,,,,,,,,,1,,5,,,,,,,,,,,1,,3,,,1,1,,,,,,,,,,,,1,,,,,,,,,,,,,,1,,,,5,,,,,,,,,,,,,1,,,,1,14,,,15,,,,,,,,,,,5,,,,,1,,,,,,,,,,,,,,,,1,,5,,,,,,1,,,,5,,,
ZoneCoupledKivaRefBldgMediumOffice.idf,,,,,,,1,1,,,,,15,,,,7,,,,,,,,,18,,,1,,,,,,,,1,,,,,,,,,1,,,,,,,,,,,,,,,,13,3,,,,,,,,,,,,,15,3,,3,,,,,,1,18,,,,3,6,,,,,,,,,,,15,,1,,,,,,,,,,,,,,2,,,,,,1,,,,,,,,,,,,,,,,15,,,,,,3,,,,,,,,,,1,1,,,,,,,,,,,2,,,,,,,,,,,1,,,,,,,,,,,,,,,,,,,,,,,,,,,,,,,,,,,,1,,3,,,,,,,,,,,,,,,,,,,,,,,3,3,,,,,,,,,,,,,,,,,,,,,,15,,1,21,,3,,,,,,,,,,1,,,,,,,,,4,,,,,,,,,,,,,,,,,,9,,1,,,,,,3,,,1,,,,,,,,,,,,,,,,,24,,,,,,,,1,,,,,,,,,,,15,,,,,,5,,,,,,,,,,,,,3,,,,,,,,,,18,,,,,,2,,,,,,,,,,,,,,,,,,,,,,,3,,,,,,,,,3,,,,,,,,16,,,,,1,,,1,,,,,,,,,,1,3,,,,,,,,,,,15,,,,,,,1,,,,,,,,,,,,3,3,2,,,15,,,1,,,,,,,,,15,,,,1,,,1,,,,3,,,,,1,,,,,,,,,,,,,,,,,,,,,1,9,1,1,,,,,,,,,3,,,,,,,,,15,12,,,,,,,,1,,,,,,10,,,,,,,,,,,,,,,,,,6,,,,,3,,,,,,,,,,,,3,,,,,,,,,,,,,5,,,,,,,,,,,,,,2,,,,,,,,,1,,,,,,,,,,,,,,,,,,,,,,,128,,,,,,,,,3,,,,,,,1,,,,,,,,,,2,,,,,15,,,3,,,,,,,,,,15,,,,,,,,,,,,,,1,,15,,,,,,,,,,,1,,3,,,1,4,,,,,,,,,,,,1,,,,,,,,,,,,,,1,,,,,,,,,,,,,,,,,,,,,1,15,,,9,,,,,,,,,,,5,,,,,1,,,,,,,,,,,,,,,,,,3,,,,,,,,,,3,,,
ZoneCoupledKivaRefBldgMediumOfficeNoClg.idf,,,,,,,1,1,,,,,15,,,,7,,,,,,,,,18,,,1,,,,,,,,1,,,,,,,,,1,,,,,,,,,,,,,,,,13,3,,,,,,,,,,,,,15,3,,3,,,,,,1,18,,,,3,6,,,,,,,,,,,15,,1,,,,,,,,,,,,,,2,,,,,,1,,,,,,,,,,,,,,,,15,,,,,,3,,,,,,,,,,1,1,,,,,,,,,,,2,,,,,,,,,,,1,,,,,,,,,,,,,,,,,,,,,,,,,,,,,,,,,,,,1,,3,,,,,,,,,,,,,,,,,,,,,,,3,3,,,,,,,,,,,,,,,,,,,,,,15,,1,21,,3,,,,,,,,,,1,,,,,,,,,4,,,,,,,,,,,,,,,,,,9,,1,,,,,,3,,,1,,,,,,,,,,,,,,,,,24,,,,,,,,1,,,,,,,,,,,15,,,,,,5,,,,,,,,,,,,,3,,,,,,,,,,18,,,,,,2,,,,,,,,,,,,,,,,,,,,,,,3,,,,,,,,,3,,,,,,,,16,,,,,1,,,1,,,,,,,,,,1,3,,,,,,,,,,,15,,,,,,,1,,,,,,,,,,,,3,3,2,,,15,,,1,,,,,,,,,15,,,,1,,,1,,,,3,,,,,1,,,,,,,,,,,,,,,,,,,,,1,9,1,1,,,,,,,,,3,,,,,,,,,15,12,,,,,,,,1,,,,,,10,,,,,,,,,,,,,,,,,,6,,,,,3,,,,,,,,,,,,3,,,,,,,,,,,,,5,,,,,,,,,,,,,,2,,,,,,,,,1,,,,,,,,,,,,,,,,,,,,,,,128,,,,,,,,,3,,,,,,,1,,,,,,,,,,2,,,,,15,,,3,,,,,,,,,,15,,,,,,,,,,,,,,1,,15,,,,,,,,,,,1,,3,,,1,4,,,,,,,,,,,,1,,,,,,,,,,,,,,1,,,,,,,,,,,,,,,,,,,,,1,15,,,9,,,,,,,,,,,5,,,,,1,,,,,,,,,,,,,,,,,,3,,,,,,,,,,3,,,
ZoneCoupledKivaSlab.idf,,,,,,,,,,,,,,,,,1,,,,,,,,,1,,,,,,,,,,,1,,,,,,,,,1,,,,,,,,,,,,,,,,,,,,,,,,,,,,,,,,,,,,,,,1,,,,,,,,,,,,,,,,,1,,,,,,,,,,,,,,,,2,,,,,,,,,,,,,,,,,,,,,,,,,,,,,,,,,,,,,,,,,,,,,,,,,,,,,,,,,,,,,,,,,,,,,,,,,,,,,,,,,,,,,,,,,,,,,,,,,,,,,,,,,,,,,,,,,,,,,,,,,,,,,,,,,,,,,,,,,,,,,,,,,,,,5,,,,,,,,,,,,,,,,,,,,,,,,,,,,,,,,,,,,,,,3,,,,,,,,,,,,,,,,,,,,,,,,,,,,2,,,,,,,,1,,,,,,,,,,,,,,,,,,,,,1,,,,,,,,,,,,,,,,,,,,,,,,,,,,,,,,,,,,,,,,,,,,,,,,,,,,,,,,,,,,,,,,,,,,,,,,,1,,,,,,,,,,1,,,,,,,,,,,,,,,,,,,,,,,,,,,,,,,,,,,,,,,,,,,,,,,,,,,,1,,,,,,,,,,,,,,,,,,,,,,,,,,,,,,,,,1,,,1,,,,,,,,,,,,,,,,,,,,,,,,,,,,,,,,,,,,,,,,,,,,,,,,,,,,,,,,,,,,,,,,,,,,,,,,,,,,,,,,,,,,,,,,,,,,,,,,,,,,,,,,1,,,,,,,,,,,,,,,,,,,,,,,6,,,,,,,,,,,,,,,,,,,,,,,,,,,,,,,1,,,,,,,,,,,,,1,,,,,,,,,,,,,,1,,1,,,,,,,,,,,1,,,,,,,,,,,,,,,,,,,,,,,,,,,,,,,,1,,,,,,,,,,,,,,1,,,,,,,,5,,,,,,,,,,,,,,1,,,,,,,,,,,,,,,,,,,,,,,,,,,,,,,,,,,,
ZoneCoupledKivaWalkoutBasement.idf,,,,,,,,,,,,,,,,,1,,,,,,,,,2,,,,,,,,,,,1,,,,,,,,,1,,,,,,,,,,,,,,,,,,,,,,,,,,,,,,,,,,,,,,,1,,,,,,,,,,,,,,,,,1,,1,,,,,,,,,,,,,,2,,,,,,,,,,,,,,,,,,,,,,,,,,,,,,,,,,,,,,,,,,,,,,,,,,,,,,,,,,,,,,,,,,,,,,,,,,,,,,,,,,,,,,,,,,,,,,,,,,,,,,,,,,,,,,,,,,,,,,,,,,,,,,,,,,,,,,,,,,,,,,,,,,,,4,,,,,,,,,,,,,,,,,,,,,,,,,,,,,,,,,,,,,,,6,,,,,,,,,,,,,,,,,,,,,,,,,,,,2,,,,,,,,1,,,,,,,,,,,,,,,,,,,,,1,,,,,,,,,,,,,,,,,,,,,,,,,,,,,,,,,,,,,,,,,,,,,,,,,,,,,,,,,,,,,,,,,,,,,,,,,1,,,,,,,,,,1,,,,,,,,,,,,,,,,,,,,,,,,,,,,,,,,,,,,,,,,,,,,,,,,,,,,1,,,,,,,,,,,,,,,,,,,,,,,,,,,,,,,,,1,,,1,,,,,,,,,,,,,,,,,,,3,,,,,,,,,,,,,,,,,,,,,,,,,,,,,,,,,,,,,,,,,,,,,,,,,,,,,,,,,,,,,,,,,,,,,,,,,,,,,,,,,,,,,1,,,,,,,,,,,,,,,,,,,,,,,21,,,,,,,,,,,,,,,,,,,,,,,,,,,,,,,1,,,,,,,,,,,,,1,,,,,,,,,,,,,,1,,1,,,,,,,,,,,1,,,,,,,,,,,,,,,,,,,,,,,,,,,,,,,,1,,,,,,,,,,,,,,1,,,,,,,,7,,,,,,,,,,,,,,1,,,,,,,,,,,,,,,,,,,,,,,,,,,,,,,,,,,,
ZoneSysAvailManager.idf,,,,,,,1,,,,,,,,,,5,,,,,,,,,1,,,,,,,,,,,1,,,,,,,,,1,,,,,,,,,,,,,,1,,10,,,,,,,,,,,,,,,1,,2,,,,,,1,,,,1,1,,,,,,,,,,,,1,,,,,1,,,,,,,,,,,2,,,,,,1,,,,,,,,,,,,,,,,1,,,,,,,,,,,,10,,,,,,,,,,,,,,,,,,,,,,,,,,,,,,,,,,,,,,,,,,,,,,,,,,,,,,,,,,,,,,,,,1,,,,,,,,,,,,,,,,,,,,,,,1,,,1,,,,,,,,,,,,,,1,,,,,,,,,22,1,2,,,,,,,,,,,,,,1,,,,,,,,1,,,,,,,,,,,,,,,3,,,,,,,,1,,,1,1,,,,,,,,,,,,,,,,17,,,,,,,,,,,,,,,,,,,,,,,,,5,1,,,,,,,,,,,,,,,,,,,,,,2,,1,,,,2,,,,,,,,,,,,,,,,,,,,,,,,,,,,,,,,1,,,,,,,,1,,,,,1,,,,,,,,,,,,,1,,,,,,,,,1,,1,1,,,,,,,1,1,,,,,,,,,,,1,,,,,1,,,,,,1,,,4,,,1,,,,1,,,,,,,1,,,,,,,,,,,,,,,,,1,,,,,,,,,1,,,1,,,,,,,,,2,,,1,,,,,,1,,,,,1,,,,1,,,,,,,,,,,,,,,,,,,,,,,,,,,,,,,,,,,,,,,,,1,,,,,,,,,,,,,3,,,,,,,,,1,,,,,2,,,,,,,,,1,,,,,,,,,,,,,,,,,,,,,,,6,,,,,,,,,2,,,,,,,,,,,,,,,,,2,,,,,1,,,,,,,,,,,1,,1,,,,,,,,,,,,,,1,,1,,,,,,,,,,,1,,,,,,,,,,,,,,,,,,,,,,,,,,,,,,,,1,,,1,,,,,,,,,,,,,,,,,,1,5,,,1,,,,,,,,,,,,,,,,,,,,,,,,,,,,,,,,,,1,,,,,,1,,,,1,,,
ZoneVSWSHP_wDOAS.idf,,,,,,,1,,,,,,,,,,4,,,,,,,,,1,,,,,,,,,,,1,,,,,,,,,1,,,,,,,,,,,,,,,,10,,,,,,,,,,,,,1,,1,,11,1,,,,,1,,,,1,1,,,,,,,,,,,,1,,,,,1,,,,,,,,,,,2,,,,,,1,,,,,,,,,,,,,,,,1,,,,,,,,,,,,10,,,,,,,,,,,,,,,,,,,,,,,,,,,,,,,,,,,,,,,,,,,,,,,,,,,,,,,,,,,,,,,,,1,,,,,,,,,,,,,,,,,,,,,,,1,,,,,,,,,,,,,,,,,1,,,,,,,,,50,1,2,,,,,,,,,,,,,,,,,,,6,,,1,,,,,,,,,,,,,,,3,,,,,,,,,,,1,1,,,,,,,,,,,,,,,,14,,,,,,,,,,,,,,,,,,,,,,,,,5,1,,,,,,,,,,,,,,,,,,,,,,2,,,,,,2,,,,,,,,,,,,,,,,,,,,,,,,,,,,,,,,1,,,,,,,,1,,,,,1,,,,,,,,,,,,,1,,,,,,,,,1,,1,1,,,,,,,1,1,,,,,,,,,,,1,,,,,1,,,,,,1,,,,,,1,,,,1,,,,,,,1,,,,,,,,,,,,,,,,,1,,,,,,,,,1,,,1,,,,,,,,,1,,,1,,,,,,1,,,,,1,,,,1,,,,,,,,,,,,,,,,,,,,,,,,,,,,,,,,,,,,,,,,,1,,,,,,,,,,,,,3,,,,,,,,,1,,,,,2,,,,,,,,,1,,,,,,,,,,,,,,,,,,,,,,,6,,,,,,,,,2,,,,,,,,,,,,,,,,,2,,,,,1,,,,,,,,,,,1,,1,,,,,,,,,,,,,,1,,1,,,,,,,,,,,1,,,,,,,,,,,,,,,,,,,,,,,,,,,,,,,,1,,,1,,,,,,,,,,,,,,,,,,1,5,,,1,,,,,,,,,,,,,,,,,,,,,,,,,,,,,,,,,,1,,,,,,1,,,,1,,,
ZoneWSHP_wDOAS.idf,,,,,,,1,,,,,,,,,,4,,,,,,,,,1,,,,,,,,,,,1,,,,,,,,,1,,,,,,,,,,,,,,,,10,,,,,,,,,,,,,,,1,,2,,,,,,1,,,,1,1,,,,,,,,,,,,1,,,,,,,,,,,,,,,,2,,,,,,1,,,,,,,,,,,,,,,,1,,,,,,,,,,,,10,,,,,,,,,,,,,,,,,,,,,,,,,,,,,,,,,,,,,,,,,,,,,,,,,,,,,,,,,,,,,,,,,1,,,,,,,,,,,,,,,,,,,,,,,1,,,1,,,,,,,,,,,,,,1,,,,,,,,,73,1,2,,,,,,,,,,,,,,1,,,,,,,,1,,,,,,,,,,,,,,,3,,,,,,,,,,,1,1,,,,,,,,,,,,,,,,14,,,,,,,,,,,,,,,,,,,,,,,,,5,1,,,,,,,,,,,,,,,,,,,,,,2,,1,,,,2,,,,,,,,,,,,,,,,,,,,,,,,,,,,,,,,1,,,,,,,,1,,,,,1,,,,,,,,,,,,,1,,,,,,,,,1,,1,1,,,,,,,1,1,,,,,,,,,,,1,,,,,1,,,,,,1,,,4,,,1,,,,1,,,,,,,1,,,,,,,,,,,,,,,,,1,,,,,,,,,1,,,1,,,,,,,,,1,,,1,,,1,,,1,,,,,1,,,,1,,,,,,,,,,,,,,,,,,,,,,,,,,,,,,,,,,,,,,,,,1,,,,,,,,,,,,,3,,,,,,,,,1,,,,,2,,,,,,,,,1,,,,,,,,,,,,,,,,,,,,,,,6,,,,,,,,,2,,,,,,,,,,,,,,,,,2,,,,,1,,,,,,,,,,,1,,1,,,,,,,,,,,,,,1,,1,,,,,,,,,,,1,,,,,,,,,,,,,,,,,,,,,,,,,,,,,,,,1,,,1,,,,,,,,,,,,,,,,,,1,5,,,1,,,,,,,,,,,,,,,,,,,,,,,,,,,,,,,,,,1,,,,,,1,,,,1,,,
